"Kernel Name","gemm_bi_nn_fixed_rna_wide_tf32_v1_m128n128_bk32_s3",
"Address","Source","Instructions Executed","Predicated-On Thread Instructions Executed"
"0x7ea99f2e0300","      IMAD.MOV.U32 R1, RZ, RZ, c[0x0][0x28]","768","24576"
"0x7ea99f2e0310","      IMAD.MOV.U32 R0, RZ, RZ, c[0x0][0x190]","768","24576"
"0x7ea99f2e0320","      S2R R5, SR_CTAID.X","768","24576"
"0x7ea99f2e0330","      ULDC.64 UR6, c[0x0][0x118]","768","24576"
"0x7ea99f2e0340","      IADD3 R0, R0, 0x7f, RZ","768","24576"
"0x7ea99f2e0350","      SHF.R.S32.HI R3, RZ, 0x1f, R0","768","24576"
"0x7ea99f2e0360","      LEA.HI R3, R3, R0, RZ, 0x7","768","24576"
"0x7ea99f2e0370","      SHF.R.S32.HI R116, RZ, 0x7, R3","768","24576"
"0x7ea99f2e0380","      IABS R7, R116","768","24576"
"0x7ea99f2e0390","      IABS R8, R116","768","24576"
"0x7ea99f2e03a0","      I2F.RP R0, R7","768","24576"
"0x7ea99f2e03b0","      IABS R6, R5","768","24576"
"0x7ea99f2e03c0","      MUFU.RCP R0, R0","768","24576"
"0x7ea99f2e03d0","      IADD3 R2, R0, 0xffffffe, RZ","768","24576"
"0x7ea99f2e03e0","      IMAD.MOV R0, RZ, RZ, -R8","768","24576"
"0x7ea99f2e03f0","      F2I.FTZ.U32.TRUNC.NTZ R3, R2","768","24576"
"0x7ea99f2e0400","      IMAD.MOV.U32 R2, RZ, RZ, RZ","768","24576"
"0x7ea99f2e0410","      IMAD.MOV R4, RZ, RZ, -R3","768","24576"
"0x7ea99f2e0420","      IMAD R9, R4, R7, RZ","768","24576"
"0x7ea99f2e0430","      IMAD.MOV.U32 R4, RZ, RZ, R6","768","24576"
"0x7ea99f2e0440","      IMAD.HI.U32 R3, R3, R9, R2","768","24576"
"0x7ea99f2e0450","      S2R R6, SR_TID.X","768","24576"
"0x7ea99f2e0460","      IMAD.HI.U32 R3, R3, R4, RZ","768","24576"
"0x7ea99f2e0470","      IMAD R0, R3, R0, R4","768","24576"
"0x7ea99f2e0480","      ISETP.GT.U32.AND P1, PT, R7, R0, PT","768","24576"
"0x7ea99f2e0490","@!P1  IMAD.IADD R0, R0, 0x1, -R7","768","3840"
"0x7ea99f2e04a0","@!P1  IADD3 R3, R3, 0x1, RZ","768","3840"
"0x7ea99f2e04b0","      ISETP.NE.AND P1, PT, R116, RZ, PT","768","24576"
"0x7ea99f2e04c0","      ISETP.GE.U32.AND P0, PT, R0, R7, PT","768","24576"
"0x7ea99f2e04d0","      LOP3.LUT R0, R5, R116, RZ, 0x3c, !PT","768","24576"
"0x7ea99f2e04e0","      ISETP.GE.AND P2, PT, R0, RZ, PT","768","24576"
"0x7ea99f2e04f0","@P0   IADD3 R3, R3, 0x1, RZ","768","0"
"0x7ea99f2e0500","      ISETP.NE.AND P0, PT, RZ, c[0x0][0x18c], PT","768","24576"
"0x7ea99f2e0510","@!P2  IMAD.MOV R3, RZ, RZ, -R3","768","0"
"0x7ea99f2e0520","@!P1  LOP3.LUT R3, RZ, R116, RZ, 0x33, !PT","768","0"
"0x7ea99f2e0530","      IMAD.MOV R0, RZ, RZ, -R3","768","24576"
"0x7ea99f2e0540","      IMAD.SHL.U32 R118, R3, 0x80, RZ","768","24576"
"0x7ea99f2e0550","      IMAD R116, R116, R0, R5","768","24576"
"0x7ea99f2e0560","@!P0  BRA 0x7ea99f2ebb90","768","0"
"0x7ea99f2e0570","      ISETP.NE.U32.AND P0, PT, RZ, c[0x0][0x178], PT","768","24576"
"0x7ea99f2e0580","      IMAD.SHL.U32 R3, R6, 0x2, RZ","768","24576"
"0x7ea99f2e0590","      LOP3.LUT R0, R6, 0x60, RZ, 0xc0, !PT","768","24576"
"0x7ea99f2e05a0","      IMAD.MOV.U32 R9, RZ, RZ, 0x4","768","24576"
"0x7ea99f2e05b0","      ISETP.NE.AND.EX P0, PT, RZ, c[0x0][0x17c], PT, P0","768","24576"
"0x7ea99f2e05c0","      CS2R R54, SRZ","768","24576"
"0x7ea99f2e05d0","      LOP3.LUT R15, R6, 0x1f, RZ, 0xc0, !PT","768","24576"
"0x7ea99f2e05e0","      CS2R R44, SRZ","768","24576"
"0x7ea99f2e05f0","      LOP3.LUT R3, R0, 0x6, R3, 0xf8, !PT","768","24576"
"0x7ea99f2e0600","      CS2R R52, SRZ","768","24576"
"0x7ea99f2e0610","      SHF.R.S32.HI R7, RZ, 0x7, R6","768","24576"
"0x7ea99f2e0620","      CS2R R62, SRZ","768","24576"
"0x7ea99f2e0630","      SHF.R.S32.HI R11, RZ, 0x3, R6","768","24576"
"0x7ea99f2e0640","      IMAD R140, R116, 0x80, R3","768","24576"
"0x7ea99f2e0650","      SHF.R.U32.HI R5, RZ, 0x2, R15","768","24576"
"0x7ea99f2e0660","      CS2R R60, SRZ","768","24576"
"0x7ea99f2e0670","      LOP3.LUT R4, R6, 0xf, RZ, 0xc0, !PT","768","24576"
"0x7ea99f2e0680","      CS2R R66, SRZ","768","24576"
"0x7ea99f2e0690","      LOP3.LUT R2, R6, R11, RZ, 0x3c, !PT","768","24576"
"0x7ea99f2e06a0","      IMAD R3, R7, 0x40, R5","768","24576"
"0x7ea99f2e06b0","      CS2R R64, SRZ","768","24576"
"0x7ea99f2e06c0","      IMAD R4, R7, 0x40, R4","768","24576"
"0x7ea99f2e06d0","      CS2R R70, SRZ","768","24576"
"0x7ea99f2e06e0","      IMAD.SHL.U32 R7, R2, 0x4, RZ","768","24576"
"0x7ea99f2e06f0","      CS2R R68, SRZ","768","24576"
"0x7ea99f2e0700","      IMAD.IADD R114, R118, 0x1, R3","768","24576"
"0x7ea99f2e0710","      CS2R R50, SRZ","768","24576"
"0x7ea99f2e0720","      CS2R R48, SRZ","768","24576"
"0x7ea99f2e0730","      CS2R R46, SRZ","768","24576"
"0x7ea99f2e0740","      CS2R R40, SRZ","768","24576"
"0x7ea99f2e0750","      CS2R R42, SRZ","768","24576"
"0x7ea99f2e0760","      CS2R R36, SRZ","768","24576"
"0x7ea99f2e0770","      CS2R R38, SRZ","768","24576"
"0x7ea99f2e0780","      CS2R R72, SRZ","768","24576"
"0x7ea99f2e0790","      CS2R R32, SRZ","768","24576"
"0x7ea99f2e07a0","      CS2R R34, SRZ","768","24576"
"0x7ea99f2e07b0","      CS2R R92, SRZ","768","24576"
"0x7ea99f2e07c0","      CS2R R94, SRZ","768","24576"
"0x7ea99f2e07d0","      CS2R R96, SRZ","768","24576"
"0x7ea99f2e07e0","      CS2R R98, SRZ","768","24576"
"0x7ea99f2e07f0","      CS2R R20, SRZ","768","24576"
"0x7ea99f2e0800","      CS2R R22, SRZ","768","24576"
"0x7ea99f2e0810","      CS2R R74, SRZ","768","24576"
"0x7ea99f2e0820","      CS2R R76, SRZ","768","24576"
"0x7ea99f2e0830","      CS2R R78, SRZ","768","24576"
"0x7ea99f2e0840","      CS2R R80, SRZ","768","24576"
"0x7ea99f2e0850","      CS2R R82, SRZ","768","24576"
"0x7ea99f2e0860","      CS2R R84, SRZ","768","24576"
"0x7ea99f2e0870","      CS2R R86, SRZ","768","24576"
"0x7ea99f2e0880","      IMAD.WIDE R2, R140, R9, c[0x0][0x178]","768","24576"
"0x7ea99f2e0890","@!P0  BRA 0x7ea99f2e0bc0","768","24576"
"0x7ea99f2e08a0","      ISETP.GE.AND P2, PT, R114, c[0x0][0x188], PT","0","0"
"0x7ea99f2e08b0","      CS2R R68, SRZ","0","0"
"0x7ea99f2e08c0","      IADD3 R10, R140, 0x1, RZ","0","0"
"0x7ea99f2e08d0","      ISETP.GE.OR P5, PT, R140, c[0x0][0x190], P2","0","0"
"0x7ea99f2e08e0","      ISETP.GE.OR P6, PT, R10, c[0x0][0x190], P2","0","0"
"0x7ea99f2e08f0","      IADD3 R8, R114, 0x8, RZ","0","0"
"0x7ea99f2e0900","      IADD3 R12, R140, 0x8, RZ","0","0"
"0x7ea99f2e0910","      ISETP.GE.AND P1, PT, R8, c[0x0][0x188], PT","0","0"
"0x7ea99f2e0920","      IADD3 R13, R140, 0x9, RZ","0","0"
"0x7ea99f2e0930","      IADD3 R14, R140, 0x10, RZ","0","0"
"0x7ea99f2e0940","@!P5  LDG.E R68, [R2.64]","0","0"
"0x7ea99f2e0950","      ISETP.GE.OR P3, PT, R140, c[0x0][0x190], P1","0","0"
"0x7ea99f2e0960","      ISETP.GE.OR P4, PT, R12, c[0x0][0x190], P2","0","0"
"0x7ea99f2e0970","@!P6  LDG.E R69, [R2.64+0x4]","0","0"
"0x7ea99f2e0980","      ISETP.GE.OR P5, PT, R13, c[0x0][0x190], P2","0","0"
"0x7ea99f2e0990","      ISETP.GE.OR P6, PT, R14, c[0x0][0x190], P2","0","0"
"0x7ea99f2e09a0","      CS2R R70, SRZ","0","0"
"0x7ea99f2e09b0","      CS2R R64, SRZ","0","0"
"0x7ea99f2e09c0","      CS2R R60, SRZ","0","0"
"0x7ea99f2e09d0","      IADD3 R16, R140, 0x11, RZ","0","0"
"0x7ea99f2e09e0","      IADD3 R8, R140, 0x18, RZ","0","0"
"0x7ea99f2e09f0","@!P3  LDG.E R70, [R2.64]","0","0"
"0x7ea99f2e0a00","      IADD3 R9, R140, 0x19, RZ","0","0"
"0x7ea99f2e0a10","      ISETP.GE.OR P3, PT, R16, c[0x0][0x190], P2","0","0"
"0x7ea99f2e0a20","@!P4  LDG.E R64, [R2.64+0x20]","0","0"
"0x7ea99f2e0a30","      ISETP.GE.OR P4, PT, R8, c[0x0][0x190], P2","0","0"
"0x7ea99f2e0a40","@!P5  LDG.E R65, [R2.64+0x24]","0","0"
"0x7ea99f2e0a50","      ISETP.GE.OR P5, PT, R9, c[0x0][0x190], P1","0","0"
"0x7ea99f2e0a60","@!P6  LDG.E R60, [R2.64+0x40]","0","0"
"0x7ea99f2e0a70","      ISETP.GE.OR P6, PT, R10, c[0x0][0x190], P1","0","0"
"0x7ea99f2e0a80","      CS2R R52, SRZ","0","0"
"0x7ea99f2e0a90","@!P3  LDG.E R61, [R2.64+0x44]","0","0"
"0x7ea99f2e0aa0","      ISETP.GE.OR P3, PT, R12, c[0x0][0x190], P1","0","0"
"0x7ea99f2e0ab0","@!P4  LDG.E R52, [R2.64+0x60]","0","0"
"0x7ea99f2e0ac0","      ISETP.GE.OR P4, PT, R13, c[0x0][0x190], P1","0","0"
"0x7ea99f2e0ad0","@!P5  LDG.E R55, [R2.64+0x64]","0","0"
"0x7ea99f2e0ae0","      ISETP.GE.OR P5, PT, R16, c[0x0][0x190], P1","0","0"
"0x7ea99f2e0af0","@!P6  LDG.E R71, [R2.64+0x4]","0","0"
"0x7ea99f2e0b00","      ISETP.GE.OR P6, PT, R14, c[0x0][0x190], P1","0","0"
"0x7ea99f2e0b10","      ISETP.GE.OR P2, PT, R9, c[0x0][0x190], P2","0","0"
"0x7ea99f2e0b20","      ISETP.GE.OR P1, PT, R8, c[0x0][0x190], P1","0","0"
"0x7ea99f2e0b30","      CS2R R66, SRZ","0","0"
"0x7ea99f2e0b40","      CS2R R62, SRZ","0","0"
"0x7ea99f2e0b50","      IMAD.MOV.U32 R54, RZ, RZ, RZ","0","0"
"0x7ea99f2e0b60","@!P4  LDG.E R67, [R2.64+0x24]","0","0"
"0x7ea99f2e0b70","@!P2  LDG.E R53, [R2.64+0x64]","0","0"
"0x7ea99f2e0b80","@!P3  LDG.E R66, [R2.64+0x20]","0","0"
"0x7ea99f2e0b90","@!P5  LDG.E R63, [R2.64+0x44]","0","0"
"0x7ea99f2e0ba0","@!P6  LDG.E R62, [R2.64+0x40]","0","0"
"0x7ea99f2e0bb0","@!P1  LDG.E R54, [R2.64+0x60]","0","0"
"0x7ea99f2e0bc0","@!P0  BRA 0x7ea99f2e0f00","768","24576"
"0x7ea99f2e0bd0","      IADD3 R8, R114, 0x10, RZ","0","0"
"0x7ea99f2e0be0","      CS2R R48, SRZ","0","0"
"0x7ea99f2e0bf0","      IADD3 R9, R140, 0x1, RZ","0","0"
"0x7ea99f2e0c00","      CS2R R50, SRZ","0","0"
"0x7ea99f2e0c10","      ISETP.GE.AND P2, PT, R8, c[0x0][0x188], PT","0","0"
"0x7ea99f2e0c20","      IADD3 R8, R114, 0x18, RZ","0","0"
"0x7ea99f2e0c30","      ISETP.GE.OR P6, PT, R140, c[0x0][0x190], P2","0","0"
"0x7ea99f2e0c40","      ISETP.GE.OR P3, PT, R9, c[0x0][0x190], P2","0","0"
"0x7ea99f2e0c50","      ISETP.GE.AND P1, PT, R8, c[0x0][0x188], PT","0","0"
"0x7ea99f2e0c60","      IADD3 R8, R140, 0x8, RZ","0","0"
"0x7ea99f2e0c70","      ISETP.GE.OR P4, PT, R9, c[0x0][0x190], P1","0","0"
"0x7ea99f2e0c80","      ISETP.GE.OR P5, PT, R140, c[0x0][0x190], P1","0","0"
"0x7ea99f2e0c90","      IADD3 R9, R140, 0x9, RZ","0","0"
"0x7ea99f2e0ca0","@!P6  LDG.E R48, [R2.64]","0","0"
"0x7ea99f2e0cb0","      ISETP.GE.OR P6, PT, R8, c[0x0][0x190], P2","0","0"
"0x7ea99f2e0cc0","@!P3  LDG.E R49, [R2.64+0x4]","0","0"
"0x7ea99f2e0cd0","      ISETP.GE.OR P3, PT, R9, c[0x0][0x190], P2","0","0"
"0x7ea99f2e0ce0","      CS2R R44, SRZ","0","0"
"0x7ea99f2e0cf0","@!P4  LDG.E R51, [R2.64+0x4]","0","0"
"0x7ea99f2e0d00","      ISETP.GE.OR P4, PT, R9, c[0x0][0x190], P1","0","0"
"0x7ea99f2e0d10","@!P5  LDG.E R50, [R2.64]","0","0"
"0x7ea99f2e0d20","      ISETP.GE.OR P5, PT, R8, c[0x0][0x190], P1","0","0"
"0x7ea99f2e0d30","      CS2R R46, SRZ","0","0"
"0x7ea99f2e0d40","      IADD3 R8, R140, 0x10, RZ","0","0"
"0x7ea99f2e0d50","@!P6  LDG.E R44, [R2.64+0x20]","0","0"
"0x7ea99f2e0d60","      IADD3 R9, R140, 0x11, RZ","0","0"
"0x7ea99f2e0d70","      ISETP.GE.OR P6, PT, R8, c[0x0][0x190], P2","0","0"
"0x7ea99f2e0d80","@!P3  LDG.E R45, [R2.64+0x24]","0","0"
"0x7ea99f2e0d90","      ISETP.GE.OR P3, PT, R9, c[0x0][0x190], P2","0","0"
"0x7ea99f2e0da0","      CS2R R40, SRZ","0","0"
"0x7ea99f2e0db0","@!P4  LDG.E R47, [R2.64+0x24]","0","0"
"0x7ea99f2e0dc0","      ISETP.GE.OR P4, PT, R8, c[0x0][0x190], P1","0","0"
"0x7ea99f2e0dd0","      IADD3 R8, R140, 0x18, RZ","0","0"
"0x7ea99f2e0de0","@!P5  LDG.E R46, [R2.64+0x20]","0","0"
"0x7ea99f2e0df0","      IADD3 R10, R140, 0x19, RZ","0","0"
"0x7ea99f2e0e00","      ISETP.GE.OR P5, PT, R9, c[0x0][0x190], P1","0","0"
"0x7ea99f2e0e10","@!P6  LDG.E R40, [R2.64+0x40]","0","0"
"0x7ea99f2e0e20","      ISETP.GE.OR P6, PT, R8, c[0x0][0x190], P2","0","0"
"0x7ea99f2e0e30","@!P3  LDG.E R41, [R2.64+0x44]","0","0"
"0x7ea99f2e0e40","      ISETP.GE.OR P3, PT, R10, c[0x0][0x190], P1","0","0"
"0x7ea99f2e0e50","      ISETP.GE.OR P2, PT, R10, c[0x0][0x190], P2","0","0"
"0x7ea99f2e0e60","      ISETP.GE.OR P1, PT, R8, c[0x0][0x190], P1","0","0"
"0x7ea99f2e0e70","      CS2R R42, SRZ","0","0"
"0x7ea99f2e0e80","      CS2R R36, SRZ","0","0"
"0x7ea99f2e0e90","      CS2R R38, SRZ","0","0"
"0x7ea99f2e0ea0","@!P5  LDG.E R43, [R2.64+0x44]","0","0"
"0x7ea99f2e0eb0","@!P4  LDG.E R42, [R2.64+0x40]","0","0"
"0x7ea99f2e0ec0","@!P6  LDG.E R36, [R2.64+0x60]","0","0"
"0x7ea99f2e0ed0","@!P2  LDG.E R37, [R2.64+0x64]","0","0"
"0x7ea99f2e0ee0","@!P3  LDG.E R39, [R2.64+0x64]","0","0"
"0x7ea99f2e0ef0","@!P1  LDG.E R38, [R2.64+0x60]","0","0"
"0x7ea99f2e0f00","@!P0  BRA 0x7ea99f2e1240","768","24576"
"0x7ea99f2e0f10","      IADD3 R8, R114, 0x20, RZ","0","0"
"0x7ea99f2e0f20","      CS2R R32, SRZ","0","0"
"0x7ea99f2e0f30","      IADD3 R9, R140, 0x1, RZ","0","0"
"0x7ea99f2e0f40","      CS2R R34, SRZ","0","0"
"0x7ea99f2e0f50","      ISETP.GE.AND P2, PT, R8, c[0x0][0x188], PT","0","0"
"0x7ea99f2e0f60","      IADD3 R8, R114, 0x28, RZ","0","0"
"0x7ea99f2e0f70","      ISETP.GE.OR P6, PT, R140, c[0x0][0x190], P2","0","0"
"0x7ea99f2e0f80","      ISETP.GE.OR P3, PT, R9, c[0x0][0x190], P2","0","0"
"0x7ea99f2e0f90","      ISETP.GE.AND P1, PT, R8, c[0x0][0x188], PT","0","0"
"0x7ea99f2e0fa0","      IADD3 R8, R140, 0x8, RZ","0","0"
"0x7ea99f2e0fb0","      ISETP.GE.OR P4, PT, R9, c[0x0][0x190], P1","0","0"
"0x7ea99f2e0fc0","      ISETP.GE.OR P5, PT, R140, c[0x0][0x190], P1","0","0"
"0x7ea99f2e0fd0","      IADD3 R9, R140, 0x9, RZ","0","0"
"0x7ea99f2e0fe0","@!P6  LDG.E R32, [R2.64]","0","0"
"0x7ea99f2e0ff0","      ISETP.GE.OR P6, PT, R8, c[0x0][0x190], P2","0","0"
"0x7ea99f2e1000","@!P3  LDG.E R33, [R2.64+0x4]","0","0"
"0x7ea99f2e1010","      ISETP.GE.OR P3, PT, R9, c[0x0][0x190], P2","0","0"
"0x7ea99f2e1020","      CS2R R92, SRZ","0","0"
"0x7ea99f2e1030","@!P4  LDG.E R35, [R2.64+0x4]","0","0"
"0x7ea99f2e1040","      ISETP.GE.OR P4, PT, R9, c[0x0][0x190], P1","0","0"
"0x7ea99f2e1050","@!P5  LDG.E R34, [R2.64]","0","0"
"0x7ea99f2e1060","      ISETP.GE.OR P5, PT, R8, c[0x0][0x190], P1","0","0"
"0x7ea99f2e1070","      CS2R R94, SRZ","0","0"
"0x7ea99f2e1080","      IADD3 R8, R140, 0x10, RZ","0","0"
"0x7ea99f2e1090","@!P6  LDG.E R92, [R2.64+0x20]","0","0"
"0x7ea99f2e10a0","      IADD3 R9, R140, 0x11, RZ","0","0"
"0x7ea99f2e10b0","      ISETP.GE.OR P6, PT, R8, c[0x0][0x190], P2","0","0"
"0x7ea99f2e10c0","@!P3  LDG.E R93, [R2.64+0x24]","0","0"
"0x7ea99f2e10d0","      ISETP.GE.OR P3, PT, R9, c[0x0][0x190], P2","0","0"
"0x7ea99f2e10e0","      CS2R R96, SRZ","0","0"
"0x7ea99f2e10f0","@!P4  LDG.E R95, [R2.64+0x24]","0","0"
"0x7ea99f2e1100","      ISETP.GE.OR P4, PT, R8, c[0x0][0x190], P1","0","0"
"0x7ea99f2e1110","      IADD3 R8, R140, 0x18, RZ","0","0"
"0x7ea99f2e1120","@!P5  LDG.E R94, [R2.64+0x20]","0","0"
"0x7ea99f2e1130","      IADD3 R10, R140, 0x19, RZ","0","0"
"0x7ea99f2e1140","      ISETP.GE.OR P5, PT, R9, c[0x0][0x190], P1","0","0"
"0x7ea99f2e1150","@!P6  LDG.E R96, [R2.64+0x40]","0","0"
"0x7ea99f2e1160","      ISETP.GE.OR P6, PT, R8, c[0x0][0x190], P2","0","0"
"0x7ea99f2e1170","@!P3  LDG.E R97, [R2.64+0x44]","0","0"
"0x7ea99f2e1180","      ISETP.GE.OR P3, PT, R10, c[0x0][0x190], P1","0","0"
"0x7ea99f2e1190","      ISETP.GE.OR P2, PT, R10, c[0x0][0x190], P2","0","0"
"0x7ea99f2e11a0","      ISETP.GE.OR P1, PT, R8, c[0x0][0x190], P1","0","0"
"0x7ea99f2e11b0","      CS2R R98, SRZ","0","0"
"0x7ea99f2e11c0","      CS2R R20, SRZ","0","0"
"0x7ea99f2e11d0","      CS2R R22, SRZ","0","0"
"0x7ea99f2e11e0","@!P5  LDG.E R99, [R2.64+0x44]","0","0"
"0x7ea99f2e11f0","@!P4  LDG.E R98, [R2.64+0x40]","0","0"
"0x7ea99f2e1200","@!P6  LDG.E R20, [R2.64+0x60]","0","0"
"0x7ea99f2e1210","@!P2  LDG.E R21, [R2.64+0x64]","0","0"
"0x7ea99f2e1220","@!P3  LDG.E R23, [R2.64+0x64]","0","0"
"0x7ea99f2e1230","@!P1  LDG.E R22, [R2.64+0x60]","0","0"
"0x7ea99f2e1240","@!P0  BRA 0x7ea99f2e1580","768","24576"
"0x7ea99f2e1250","      IADD3 R8, R114, 0x30, RZ","0","0"
"0x7ea99f2e1260","      CS2R R72, SRZ","0","0"
"0x7ea99f2e1270","      IADD3 R9, R140, 0x1, RZ","0","0"
"0x7ea99f2e1280","      ISETP.GE.AND P1, PT, R8, c[0x0][0x188], PT","0","0"
"0x7ea99f2e1290","      IADD3 R8, R114, 0x38, RZ","0","0"
"0x7ea99f2e12a0","      ISETP.GE.OR P5, PT, R140, c[0x0][0x190], P1","0","0"
"0x7ea99f2e12b0","      ISETP.GE.AND P0, PT, R8, c[0x0][0x188], PT","0","0"
"0x7ea99f2e12c0","      ISETP.GE.OR P3, PT, R9, c[0x0][0x190], P1","0","0"
"0x7ea99f2e12d0","      ISETP.GE.OR P4, PT, R9, c[0x0][0x190], P0","0","0"
"0x7ea99f2e12e0","      ISETP.GE.OR P6, PT, R140, c[0x0][0x190], P0","0","0"
"0x7ea99f2e12f0","      IADD3 R8, R140, 0x8, RZ","0","0"
"0x7ea99f2e1300","      CS2R R74, SRZ","0","0"
"0x7ea99f2e1310","@!P5  LDG.E R72, [R2.64]","0","0"
"0x7ea99f2e1320","      ISETP.GE.OR P2, PT, R8, c[0x0][0x190], P1","0","0"
"0x7ea99f2e1330","      ISETP.GE.OR P5, PT, R8, c[0x0][0x190], P0","0","0"
"0x7ea99f2e1340","@!P3  LDG.E R73, [R2.64+0x4]","0","0"
"0x7ea99f2e1350","      IADD3 R8, R140, 0x9, RZ","0","0"
"0x7ea99f2e1360","      IADD3 R9, R140, 0x10, RZ","0","0"
"0x7ea99f2e1370","@!P4  LDG.E R75, [R2.64+0x4]","0","0"
"0x7ea99f2e1380","      ISETP.GE.OR P3, PT, R8, c[0x0][0x190], P1","0","0"
"0x7ea99f2e1390","      ISETP.GE.OR P4, PT, R8, c[0x0][0x190], P0","0","0"
"0x7ea99f2e13a0","@!P6  LDG.E R74, [R2.64]","0","0"
"0x7ea99f2e13b0","      ISETP.GE.OR P6, PT, R9, c[0x0][0x190], P1","0","0"
"0x7ea99f2e13c0","      CS2R R76, SRZ","0","0"
"0x7ea99f2e13d0","      CS2R R78, SRZ","0","0"
"0x7ea99f2e13e0","      IADD3 R8, R140, 0x11, RZ","0","0"
"0x7ea99f2e13f0","      CS2R R80, SRZ","0","0"
"0x7ea99f2e1400","@!P2  LDG.E R76, [R2.64+0x20]","0","0"
"0x7ea99f2e1410","      ISETP.GE.OR P2, PT, R9, c[0x0][0x190], P0","0","0"
"0x7ea99f2e1420","      IADD3 R9, R140, 0x18, RZ","0","0"
"0x7ea99f2e1430","@!P3  LDG.E R77, [R2.64+0x24]","0","0"
"0x7ea99f2e1440","      ISETP.GE.OR P3, PT, R8, c[0x0][0x190], P1","0","0"
"0x7ea99f2e1450","@!P4  LDG.E R79, [R2.64+0x24]","0","0"
"0x7ea99f2e1460","      ISETP.GE.OR P4, PT, R8, c[0x0][0x190], P0","0","0"
"0x7ea99f2e1470","      IADD3 R8, R140, 0x19, RZ","0","0"
"0x7ea99f2e1480","@!P5  LDG.E R78, [R2.64+0x20]","0","0"
"0x7ea99f2e1490","      ISETP.GE.OR P5, PT, R9, c[0x0][0x190], P1","0","0"
"0x7ea99f2e14a0","@!P6  LDG.E R80, [R2.64+0x40]","0","0"
"0x7ea99f2e14b0","      ISETP.GE.OR P6, PT, R9, c[0x0][0x190], P0","0","0"
"0x7ea99f2e14c0","      ISETP.GE.OR P1, PT, R8, c[0x0][0x190], P1","0","0"
"0x7ea99f2e14d0","      CS2R R82, SRZ","0","0"
"0x7ea99f2e14e0","      ISETP.GE.OR P0, PT, R8, c[0x0][0x190], P0","0","0"
"0x7ea99f2e14f0","      CS2R R84, SRZ","0","0"
"0x7ea99f2e1500","      CS2R R86, SRZ","0","0"
"0x7ea99f2e1510","@!P3  LDG.E R81, [R2.64+0x44]","0","0"
"0x7ea99f2e1520","@!P4  LDG.E R83, [R2.64+0x44]","0","0"
"0x7ea99f2e1530","@!P2  LDG.E R82, [R2.64+0x40]","0","0"
"0x7ea99f2e1540","@!P5  LDG.E R84, [R2.64+0x60]","0","0"
"0x7ea99f2e1550","@!P1  LDG.E R85, [R2.64+0x64]","0","0"
"0x7ea99f2e1560","@!P6  LDG.E R86, [R2.64+0x60]","0","0"
"0x7ea99f2e1570","@!P0  LDG.E R87, [R2.64+0x64]","0","0"
"0x7ea99f2e1580","      LOP3.LUT R10, R7, 0x1c, RZ, 0xc0, !PT","768","24576"
"0x7ea99f2e1590","      IMAD.SHL.U32 R15, R15, 0x4, RZ","768","24576"
"0x7ea99f2e15a0","      IADD3 R8, R6, 0x200, RZ","768","24576"
"0x7ea99f2e15b0","      IMAD.SHL.U32 R2, R6, 0x4, RZ","768","24576"
"0x7ea99f2e15c0","      SHF.R.S32.HI R7, RZ, 0x5, R6","768","24576"
"0x7ea99f2e15d0","      IMAD R24, R11, 0x20, R10","768","24576"
"0x7ea99f2e15e0","      IADD3 R9, R6, 0x100, RZ","768","24576"
"0x7ea99f2e15f0","      IMAD.IADD R10, R118, 0x1, R11","768","24576"
"0x7ea99f2e1600","      SHF.R.S32.HI R11, RZ, 0x3, R8","768","24576"
"0x7ea99f2e1610","      SHF.R.S32.HI R27, RZ, 0x5, R8","768","24576"
"0x7ea99f2e1620","      IMAD.SHL.U32 R8, R7, 0x8, RZ","768","24576"
"0x7ea99f2e1630","      SHF.R.S32.HI R13, RZ, 0x3, R9","768","24576"
"0x7ea99f2e1640","      SHF.R.S32.HI R17, RZ, 0x5, R9","768","24576"
"0x7ea99f2e1650","      IMAD.SHL.U32 R16, R27, 0x8, RZ","768","24576"
"0x7ea99f2e1660","      LOP3.LUT R26, R15, 0x18, R8, 0x78, !PT","768","24576"
"0x7ea99f2e1670","      LOP3.LUT R8, R6, R13, RZ, 0x3c, !PT","768","24576"
"0x7ea99f2e1680","      IMAD.SHL.U32 R12, R17, 0x8, RZ","768","24576"
"0x7ea99f2e1690","      IADD3 R3, R6, 0x300, RZ","768","24576"
"0x7ea99f2e16a0","      ISETP.GE.AND P0, PT, R10, c[0x0][0x188], PT","768","24576"
"0x7ea99f2e16b0","      IMAD.SHL.U32 R9, R8, 0x4, RZ","768","24576"
"0x7ea99f2e16c0","      SHF.R.S32.HI R29, RZ, 0x5, R3","768","24576"
"0x7ea99f2e16d0","      IMAD R8, R116, 0x80, R15","768","24576"
"0x7ea99f2e16e0","      SHF.R.S32.HI R19, RZ, 0x3, R3","768","24576"
"0x7ea99f2e16f0","      LOP3.LUT R3, R6, R11, RZ, 0x3c, !PT","768","24576"
"0x7ea99f2e1700","      IMAD.SHL.U32 R28, R29, 0x8, RZ","768","24576"
"0x7ea99f2e1710","      LOP3.LUT R14, R15, 0x18, R12, 0x78, !PT","768","24576"
"0x7ea99f2e1720","      LOP3.LUT R12, R9, 0x1c, RZ, 0xc0, !PT","768","24576"
"0x7ea99f2e1730","      IMAD.SHL.U32 R3, R3, 0x4, RZ","768","24576"
"0x7ea99f2e1740","      IADD3 R25, -R8, c[0x0][0x190], RZ","768","24576"
"0x7ea99f2e1750","      IMAD.IADD R9, R118, 0x1, R13","768","24576"
"0x7ea99f2e1760","      LOP3.LUT R2, R2, 0x1c, RZ, 0xc0, !PT","768","24576"
"0x7ea99f2e1770","      IMAD R119, R13, 0x20, R12","768","24576"
"0x7ea99f2e1780","      ISETP.GT.AND P5, PT, R25, RZ, PT","768","24576"
"0x7ea99f2e1790","      IMAD R117, R17, 0x80, R14","768","24576"
"0x7ea99f2e17a0","      LOP3.LUT R12, R3, 0x1c, RZ, 0xc0, !PT","768","24576"
"0x7ea99f2e17b0","      IMAD.MOV.U32 R3, RZ, RZ, RZ","768","24576"
"0x7ea99f2e17c0","      ISETP.GE.AND P1, PT, R9, c[0x0][0x188], PT","768","24576"
"0x7ea99f2e17d0","      IMAD.SHL.U32 R119, R119, 0x4, RZ","768","24576"
"0x7ea99f2e17e0","      SEL R13, R10, RZ, !P0","768","24576"
"0x7ea99f2e17f0","      IMAD R115, R11, 0x20, R12","768","24576"
"0x7ea99f2e1800","      SEL R8, R8, RZ, P5","768","24576"
"0x7ea99f2e1810","      LOP3.LUT R18, R15, 0x18, R16, 0x78, !PT","768","24576"
"0x7ea99f2e1820","      IMAD.IADD R16, R118, 0x1, R11","768","24576"
"0x7ea99f2e1830","      LOP3.LUT R30, R15, 0x18, R28, 0x78, !PT","768","24576"
"0x7ea99f2e1840","      IMAD.WIDE R10, R13, c[0x0][0x194], R2","768","24576"
"0x7ea99f2e1850","      SEL R15, R9, RZ, !P1","768","24576"
"0x7ea99f2e1860","      SHF.R.S32.HI R9, RZ, 0x1f, R8","768","24576"
"0x7ea99f2e1870","      IMAD.IADD R28, R118, 0x1, R19","768","24576"
"0x7ea99f2e1880","      LEA R121, P3, R10, c[0x0][0x168], 0x2","768","24576"
"0x7ea99f2e1890","      IMAD.WIDE R12, R15, c[0x0][0x194], R2","768","24576"
"0x7ea99f2e18a0","      ISETP.GE.AND P2, PT, R16, c[0x0][0x188], PT","768","24576"
"0x7ea99f2e18b0","      LEA.HI.X R120, R10, c[0x0][0x16c], R11, 0x2, P3","768","24576"
"0x7ea99f2e18c0","      IMAD.WIDE R56, R7, c[0x0][0x198], R8","768","24576"
"0x7ea99f2e18d0","      LEA R123, P6, R12, c[0x0][0x168], 0x2","768","24576"
"0x7ea99f2e18e0","      SEL R15, R16, RZ, !P2","768","24576"
"0x7ea99f2e18f0","      IMAD.WIDE R10, R17, c[0x0][0x198], R8","768","24576"
"0x7ea99f2e1900","      LEA R148, P4, R56, c[0x0][0x170], 0x2","768","24576"
"0x7ea99f2e1910","      ISETP.GE.AND P3, PT, R28, c[0x0][0x188], PT","768","24576"
"0x7ea99f2e1920","      IMAD R113, R27, 0x80, R18","768","24576"
"0x7ea99f2e1930","      LEA.HI.X R149, R56, c[0x0][0x174], R57, 0x2, P4","768","24576"
"0x7ea99f2e1940","      IMAD R30, R29, 0x80, R30","768","24576"
"0x7ea99f2e1950","      LEA R146, P4, R10, c[0x0][0x170], 0x2","768","24576"
"0x7ea99f2e1960","      IMAD.SHL.U32 R115, R115, 0x4, RZ","768","24576"
"0x7ea99f2e1970","      LEA.HI.X R122, R12, c[0x0][0x16c], R13, 0x2, P6","768","24576"
"0x7ea99f2e1980","      IMAD.WIDE R12, R15, c[0x0][0x194], R2","768","24576"
"0x7ea99f2e1990","      SEL R17, R28, RZ, !P3","768","24576"
"0x7ea99f2e19a0","      LEA.HI.X R147, R10, c[0x0][0x174], R11, 0x2, P4","768","24576"
"0x7ea99f2e19b0","      IMAD.WIDE R14, R27, c[0x0][0x198], R8","768","24576"
"0x7ea99f2e19c0","      LOP3.LUT R18, R6, R19, RZ, 0x3c, !PT","768","24576"
"0x7ea99f2e19d0","      LEA R125, P6, R12, c[0x0][0x168], 0x2","768","24576"
"0x7ea99f2e19e0","      IMAD.WIDE R10, R29, c[0x0][0x198], R8","768","24576"
"0x7ea99f2e19f0","      LEA R144, P4, R14, c[0x0][0x170], 0x2","768","24576"
"0x7ea99f2e1a00","      LEA.HI.X R124, R12, c[0x0][0x16c], R13, 0x2, P6","768","24576"
"0x7ea99f2e1a10","      IMAD.MOV.U32 R9, RZ, RZ, c[0x0][0x18c]","768","24576"
"0x7ea99f2e1a20","      LEA.HI.X R145, R14, c[0x0][0x174], R15, 0x2, P4","768","24576"
"0x7ea99f2e1a30","      IMAD.WIDE R16, R17, c[0x0][0x194], R2","768","24576"
"0x7ea99f2e1a40","      LEA R142, P6, R10, c[0x0][0x170], 0x2","768","24576"
"0x7ea99f2e1a50","      IADD3 R9, R9, 0x1f, RZ","768","24576"
"0x7ea99f2e1a60","      IMAD.SHL.U32 R18, R18, 0x4, RZ","768","24576"
"0x7ea99f2e1a70","      LEA R127, P4, R16, c[0x0][0x168], 0x2","768","24576"
"0x7ea99f2e1a80","      IMAD.SHL.U32 R12, R24, 0x4, RZ","768","24576"
"0x7ea99f2e1a90","      SHF.R.U32.HI R131, RZ, 0x5, R9","768","24576"
"0x7ea99f2e1aa0","      LEA.HI.X R126, R16, c[0x0][0x16c], R17, 0x2, P4","768","24576"
"0x7ea99f2e1ab0","      ISETP.NE.AND P4, PT, R131, RZ, PT","768","24576"
"0x7ea99f2e1ac0","      IMNMX R25, R25, 0x4, PT","768","24576"
"0x7ea99f2e1ad0","      LOP3.LUT R18, R18, 0x1c, RZ, 0xc0, !PT","768","24576"
"0x7ea99f2e1ae0","      LEA.HI.X R143, R10, c[0x0][0x174], R11, 0x2, P6","768","24576"
"0x7ea99f2e1af0","      IMAD R11, R7, 0x80, R26","768","24576"
"0x7ea99f2e1b00","      LOP3.LUT R6, R6, 0x3, RZ, 0xc0, !PT","768","24576"
"0x7ea99f2e1b10","      IMAD.SHL.U32 R25, R25, 0x4, RZ","768","24576"
"0x7ea99f2e1b20","      LEA R117, R117, 0xc000, 0x2","768","24576"
"0x7ea99f2e1b30","      IMAD R18, R19, 0x20, R18","768","24576"
"0x7ea99f2e1b40","      LEA R11, R11, 0xc000, 0x2","768","24576"
"0x7ea99f2e1b50","      LEA R113, R113, 0xc000, 0x2","768","24576"
"0x7ea99f2e1b60","      IMAD.SHL.U32 R10, R18, 0x4, RZ","768","24576"
"0x7ea99f2e1b70","      LEA R8, R30, 0xc000, 0x2","768","24576"
"0x7ea99f2e1b80","      SEL R112, R25, RZ, P5","768","24576"
"0x7ea99f2e1b90","@!P4  BRA 0x7ea99f2e20f0","768","0"
"0x7ea99f2e1ba0","      IADD3 R13, -R2, c[0x0][0x18c], RZ","768","24576"
"0x7ea99f2e1bb0","      ISETP.GE.AND P5, PT, R7, c[0x0][0x18c], PT","768","24576"
"0x7ea99f2e1bc0","      IMNMX R13, R13, 0x4, PT","768","24576"
"0x7ea99f2e1bd0","      SEL R18, R112, RZ, !P5","768","24576"
"0x7ea99f2e1be0","      IMNMX R13, RZ, R13, !PT","768","24576"
"0x7ea99f2e1bf0","      IADD3 R16, -R18, 0x10, RZ","768","24576"
"0x7ea99f2e1c00","      IADD3 R24, R7, 0x8, RZ","768","24576"
"0x7ea99f2e1c10","      IMAD.SHL.U32 R13, R13, 0x4, RZ","768","24576"
"0x7ea99f2e1c20","      LOP3.LUT R17, R16, 0xf, RZ, 0xc0, !PT","768","24576"
"0x7ea99f2e1c30","      SEL R15, R13, RZ, !P0","768","24576"
"0x7ea99f2e1c40","      IADD3 R14, -R15, 0x10, RZ","768","24576"
"0x7ea99f2e1c50","      ISETP.NE.U32.AND P6, PT, R15, RZ, PT","768","24576"
"0x7ea99f2e1c60","      LOP3.LUT R14, R14, 0xf, RZ, 0xc0, !PT","768","24576"
"0x7ea99f2e1c70","      IADD3 R14, P5, R14, R121, RZ","768","24576"
"0x7ea99f2e1c80","      IMAD.X R15, RZ, RZ, R120, P5","768","24576"
"0x7ea99f2e1c90","      ISETP.NE.U32.AND P5, PT, R18, RZ, PT","768","24576"
"0x7ea99f2e1ca0","      SEL R18, R13, RZ, !P1","768","24576"
"0x7ea99f2e1cb0","@!PT  LDS RZ, [RZ]","768","0"
"0x7ea99f2e1cc0","@!PT  LDS RZ, [RZ]","768","0"
"0x7ea99f2e1cd0","@!PT  LDS RZ, [RZ]","768","0"
"0x7ea99f2e1ce0","      LDGSTS.E.BYPASS.LTC128B.128.ZFILL P6, [R12][R14.64]","768","24576"
"0x7ea99f2e1cf0","      IADD3 R16, P6, R148, R17, RZ","768","24576"
"0x7ea99f2e1d00","      IADD3 R19, -R18, 0x10, RZ","768","24576"
"0x7ea99f2e1d10","      IMAD.X R17, RZ, RZ, R149, P6","768","24576"
"0x7ea99f2e1d20","      ISETP.GE.AND P6, PT, R24, c[0x0][0x18c], PT","768","24576"
"0x7ea99f2e1d30","      LOP3.LUT R24, R19, 0xf, RZ, 0xc0, !PT","768","24576"
"0x7ea99f2e1d40","      LDGSTS.E.BYPASS.LTC128B.128.ZFILL P5, [R11][R16.64]","768","24576"
"0x7ea99f2e1d50","      ISETP.NE.U32.AND P5, PT, R18, RZ, PT","768","24576"
"0x7ea99f2e1d60","      SEL R18, R112, RZ, !P6","768","24576"
"0x7ea99f2e1d70","      IADD3 R14, P6, R24, R123, RZ","768","24576"
"0x7ea99f2e1d80","      IADD3 R19, -R18, 0x10, RZ","768","24576"
"0x7ea99f2e1d90","      SEL R24, R13, RZ, !P2","768","24576"
"0x7ea99f2e1da0","      IMAD.X R15, RZ, RZ, R122, P6","768","24576"
"0x7ea99f2e1db0","      LOP3.LUT R19, R19, 0xf, RZ, 0xc0, !PT","768","24576"
"0x7ea99f2e1dc0","      ISETP.NE.U32.AND P6, PT, R18, RZ, PT","768","24576"
"0x7ea99f2e1dd0","      LDGSTS.E.BYPASS.LTC128B.128.ZFILL P5, [R119][R14.64]","768","24576"
"0x7ea99f2e1de0","      IADD3 R18, P5, R146, R19, RZ","768","24576"
"0x7ea99f2e1df0","      IADD3 R17, R7, 0x10, RZ","768","24576"
"0x7ea99f2e1e00","      IADD3 R16, -R24, 0x10, RZ","768","24576"
"0x7ea99f2e1e10","      IMAD.X R19, RZ, RZ, R147, P5","768","24576"
"0x7ea99f2e1e20","      ISETP.GE.AND P5, PT, R17, c[0x0][0x18c], PT","768","24576"
"0x7ea99f2e1e30","      LOP3.LUT R16, R16, 0xf, RZ, 0xc0, !PT","768","24576"
"0x7ea99f2e1e40","      LDGSTS.E.BYPASS.LTC128B.128.ZFILL P6, [R117][R18.64]","768","24576"
"0x7ea99f2e1e50","      ISETP.NE.U32.AND P6, PT, R24, RZ, PT","768","24576"
"0x7ea99f2e1e60","      SEL R17, R112, RZ, !P5","768","24576"
"0x7ea99f2e1e70","      IADD3 R14, P5, R16, R125, RZ","768","24576"
"0x7ea99f2e1e80","      IADD3 R24, R7, 0x18, RZ","768","24576"
"0x7ea99f2e1e90","      IADD3 R16, -R17, 0x10, RZ","768","24576"
"0x7ea99f2e1ea0","      IMAD.X R15, RZ, RZ, R124, P5","768","24576"
"0x7ea99f2e1eb0","      ISETP.GE.AND P5, PT, R24, c[0x0][0x18c], PT","768","24576"
"0x7ea99f2e1ec0","      LOP3.LUT R25, R16, 0xf, RZ, 0xc0, !PT","768","24576"
"0x7ea99f2e1ed0","      LDGSTS.E.BYPASS.LTC128B.128.ZFILL P6, [R115][R14.64]","768","24576"
"0x7ea99f2e1ee0","      ISETP.NE.U32.AND P6, PT, R17, RZ, PT","768","24576"
"0x7ea99f2e1ef0","      SEL R13, R13, RZ, !P3","768","24576"
"0x7ea99f2e1f00","      SEL R24, R112, RZ, !P5","768","24576"
"0x7ea99f2e1f10","      IADD3 R16, P5, R144, R25, RZ","768","24576"
"0x7ea99f2e1f20","      IADD3 R18, -R13, 0x10, RZ","768","24576"
"0x7ea99f2e1f30","      IADD3 R19, -R24, 0x10, RZ","768","24576"
"0x7ea99f2e1f40","      IMAD.X R17, RZ, RZ, R145, P5","768","24576"
"0x7ea99f2e1f50","      LOP3.LUT R18, R18, 0xf, RZ, 0xc0, !PT","768","24576"
"0x7ea99f2e1f60","      LOP3.LUT R19, R19, 0xf, RZ, 0xc0, !PT","768","24576"
"0x7ea99f2e1f70","      IADD3 R18, P5, R18, R127, RZ","768","24576"
"0x7ea99f2e1f80","      LDGSTS.E.BYPASS.LTC128B.128.ZFILL P6, [R113][R16.64]","768","24576"
"0x7ea99f2e1f90","      IADD3 R14, P6, R142, R19, RZ","768","24576"
"0x7ea99f2e1fa0","      IMAD.X R19, RZ, RZ, R126, P5","768","24576"
"0x7ea99f2e1fb0","      ISETP.NE.U32.AND P5, PT, R13, RZ, PT","768","24576"
"0x7ea99f2e1fc0","      IMAD.X R15, RZ, RZ, R143, P6","768","24576"
"0x7ea99f2e1fd0","      ISETP.NE.U32.AND P6, PT, R24, RZ, PT","768","24576"
"0x7ea99f2e1fe0","      IMAD.MOV.U32 R13, RZ, RZ, 0x80","768","24576"
"0x7ea99f2e1ff0","      IMAD.WIDE R148, R13, c[0x0][0x198], R148","768","24576"
"0x7ea99f2e2000","      IMAD.WIDE R146, R13, c[0x0][0x198], R146","768","24576"
"0x7ea99f2e2010","      LDGSTS.E.BYPASS.LTC128B.128.ZFILL P5, [R10][R18.64]","768","24576"
"0x7ea99f2e2020","      IADD3 R123, P5, R123, 0x80, RZ","768","24576"
"0x7ea99f2e2030","      IMAD.WIDE R144, R13, c[0x0][0x198], R144","768","24576"
"0x7ea99f2e2040","      LDGSTS.E.BYPASS.LTC128B.128.ZFILL P6, [R8][R14.64]","768","24576"
"0x7ea99f2e2050","      IADD3 R121, P6, R121, 0x80, RZ","768","24576"
"0x7ea99f2e2060","      IMAD.X R122, RZ, RZ, R122, P5","768","24576"
"0x7ea99f2e2070","      IADD3 R127, P5, R127, 0x80, RZ","768","24576"
"0x7ea99f2e2080","      LDGDEPBAR","768","24576"
"0x7ea99f2e2090","      IMAD.WIDE R142, R13, c[0x0][0x198], R142","768","24576"
"0x7ea99f2e20a0","      IMAD.X R120, RZ, RZ, R120, P6","768","24576"
"0x7ea99f2e20b0","      IADD3 R125, P6, R125, 0x80, RZ","768","24576"
"0x7ea99f2e20c0","      IMAD.X R126, RZ, RZ, R126, P5","768","24576"
"0x7ea99f2e20d0","      IMAD.X R124, RZ, RZ, R124, P6","768","24576"
"0x7ea99f2e20e0","      BRA 0x7ea99f2e2100","768","24576"
"0x7ea99f2e20f0","      LDGDEPBAR","0","0"
"0x7ea99f2e2100","      ISETP.GT.U32.AND P5, PT, R9, 0x3f, PT","768","24576"
"0x7ea99f2e2110","@P5   BRA 0x7ea99f2e2140","768","24576"
"0x7ea99f2e2120","      LDGDEPBAR","0","0"
"0x7ea99f2e2130","      BRA 0x7ea99f2e26a0","0","0"
"0x7ea99f2e2140","      IMAD.MOV.U32 R9, RZ, RZ, 0x20","768","24576"
"0x7ea99f2e2150","      IADD3 R13, R7, 0x20, RZ","768","24576"
"0x7ea99f2e2160","      IADD3 R14, R7, 0x28, RZ","768","24576"
"0x7ea99f2e2170","      IADD3 R9, -R2, c[0x0][0x18c], -R9","768","24576"
"0x7ea99f2e2180","      ISETP.GE.AND P5, PT, R13, c[0x0][0x18c], PT","768","24576"
"0x7ea99f2e2190","      IMNMX R9, R9, 0x4, PT","768","24576"
"0x7ea99f2e21a0","      SEL R18, R112, RZ, !P5","768","24576"
"0x7ea99f2e21b0","      IMNMX R9, RZ, R9, !PT","768","24576"
"0x7ea99f2e21c0","      IADD3 R13, -R18, 0x10, RZ","768","24576"
"0x7ea99f2e21d0","      ISETP.GE.AND P5, PT, R14, c[0x0][0x18c], PT","768","24576"
"0x7ea99f2e21e0","      IMAD.SHL.U32 R9, R9, 0x4, RZ","768","24576"
"0x7ea99f2e21f0","      LOP3.LUT R17, R13, 0xf, RZ, 0xc0, !PT","768","24576"
"0x7ea99f2e2200","      SEL R15, R9, RZ, !P0","768","24576"
"0x7ea99f2e2210","      IADD3 R16, P6, R148, R17, RZ","768","24576"
"0x7ea99f2e2220","      IADD3 R13, -R15, 0x10, RZ","768","24576"
"0x7ea99f2e2230","      ISETP.NE.U32.AND P0, PT, R15, RZ, PT","768","24576"
"0x7ea99f2e2240","      IMAD.X R17, RZ, RZ, R149, P6","768","24576"
"0x7ea99f2e2250","      LOP3.LUT R14, R13, 0xf, RZ, 0xc0, !PT","768","24576"
"0x7ea99f2e2260","      SEL R19, R9, RZ, !P1","768","24576"
"0x7ea99f2e2270","      IADD3 R14, P1, R14, R121, RZ","768","24576"
"0x7ea99f2e2280","      ISETP.NE.U32.AND P6, PT, R18, RZ, PT","768","24576"
"0x7ea99f2e2290","      SEL R18, R112, RZ, !P5","768","24576"
"0x7ea99f2e22a0","      IMAD.X R15, RZ, RZ, R120, P1","768","24576"
"0x7ea99f2e22b0","      IADD3 R13, -R19, 0x10, RZ","768","24576"
"0x7ea99f2e22c0","      ISETP.NE.U32.AND P5, PT, R19, RZ, PT","768","24576"
"0x7ea99f2e22d0","      ISETP.NE.U32.AND P1, PT, R18, RZ, PT","768","24576"
"0x7ea99f2e22e0","@!PT  LDS RZ, [RZ]","768","0"
"0x7ea99f2e22f0","@!PT  LDS RZ, [RZ]","768","0"
"0x7ea99f2e2300","@!PT  LDS RZ, [RZ]","768","0"
"0x7ea99f2e2310","      LDGSTS.E.BYPASS.LTC128B.128.ZFILL P0, [R12+0x4000][R14.64]","768","24576"
"0x7ea99f2e2320","      IADD3 R19, -R18, 0x10, RZ","768","24576"
"0x7ea99f2e2330","      LOP3.LUT R18, R13, 0xf, RZ, 0xc0, !PT","768","24576"
"0x7ea99f2e2340","      LDGSTS.E.BYPASS.LTC128B.128.ZFILL P6, [R11+0x4000][R16.64]","768","24576"
"0x7ea99f2e2350","      LOP3.LUT R19, R19, 0xf, RZ, 0xc0, !PT","768","24576"
"0x7ea99f2e2360","      IADD3 R18, P0, R18, R123, RZ","768","24576"
"0x7ea99f2e2370","      IADD3 R13, R7, 0x30, RZ","768","24576"
"0x7ea99f2e2380","      IADD3 R24, P6, R146, R19, RZ","768","24576"
"0x7ea99f2e2390","      IMAD.X R19, RZ, RZ, R122, P0","768","24576"
"0x7ea99f2e23a0","      IADD3 R7, R7, 0x38, RZ","768","24576"
"0x7ea99f2e23b0","      ISETP.GE.AND P0, PT, R13, c[0x0][0x18c], PT","768","24576"
"0x7ea99f2e23c0","      IMAD.X R25, RZ, RZ, R147, P6","768","24576"
"0x7ea99f2e23d0","      LDGSTS.E.BYPASS.LTC128B.128.ZFILL P5, [R119+0x4000][R18.64]","768","24576"
"0x7ea99f2e23e0","      ISETP.GE.AND P5, PT, R7, c[0x0][0x18c], PT","768","24576"
"0x7ea99f2e23f0","      SEL R12, R112, RZ, !P0","768","24576"
"0x7ea99f2e2400","      LDGSTS.E.BYPASS.LTC128B.128.ZFILL P1, [R117+0x4000][R24.64]","768","24576"
"0x7ea99f2e2410","      SEL R7, R9, RZ, !P2","768","24576"
"0x7ea99f2e2420","      IADD3 R11, -R12, 0x10, RZ","768","24576"
"0x7ea99f2e2430","      ISETP.NE.U32.AND P2, PT, R7, RZ, PT","768","24576"
"0x7ea99f2e2440","      IADD3 R7, -R7, 0x10, RZ","768","24576"
"0x7ea99f2e2450","      SEL R9, R9, RZ, !P3","768","24576"
"0x7ea99f2e2460","      SEL R13, R112, RZ, !P5","768","24576"
"0x7ea99f2e2470","      ISETP.NE.U32.AND P1, PT, R12, RZ, PT","768","24576"
"0x7ea99f2e2480","      LOP3.LUT R11, R11, 0xf, RZ, 0xc0, !PT","768","24576"
"0x7ea99f2e2490","      LOP3.LUT R12, R7, 0xf, RZ, 0xc0, !PT","768","24576"
"0x7ea99f2e24a0","      IMAD.MOV.U32 R7, RZ, RZ, 0x80","768","24576"
"0x7ea99f2e24b0","      ISETP.NE.U32.AND P3, PT, R9, RZ, PT","768","24576"
"0x7ea99f2e24c0","      ISETP.NE.U32.AND P0, PT, R13, RZ, PT","768","24576"
"0x7ea99f2e24d0","      IMAD.WIDE R148, R7, c[0x0][0x198], R148","768","24576"
"0x7ea99f2e24e0","      IADD3 R9, -R9, 0x10, RZ","768","24576"
"0x7ea99f2e24f0","      IADD3 R13, -R13, 0x10, RZ","768","24576"
"0x7ea99f2e2500","      IMAD.WIDE R146, R7, c[0x0][0x198], R146","768","24576"
"0x7ea99f2e2510","      IADD3 R14, P5, R144, R11, RZ","768","24576"
"0x7ea99f2e2520","      IADD3 R12, P6, R12, R125, RZ","768","24576"
"0x7ea99f2e2530","      LOP3.LUT R16, R9, 0xf, RZ, 0xc0, !PT","768","24576"
"0x7ea99f2e2540","      IMAD.X R15, RZ, RZ, R145, P5","768","24576"
"0x7ea99f2e2550","      LOP3.LUT R19, R13, 0xf, RZ, 0xc0, !PT","768","24576"
"0x7ea99f2e2560","      IMAD.X R13, RZ, RZ, R124, P6","768","24576"
"0x7ea99f2e2570","      IADD3 R16, P5, R16, R127, RZ","768","24576"
"0x7ea99f2e2580","      IMAD.WIDE R144, R7, c[0x0][0x198], R144","768","24576"
"0x7ea99f2e2590","      IADD3 R18, P6, R142, R19, RZ","768","24576"
"0x7ea99f2e25a0","      LDGSTS.E.BYPASS.LTC128B.128.ZFILL P2, [R115+0x4000][R12.64]","768","24576"
"0x7ea99f2e25b0","      IMAD.X R17, RZ, RZ, R126, P5","768","24576"
"0x7ea99f2e25c0","      IADD3 R125, P2, R125, 0x80, RZ","768","24576"
"0x7ea99f2e25d0","      IMAD.X R19, RZ, RZ, R143, P6","768","24576"
"0x7ea99f2e25e0","      LDGSTS.E.BYPASS.LTC128B.128.ZFILL P1, [R113+0x4000][R14.64]","768","24576"
"0x7ea99f2e25f0","      IADD3 R123, P1, R123, 0x80, RZ","768","24576"
"0x7ea99f2e2600","      IMAD.WIDE R142, R7, c[0x0][0x198], R142","768","24576"
"0x7ea99f2e2610","      LDGSTS.E.BYPASS.LTC128B.128.ZFILL P3, [R10+0x4000][R16.64]","768","24576"
"0x7ea99f2e2620","      IADD3 R127, P3, R127, 0x80, RZ","768","24576"
"0x7ea99f2e2630","      IMAD.X R122, RZ, RZ, R122, P1","768","24576"
"0x7ea99f2e2640","      LDGSTS.E.BYPASS.LTC128B.128.ZFILL P0, [R8+0x4000][R18.64]","768","24576"
"0x7ea99f2e2650","      IADD3 R121, P0, R121, 0x80, RZ","768","24576"
"0x7ea99f2e2660","      IMAD.X R124, RZ, RZ, R124, P2","768","24576"
"0x7ea99f2e2670","      LDGDEPBAR","768","24576"
"0x7ea99f2e2680","      IMAD.X R126, RZ, RZ, R126, P3","768","24576"
"0x7ea99f2e2690","      IMAD.X R120, RZ, RZ, R120, P0","768","24576"
"0x7ea99f2e26a0","@!P4  BRA 0x7ea99f2e4900","768","0"
"0x7ea99f2e26b0","      LOP3.LUT R3, R5, 0x4, RZ, 0xc0, !PT","768","24576"
"0x7ea99f2e26c0","      IMAD.IADD R9, R5, 0x1, R0","768","24576"
"0x7ea99f2e26d0","      LOP3.LUT R0, R6, 0x4, RZ, 0xfc, !PT","768","24576"
"0x7ea99f2e26e0","      IMAD.SHL.U32 R4, R4, 0x20, RZ","768","24576"
"0x7ea99f2e26f0","      LOP3.LUT R7, R2, 0x8, R3, 0x1e, !PT","768","24576"
"0x7ea99f2e2700","      CS2R R128, SRZ","768","24576"
"0x7ea99f2e2710","      LOP3.LUT R109, R2, 0x10, R3, 0x1e, !PT","768","24576"
"0x7ea99f2e2720","      IMAD.SHL.U32 R0, R0, 0x80, RZ","768","24576"
"0x7ea99f2e2730","      LOP3.LUT R3, R2, 0x18, R3, 0x1e, !PT","768","24576"
"0x7ea99f2e2740","      LOP3.LUT R111, R2, 0x4, R5, 0x78, !PT","768","24576"
"0x7ea99f2e2750","      IMAD.SHL.U32 R2, R6, 0x80, RZ","768","24576"
"0x7ea99f2e2760","      LOP3.LUT R5, R5, 0x3, RZ, 0xc0, !PT","768","24576"
"0x7ea99f2e2770","      IMAD.SHL.U32 R6, R6, 0x8, RZ","768","24576"
"0x7ea99f2e2780","      LOP3.LUT R108, R3, R4, RZ, 0xfc, !PT","768","24576"
"0x7ea99f2e2790","      LOP3.LUT R110, R7, R4, RZ, 0xfc, !PT","768","24576"
"0x7ea99f2e27a0","      LOP3.LUT R3, R2, 0xffffff80, R5, 0xe2, !PT","768","24576"
"0x7ea99f2e27b0","      LOP3.LUT R2, R0, 0xffffff80, R5, 0xe2, !PT","768","24576"
"0x7ea99f2e27c0","      IADD3 R11, R9, 0x18, RZ","768","24576"
"0x7ea99f2e27d0","      IADD3 R7, R9, 0x10, RZ","768","24576"
"0x7ea99f2e27e0","      IADD3 R5, R9, 0x8, RZ","768","24576"
"0x7ea99f2e27f0","      LOP3.LUT R9, R6, 0x64, R9, 0xf8, !PT","768","24576"
"0x7ea99f2e2800","      LOP3.LUT R11, R6, 0x7c, R11, 0x78, !PT","768","24576"
"0x7ea99f2e2810","      LOP3.LUT R7, R6, 0x74, R7, 0x78, !PT","768","24576"
"0x7ea99f2e2820","      LOP3.LUT R5, R6, 0x6c, R5, 0x78, !PT","768","24576"
"0x7ea99f2e2830","      LOP3.LUT R111, R111, R4, RZ, 0xfc, !PT","768","24576"
"0x7ea99f2e2840","      LOP3.LUT R109, R109, R4, RZ, 0xfc, !PT","768","24576"
"0x7ea99f2e2850","      LOP3.LUT R4, R3, R9, RZ, 0xfc, !PT","768","24576"
"0x7ea99f2e2860","      LOP3.LUT R106, R3, R11, RZ, 0xfc, !PT","768","24576"
"0x7ea99f2e2870","      LOP3.LUT R104, R3, R7, RZ, 0xfc, !PT","768","24576"
"0x7ea99f2e2880","      LOP3.LUT R3, R3, R5, RZ, 0xfc, !PT","768","24576"
"0x7ea99f2e2890","      LOP3.LUT R107, R2, R11, RZ, 0xfc, !PT","768","24576"
"0x7ea99f2e28a0","      LOP3.LUT R105, R2, R7, RZ, 0xfc, !PT","768","24576"
"0x7ea99f2e28b0","      LOP3.LUT R5, R2, R5, RZ, 0xfc, !PT","768","24576"
"0x7ea99f2e28c0","      LOP3.LUT R2, R2, R9, RZ, 0xfc, !PT","768","24576"
"0x7ea99f2e28d0","      DEPBAR.LE SB0, 0x1","55296","1769472"
"0x7ea99f2e28e0","      IMAD.SHL.U32 R0, R129, 0x4000, RZ","55296","1769472"
"0x7ea99f2e28f0","      IADD3 R8, R128, 0x2, RZ","55296","1769472"
"0x7ea99f2e2900","      IMAD R138, R129, 0x1000, R4","55296","1769472"
"0x7ea99f2e2910","      BAR.SYNC.DEFER_BLOCKING 0x0","55296","1769472"
"0x7ea99f2e2920","      IMAD R16, R111, 0x4, R0","55296","1769472"
"0x7ea99f2e2930","      ISETP.GE.U32.AND P1, PT, R8, R131, PT","55296","1769472"
"0x7ea99f2e2940","      IMAD R137, R129, 0x1000, R2","55296","1769472"
"0x7ea99f2e2950","      ISETP.NE.AND P3, PT, R129, RZ, PT","55296","1769472"
"0x7ea99f2e2960","      IMAD R136, R129, 0x1000, R3","55296","1769472"
"0x7ea99f2e2970","      IADD3 R0, R0, -0x4000, RZ","55296","1769472"
"0x7ea99f2e2980","      IMAD R134, R129, 0x1000, R5","55296","1769472"
"0x7ea99f2e2990","      IMAD R132, R129, 0x1000, R104","55296","1769472"
"0x7ea99f2e29a0","      SEL R0, R0, 0x8000, P3","55296","1769472"
"0x7ea99f2e29b0","      IMAD R130, R129, 0x1000, R105","55296","1769472"
"0x7ea99f2e29c0","      IMAD R139, R129, 0x1000, R106","55296","1769472"
"0x7ea99f2e29d0","      IMAD R133, R129, 0x1000, R107","55296","1769472"
"0x7ea99f2e29e0","      IMAD.MOV.U32 R135, RZ, RZ, 0x1000","55296","1769472"
"0x7ea99f2e29f0","      LDSM.16.M88.4 R24, [R16]","55296","1769472"
"0x7ea99f2e2a00","      LDS R18, [R138.X4+0xc000]","55296","1769472"
"0x7ea99f2e2a10","      LDS R19, [R137.X4+0xc000]","55296","1769472"
"0x7ea99f2e2a20","      LDS R102, [R136.X4+0xc000]","55296","1769472"
"0x7ea99f2e2a30","      LDS R103, [R134.X4+0xc000]","55296","1769472"
"0x7ea99f2e2a40","      LDS R100, [R132.X4+0xc000]","55296","1769472"
"0x7ea99f2e2a50","      LDS R101, [R130.X4+0xc000]","55296","1769472"
"0x7ea99f2e2a60","      LDS R6, [R139.X4+0xc000]","55296","1769472"
"0x7ea99f2e2a70","      LDS R7, [R133.X4+0xc000]","55296","1769472"
"0x7ea99f2e2a80","      LDSM.16.M88.4 R12, [R16+0x800]","55296","1769472"
"0x7ea99f2e2a90","      FSETP.GEU.AND P4, PT, |R24|, +INF , PT","55296","1769472"
"0x7ea99f2e2aa0","      LDSM.16.M88.4 R88, [R16+0x1000]","55296","1769472"
"0x7ea99f2e2ab0","      FSETP.GEU.AND P5, PT, |R25|, +INF , PT","55296","1769472"
"0x7ea99f2e2ac0","      FSETP.GEU.AND P0, PT, |R18|, +INF , PT","55296","1769472"
"0x7ea99f2e2ad0","      LDSM.16.M88.4 R8, [R16+0x1800]","55296","1769472"
"0x7ea99f2e2ae0","      FSETP.GEU.AND P6, PT, |R19|, +INF , PT","55296","1769472"
"0x7ea99f2e2af0","      FSETP.GEU.AND P2, PT, |R102|, +INF , PT","55296","1769472"
"0x7ea99f2e2b00","@!P4  IMAD.IADD.U32 R24, R24, 0x1, R135","55296","1769472"
"0x7ea99f2e2b10","      FSETP.GEU.AND P4, PT, |R26|, +INF , PT","55296","1769472"
"0x7ea99f2e2b20","@!P5  IMAD.IADD.U32 R25, R25, 0x1, R135","55296","1769472"
"0x7ea99f2e2b30","      FSETP.GEU.AND P5, PT, |R27|, +INF , PT","55296","1769472"
"0x7ea99f2e2b40","@!P0  IMAD.IADD.U32 R18, R18, 0x1, R135","55296","1769472"
"0x7ea99f2e2b50","      FSETP.GEU.AND P0, PT, |R103|, +INF , PT","55296","1769472"
"0x7ea99f2e2b60","@!P6  IMAD.IADD.U32 R19, R19, 0x1, R135","55296","1769472"
"0x7ea99f2e2b70","      FSETP.GEU.AND P6, PT, |R100|, +INF , PT","55296","1769472"
"0x7ea99f2e2b80","@!P2  IMAD.IADD.U32 R102, R102, 0x1, R135","55296","1769472"
"0x7ea99f2e2b90","      FSETP.GEU.AND P2, PT, |R101|, +INF , PT","55296","1769472"
"0x7ea99f2e2ba0","@!P4  IMAD.IADD.U32 R26, R26, 0x1, R135","55296","1769472"
"0x7ea99f2e2bb0","@!P5  IMAD.IADD.U32 R27, R27, 0x1, R135","55296","1769472"
"0x7ea99f2e2bc0","@P1   BRA 0x7ea99f2e2e60","55296","49152"
"0x7ea99f2e2bd0","      S2R R58, SR_TID.X","53760","1720320"
"0x7ea99f2e2be0","      LEA R28, R128, 0x40, 0x5","53760","1720320"
"0x7ea99f2e2bf0","      IMAD.SHL.U32 R29, R58, 0x4, RZ","53760","1720320"
"0x7ea99f2e2c00","      SHF.R.S32.HI R31, RZ, 0x3, R58","53760","1720320"
"0x7ea99f2e2c10","      SHF.R.S32.HI R17, RZ, 0x5, R58","53760","1720320"
"0x7ea99f2e2c20","      LOP3.LUT R16, R29, 0x1c, RZ, 0xc0, !PT","53760","1720320"
"0x7ea99f2e2c30","      IMAD.IADD R30, R118, 0x1, R31","53760","1720320"
"0x7ea99f2e2c40","      IADD3 R16, -R16, c[0x0][0x18c], -R28","53760","1720320"
"0x7ea99f2e2c50","      IMAD.IADD R28, R17, 0x1, R28","53760","1720320"
"0x7ea99f2e2c60","      ISETP.GE.AND P3, PT, R30, c[0x0][0x188], PT","53760","1720320"
"0x7ea99f2e2c70","      IMNMX R16, R16, 0x4, PT","53760","1720320"
"0x7ea99f2e2c80","      IMNMX R16, RZ, R16, !PT","53760","1720320"
"0x7ea99f2e2c90","      IMAD.SHL.U32 R30, R16, 0x4, RZ","53760","1720320"
"0x7ea99f2e2ca0","      IMAD.SHL.U32 R16, R17, 0x8, RZ","53760","1720320"
"0x7ea99f2e2cb0","      SEL R56, R30, RZ, !P3","53760","1720320"
"0x7ea99f2e2cc0","      ISETP.GE.AND P3, PT, R28, c[0x0][0x18c], PT","53760","1720320"
"0x7ea99f2e2cd0","      LOP3.LUT R28, R58, R31, RZ, 0x3c, !PT","53760","1720320"
"0x7ea99f2e2ce0","      IADD3 R57, -R56, 0x10, RZ","53760","1720320"
"0x7ea99f2e2cf0","      LOP3.LUT R16, R16, 0x18, RZ, 0xc0, !PT","53760","1720320"
"0x7ea99f2e2d00","      IMAD.SHL.U32 R28, R28, 0x4, RZ","53760","1720320"
"0x7ea99f2e2d10","      SEL R150, R112, RZ, !P3","53760","1720320"
"0x7ea99f2e2d20","      LOP3.LUT R58, R57, 0xf, RZ, 0xc0, !PT","53760","1720320"
"0x7ea99f2e2d30","      LOP3.LUT R30, R16, 0x7c, R29, 0x78, !PT","53760","1720320"
"0x7ea99f2e2d40","      IADD3 R29, -R150, 0x10, RZ","53760","1720320"
"0x7ea99f2e2d50","      LOP3.LUT R16, R28, 0x1c, RZ, 0xc0, !PT","53760","1720320"
"0x7ea99f2e2d60","      IADD3 R28, P5, R58, R121, RZ","53760","1720320"
"0x7ea99f2e2d70","      ISETP.NE.U32.AND P4, PT, R56, RZ, PT","53760","1720320"
"0x7ea99f2e2d80","      IMAD R57, R31, 0x20, R16","53760","1720320"
"0x7ea99f2e2d90","      LOP3.LUT R59, R29, 0xf, RZ, 0xc0, !PT","53760","1720320"
"0x7ea99f2e2da0","      IMAD.X R29, RZ, RZ, R120, P5","53760","1720320"
"0x7ea99f2e2db0","      ISETP.NE.U32.AND P3, PT, R150, RZ, PT","53760","1720320"
"0x7ea99f2e2dc0","      IMAD R31, R17, 0x80, R30","53760","1720320"
"0x7ea99f2e2dd0","      IADD3 R16, P5, R148, R59, RZ","53760","1720320"
"0x7ea99f2e2de0","      IMAD R57, R57, 0x4, R0","53760","1720320"
"0x7ea99f2e2df0","      IMAD R31, R31, 0x4, R0","53760","1720320"
"0x7ea99f2e2e00","      IMAD.X R17, RZ, RZ, R149, P5","53760","1720320"
"0x7ea99f2e2e10","@!PT  LDS RZ, [RZ]","53760","0"
"0x7ea99f2e2e20","@!PT  LDS RZ, [RZ]","53760","0"
"0x7ea99f2e2e30","@!PT  LDS RZ, [RZ]","53760","0"
"0x7ea99f2e2e40","      LDGSTS.E.BYPASS.LTC128B.128.ZFILL P4, [R57][R28.64]","53760","1720320"
"0x7ea99f2e2e50","      LDGSTS.E.BYPASS.LTC128B.128.ZFILL P3, [R31+0xc000][R16.64]","53760","1720320"
"0x7ea99f2e2e60","@!P0  IMAD.IADD.U32 R103, R103, 0x1, R135","55296","1769472"
"0x7ea99f2e2e70","      FSETP.GEU.AND P0, PT, |R6|, +INF , PT","55296","1769472"
"0x7ea99f2e2e80","@!P2  IMAD.IADD.U32 R101, R101, 0x1, R135","55296","1769472"
"0x7ea99f2e2e90","      FSETP.GEU.AND P3, PT, |R7|, +INF , PT","55296","1769472"
"0x7ea99f2e2ea0","@!P6  IMAD.IADD.U32 R100, R100, 0x1, R135","55296","1769472"
"0x7ea99f2e2eb0","      FSETP.GEU.AND P2, PT, |R12|, +INF , PT","55296","1769472"
"0x7ea99f2e2ec0","      IMAD R150, R129, 0x1000, R110","55296","1769472"
"0x7ea99f2e2ed0","      FSETP.GEU.AND P4, PT, |R13|, +INF , PT","55296","1769472"
"0x7ea99f2e2ee0","      HMMA.1688.F32.TF32 R68, R24, R18, R68","55296","1769472"
"0x7ea99f2e2ef0","      FSETP.GEU.AND P5, PT, |R14|, +INF , PT","55296","1769472"
"0x7ea99f2e2f00","      IMAD.SHL.U32 R150, R150, 0x4, RZ","55296","1769472"
"0x7ea99f2e2f10","      FSETP.GEU.AND P6, PT, |R15|, +INF , PT","55296","1769472"
"0x7ea99f2e2f20","      LEA R138, R138, 0xc000, 0x2","55296","1769472"
"0x7ea99f2e2f30","@!P0  IMAD.IADD.U32 R6, R6, 0x1, R135","55296","1769472"
"0x7ea99f2e2f40","      FSETP.GEU.AND P0, PT, |R88|, +INF , PT","55296","1769472"
"0x7ea99f2e2f50","@!P3  IMAD.IADD.U32 R7, R7, 0x1, R135","55296","1769472"
"0x7ea99f2e2f60","      FSETP.GEU.AND P3, PT, |R90|, +INF , PT","55296","1769472"
"0x7ea99f2e2f70","@!P2  IMAD.IADD.U32 R12, R12, 0x1, R135","55296","1769472"
"0x7ea99f2e2f80","      FSETP.GEU.AND P2, PT, |R89|, +INF , PT","55296","1769472"
"0x7ea99f2e2f90","@!P4  IMAD.IADD.U32 R13, R13, 0x1, R135","55296","1769472"
"0x7ea99f2e2fa0","      FSETP.GEU.AND P4, PT, |R91|, +INF , PT","55296","1769472"
"0x7ea99f2e2fb0","      LDSM.16.M88.4 R56, [R150]","55296","1769472"
"0x7ea99f2e2fc0","@!P5  IMAD.IADD.U32 R14, R14, 0x1, R135","55296","1769472"
"0x7ea99f2e2fd0","      LEA R137, R137, 0xc000, 0x2","55296","1769472"
"0x7ea99f2e2fe0","@!P6  IMAD.IADD.U32 R15, R15, 0x1, R135","55296","1769472"
"0x7ea99f2e2ff0","      LEA R136, R136, 0xc000, 0x2","55296","1769472"
"0x7ea99f2e3000","      HMMA.1688.F32.TF32 R64, R24, R102, R64","55296","1769472"
"0x7ea99f2e3010","@!P0  IMAD.IADD.U32 R88, R88, 0x1, R135","55296","1769472"
"0x7ea99f2e3020","      FSETP.GEU.AND P0, PT, |R8|, +INF , PT","55296","1769472"
"0x7ea99f2e3030","@!P3  IMAD.IADD.U32 R90, R90, 0x1, R135","55296","1769472"
"0x7ea99f2e3040","      FSETP.GEU.AND P3, PT, |R10|, +INF , PT","55296","1769472"
"0x7ea99f2e3050","@!P2  IMAD.IADD.U32 R89, R89, 0x1, R135","55296","1769472"
"0x7ea99f2e3060","      FSETP.GEU.AND P2, PT, |R9|, +INF , PT","55296","1769472"
"0x7ea99f2e3070","@!P4  IMAD.IADD.U32 R91, R91, 0x1, R135","55296","1769472"
"0x7ea99f2e3080","      FSETP.GEU.AND P4, PT, |R11|, +INF , PT","55296","1769472"
"0x7ea99f2e3090","      HMMA.1688.F32.TF32 R48, R12, R18, R48","55296","1769472"
"0x7ea99f2e30a0","      LEA R134, R134, 0xc000, 0x2","55296","1769472"
"0x7ea99f2e30b0","      LEA R132, R132, 0xc000, 0x2","55296","1769472"
"0x7ea99f2e30c0","      LEA R130, R130, 0xc000, 0x2","55296","1769472"
"0x7ea99f2e30d0","@!P0  IMAD.IADD.U32 R8, R8, 0x1, R135","55296","1769472"
"0x7ea99f2e30e0","      LEA R133, R133, 0xc000, 0x2","55296","1769472"
"0x7ea99f2e30f0","      HMMA.1688.F32.TF32 R44, R12, R102, R44","55296","1769472"
"0x7ea99f2e3100","@!P3  IMAD.IADD.U32 R10, R10, 0x1, R135","55296","1769472"
"0x7ea99f2e3110","      LDS R16, [R132+0x1000]","55296","1769472"
"0x7ea99f2e3120","@!P2  IMAD.IADD.U32 R9, R9, 0x1, R135","55296","1769472"
"0x7ea99f2e3130","@!P4  IMAD.IADD.U32 R11, R11, 0x1, R135","55296","1769472"
"0x7ea99f2e3140","      LEA R135, R139, 0xc000, 0x2","55296","1769472"
"0x7ea99f2e3150","      LDS R17, [R130+0x1000]","55296","1769472"
"0x7ea99f2e3160","      HMMA.1688.F32.TF32 R40, R12, R100, R40","55296","1769472"
"0x7ea99f2e3170","      HMMA.1688.F32.TF32 R36, R12, R6, R36","55296","1769472"
"0x7ea99f2e3180","      LDS R12, [R138+0x1000]","55296","1769472"
"0x7ea99f2e3190","      FSETP.GEU.AND P5, PT, |R56|, +INF , PT","55296","1769472"
"0x7ea99f2e31a0","      FSETP.GEU.AND P0, PT, |R57|, +INF , PT","55296","1769472"
"0x7ea99f2e31b0","      LDS R13, [R137+0x1000]","55296","1769472"
"0x7ea99f2e31c0","      FSETP.GEU.AND P3, PT, |R58|, +INF , PT","55296","1769472"
"0x7ea99f2e31d0","      HMMA.1688.F32.TF32 R32, R88, R18, R32","55296","1769472"
"0x7ea99f2e31e0","      LDS R14, [R136+0x1000]","55296","1769472"
"0x7ea99f2e31f0","      LDS R15, [R134+0x1000]","55296","1769472"
"0x7ea99f2e3200","      HMMA.1688.F32.TF32 R72, R8, R18, R72","55296","1769472"
"0x7ea99f2e3210","      LDS R18, [R135+0x1000]","55296","1769472"
"0x7ea99f2e3220","      LDS R19, [R133+0x1000]","55296","1769472"
"0x7ea99f2e3230","      HMMA.1688.F32.TF32 R28, R88, R102, R92","55296","1769472"
"0x7ea99f2e3240","      LDSM.16.M88.4 R92, [R150+0x1000]","55296","1769472"
"0x7ea99f2e3250","      HMMA.1688.F32.TF32 R76, R8, R102, R76","55296","1769472"
"0x7ea99f2e3260","      IMAD.MOV.U32 R102, RZ, RZ, 0x1000","55296","1769472"
"0x7ea99f2e3270","      HMMA.1688.F32.TF32 R60, R24, R100, R60","55296","1769472"
"0x7ea99f2e3280","      FSETP.GEU.AND P6, PT, |R12|, +INF , PT","55296","1769472"
"0x7ea99f2e3290","@!P5  IMAD.IADD.U32 R56, R56, 0x1, R102","55296","1769472"
"0x7ea99f2e32a0","      FSETP.GEU.AND P5, PT, |R59|, +INF , PT","55296","1769472"
"0x7ea99f2e32b0","@!P0  IMAD.IADD.U32 R57, R57, 0x1, R102","55296","1769472"
"0x7ea99f2e32c0","      FSETP.GEU.AND P2, PT, |R13|, +INF , PT","55296","1769472"
"0x7ea99f2e32d0","@!P3  IMAD.IADD.U32 R58, R58, 0x1, R102","55296","1769472"
"0x7ea99f2e32e0","      HMMA.1688.F32.TF32 R52, R24, R6, R52","55296","1769472"
"0x7ea99f2e32f0","      FSETP.GEU.AND P4, PT, |R14|, +INF , PT","55296","1769472"
"0x7ea99f2e3300","      FSETP.GEU.AND P0, PT, |R15|, +INF , PT","55296","1769472"
"0x7ea99f2e3310","@!P6  IMAD.IADD.U32 R12, R12, 0x1, R102","55296","1769472"
"0x7ea99f2e3320","      FSETP.GEU.AND P6, PT, |R16|, +INF , PT","55296","1769472"
"0x7ea99f2e3330","      HMMA.1688.F32.TF32 R24, R88, R100, R96","55296","1769472"
"0x7ea99f2e3340","      LDSM.16.M88.4 R96, [R150+0x800]","55296","1769472"
"0x7ea99f2e3350","@!P5  IMAD.IADD.U32 R59, R59, 0x1, R102","55296","1769472"
"0x7ea99f2e3360","@!P2  IMAD.IADD.U32 R13, R13, 0x1, R102","55296","1769472"
"0x7ea99f2e3370","      FSETP.GEU.AND P2, PT, |R17|, +INF , PT","55296","1769472"
"0x7ea99f2e3380","@!P4  IMAD.IADD.U32 R14, R14, 0x1, R102","55296","1769472"
"0x7ea99f2e3390","      HMMA.1688.F32.TF32 R20, R88, R6, R20","55296","1769472"
"0x7ea99f2e33a0","      LDSM.16.M88.4 R88, [R150+0x1800]","55296","1769472"
"0x7ea99f2e33b0","      HMMA.1688.F32.TF32 R80, R8, R100, R80","55296","1769472"
"0x7ea99f2e33c0","      HMMA.1688.F32.TF32 R84, R8, R6, R84","55296","1769472"
"0x7ea99f2e33d0","@P1   BRA 0x7ea99f2e35f0","55296","49152"
"0x7ea99f2e33e0","      S2R R6, SR_TID.X","53760","1720320"
"0x7ea99f2e33f0","      LEA R9, R128, 0x40, 0x5","53760","1720320"
"0x7ea99f2e3400","      IMAD.IADD R11, R119, 0x1, R0","53760","1720320"
"0x7ea99f2e3410","      IMAD.IADD R101, R117, 0x1, R0","53760","1720320"
"0x7ea99f2e3420","      IMAD.SHL.U32 R7, R6, 0x4, RZ","53760","1720320"
"0x7ea99f2e3430","      LOP3.LUT R8, R7, 0x1c, RZ, 0xc0, !PT","53760","1720320"
"0x7ea99f2e3440","      IADD3 R7, R6, 0x100, RZ","53760","1720320"
"0x7ea99f2e3450","      IADD3 R8, -R8, c[0x0][0x18c], -R9","53760","1720320"
"0x7ea99f2e3460","      LEA.HI.SX32 R7, R7, R118, 0x1d","53760","1720320"
"0x7ea99f2e3470","      IMNMX R8, R8, 0x4, PT","53760","1720320"
"0x7ea99f2e3480","      LEA.HI.SX32 R6, R6, R9, 0x1b","53760","1720320"
"0x7ea99f2e3490","      IMNMX R8, RZ, R8, !PT","53760","1720320"
"0x7ea99f2e34a0","      ISETP.GE.AND P3, PT, R7, c[0x0][0x188], PT","53760","1720320"
"0x7ea99f2e34b0","      IADD3 R7, R6, 0x8, RZ","53760","1720320"
"0x7ea99f2e34c0","      IMAD.SHL.U32 R8, R8, 0x4, RZ","53760","1720320"
"0x7ea99f2e34d0","      SEL R6, R8, RZ, !P3","53760","1720320"
"0x7ea99f2e34e0","      ISETP.GE.AND P3, PT, R7, c[0x0][0x18c], PT","53760","1720320"
"0x7ea99f2e34f0","      IADD3 R7, -R6, 0x10, RZ","53760","1720320"
"0x7ea99f2e3500","      SEL R9, R112, RZ, !P3","53760","1720320"
"0x7ea99f2e3510","      LOP3.LUT R8, R7, 0xf, RZ, 0xc0, !PT","53760","1720320"
"0x7ea99f2e3520","      IADD3 R7, -R9, 0x10, RZ","53760","1720320"
"0x7ea99f2e3530","      IADD3 R8, P5, R8, R123, RZ","53760","1720320"
"0x7ea99f2e3540","      ISETP.NE.U32.AND P4, PT, R6, RZ, PT","53760","1720320"
"0x7ea99f2e3550","      LOP3.LUT R7, R7, 0xf, RZ, 0xc0, !PT","53760","1720320"
"0x7ea99f2e3560","      ISETP.NE.U32.AND P3, PT, R9, RZ, PT","53760","1720320"
"0x7ea99f2e3570","      IMAD.X R9, RZ, RZ, R122, P5","53760","1720320"
"0x7ea99f2e3580","      IADD3 R6, P5, R146, R7, RZ","53760","1720320"
"0x7ea99f2e3590","      IMAD.X R7, RZ, RZ, R147, P5","53760","1720320"
"0x7ea99f2e35a0","@!PT  LDS RZ, [RZ]","53760","0"
"0x7ea99f2e35b0","@!PT  LDS RZ, [RZ]","53760","0"
"0x7ea99f2e35c0","@!PT  LDS RZ, [RZ]","53760","0"
"0x7ea99f2e35d0","      LDGSTS.E.BYPASS.LTC128B.128.ZFILL P4, [R11][R8.64]","53760","1720320"
"0x7ea99f2e35e0","      LDGSTS.E.BYPASS.LTC128B.128.ZFILL P3, [R101][R6.64]","53760","1720320"
"0x7ea99f2e35f0","@!P0  IMAD.IADD.U32 R15, R15, 0x1, R102","55296","1769472"
"0x7ea99f2e3600","      FSETP.GEU.AND P0, PT, |R18|, +INF , PT","55296","1769472"
"0x7ea99f2e3610","@!P6  IMAD.IADD.U32 R16, R16, 0x1, R102","55296","1769472"
"0x7ea99f2e3620","      FSETP.GEU.AND P3, PT, |R19|, +INF , PT","55296","1769472"
"0x7ea99f2e3630","@!P2  IMAD.IADD.U32 R17, R17, 0x1, R102","55296","1769472"
"0x7ea99f2e3640","      FSETP.GEU.AND P2, PT, |R96|, +INF , PT","55296","1769472"
"0x7ea99f2e3650","      IMAD R6, R129, 0x1000, R109","55296","1769472"
"0x7ea99f2e3660","      FSETP.GEU.AND P4, PT, |R97|, +INF , PT","55296","1769472"
"0x7ea99f2e3670","      HMMA.1688.F32.TF32 R68, R56, R12, R68","55296","1769472"
"0x7ea99f2e3680","      FSETP.GEU.AND P5, PT, |R98|, +INF , PT","55296","1769472"
"0x7ea99f2e3690","      LDS R10, [R138+0x2000]","55296","1769472"
"0x7ea99f2e36a0","      FSETP.GEU.AND P6, PT, |R99|, +INF , PT","55296","1769472"
"0x7ea99f2e36b0","      IMAD.MOV.U32 R100, RZ, RZ, 0x1000","55296","1769472"
"0x7ea99f2e36c0","@!P0  IMAD.IADD.U32 R18, R18, 0x1, R102","55296","1769472"
"0x7ea99f2e36d0","      FSETP.GEU.AND P0, PT, |R92|, +INF , PT","55296","1769472"
"0x7ea99f2e36e0","@!P3  IMAD.IADD.U32 R19, R19, 0x1, R102","55296","1769472"
"0x7ea99f2e36f0","      FSETP.GEU.AND P3, PT, |R94|, +INF , PT","55296","1769472"
"0x7ea99f2e3700","@!P2  IMAD.IADD.U32 R96, R96, 0x1, R102","55296","1769472"
"0x7ea99f2e3710","      FSETP.GEU.AND P2, PT, |R93|, +INF , PT","55296","1769472"
"0x7ea99f2e3720","@!P4  IMAD.IADD.U32 R97, R97, 0x1, R102","55296","1769472"
"0x7ea99f2e3730","      FSETP.GEU.AND P4, PT, |R95|, +INF , PT","55296","1769472"
"0x7ea99f2e3740","@!P5  IMAD.IADD.U32 R98, R98, 0x1, R102","55296","1769472"
"0x7ea99f2e3750","      HMMA.1688.F32.TF32 R64, R56, R14, R64","55296","1769472"
"0x7ea99f2e3760","@!P6  IMAD.IADD.U32 R99, R99, 0x1, R102","55296","1769472"
"0x7ea99f2e3770","      LDS R11, [R137+0x2000]","55296","1769472"
"0x7ea99f2e3780","@!P0  IMAD.IADD.U32 R92, R92, 0x1, R102","55296","1769472"
"0x7ea99f2e3790","      FSETP.GEU.AND P0, PT, |R88|, +INF , PT","55296","1769472"
"0x7ea99f2e37a0","@!P3  IMAD.IADD.U32 R94, R94, 0x1, R102","55296","1769472"
"0x7ea99f2e37b0","      HMMA.1688.F32.TF32 R48, R96, R12, R48","55296","1769472"
"0x7ea99f2e37c0","@!P2  IMAD.IADD.U32 R93, R93, 0x1, R102","55296","1769472"
"0x7ea99f2e37d0","      FSETP.GEU.AND P2, PT, |R89|, +INF , PT","55296","1769472"
"0x7ea99f2e37e0","@!P4  IMAD.IADD.U32 R95, R95, 0x1, R102","55296","1769472"
"0x7ea99f2e37f0","      FSETP.GEU.AND P3, PT, |R90|, +INF , PT","55296","1769472"
"0x7ea99f2e3800","      LDS R7, [R134+0x2000]","55296","1769472"
"0x7ea99f2e3810","      FSETP.GEU.AND P4, PT, |R91|, +INF , PT","55296","1769472"
"0x7ea99f2e3820","      HMMA.1688.F32.TF32 R44, R96, R14, R44","55296","1769472"
"0x7ea99f2e3830","      LDS R8, [R132+0x2000]","55296","1769472"
"0x7ea99f2e3840","@!P0  IMAD.IADD.U32 R88, R88, 0x1, R102","55296","1769472"
"0x7ea99f2e3850","      LDS R9, [R130+0x2000]","55296","1769472"
"0x7ea99f2e3860","@!P2  IMAD.IADD.U32 R89, R89, 0x1, R102","55296","1769472"
"0x7ea99f2e3870","      HMMA.1688.F32.TF32 R40, R96, R16, R40","55296","1769472"
"0x7ea99f2e3880","@!P3  IMAD.IADD.U32 R90, R90, 0x1, R102","55296","1769472"
"0x7ea99f2e3890","@!P4  IMAD.IADD.U32 R91, R91, 0x1, R102","55296","1769472"
"0x7ea99f2e38a0","      FSETP.GEU.AND P6, PT, |R10|, +INF , PT","55296","1769472"
"0x7ea99f2e38b0","      HMMA.1688.F32.TF32 R36, R96, R18, R36","55296","1769472"
"0x7ea99f2e38c0","      IMAD.SHL.U32 R96, R6, 0x4, RZ","55296","1769472"
"0x7ea99f2e38d0","      HMMA.1688.F32.TF32 R60, R56, R16, R60","55296","1769472"
"0x7ea99f2e38e0","      LDS R6, [R136+0x2000]","55296","1769472"
"0x7ea99f2e38f0","      FSETP.GEU.AND P2, PT, |R11|, +INF , PT","55296","1769472"
"0x7ea99f2e3900","@!P6  IMAD.IADD.U32 R10, R10, 0x1, R100","55296","1769472"
"0x7ea99f2e3910","      HMMA.1688.F32.TF32 R52, R56, R18, R52","55296","1769472"
"0x7ea99f2e3920","      LDSM.16.M88.4 R56, [R96]","55296","1769472"
"0x7ea99f2e3930","@!P2  IMAD.IADD.U32 R11, R11, 0x1, R100","55296","1769472"
"0x7ea99f2e3940","      HMMA.1688.F32.TF32 R32, R92, R12, R32","55296","1769472"
"0x7ea99f2e3950","      FSETP.GEU.AND P6, PT, |R8|, +INF , PT","55296","1769472"
"0x7ea99f2e3960","      FSETP.GEU.AND P2, PT, |R9|, +INF , PT","55296","1769472"
"0x7ea99f2e3970","      HMMA.1688.F32.TF32 R72, R88, R12, R72","55296","1769472"
"0x7ea99f2e3980","      LDS R12, [R135+0x2000]","55296","1769472"
"0x7ea99f2e3990","      LDS R13, [R133+0x2000]","55296","1769472"
"0x7ea99f2e39a0","      HMMA.1688.F32.TF32 R28, R92, R14, R28","55296","1769472"
"0x7ea99f2e39b0","      HMMA.1688.F32.TF32 R24, R92, R16, R24","55296","1769472"
"0x7ea99f2e39c0","      FSETP.GEU.AND P4, PT, |R6|, +INF , PT","55296","1769472"
"0x7ea99f2e39d0","      HMMA.1688.F32.TF32 R20, R92, R18, R20","55296","1769472"
"0x7ea99f2e39e0","      FSETP.GEU.AND P5, PT, |R56|, +INF , PT","55296","1769472"
"0x7ea99f2e39f0","      LDSM.16.M88.4 R92, [R96+0x800]","55296","1769472"
"0x7ea99f2e3a00","      FSETP.GEU.AND P0, PT, |R57|, +INF , PT","55296","1769472"
"0x7ea99f2e3a10","      FSETP.GEU.AND P3, PT, |R58|, +INF , PT","55296","1769472"
"0x7ea99f2e3a20","@!P4  IMAD.IADD.U32 R6, R6, 0x1, R100","55296","1769472"
"0x7ea99f2e3a30","      HMMA.1688.F32.TF32 R76, R88, R14, R76","55296","1769472"
"0x7ea99f2e3a40","@!P5  IMAD.IADD.U32 R56, R56, 0x1, R100","55296","1769472"
"0x7ea99f2e3a50","      FSETP.GEU.AND P5, PT, |R59|, +INF , PT","55296","1769472"
"0x7ea99f2e3a60","      HMMA.1688.F32.TF32 R80, R88, R16, R80","55296","1769472"
"0x7ea99f2e3a70","@!P0  IMAD.IADD.U32 R57, R57, 0x1, R100","55296","1769472"
"0x7ea99f2e3a80","      FSETP.GEU.AND P0, PT, |R7|, +INF , PT","55296","1769472"
"0x7ea99f2e3a90","@!P3  IMAD.IADD.U32 R58, R58, 0x1, R100","55296","1769472"
"0x7ea99f2e3aa0","      HMMA.1688.F32.TF32 R84, R88, R18, R84","55296","1769472"
"0x7ea99f2e3ab0","      LDSM.16.M88.4 R88, [R96+0x1000]","55296","1769472"
"0x7ea99f2e3ac0","@!P5  IMAD.IADD.U32 R59, R59, 0x1, R100","55296","1769472"
"0x7ea99f2e3ad0","      LDSM.16.M88.4 R16, [R96+0x1800]","55296","1769472"
"0x7ea99f2e3ae0","@P1   BRA 0x7ea99f2e3d00","55296","49152"
"0x7ea99f2e3af0","      S2R R14, SR_TID.X","53760","1720320"
"0x7ea99f2e3b00","      LEA R97, R128, 0x40, 0x5","53760","1720320"
"0x7ea99f2e3b10","      IMAD.IADD R99, R115, 0x1, R0","53760","1720320"
"0x7ea99f2e3b20","      IMAD.IADD R101, R113, 0x1, R0","53760","1720320"
"0x7ea99f2e3b30","      IMAD.SHL.U32 R15, R14, 0x4, RZ","53760","1720320"
"0x7ea99f2e3b40","      LOP3.LUT R96, R15, 0x1c, RZ, 0xc0, !PT","53760","1720320"
"0x7ea99f2e3b50","      IADD3 R15, R14, 0x200, RZ","53760","1720320"
"0x7ea99f2e3b60","      IADD3 R96, -R96, c[0x0][0x18c], -R97","53760","1720320"
"0x7ea99f2e3b70","      LEA.HI.SX32 R15, R15, R118, 0x1d","53760","1720320"
"0x7ea99f2e3b80","      IMNMX R96, R96, 0x4, PT","53760","1720320"
"0x7ea99f2e3b90","      LEA.HI.SX32 R97, R14, R97, 0x1b","53760","1720320"
"0x7ea99f2e3ba0","      IMNMX R96, RZ, R96, !PT","53760","1720320"
"0x7ea99f2e3bb0","      ISETP.GE.AND P3, PT, R15, c[0x0][0x188], PT","53760","1720320"
"0x7ea99f2e3bc0","      IADD3 R15, R97, 0x10, RZ","53760","1720320"
"0x7ea99f2e3bd0","      IMAD.SHL.U32 R14, R96, 0x4, RZ","53760","1720320"
"0x7ea99f2e3be0","      SEL R14, R14, RZ, !P3","53760","1720320"
"0x7ea99f2e3bf0","      ISETP.GE.AND P3, PT, R15, c[0x0][0x18c], PT","53760","1720320"
"0x7ea99f2e3c00","      IADD3 R15, -R14, 0x10, RZ","53760","1720320"
"0x7ea99f2e3c10","      SEL R97, R112, RZ, !P3","53760","1720320"
"0x7ea99f2e3c20","      LOP3.LUT R96, R15, 0xf, RZ, 0xc0, !PT","53760","1720320"
"0x7ea99f2e3c30","      IADD3 R15, -R97, 0x10, RZ","53760","1720320"
"0x7ea99f2e3c40","      IADD3 R96, P5, R96, R125, RZ","53760","1720320"
"0x7ea99f2e3c50","      ISETP.NE.U32.AND P4, PT, R14, RZ, PT","53760","1720320"
"0x7ea99f2e3c60","      LOP3.LUT R15, R15, 0xf, RZ, 0xc0, !PT","53760","1720320"
"0x7ea99f2e3c70","      ISETP.NE.U32.AND P3, PT, R97, RZ, PT","53760","1720320"
"0x7ea99f2e3c80","      IMAD.X R97, RZ, RZ, R124, P5","53760","1720320"
"0x7ea99f2e3c90","      IADD3 R14, P5, R144, R15, RZ","53760","1720320"
"0x7ea99f2e3ca0","      IMAD.X R15, RZ, RZ, R145, P5","53760","1720320"
"0x7ea99f2e3cb0","@!PT  LDS RZ, [RZ]","53760","0"
"0x7ea99f2e3cc0","@!PT  LDS RZ, [RZ]","53760","0"
"0x7ea99f2e3cd0","@!PT  LDS RZ, [RZ]","53760","0"
"0x7ea99f2e3ce0","      LDGSTS.E.BYPASS.LTC128B.128.ZFILL P4, [R99][R96.64]","53760","1720320"
"0x7ea99f2e3cf0","      LDGSTS.E.BYPASS.LTC128B.128.ZFILL P3, [R101][R14.64]","53760","1720320"
"0x7ea99f2e3d00","@!P0  IMAD.IADD.U32 R7, R7, 0x1, R100","55296","1769472"
"0x7ea99f2e3d10","      FSETP.GEU.AND P0, PT, |R12|, +INF , PT","55296","1769472"
"0x7ea99f2e3d20","@!P2  IMAD.IADD.U32 R9, R9, 0x1, R100","55296","1769472"
"0x7ea99f2e3d30","      FSETP.GEU.AND P3, PT, |R13|, +INF , PT","55296","1769472"
"0x7ea99f2e3d40","@!P6  IMAD.IADD.U32 R8, R8, 0x1, R100","55296","1769472"
"0x7ea99f2e3d50","      FSETP.GEU.AND P2, PT, |R92|, +INF , PT","55296","1769472"
"0x7ea99f2e3d60","      IMAD R139, R129, 0x1000, R108","55296","1769472"
"0x7ea99f2e3d70","      FSETP.GEU.AND P4, PT, |R93|, +INF , PT","55296","1769472"
"0x7ea99f2e3d80","      HMMA.1688.F32.TF32 R68, R56, R10, R68","55296","1769472"
"0x7ea99f2e3d90","      FSETP.GEU.AND P5, PT, |R94|, +INF , PT","55296","1769472"
"0x7ea99f2e3da0","      IMAD.SHL.U32 R139, R139, 0x4, RZ","55296","1769472"
"0x7ea99f2e3db0","      FSETP.GEU.AND P6, PT, |R95|, +INF , PT","55296","1769472"
"0x7ea99f2e3dc0","      LDS R14, [R138+0x3000]","55296","1769472"
"0x7ea99f2e3dd0","@!P0  IMAD.IADD.U32 R12, R12, 0x1, R100","55296","1769472"
"0x7ea99f2e3de0","      FSETP.GEU.AND P0, PT, |R88|, +INF , PT","55296","1769472"
"0x7ea99f2e3df0","@!P3  IMAD.IADD.U32 R13, R13, 0x1, R100","55296","1769472"
"0x7ea99f2e3e00","      FSETP.GEU.AND P3, PT, |R90|, +INF , PT","55296","1769472"
"0x7ea99f2e3e10","@!P2  IMAD.IADD.U32 R92, R92, 0x1, R100","55296","1769472"
"0x7ea99f2e3e20","      FSETP.GEU.AND P2, PT, |R89|, +INF , PT","55296","1769472"
"0x7ea99f2e3e30","@!P4  IMAD.IADD.U32 R93, R93, 0x1, R100","55296","1769472"
"0x7ea99f2e3e40","      FSETP.GEU.AND P4, PT, |R91|, +INF , PT","55296","1769472"
"0x7ea99f2e3e50","      HMMA.1688.F32.TF32 R64, R56, R6, R64","55296","1769472"
"0x7ea99f2e3e60","      LDS R15, [R137+0x3000]","55296","1769472"
"0x7ea99f2e3e70","@!P5  IMAD.IADD.U32 R94, R94, 0x1, R100","55296","1769472"
"0x7ea99f2e3e80","@!P6  IMAD.IADD.U32 R95, R95, 0x1, R100","55296","1769472"
"0x7ea99f2e3e90","@!P0  IMAD.IADD.U32 R88, R88, 0x1, R100","55296","1769472"
"0x7ea99f2e3ea0","      FSETP.GEU.AND P0, PT, |R16|, +INF , PT","55296","1769472"
"0x7ea99f2e3eb0","@!P3  IMAD.IADD.U32 R90, R90, 0x1, R100","55296","1769472"
"0x7ea99f2e3ec0","      FSETP.GEU.AND P3, PT, |R18|, +INF , PT","55296","1769472"
"0x7ea99f2e3ed0","@!P2  IMAD.IADD.U32 R89, R89, 0x1, R100","55296","1769472"
"0x7ea99f2e3ee0","      FSETP.GEU.AND P2, PT, |R17|, +INF , PT","55296","1769472"
"0x7ea99f2e3ef0","@!P4  IMAD.IADD.U32 R91, R91, 0x1, R100","55296","1769472"
"0x7ea99f2e3f00","      FSETP.GEU.AND P4, PT, |R19|, +INF , PT","55296","1769472"
"0x7ea99f2e3f10","      HMMA.1688.F32.TF32 R60, R56, R8, R60","55296","1769472"
"0x7ea99f2e3f20","@!P0  IMAD.IADD.U32 R16, R16, 0x1, R100","55296","1769472"
"0x7ea99f2e3f30","      HMMA.1688.F32.TF32 R52, R56, R12, R52","55296","1769472"
"0x7ea99f2e3f40","      LDSM.16.M88.4 R56, [R139]","55296","1769472"
"0x7ea99f2e3f50","@!P2  IMAD.IADD.U32 R17, R17, 0x1, R100","55296","1769472"
"0x7ea99f2e3f60","@!P3  IMAD.IADD.U32 R18, R18, 0x1, R100","55296","1769472"
"0x7ea99f2e3f70","@!P4  IMAD.IADD.U32 R19, R19, 0x1, R100","55296","1769472"
"0x7ea99f2e3f80","      HMMA.1688.F32.TF32 R48, R92, R10, R48","55296","1769472"
"0x7ea99f2e3f90","      FSETP.GEU.AND P3, PT, |R14|, +INF , PT","55296","1769472"
"0x7ea99f2e3fa0","      LDSM.16.M88.4 R100, [R139+0x1000]","55296","1769472"
"0x7ea99f2e3fb0","      HMMA.1688.F32.TF32 R44, R92, R6, R44","55296","1769472"
"0x7ea99f2e3fc0","      FSETP.GEU.AND P5, PT, |R15|, +INF , PT","55296","1769472"
"0x7ea99f2e3fd0","      HMMA.1688.F32.TF32 R40, R92, R8, R40","55296","1769472"
"0x7ea99f2e3fe0","      HMMA.1688.F32.TF32 R36, R92, R12, R36","55296","1769472"
"0x7ea99f2e3ff0","      HMMA.1688.F32.TF32 R92, R88, R6, R28","55296","1769472"
"0x7ea99f2e4000","      LDS R28, [R136+0x3000]","55296","1769472"
"0x7ea99f2e4010","      FSETP.GEU.AND P2, PT, |R56|, +INF , PT","55296","1769472"
"0x7ea99f2e4020","      FSETP.GEU.AND P0, PT, |R57|, +INF , PT","55296","1769472"
"0x7ea99f2e4030","      LDS R29, [R134+0x3000]","55296","1769472"
"0x7ea99f2e4040","      FSETP.GEU.AND P6, PT, |R58|, +INF , PT","55296","1769472"
"0x7ea99f2e4050","      HMMA.1688.F32.TF32 R96, R88, R8, R24","55296","1769472"
"0x7ea99f2e4060","      LDS R24, [R132+0x3000]","55296","1769472"
"0x7ea99f2e4070","      FSETP.GEU.AND P4, PT, |R59|, +INF , PT","55296","1769472"
"0x7ea99f2e4080","      LDS R25, [R130+0x3000]","55296","1769472"
"0x7ea99f2e4090","      HMMA.1688.F32.TF32 R32, R88, R10, R32","55296","1769472"
"0x7ea99f2e40a0","      HMMA.1688.F32.TF32 R72, R16, R10, R72","55296","1769472"
"0x7ea99f2e40b0","      LDS R10, [R135+0x3000]","55296","1769472"
"0x7ea99f2e40c0","      LDS R11, [R133+0x3000]","55296","1769472"
"0x7ea99f2e40d0","      HMMA.1688.F32.TF32 R76, R16, R6, R76","55296","1769472"
"0x7ea99f2e40e0","      IMAD.MOV.U32 R6, RZ, RZ, 0x1000","55296","1769472"
"0x7ea99f2e40f0","      HMMA.1688.F32.TF32 R20, R88, R12, R20","55296","1769472"
"0x7ea99f2e4100","      LDSM.16.M88.4 R88, [R139+0x800]","55296","1769472"
"0x7ea99f2e4110","@!P2  IMAD.IADD.U32 R56, R56, 0x1, R6","55296","1769472"
"0x7ea99f2e4120","      FSETP.GEU.AND P2, PT, |R28|, +INF , PT","55296","1769472"
"0x7ea99f2e4130","@!P0  IMAD.IADD.U32 R57, R57, 0x1, R6","55296","1769472"
"0x7ea99f2e4140","      FSETP.GEU.AND P0, PT, |R29|, +INF , PT","55296","1769472"
"0x7ea99f2e4150","@!P6  IMAD.IADD.U32 R58, R58, 0x1, R6","55296","1769472"
"0x7ea99f2e4160","      HMMA.1688.F32.TF32 R80, R16, R8, R80","55296","1769472"
"0x7ea99f2e4170","@!P3  IMAD.IADD.U32 R14, R14, 0x1, R6","55296","1769472"
"0x7ea99f2e4180","      FSETP.GEU.AND P6, PT, |R24|, +INF , PT","55296","1769472"
"0x7ea99f2e4190","@!P5  IMAD.IADD.U32 R15, R15, 0x1, R6","55296","1769472"
"0x7ea99f2e41a0","      FSETP.GEU.AND P3, PT, |R25|, +INF , PT","55296","1769472"
"0x7ea99f2e41b0","@!P4  IMAD.IADD.U32 R59, R59, 0x1, R6","55296","1769472"
"0x7ea99f2e41c0","      HMMA.1688.F32.TF32 R84, R16, R12, R84","55296","1769472"
"0x7ea99f2e41d0","      LDSM.16.M88.4 R16, [R139+0x1800]","55296","1769472"
"0x7ea99f2e41e0","@P1   BRA 0x7ea99f2e44a0","55296","49152"
"0x7ea99f2e41f0","      S2R R8, SR_TID.X","53760","1720320"
"0x7ea99f2e4200","      LEA R12, R128, 0x40, 0x5","53760","1720320"
"0x7ea99f2e4210","      IMAD.SHL.U32 R31, R8, 0x4, RZ","53760","1720320"
"0x7ea99f2e4220","      IADD3 R7, R8, 0x300, RZ","53760","1720320"
"0x7ea99f2e4230","      LEA.HI.SX32 R26, R8, R12, 0x1b","53760","1720320"
"0x7ea99f2e4240","      LOP3.LUT R9, R31, 0x1c, RZ, 0xc0, !PT","53760","1720320"
"0x7ea99f2e4250","      IADD3 R13, -R9, c[0x0][0x18c], -R12","53760","1720320"
"0x7ea99f2e4260","      SHF.R.S32.HI R9, RZ, 0x3, R7","53760","1720320"
"0x7ea99f2e4270","      IMNMX R13, R13, 0x4, PT","53760","1720320"
"0x7ea99f2e4280","      LOP3.LUT R8, R8, R9, RZ, 0x3c, !PT","53760","1720320"
"0x7ea99f2e4290","      IMAD.IADD R27, R118, 0x1, R9","53760","1720320"
"0x7ea99f2e42a0","      IMNMX R13, RZ, R13, !PT","53760","1720320"
"0x7ea99f2e42b0","      SHF.R.S32.HI R7, RZ, 0x5, R7","53760","1720320"
"0x7ea99f2e42c0","      IMAD.SHL.U32 R8, R8, 0x4, RZ","53760","1720320"
"0x7ea99f2e42d0","      ISETP.GE.AND P4, PT, R27, c[0x0][0x188], PT","53760","1720320"
"0x7ea99f2e42e0","      IMAD.SHL.U32 R12, R13, 0x4, RZ","53760","1720320"
"0x7ea99f2e42f0","      IADD3 R13, R26, 0x18, RZ","53760","1720320"
"0x7ea99f2e4300","      LOP3.LUT R26, R8, 0x1c, RZ, 0xc0, !PT","53760","1720320"
"0x7ea99f2e4310","      IMAD.SHL.U32 R8, R7, 0x8, RZ","53760","1720320"
"0x7ea99f2e4320","      SEL R12, R12, RZ, !P4","53760","1720320"
"0x7ea99f2e4330","      ISETP.GE.AND P5, PT, R13, c[0x0][0x18c], PT","53760","1720320"
"0x7ea99f2e4340","      IMAD R9, R9, 0x20, R26","53760","1720320"
"0x7ea99f2e4350","      IADD3 R13, -R12, 0x10, RZ","53760","1720320"
"0x7ea99f2e4360","      ISETP.NE.U32.AND P4, PT, R12, RZ, PT","53760","1720320"
"0x7ea99f2e4370","      IMAD R27, R9, 0x4, R0","53760","1720320"
"0x7ea99f2e4380","      LOP3.LUT R12, R13, 0xf, RZ, 0xc0, !PT","53760","1720320"
"0x7ea99f2e4390","      SEL R130, R112, RZ, !P5","53760","1720320"
"0x7ea99f2e43a0","      IADD3 R12, P5, R12, R127, RZ","53760","1720320"
"0x7ea99f2e43b0","      LOP3.LUT R8, R8, 0x18, RZ, 0xc0, !PT","53760","1720320"
"0x7ea99f2e43c0","      IADD3 R30, -R130, 0x10, RZ","53760","1720320"
"0x7ea99f2e43d0","      IMAD.X R13, RZ, RZ, R126, P5","53760","1720320"
"0x7ea99f2e43e0","      LOP3.LUT R26, R8, 0x7c, R31, 0x78, !PT","53760","1720320"
"0x7ea99f2e43f0","      LOP3.LUT R9, R30, 0xf, RZ, 0xc0, !PT","53760","1720320"
"0x7ea99f2e4400","      ISETP.NE.U32.AND P5, PT, R130, RZ, PT","53760","1720320"
"0x7ea99f2e4410","@!PT  LDS RZ, [RZ]","53760","0"
"0x7ea99f2e4420","@!PT  LDS RZ, [RZ]","53760","0"
"0x7ea99f2e4430","@!PT  LDS RZ, [RZ]","53760","0"
"0x7ea99f2e4440","      LDGSTS.E.BYPASS.LTC128B.128.ZFILL P4, [R27][R12.64]","53760","1720320"
"0x7ea99f2e4450","      IADD3 R8, P4, R142, R9, RZ","53760","1720320"
"0x7ea99f2e4460","      IMAD R7, R7, 0x80, R26","53760","1720320"
"0x7ea99f2e4470","      IMAD.X R9, RZ, RZ, R143, P4","53760","1720320"
"0x7ea99f2e4480","      IMAD R7, R7, 0x4, R0","53760","1720320"
"0x7ea99f2e4490","      LDGSTS.E.BYPASS.LTC128B.128.ZFILL P5, [R7+0xc000][R8.64]","53760","1720320"
"0x7ea99f2e44a0","@!P2  IMAD.IADD.U32 R28, R28, 0x1, R6","55296","1769472"
"0x7ea99f2e44b0","      FSETP.GEU.AND P2, PT, |R11|, +INF , PT","55296","1769472"
"0x7ea99f2e44c0","@!P0  IMAD.IADD.U32 R29, R29, 0x1, R6","55296","1769472"
"0x7ea99f2e44d0","      FSETP.GEU.AND P0, PT, |R10|, +INF , PT","55296","1769472"
"0x7ea99f2e44e0","@!P3  IMAD.IADD.U32 R25, R25, 0x1, R6","55296","1769472"
"0x7ea99f2e44f0","      FSETP.GEU.AND P3, PT, |R88|, +INF , PT","55296","1769472"
"0x7ea99f2e4500","@!P6  IMAD.IADD.U32 R24, R24, 0x1, R6","55296","1769472"
"0x7ea99f2e4510","      FSETP.GEU.AND P4, PT, |R89|, +INF , PT","55296","1769472"
"0x7ea99f2e4520","      HMMA.1688.F32.TF32 R68, R56, R14, R68","55296","1769472"
"0x7ea99f2e4530","      FSETP.GEU.AND P5, PT, |R90|, +INF , PT","55296","1769472"
"0x7ea99f2e4540","      LDGDEPBAR","55296","1769472"
"0x7ea99f2e4550","      FSETP.GEU.AND P6, PT, |R91|, +INF , PT","55296","1769472"
"0x7ea99f2e4560","@!P2  IMAD.IADD.U32 R11, R11, 0x1, R6","55296","1769472"
"0x7ea99f2e4570","      FSETP.GEU.AND P2, PT, |R101|, +INF , PT","55296","1769472"
"0x7ea99f2e4580","@!P0  IMAD.IADD.U32 R10, R10, 0x1, R6","55296","1769472"
"0x7ea99f2e4590","      FSETP.GEU.AND P0, PT, |R100|, +INF , PT","55296","1769472"
"0x7ea99f2e45a0","@!P3  IMAD.IADD.U32 R88, R88, 0x1, R6","55296","1769472"
"0x7ea99f2e45b0","      FSETP.GEU.AND P3, PT, |R102|, +INF , PT","55296","1769472"
"0x7ea99f2e45c0","@!P4  IMAD.IADD.U32 R89, R89, 0x1, R6","55296","1769472"
"0x7ea99f2e45d0","      FSETP.GEU.AND P4, PT, |R103|, +INF , PT","55296","1769472"
"0x7ea99f2e45e0","@!P5  IMAD.IADD.U32 R90, R90, 0x1, R6","55296","1769472"
"0x7ea99f2e45f0","      HMMA.1688.F32.TF32 R64, R56, R28, R64","55296","1769472"
"0x7ea99f2e4600","@!P6  IMAD.IADD.U32 R91, R91, 0x1, R6","55296","1769472"
"0x7ea99f2e4610","@!P2  IMAD.IADD.U32 R101, R101, 0x1, R6","55296","1769472"
"0x7ea99f2e4620","      FSETP.GEU.AND P2, PT, |R17|, +INF , PT","55296","1769472"
"0x7ea99f2e4630","@!P0  IMAD.IADD.U32 R100, R100, 0x1, R6","55296","1769472"
"0x7ea99f2e4640","      FSETP.GEU.AND P0, PT, |R16|, +INF , PT","55296","1769472"
"0x7ea99f2e4650","@!P3  IMAD.IADD.U32 R102, R102, 0x1, R6","55296","1769472"
"0x7ea99f2e4660","      FSETP.GEU.AND P3, PT, |R18|, +INF , PT","55296","1769472"
"0x7ea99f2e4670","@!P4  IMAD.IADD.U32 R103, R103, 0x1, R6","55296","1769472"
"0x7ea99f2e4680","      FSETP.GEU.AND P4, PT, |R19|, +INF , PT","55296","1769472"
"0x7ea99f2e4690","      HMMA.1688.F32.TF32 R60, R56, R24, R60","55296","1769472"
"0x7ea99f2e46a0","@!P2  IMAD.IADD.U32 R17, R17, 0x1, R6","55296","1769472"
"0x7ea99f2e46b0","@!P0  IMAD.IADD.U32 R16, R16, 0x1, R6","55296","1769472"
"0x7ea99f2e46c0","      HMMA.1688.F32.TF32 R52, R56, R10, R52","55296","1769472"
"0x7ea99f2e46d0","@!P3  IMAD.IADD.U32 R18, R18, 0x1, R6","55296","1769472"
"0x7ea99f2e46e0","@!P4  IMAD.IADD.U32 R19, R19, 0x1, R6","55296","1769472"
"0x7ea99f2e46f0","      HMMA.1688.F32.TF32 R48, R88, R14, R48","55296","1769472"
"0x7ea99f2e4700","      HMMA.1688.F32.TF32 R44, R88, R28, R44","55296","1769472"
"0x7ea99f2e4710","      HMMA.1688.F32.TF32 R40, R88, R24, R40","55296","1769472"
"0x7ea99f2e4720","      HMMA.1688.F32.TF32 R36, R88, R10, R36","55296","1769472"
"0x7ea99f2e4730","      HMMA.1688.F32.TF32 R32, R100, R14, R32","55296","1769472"
"0x7ea99f2e4740","      HMMA.1688.F32.TF32 R92, R100, R28, R92","55296","1769472"
"0x7ea99f2e4750","      HMMA.1688.F32.TF32 R96, R100, R24, R96","55296","1769472"
"0x7ea99f2e4760","      HMMA.1688.F32.TF32 R20, R100, R10, R20","55296","1769472"
"0x7ea99f2e4770","      HMMA.1688.F32.TF32 R72, R16, R14, R72","55296","1769472"
"0x7ea99f2e4780","      HMMA.1688.F32.TF32 R76, R16, R28, R76","55296","1769472"
"0x7ea99f2e4790","      HMMA.1688.F32.TF32 R80, R16, R24, R80","55296","1769472"
"0x7ea99f2e47a0","      HMMA.1688.F32.TF32 R84, R16, R10, R84","55296","1769472"
"0x7ea99f2e47b0","@P1   BRA 0x7ea99f2e4890","55296","49152"
"0x7ea99f2e47c0","      IADD3 R121, P0, R121, 0x80, RZ","53760","1720320"
"0x7ea99f2e47d0","      IMAD.MOV.U32 R7, RZ, RZ, 0x80","53760","1720320"
"0x7ea99f2e47e0","      IADD3 R123, P1, R123, 0x80, RZ","53760","1720320"
"0x7ea99f2e47f0","      IADD3 R125, P2, R125, 0x80, RZ","53760","1720320"
"0x7ea99f2e4800","      IMAD.WIDE R148, R7, c[0x0][0x198], R148","53760","1720320"
"0x7ea99f2e4810","      IADD3 R127, P3, R127, 0x80, RZ","53760","1720320"
"0x7ea99f2e4820","      IMAD.WIDE R146, R7, c[0x0][0x198], R146","53760","1720320"
"0x7ea99f2e4830","      IMAD.WIDE R144, R7, c[0x0][0x198], R144","53760","1720320"
"0x7ea99f2e4840","      IMAD.WIDE R142, R7, c[0x0][0x198], R142","53760","1720320"
"0x7ea99f2e4850","      IMAD.X R120, RZ, RZ, R120, P0","53760","1720320"
"0x7ea99f2e4860","      IMAD.X R122, RZ, RZ, R122, P1","53760","1720320"
"0x7ea99f2e4870","      IMAD.X R124, RZ, RZ, R124, P2","53760","1720320"
"0x7ea99f2e4880","      IMAD.X R126, RZ, RZ, R126, P3","53760","1720320"
"0x7ea99f2e4890","      IADD3 R128, R128, 0x1, RZ","55296","1769472"
"0x7ea99f2e48a0","      IADD3 R129, R129, 0x1, RZ","55296","1769472"
"0x7ea99f2e48b0","      ISETP.GE.U32.AND P1, PT, R128, R131, PT","55296","1769472"
"0x7ea99f2e48c0","      ISETP.NE.AND P0, PT, R129, 0x3, PT","55296","1769472"
"0x7ea99f2e48d0","      SEL R129, R129, RZ, P0","55296","1769472"
"0x7ea99f2e48e0","@P1   CALL.REL.NOINC 0x7ea99f2e4900","55296","24576"
"0x7ea99f2e48f0","      BRA 0x7ea99f2e28d0","54528","1744896"
"0x7ea99f2e4900","      IMAD.MOV.U32 R7, RZ, RZ, c[0x0][0x19c]","768","24576"
"0x7ea99f2e4910","      LEA R0, R116, 0x80, 0x7","768","24576"
"0x7ea99f2e4920","      IMAD.MOV.U32 R2, RZ, RZ, c[0x0][0x160]","768","24576"
"0x7ea99f2e4930","      BAR.SYNC.DEFER_BLOCKING 0x0","768","24576"
"0x7ea99f2e4940","      LOP3.LUT P0, RZ, R7, 0x3, RZ, 0xc0, !PT","768","24576"
"0x7ea99f2e4950","      LOP3.LUT P1, RZ, R2, 0xf, RZ, 0xc0, !PT","768","24576"
"0x7ea99f2e4960","      ISETP.GT.OR P0, PT, R0, c[0x0][0x190], P0","768","24576"
"0x7ea99f2e4970","@!P1  BRA !P0, 0x7ea99f2e9f20","768","24576"
"0x7ea99f2e4980","      IMAD.MOV.U32 R0, RZ, RZ, c[0x0][0x180]","0","0"
"0x7ea99f2e4990","      SHF.R.S32.HI R141, RZ, 0x1f, R140","0","0"
"0x7ea99f2e49a0","      BSSY B0, 0x7ea99f2e5ee0","0","0"
"0x7ea99f2e49b0","      IADD3 R9, R114, 0x8, RZ","0","0"
"0x7ea99f2e49c0","      FSETP.NEU.AND P2, PT, R0, 1, PT","0","0"
"0x7ea99f2e49d0","      IMAD.WIDE R10, R114, c[0x0][0x19c], R140","0","0"
"0x7ea99f2e49e0","      ISETP.GE.AND P0, PT, R114, c[0x0][0x188], PT","0","0"
"0x7ea99f2e49f0","      SHF.R.S32.HI R0, RZ, 0x1f, R7","0","0"
"0x7ea99f2e4a00","      IMAD.WIDE R12, R9, c[0x0][0x19c], R140","0","0"
"0x7ea99f2e4a10","      LEA R4, P1, R10, c[0x0][0x160], 0x2","0","0"
"0x7ea99f2e4a20","      ISETP.LT.AND P5, PT, R140, c[0x0][0x190], !P0","0","0"
"0x7ea99f2e4a30","      LEA R2, P3, R12, c[0x0][0x160], 0x2","0","0"
"0x7ea99f2e4a40","      LEA.HI.X R5, R10, c[0x0][0x164], R11, 0x2, P1","0","0"
"0x7ea99f2e4a50","      LEA.HI.X R3, R12, c[0x0][0x164], R13, 0x2, P3","0","0"
"0x7ea99f2e4a60","@!P2  BRA 0x7ea99f2e54e0","0","0"
"0x7ea99f2e4a70","      BSSY B1, 0x7ea99f2e4b00","0","0"
"0x7ea99f2e4a80","@!P5  BRA 0x7ea99f2e4af0","0","0"
"0x7ea99f2e4a90","      FSETP.NEU.AND P0, PT, RZ, c[0x0][0x184], PT","0","0"
"0x7ea99f2e4aa0","      FMUL R7, R68, c[0x0][0x180]","0","0"
"0x7ea99f2e4ab0","@!P0  BRA 0x7ea99f2e4ae0","0","0"
"0x7ea99f2e4ac0","      LDG.E R6, [R4.64]","0","0"
"0x7ea99f2e4ad0","      FFMA R7, R6, c[0x0][0x184], R7","0","0"
"0x7ea99f2e4ae0","      STG.E [R4.64], R7","0","0"
"0x7ea99f2e4af0","      BSYNC B1","0","0"
"0x7ea99f2e4b00","      ISETP.GE.AND P0, PT, R114, c[0x0][0x188], PT","0","0"
"0x7ea99f2e4b10","      BSSY B1, 0x7ea99f2e4bc0","0","0"
"0x7ea99f2e4b20","      IADD3 R6, R140, 0x1, RZ","0","0"
"0x7ea99f2e4b30","      ISETP.GE.OR P1, PT, R6, c[0x0][0x190], P0","0","0"
"0x7ea99f2e4b40","@P1   BRA 0x7ea99f2e4bb0","0","0"
"0x7ea99f2e4b50","      FSETP.NEU.AND P1, PT, RZ, c[0x0][0x184], PT","0","0"
"0x7ea99f2e4b60","      FMUL R69, R69, c[0x0][0x180]","0","0"
"0x7ea99f2e4b70","@!P1  BRA 0x7ea99f2e4ba0","0","0"
"0x7ea99f2e4b80","      LDG.E R8, [R4.64+0x4]","0","0"
"0x7ea99f2e4b90","      FFMA R69, R8, c[0x0][0x184], R69","0","0"
"0x7ea99f2e4ba0","      STG.E [R4.64+0x4], R69","0","0"
"0x7ea99f2e4bb0","      BSYNC B1","0","0"
"0x7ea99f2e4bc0","      ISETP.GE.AND P1, PT, R9, c[0x0][0x188], PT","0","0"
"0x7ea99f2e4bd0","      BSSY B1, 0x7ea99f2e4c70","0","0"
"0x7ea99f2e4be0","      ISETP.GE.OR P3, PT, R140, c[0x0][0x190], P1","0","0"
"0x7ea99f2e4bf0","@P3   BRA 0x7ea99f2e4c60","0","0"
"0x7ea99f2e4c00","      FSETP.NEU.AND P3, PT, RZ, c[0x0][0x184], PT","0","0"
"0x7ea99f2e4c10","      FMUL R7, R70, c[0x0][0x180]","0","0"
"0x7ea99f2e4c20","@!P3  BRA 0x7ea99f2e4c50","0","0"
"0x7ea99f2e4c30","      LDG.E R8, [R2.64]","0","0"
"0x7ea99f2e4c40","      FFMA R7, R8, c[0x0][0x184], R7","0","0"
"0x7ea99f2e4c50","      STG.E [R2.64], R7","0","0"
"0x7ea99f2e4c60","      BSYNC B1","0","0"
"0x7ea99f2e4c70","      ISETP.GE.OR P3, PT, R6, c[0x0][0x190], P1","0","0"
"0x7ea99f2e4c80","      BSSY B1, 0x7ea99f2e4d10","0","0"
"0x7ea99f2e4c90","@P3   BRA 0x7ea99f2e4d00","0","0"
"0x7ea99f2e4ca0","      FSETP.NEU.AND P3, PT, RZ, c[0x0][0x184], PT","0","0"
"0x7ea99f2e4cb0","      FMUL R71, R71, c[0x0][0x180]","0","0"
"0x7ea99f2e4cc0","@!P3  BRA 0x7ea99f2e4cf0","0","0"
"0x7ea99f2e4cd0","      LDG.E R8, [R2.64+0x4]","0","0"
"0x7ea99f2e4ce0","      FFMA R71, R8, c[0x0][0x184], R71","0","0"
"0x7ea99f2e4cf0","      STG.E [R2.64+0x4], R71","0","0"
"0x7ea99f2e4d00","      BSYNC B1","0","0"
"0x7ea99f2e4d10","      IADD3 R14, R140, 0x8, RZ","0","0"
"0x7ea99f2e4d20","      BSSY B1, 0x7ea99f2e4dc0","0","0"
"0x7ea99f2e4d30","      ISETP.GE.OR P3, PT, R14, c[0x0][0x190], P0","0","0"
"0x7ea99f2e4d40","@P3   BRA 0x7ea99f2e4db0","0","0"
"0x7ea99f2e4d50","      FSETP.NEU.AND P3, PT, RZ, c[0x0][0x184], PT","0","0"
"0x7ea99f2e4d60","      FMUL R7, R64, c[0x0][0x180]","0","0"
"0x7ea99f2e4d70","@!P3  BRA 0x7ea99f2e4da0","0","0"
"0x7ea99f2e4d80","      LDG.E R8, [R4.64+0x20]","0","0"
"0x7ea99f2e4d90","      FFMA R7, R8, c[0x0][0x184], R7","0","0"
"0x7ea99f2e4da0","      STG.E [R4.64+0x20], R7","0","0"
"0x7ea99f2e4db0","      BSYNC B1","0","0"
"0x7ea99f2e4dc0","      IADD3 R7, R140, 0x9, RZ","0","0"
"0x7ea99f2e4dd0","      BSSY B1, 0x7ea99f2e4e70","0","0"
"0x7ea99f2e4de0","      ISETP.GE.OR P3, PT, R7, c[0x0][0x190], P0","0","0"
"0x7ea99f2e4df0","@P3   BRA 0x7ea99f2e4e60","0","0"
"0x7ea99f2e4e00","      FSETP.NEU.AND P3, PT, RZ, c[0x0][0x184], PT","0","0"
"0x7ea99f2e4e10","      FMUL R65, R65, c[0x0][0x180]","0","0"
"0x7ea99f2e4e20","@!P3  BRA 0x7ea99f2e4e50","0","0"
"0x7ea99f2e4e30","      LDG.E R8, [R4.64+0x24]","0","0"
"0x7ea99f2e4e40","      FFMA R65, R8, c[0x0][0x184], R65","0","0"
"0x7ea99f2e4e50","      STG.E [R4.64+0x24], R65","0","0"
"0x7ea99f2e4e60","      BSYNC B1","0","0"
"0x7ea99f2e4e70","      ISETP.GE.OR P3, PT, R14, c[0x0][0x190], P1","0","0"
"0x7ea99f2e4e80","      BSSY B1, 0x7ea99f2e4f10","0","0"
"0x7ea99f2e4e90","@P3   BRA 0x7ea99f2e4f00","0","0"
"0x7ea99f2e4ea0","      FSETP.NEU.AND P3, PT, RZ, c[0x0][0x184], PT","0","0"
"0x7ea99f2e4eb0","      FMUL R9, R66, c[0x0][0x180]","0","0"
"0x7ea99f2e4ec0","@!P3  BRA 0x7ea99f2e4ef0","0","0"
"0x7ea99f2e4ed0","      LDG.E R8, [R2.64+0x20]","0","0"
"0x7ea99f2e4ee0","      FFMA R9, R8, c[0x0][0x184], R9","0","0"
"0x7ea99f2e4ef0","      STG.E [R2.64+0x20], R9","0","0"
"0x7ea99f2e4f00","      BSYNC B1","0","0"
"0x7ea99f2e4f10","      ISETP.GE.OR P3, PT, R7, c[0x0][0x190], P1","0","0"
"0x7ea99f2e4f20","      BSSY B1, 0x7ea99f2e4fb0","0","0"
"0x7ea99f2e4f30","@P3   BRA 0x7ea99f2e4fa0","0","0"
"0x7ea99f2e4f40","      FSETP.NEU.AND P3, PT, RZ, c[0x0][0x184], PT","0","0"
"0x7ea99f2e4f50","      FMUL R67, R67, c[0x0][0x180]","0","0"
"0x7ea99f2e4f60","@!P3  BRA 0x7ea99f2e4f90","0","0"
"0x7ea99f2e4f70","      LDG.E R8, [R2.64+0x24]","0","0"
"0x7ea99f2e4f80","      FFMA R67, R8, c[0x0][0x184], R67","0","0"
"0x7ea99f2e4f90","      STG.E [R2.64+0x24], R67","0","0"
"0x7ea99f2e4fa0","      BSYNC B1","0","0"
"0x7ea99f2e4fb0","      IADD3 R15, R140, 0x10, RZ","0","0"
"0x7ea99f2e4fc0","      BSSY B1, 0x7ea99f2e5060","0","0"
"0x7ea99f2e4fd0","      ISETP.GE.OR P3, PT, R15, c[0x0][0x190], P0","0","0"
"0x7ea99f2e4fe0","@P3   BRA 0x7ea99f2e5050","0","0"
"0x7ea99f2e4ff0","      FSETP.NEU.AND P3, PT, RZ, c[0x0][0x184], PT","0","0"
"0x7ea99f2e5000","      FMUL R9, R60, c[0x0][0x180]","0","0"
"0x7ea99f2e5010","@!P3  BRA 0x7ea99f2e5040","0","0"
"0x7ea99f2e5020","      LDG.E R8, [R4.64+0x40]","0","0"
"0x7ea99f2e5030","      FFMA R9, R8, c[0x0][0x184], R9","0","0"
"0x7ea99f2e5040","      STG.E [R4.64+0x40], R9","0","0"
"0x7ea99f2e5050","      BSYNC B1","0","0"
"0x7ea99f2e5060","      IADD3 R8, R140, 0x11, RZ","0","0"
"0x7ea99f2e5070","      BSSY B1, 0x7ea99f2e5110","0","0"
"0x7ea99f2e5080","      ISETP.GE.OR P3, PT, R8, c[0x0][0x190], P0","0","0"
"0x7ea99f2e5090","@P3   BRA 0x7ea99f2e5100","0","0"
"0x7ea99f2e50a0","      FSETP.NEU.AND P3, PT, RZ, c[0x0][0x184], PT","0","0"
"0x7ea99f2e50b0","      FMUL R61, R61, c[0x0][0x180]","0","0"
"0x7ea99f2e50c0","@!P3  BRA 0x7ea99f2e50f0","0","0"
"0x7ea99f2e50d0","      LDG.E R10, [R4.64+0x44]","0","0"
"0x7ea99f2e50e0","      FFMA R61, R10, c[0x0][0x184], R61","0","0"
"0x7ea99f2e50f0","      STG.E [R4.64+0x44], R61","0","0"
"0x7ea99f2e5100","      BSYNC B1","0","0"
"0x7ea99f2e5110","      ISETP.GE.OR P3, PT, R15, c[0x0][0x190], P1","0","0"
"0x7ea99f2e5120","      BSSY B1, 0x7ea99f2e51b0","0","0"
"0x7ea99f2e5130","@P3   BRA 0x7ea99f2e51a0","0","0"
"0x7ea99f2e5140","      FSETP.NEU.AND P3, PT, RZ, c[0x0][0x184], PT","0","0"
"0x7ea99f2e5150","      FMUL R9, R62, c[0x0][0x180]","0","0"
"0x7ea99f2e5160","@!P3  BRA 0x7ea99f2e5190","0","0"
"0x7ea99f2e5170","      LDG.E R10, [R2.64+0x40]","0","0"
"0x7ea99f2e5180","      FFMA R9, R10, c[0x0][0x184], R9","0","0"
"0x7ea99f2e5190","      STG.E [R2.64+0x40], R9","0","0"
"0x7ea99f2e51a0","      BSYNC B1","0","0"
"0x7ea99f2e51b0","      ISETP.GE.OR P3, PT, R8, c[0x0][0x190], P1","0","0"
"0x7ea99f2e51c0","      BSSY B1, 0x7ea99f2e5250","0","0"
"0x7ea99f2e51d0","@P3   BRA 0x7ea99f2e5240","0","0"
"0x7ea99f2e51e0","      FSETP.NEU.AND P3, PT, RZ, c[0x0][0x184], PT","0","0"
"0x7ea99f2e51f0","      FMUL R63, R63, c[0x0][0x180]","0","0"
"0x7ea99f2e5200","@!P3  BRA 0x7ea99f2e5230","0","0"
"0x7ea99f2e5210","      LDG.E R10, [R2.64+0x44]","0","0"
"0x7ea99f2e5220","      FFMA R63, R10, c[0x0][0x184], R63","0","0"
"0x7ea99f2e5230","      STG.E [R2.64+0x44], R63","0","0"
"0x7ea99f2e5240","      BSYNC B1","0","0"
"0x7ea99f2e5250","      IADD3 R16, R140, 0x18, RZ","0","0"
"0x7ea99f2e5260","      BSSY B1, 0x7ea99f2e5300","0","0"
"0x7ea99f2e5270","      ISETP.GE.OR P3, PT, R16, c[0x0][0x190], P0","0","0"
"0x7ea99f2e5280","@P3   BRA 0x7ea99f2e52f0","0","0"
"0x7ea99f2e5290","      FSETP.NEU.AND P3, PT, RZ, c[0x0][0x184], PT","0","0"
"0x7ea99f2e52a0","      FMUL R9, R52, c[0x0][0x180]","0","0"
"0x7ea99f2e52b0","@!P3  BRA 0x7ea99f2e52e0","0","0"
"0x7ea99f2e52c0","      LDG.E R10, [R4.64+0x60]","0","0"
"0x7ea99f2e52d0","      FFMA R9, R10, c[0x0][0x184], R9","0","0"
"0x7ea99f2e52e0","      STG.E [R4.64+0x60], R9","0","0"
"0x7ea99f2e52f0","      BSYNC B1","0","0"
"0x7ea99f2e5300","      IADD3 R9, R140, 0x19, RZ","0","0"
"0x7ea99f2e5310","      BSSY B1, 0x7ea99f2e53b0","0","0"
"0x7ea99f2e5320","      ISETP.GE.OR P0, PT, R9, c[0x0][0x190], P0","0","0"
"0x7ea99f2e5330","@P0   BRA 0x7ea99f2e53a0","0","0"
"0x7ea99f2e5340","      FSETP.NEU.AND P0, PT, RZ, c[0x0][0x184], PT","0","0"
"0x7ea99f2e5350","      FMUL R53, R53, c[0x0][0x180]","0","0"
"0x7ea99f2e5360","@!P0  BRA 0x7ea99f2e5390","0","0"
"0x7ea99f2e5370","      LDG.E R10, [R4.64+0x64]","0","0"
"0x7ea99f2e5380","      FFMA R53, R10, c[0x0][0x184], R53","0","0"
"0x7ea99f2e5390","      STG.E [R4.64+0x64], R53","0","0"
"0x7ea99f2e53a0","      BSYNC B1","0","0"
"0x7ea99f2e53b0","      ISETP.GE.OR P0, PT, R16, c[0x0][0x190], P1","0","0"
"0x7ea99f2e53c0","      BSSY B1, 0x7ea99f2e5450","0","0"
"0x7ea99f2e53d0","@P0   BRA 0x7ea99f2e5440","0","0"
"0x7ea99f2e53e0","      FSETP.NEU.AND P0, PT, RZ, c[0x0][0x184], PT","0","0"
"0x7ea99f2e53f0","      FMUL R5, R54, c[0x0][0x180]","0","0"
"0x7ea99f2e5400","@!P0  BRA 0x7ea99f2e5430","0","0"
"0x7ea99f2e5410","      LDG.E R4, [R2.64+0x60]","0","0"
"0x7ea99f2e5420","      FFMA R5, R4, c[0x0][0x184], R5","0","0"
"0x7ea99f2e5430","      STG.E [R2.64+0x60], R5","0","0"
"0x7ea99f2e5440","      BSYNC B1","0","0"
"0x7ea99f2e5450","      ISETP.GE.OR P1, PT, R9, c[0x0][0x190], P1","0","0"
"0x7ea99f2e5460","@P1   BRA 0x7ea99f2e5ed0","0","0"
"0x7ea99f2e5470","      FSETP.NEU.AND P0, PT, RZ, c[0x0][0x184], PT","0","0"
"0x7ea99f2e5480","      FMUL R55, R55, c[0x0][0x180]","0","0"
"0x7ea99f2e5490","@!P0  BRA 0x7ea99f2e54c0","0","0"
"0x7ea99f2e54a0","      LDG.E R4, [R2.64+0x64]","0","0"
"0x7ea99f2e54b0","      FFMA R55, R4, c[0x0][0x184], R55","0","0"
"0x7ea99f2e54c0","      STG.E [R2.64+0x64], R55","0","0"
"0x7ea99f2e54d0","      BRA 0x7ea99f2e5ed0","0","0"
"0x7ea99f2e54e0","      FSETP.NEU.AND P4, PT, RZ, c[0x0][0x184], PT","0","0"
"0x7ea99f2e54f0","      BSSY B1, 0x7ea99f2e5770","0","0"
"0x7ea99f2e5500","@P4   BRA 0x7ea99f2e55d0","0","0"
"0x7ea99f2e5510","      IADD3 R6, R140, 0x1, RZ","0","0"
"0x7ea99f2e5520","@P5   STG.E [R4.64], R68","0","0"
"0x7ea99f2e5530","      ISETP.GE.AND P1, PT, R9, c[0x0][0x188], PT","0","0"
"0x7ea99f2e5540","      ISETP.GE.AND P3, PT, R6, c[0x0][0x190], PT","0","0"
"0x7ea99f2e5550","      ISETP.GE.OR P6, PT, R140, c[0x0][0x190], P1","0","0"
"0x7ea99f2e5560","      ISETP.GE.OR P3, PT, R114, c[0x0][0x188], P3","0","0"
"0x7ea99f2e5570","@!P3  STG.E [R4.64+0x4], R69","0","0"
"0x7ea99f2e5580","      ISETP.GE.OR P3, PT, R6, c[0x0][0x190], P1","0","0"
"0x7ea99f2e5590","@!P6  STG.E [R2.64], R70","0","0"
"0x7ea99f2e55a0","@P3   BRA 0x7ea99f2e5760","0","0"
"0x7ea99f2e55b0","      STG.E [R2.64+0x4], R71","0","0"
"0x7ea99f2e55c0","      BRA 0x7ea99f2e5760","0","0"
"0x7ea99f2e55d0","@P5   LDG.E R7, [R4.64]","0","0"
"0x7ea99f2e55e0","      IADD3 R6, R140, 0x1, RZ","0","0"
"0x7ea99f2e55f0","      BSSY B2, 0x7ea99f2e56c0","0","0"
"0x7ea99f2e5600","      ISETP.GE.AND P1, PT, R9, c[0x0][0x188], PT","0","0"
"0x7ea99f2e5610","      ISETP.GE.AND P3, PT, R6, c[0x0][0x190], PT","0","0"
"0x7ea99f2e5620","      ISETP.GE.OR P6, PT, R6, c[0x0][0x190], P1","0","0"
"0x7ea99f2e5630","      ISETP.GE.OR P3, PT, R114, c[0x0][0x188], P3","0","0"
"0x7ea99f2e5640","@P5   FFMA R7, R7, c[0x0][0x184], R68","0","0"
"0x7ea99f2e5650","@P5   STG.E [R4.64], R7","0","0"
"0x7ea99f2e5660","      ISETP.GE.OR P5, PT, R140, c[0x0][0x190], P1","0","0"
"0x7ea99f2e5670","@P3   BRA 0x7ea99f2e56b0","0","0"
"0x7ea99f2e5680","      LDG.E R8, [R4.64+0x4]","0","0"
"0x7ea99f2e5690","      FFMA R69, R8, c[0x0][0x184], R69","0","0"
"0x7ea99f2e56a0","      STG.E [R4.64+0x4], R69","0","0"
"0x7ea99f2e56b0","      BSYNC B2","0","0"
"0x7ea99f2e56c0","      BSSY B2, 0x7ea99f2e5720","0","0"
"0x7ea99f2e56d0","@P5   BRA 0x7ea99f2e5710","0","0"
"0x7ea99f2e56e0","      LDG.E R7, [R2.64]","0","0"
"0x7ea99f2e56f0","      FFMA R7, R7, c[0x0][0x184], R70","0","0"
"0x7ea99f2e5700","      STG.E [R2.64], R7","0","0"
"0x7ea99f2e5710","      BSYNC B2","0","0"
"0x7ea99f2e5720","@P6   BRA 0x7ea99f2e5760","0","0"
"0x7ea99f2e5730","      LDG.E R8, [R2.64+0x4]","0","0"
"0x7ea99f2e5740","      FFMA R71, R8, c[0x0][0x184], R71","0","0"
"0x7ea99f2e5750","      STG.E [R2.64+0x4], R71","0","0"
"0x7ea99f2e5760","      BSYNC B1","0","0"
"0x7ea99f2e5770","      IADD3 R14, R140, 0x8, RZ","0","0"
"0x7ea99f2e5780","      BSSY B1, 0x7ea99f2e59f0","0","0"
"0x7ea99f2e5790","      ISETP.LT.AND P5, PT, R14, c[0x0][0x190], !P0","0","0"
"0x7ea99f2e57a0","@P4   BRA 0x7ea99f2e5860","0","0"
"0x7ea99f2e57b0","      IADD3 R7, R140, 0x9, RZ","0","0"
"0x7ea99f2e57c0","@P5   STG.E [R4.64+0x20], R64","0","0"
"0x7ea99f2e57d0","      ISETP.GE.OR P6, PT, R14, c[0x0][0x190], P1","0","0"
"0x7ea99f2e57e0","      ISETP.GE.AND P3, PT, R7, c[0x0][0x190], PT","0","0"
"0x7ea99f2e57f0","      ISETP.GE.OR P3, PT, R114, c[0x0][0x188], P3","0","0"
"0x7ea99f2e5800","@!P3  STG.E [R4.64+0x24], R65","0","0"
"0x7ea99f2e5810","      ISETP.GE.OR P3, PT, R7, c[0x0][0x190], P1","0","0"
"0x7ea99f2e5820","@!P6  STG.E [R2.64+0x20], R66","0","0"
"0x7ea99f2e5830","@P3   BRA 0x7ea99f2e59e0","0","0"
"0x7ea99f2e5840","      STG.E [R2.64+0x24], R67","0","0"
"0x7ea99f2e5850","      BRA 0x7ea99f2e59e0","0","0"
"0x7ea99f2e5860","@P5   LDG.E R7, [R4.64+0x20]","0","0"
"0x7ea99f2e5870","      BSSY B2, 0x7ea99f2e5940","0","0"
"0x7ea99f2e5880","@P5   FFMA R9, R7, c[0x0][0x184], R64","0","0"
"0x7ea99f2e5890","      IADD3 R7, R140, 0x9, RZ","0","0"
"0x7ea99f2e58a0","      ISETP.GE.AND P3, PT, R7, c[0x0][0x190], PT","0","0"
"0x7ea99f2e58b0","@P5   STG.E [R4.64+0x20], R9","0","0"
"0x7ea99f2e58c0","      ISETP.GE.OR P5, PT, R14, c[0x0][0x190], P1","0","0"
"0x7ea99f2e58d0","      ISETP.GE.OR P3, PT, R114, c[0x0][0x188], P3","0","0"
"0x7ea99f2e58e0","      ISETP.GE.OR P6, PT, R7, c[0x0][0x190], P1","0","0"
"0x7ea99f2e58f0","@P3   BRA 0x7ea99f2e5930","0","0"
"0x7ea99f2e5900","      LDG.E R8, [R4.64+0x24]","0","0"
"0x7ea99f2e5910","      FFMA R65, R8, c[0x0][0x184], R65","0","0"
"0x7ea99f2e5920","      STG.E [R4.64+0x24], R65","0","0"
"0x7ea99f2e5930","      BSYNC B2","0","0"
"0x7ea99f2e5940","      BSSY B2, 0x7ea99f2e59a0","0","0"
"0x7ea99f2e5950","@P5   BRA 0x7ea99f2e5990","0","0"
"0x7ea99f2e5960","      LDG.E R9, [R2.64+0x20]","0","0"
"0x7ea99f2e5970","      FFMA R9, R9, c[0x0][0x184], R66","0","0"
"0x7ea99f2e5980","      STG.E [R2.64+0x20], R9","0","0"
"0x7ea99f2e5990","      BSYNC B2","0","0"
"0x7ea99f2e59a0","@P6   BRA 0x7ea99f2e59e0","0","0"
"0x7ea99f2e59b0","      LDG.E R8, [R2.64+0x24]","0","0"
"0x7ea99f2e59c0","      FFMA R67, R8, c[0x0][0x184], R67","0","0"
"0x7ea99f2e59d0","      STG.E [R2.64+0x24], R67","0","0"
"0x7ea99f2e59e0","      BSYNC B1","0","0"
"0x7ea99f2e59f0","      IADD3 R15, R140, 0x10, RZ","0","0"
"0x7ea99f2e5a00","      BSSY B1, 0x7ea99f2e5c70","0","0"
"0x7ea99f2e5a10","      ISETP.LT.AND P5, PT, R15, c[0x0][0x190], !P0","0","0"
"0x7ea99f2e5a20","@P4   BRA 0x7ea99f2e5ae0","0","0"
"0x7ea99f2e5a30","      IADD3 R8, R140, 0x11, RZ","0","0"
"0x7ea99f2e5a40","@P5   STG.E [R4.64+0x40], R60","0","0"
"0x7ea99f2e5a50","      ISETP.GE.OR P6, PT, R15, c[0x0][0x190], P1","0","0"
"0x7ea99f2e5a60","      ISETP.GE.AND P3, PT, R8, c[0x0][0x190], PT","0","0"
"0x7ea99f2e5a70","      ISETP.GE.OR P3, PT, R114, c[0x0][0x188], P3","0","0"
"0x7ea99f2e5a80","@!P3  STG.E [R4.64+0x44], R61","0","0"
"0x7ea99f2e5a90","      ISETP.GE.OR P3, PT, R8, c[0x0][0x190], P1","0","0"
"0x7ea99f2e5aa0","@!P6  STG.E [R2.64+0x40], R62","0","0"
"0x7ea99f2e5ab0","@P3   BRA 0x7ea99f2e5c60","0","0"
"0x7ea99f2e5ac0","      STG.E [R2.64+0x44], R63","0","0"
"0x7ea99f2e5ad0","      BRA 0x7ea99f2e5c60","0","0"
"0x7ea99f2e5ae0","@P5   LDG.E R9, [R4.64+0x40]","0","0"
"0x7ea99f2e5af0","      IADD3 R8, R140, 0x11, RZ","0","0"
"0x7ea99f2e5b00","      BSSY B2, 0x7ea99f2e5bc0","0","0"
"0x7ea99f2e5b10","      ISETP.GE.AND P3, PT, R8, c[0x0][0x190], PT","0","0"
"0x7ea99f2e5b20","      ISETP.GE.OR P6, PT, R8, c[0x0][0x190], P1","0","0"
"0x7ea99f2e5b30","      ISETP.GE.OR P3, PT, R114, c[0x0][0x188], P3","0","0"
"0x7ea99f2e5b40","@P5   FFMA R9, R9, c[0x0][0x184], R60","0","0"
"0x7ea99f2e5b50","@P5   STG.E [R4.64+0x40], R9","0","0"
"0x7ea99f2e5b60","      ISETP.GE.OR P5, PT, R15, c[0x0][0x190], P1","0","0"
"0x7ea99f2e5b70","@P3   BRA 0x7ea99f2e5bb0","0","0"
"0x7ea99f2e5b80","      LDG.E R10, [R4.64+0x44]","0","0"
"0x7ea99f2e5b90","      FFMA R61, R10, c[0x0][0x184], R61","0","0"
"0x7ea99f2e5ba0","      STG.E [R4.64+0x44], R61","0","0"
"0x7ea99f2e5bb0","      BSYNC B2","0","0"
"0x7ea99f2e5bc0","      BSSY B2, 0x7ea99f2e5c20","0","0"
"0x7ea99f2e5bd0","@P5   BRA 0x7ea99f2e5c10","0","0"
"0x7ea99f2e5be0","      LDG.E R9, [R2.64+0x40]","0","0"
"0x7ea99f2e5bf0","      FFMA R9, R9, c[0x0][0x184], R62","0","0"
"0x7ea99f2e5c00","      STG.E [R2.64+0x40], R9","0","0"
"0x7ea99f2e5c10","      BSYNC B2","0","0"
"0x7ea99f2e5c20","@P6   BRA 0x7ea99f2e5c60","0","0"
"0x7ea99f2e5c30","      LDG.E R10, [R2.64+0x44]","0","0"
"0x7ea99f2e5c40","      FFMA R63, R10, c[0x0][0x184], R63","0","0"
"0x7ea99f2e5c50","      STG.E [R2.64+0x44], R63","0","0"
"0x7ea99f2e5c60","      BSYNC B1","0","0"
"0x7ea99f2e5c70","      IADD3 R16, R140, 0x18, RZ","0","0"
"0x7ea99f2e5c80","      ISETP.LT.AND P3, PT, R16, c[0x0][0x190], !P0","0","0"
"0x7ea99f2e5c90","@P4   BRA 0x7ea99f2e5d50","0","0"
"0x7ea99f2e5ca0","      IADD3 R9, R140, 0x19, RZ","0","0"
"0x7ea99f2e5cb0","@P3   STG.E [R4.64+0x60], R52","0","0"
"0x7ea99f2e5cc0","      ISETP.GE.OR P4, PT, R16, c[0x0][0x190], P1","0","0"
"0x7ea99f2e5cd0","      ISETP.GE.AND P0, PT, R9, c[0x0][0x190], PT","0","0"
"0x7ea99f2e5ce0","      ISETP.GE.OR P1, PT, R9, c[0x0][0x190], P1","0","0"
"0x7ea99f2e5cf0","      ISETP.GE.OR P0, PT, R114, c[0x0][0x188], P0","0","0"
"0x7ea99f2e5d00","@!P0  STG.E [R4.64+0x64], R53","0","0"
"0x7ea99f2e5d10","@!P4  STG.E [R2.64+0x60], R54","0","0"
"0x7ea99f2e5d20","@P1   BRA 0x7ea99f2e5ed0","0","0"
"0x7ea99f2e5d30","      STG.E [R2.64+0x64], R55","0","0"
"0x7ea99f2e5d40","      BRA 0x7ea99f2e5ed0","0","0"
"0x7ea99f2e5d50","@P3   LDG.E R9, [R4.64+0x60]","0","0"
"0x7ea99f2e5d60","      BSSY B1, 0x7ea99f2e5e30","0","0"
"0x7ea99f2e5d70","@P3   FFMA R11, R9, c[0x0][0x184], R52","0","0"
"0x7ea99f2e5d80","      IADD3 R9, R140, 0x19, RZ","0","0"
"0x7ea99f2e5d90","      ISETP.GE.AND P0, PT, R9, c[0x0][0x190], PT","0","0"
"0x7ea99f2e5da0","@P3   STG.E [R4.64+0x60], R11","0","0"
"0x7ea99f2e5db0","      ISETP.GE.OR P3, PT, R16, c[0x0][0x190], P1","0","0"
"0x7ea99f2e5dc0","      ISETP.GE.OR P0, PT, R114, c[0x0][0x188], P0","0","0"
"0x7ea99f2e5dd0","      ISETP.GE.OR P1, PT, R9, c[0x0][0x190], P1","0","0"
"0x7ea99f2e5de0","@P0   BRA 0x7ea99f2e5e20","0","0"
"0x7ea99f2e5df0","      LDG.E R10, [R4.64+0x64]","0","0"
"0x7ea99f2e5e00","      FFMA R53, R10, c[0x0][0x184], R53","0","0"
"0x7ea99f2e5e10","      STG.E [R4.64+0x64], R53","0","0"
"0x7ea99f2e5e20","      BSYNC B1","0","0"
"0x7ea99f2e5e30","      BSSY B1, 0x7ea99f2e5e90","0","0"
"0x7ea99f2e5e40","@P3   BRA 0x7ea99f2e5e80","0","0"
"0x7ea99f2e5e50","      LDG.E R5, [R2.64+0x60]","0","0"
"0x7ea99f2e5e60","      FFMA R5, R5, c[0x0][0x184], R54","0","0"
"0x7ea99f2e5e70","      STG.E [R2.64+0x60], R5","0","0"
"0x7ea99f2e5e80","      BSYNC B1","0","0"
"0x7ea99f2e5e90","@P1   BRA 0x7ea99f2e5ed0","0","0"
"0x7ea99f2e5ea0","      LDG.E R4, [R2.64+0x64]","0","0"
"0x7ea99f2e5eb0","      FFMA R55, R4, c[0x0][0x184], R55","0","0"
"0x7ea99f2e5ec0","      STG.E [R2.64+0x64], R55","0","0"
"0x7ea99f2e5ed0","      BSYNC B0","0","0"
"0x7ea99f2e5ee0","      IADD3 R17, R114, 0x10, RZ","0","0"
"0x7ea99f2e5ef0","      BSSY B0, 0x7ea99f2e7460","0","0"
"0x7ea99f2e5f00","      IADD3 R19, R114, 0x18, RZ","0","0"
"0x7ea99f2e5f10","      SHF.R.S32.HI R2, RZ, 0x1f, R17","0","0"
"0x7ea99f2e5f20","      IMAD.WIDE.U32 R10, R17, c[0x0][0x19c], R140","0","0"
"0x7ea99f2e5f30","      SHF.R.S32.HI R3, RZ, 0x1f, R19","0","0"
"0x7ea99f2e5f40","      ISETP.GE.AND P1, PT, R17, c[0x0][0x188], PT","0","0"
"0x7ea99f2e5f50","      IMAD R5, R2, c[0x0][0x19c], RZ","0","0"
"0x7ea99f2e5f60","      LEA R4, P0, R10, c[0x0][0x160], 0x2","0","0"
"0x7ea99f2e5f70","      IMAD R3, R3, c[0x0][0x19c], RZ","0","0"
"0x7ea99f2e5f80","      ISETP.LT.AND P6, PT, R140, c[0x0][0x190], !P1","0","0"
"0x7ea99f2e5f90","      IMAD.WIDE.U32 R12, R19, c[0x0][0x19c], R140","0","0"
"0x7ea99f2e5fa0","      IMAD R5, R0, R17, R5","0","0"
"0x7ea99f2e5fb0","      LEA R2, P3, R12, c[0x0][0x160], 0x2","0","0"
"0x7ea99f2e5fc0","      IMAD R3, R19, R0, R3","0","0"
"0x7ea99f2e5fd0","      IMAD.IADD R5, R11, 0x1, R5","0","0"
"0x7ea99f2e5fe0","      IMAD.IADD R3, R13, 0x1, R3","0","0"
"0x7ea99f2e5ff0","      LEA.HI.X R5, R10, c[0x0][0x164], R5, 0x2, P0","0","0"
"0x7ea99f2e6000","      LEA.HI.X R3, R12, c[0x0][0x164], R3, 0x2, P3","0","0"
"0x7ea99f2e6010","@!P2  BRA 0x7ea99f2e6a20","0","0"
"0x7ea99f2e6020","      BSSY B1, 0x7ea99f2e60b0","0","0"
"0x7ea99f2e6030","@!P6  BRA 0x7ea99f2e60a0","0","0"
"0x7ea99f2e6040","      FSETP.NEU.AND P0, PT, RZ, c[0x0][0x184], PT","0","0"
"0x7ea99f2e6050","      FMUL R11, R48, c[0x0][0x180]","0","0"
"0x7ea99f2e6060","@!P0  BRA 0x7ea99f2e6090","0","0"
"0x7ea99f2e6070","      LDG.E R10, [R4.64]","0","0"
"0x7ea99f2e6080","      FFMA R11, R10, c[0x0][0x184], R11","0","0"
"0x7ea99f2e6090","      STG.E [R4.64], R11","0","0"
"0x7ea99f2e60a0","      BSYNC B1","0","0"
"0x7ea99f2e60b0","      ISETP.GE.AND P0, PT, R17, c[0x0][0x188], PT","0","0"
"0x7ea99f2e60c0","      BSSY B1, 0x7ea99f2e6160","0","0"
"0x7ea99f2e60d0","      ISETP.GE.OR P1, PT, R6, c[0x0][0x190], P0","0","0"
"0x7ea99f2e60e0","@P1   BRA 0x7ea99f2e6150","0","0"
"0x7ea99f2e60f0","      FSETP.NEU.AND P1, PT, RZ, c[0x0][0x184], PT","0","0"
"0x7ea99f2e6100","      FMUL R49, R49, c[0x0][0x180]","0","0"
"0x7ea99f2e6110","@!P1  BRA 0x7ea99f2e6140","0","0"
"0x7ea99f2e6120","      LDG.E R10, [R4.64+0x4]","0","0"
"0x7ea99f2e6130","      FFMA R49, R10, c[0x0][0x184], R49","0","0"
"0x7ea99f2e6140","      STG.E [R4.64+0x4], R49","0","0"
"0x7ea99f2e6150","      BSYNC B1","0","0"
"0x7ea99f2e6160","      ISETP.GE.AND P1, PT, R19, c[0x0][0x188], PT","0","0"
"0x7ea99f2e6170","      BSSY B1, 0x7ea99f2e6210","0","0"
"0x7ea99f2e6180","      ISETP.GE.OR P3, PT, R140, c[0x0][0x190], P1","0","0"
"0x7ea99f2e6190","@P3   BRA 0x7ea99f2e6200","0","0"
"0x7ea99f2e61a0","      FSETP.NEU.AND P3, PT, RZ, c[0x0][0x184], PT","0","0"
"0x7ea99f2e61b0","      FMUL R11, R50, c[0x0][0x180]","0","0"
"0x7ea99f2e61c0","@!P3  BRA 0x7ea99f2e61f0","0","0"
"0x7ea99f2e61d0","      LDG.E R10, [R2.64]","0","0"
"0x7ea99f2e61e0","      FFMA R11, R10, c[0x0][0x184], R11","0","0"
"0x7ea99f2e61f0","      STG.E [R2.64], R11","0","0"
"0x7ea99f2e6200","      BSYNC B1","0","0"
"0x7ea99f2e6210","      ISETP.GE.OR P3, PT, R6, c[0x0][0x190], P1","0","0"
"0x7ea99f2e6220","      BSSY B1, 0x7ea99f2e62b0","0","0"
"0x7ea99f2e6230","@P3   BRA 0x7ea99f2e62a0","0","0"
"0x7ea99f2e6240","      FSETP.NEU.AND P3, PT, RZ, c[0x0][0x184], PT","0","0"
"0x7ea99f2e6250","      FMUL R51, R51, c[0x0][0x180]","0","0"
"0x7ea99f2e6260","@!P3  BRA 0x7ea99f2e6290","0","0"
"0x7ea99f2e6270","      LDG.E R10, [R2.64+0x4]","0","0"
"0x7ea99f2e6280","      FFMA R51, R10, c[0x0][0x184], R51","0","0"
"0x7ea99f2e6290","      STG.E [R2.64+0x4], R51","0","0"
"0x7ea99f2e62a0","      BSYNC B1","0","0"
"0x7ea99f2e62b0","      ISETP.GE.OR P3, PT, R14, c[0x0][0x190], P0","0","0"
"0x7ea99f2e62c0","      BSSY B1, 0x7ea99f2e6350","0","0"
"0x7ea99f2e62d0","@P3   BRA 0x7ea99f2e6340","0","0"
"0x7ea99f2e62e0","      FSETP.NEU.AND P3, PT, RZ, c[0x0][0x184], PT","0","0"
"0x7ea99f2e62f0","      FMUL R11, R44, c[0x0][0x180]","0","0"
"0x7ea99f2e6300","@!P3  BRA 0x7ea99f2e6330","0","0"
"0x7ea99f2e6310","      LDG.E R10, [R4.64+0x20]","0","0"
"0x7ea99f2e6320","      FFMA R11, R10, c[0x0][0x184], R11","0","0"
"0x7ea99f2e6330","      STG.E [R4.64+0x20], R11","0","0"
"0x7ea99f2e6340","      BSYNC B1","0","0"
"0x7ea99f2e6350","      ISETP.GE.OR P3, PT, R7, c[0x0][0x190], P0","0","0"
"0x7ea99f2e6360","      BSSY B1, 0x7ea99f2e63f0","0","0"
"0x7ea99f2e6370","@P3   BRA 0x7ea99f2e63e0","0","0"
"0x7ea99f2e6380","      FSETP.NEU.AND P3, PT, RZ, c[0x0][0x184], PT","0","0"
"0x7ea99f2e6390","      FMUL R45, R45, c[0x0][0x180]","0","0"
"0x7ea99f2e63a0","@!P3  BRA 0x7ea99f2e63d0","0","0"
"0x7ea99f2e63b0","      LDG.E R10, [R4.64+0x24]","0","0"
"0x7ea99f2e63c0","      FFMA R45, R10, c[0x0][0x184], R45","0","0"
"0x7ea99f2e63d0","      STG.E [R4.64+0x24], R45","0","0"
"0x7ea99f2e63e0","      BSYNC B1","0","0"
"0x7ea99f2e63f0","      ISETP.GE.OR P3, PT, R14, c[0x0][0x190], P1","0","0"
"0x7ea99f2e6400","      BSSY B1, 0x7ea99f2e6490","0","0"
"0x7ea99f2e6410","@P3   BRA 0x7ea99f2e6480","0","0"
"0x7ea99f2e6420","      FSETP.NEU.AND P3, PT, RZ, c[0x0][0x184], PT","0","0"
"0x7ea99f2e6430","      FMUL R11, R46, c[0x0][0x180]","0","0"
"0x7ea99f2e6440","@!P3  BRA 0x7ea99f2e6470","0","0"
"0x7ea99f2e6450","      LDG.E R10, [R2.64+0x20]","0","0"
"0x7ea99f2e6460","      FFMA R11, R10, c[0x0][0x184], R11","0","0"
"0x7ea99f2e6470","      STG.E [R2.64+0x20], R11","0","0"
"0x7ea99f2e6480","      BSYNC B1","0","0"
"0x7ea99f2e6490","      ISETP.GE.OR P3, PT, R7, c[0x0][0x190], P1","0","0"
"0x7ea99f2e64a0","      BSSY B1, 0x7ea99f2e6530","0","0"
"0x7ea99f2e64b0","@P3   BRA 0x7ea99f2e6520","0","0"
"0x7ea99f2e64c0","      FSETP.NEU.AND P3, PT, RZ, c[0x0][0x184], PT","0","0"
"0x7ea99f2e64d0","      FMUL R47, R47, c[0x0][0x180]","0","0"
"0x7ea99f2e64e0","@!P3  BRA 0x7ea99f2e6510","0","0"
"0x7ea99f2e64f0","      LDG.E R10, [R2.64+0x24]","0","0"
"0x7ea99f2e6500","      FFMA R47, R10, c[0x0][0x184], R47","0","0"
"0x7ea99f2e6510","      STG.E [R2.64+0x24], R47","0","0"
"0x7ea99f2e6520","      BSYNC B1","0","0"
"0x7ea99f2e6530","      ISETP.GE.OR P3, PT, R15, c[0x0][0x190], P0","0","0"
"0x7ea99f2e6540","      BSSY B1, 0x7ea99f2e65d0","0","0"
"0x7ea99f2e6550","@P3   BRA 0x7ea99f2e65c0","0","0"
"0x7ea99f2e6560","      FSETP.NEU.AND P3, PT, RZ, c[0x0][0x184], PT","0","0"
"0x7ea99f2e6570","      FMUL R11, R40, c[0x0][0x180]","0","0"
"0x7ea99f2e6580","@!P3  BRA 0x7ea99f2e65b0","0","0"
"0x7ea99f2e6590","      LDG.E R10, [R4.64+0x40]","0","0"
"0x7ea99f2e65a0","      FFMA R11, R10, c[0x0][0x184], R11","0","0"
"0x7ea99f2e65b0","      STG.E [R4.64+0x40], R11","0","0"
"0x7ea99f2e65c0","      BSYNC B1","0","0"
"0x7ea99f2e65d0","      ISETP.GE.OR P3, PT, R8, c[0x0][0x190], P0","0","0"
"0x7ea99f2e65e0","      BSSY B1, 0x7ea99f2e6670","0","0"
"0x7ea99f2e65f0","@P3   BRA 0x7ea99f2e6660","0","0"
"0x7ea99f2e6600","      FSETP.NEU.AND P3, PT, RZ, c[0x0][0x184], PT","0","0"
"0x7ea99f2e6610","      FMUL R41, R41, c[0x0][0x180]","0","0"
"0x7ea99f2e6620","@!P3  BRA 0x7ea99f2e6650","0","0"
"0x7ea99f2e6630","      LDG.E R10, [R4.64+0x44]","0","0"
"0x7ea99f2e6640","      FFMA R41, R10, c[0x0][0x184], R41","0","0"
"0x7ea99f2e6650","      STG.E [R4.64+0x44], R41","0","0"
"0x7ea99f2e6660","      BSYNC B1","0","0"
"0x7ea99f2e6670","      ISETP.GE.OR P3, PT, R15, c[0x0][0x190], P1","0","0"
"0x7ea99f2e6680","      BSSY B1, 0x7ea99f2e6710","0","0"
"0x7ea99f2e6690","@P3   BRA 0x7ea99f2e6700","0","0"
"0x7ea99f2e66a0","      FSETP.NEU.AND P3, PT, RZ, c[0x0][0x184], PT","0","0"
"0x7ea99f2e66b0","      FMUL R11, R42, c[0x0][0x180]","0","0"
"0x7ea99f2e66c0","@!P3  BRA 0x7ea99f2e66f0","0","0"
"0x7ea99f2e66d0","      LDG.E R10, [R2.64+0x40]","0","0"
"0x7ea99f2e66e0","      FFMA R11, R10, c[0x0][0x184], R11","0","0"
"0x7ea99f2e66f0","      STG.E [R2.64+0x40], R11","0","0"
"0x7ea99f2e6700","      BSYNC B1","0","0"
"0x7ea99f2e6710","      ISETP.GE.OR P3, PT, R8, c[0x0][0x190], P1","0","0"
"0x7ea99f2e6720","      BSSY B1, 0x7ea99f2e67b0","0","0"
"0x7ea99f2e6730","@P3   BRA 0x7ea99f2e67a0","0","0"
"0x7ea99f2e6740","      FSETP.NEU.AND P3, PT, RZ, c[0x0][0x184], PT","0","0"
"0x7ea99f2e6750","      FMUL R43, R43, c[0x0][0x180]","0","0"
"0x7ea99f2e6760","@!P3  BRA 0x7ea99f2e6790","0","0"
"0x7ea99f2e6770","      LDG.E R10, [R2.64+0x44]","0","0"
"0x7ea99f2e6780","      FFMA R43, R10, c[0x0][0x184], R43","0","0"
"0x7ea99f2e6790","      STG.E [R2.64+0x44], R43","0","0"
"0x7ea99f2e67a0","      BSYNC B1","0","0"
"0x7ea99f2e67b0","      ISETP.GE.OR P3, PT, R16, c[0x0][0x190], P0","0","0"
"0x7ea99f2e67c0","      BSSY B1, 0x7ea99f2e6850","0","0"
"0x7ea99f2e67d0","@P3   BRA 0x7ea99f2e6840","0","0"
"0x7ea99f2e67e0","      FSETP.NEU.AND P3, PT, RZ, c[0x0][0x184], PT","0","0"
"0x7ea99f2e67f0","      FMUL R11, R36, c[0x0][0x180]","0","0"
"0x7ea99f2e6800","@!P3  BRA 0x7ea99f2e6830","0","0"
"0x7ea99f2e6810","      LDG.E R10, [R4.64+0x60]","0","0"
"0x7ea99f2e6820","      FFMA R11, R10, c[0x0][0x184], R11","0","0"
"0x7ea99f2e6830","      STG.E [R4.64+0x60], R11","0","0"
"0x7ea99f2e6840","      BSYNC B1","0","0"
"0x7ea99f2e6850","      ISETP.GE.OR P0, PT, R9, c[0x0][0x190], P0","0","0"
"0x7ea99f2e6860","      BSSY B1, 0x7ea99f2e68f0","0","0"
"0x7ea99f2e6870","@P0   BRA 0x7ea99f2e68e0","0","0"
"0x7ea99f2e6880","      FSETP.NEU.AND P0, PT, RZ, c[0x0][0x184], PT","0","0"
"0x7ea99f2e6890","      FMUL R37, R37, c[0x0][0x180]","0","0"
"0x7ea99f2e68a0","@!P0  BRA 0x7ea99f2e68d0","0","0"
"0x7ea99f2e68b0","      LDG.E R10, [R4.64+0x64]","0","0"
"0x7ea99f2e68c0","      FFMA R37, R10, c[0x0][0x184], R37","0","0"
"0x7ea99f2e68d0","      STG.E [R4.64+0x64], R37","0","0"
"0x7ea99f2e68e0","      BSYNC B1","0","0"
"0x7ea99f2e68f0","      ISETP.GE.OR P0, PT, R16, c[0x0][0x190], P1","0","0"
"0x7ea99f2e6900","      BSSY B1, 0x7ea99f2e6990","0","0"
"0x7ea99f2e6910","@P0   BRA 0x7ea99f2e6980","0","0"
"0x7ea99f2e6920","      FSETP.NEU.AND P0, PT, RZ, c[0x0][0x184], PT","0","0"
"0x7ea99f2e6930","      FMUL R5, R38, c[0x0][0x180]","0","0"
"0x7ea99f2e6940","@!P0  BRA 0x7ea99f2e6970","0","0"
"0x7ea99f2e6950","      LDG.E R4, [R2.64+0x60]","0","0"
"0x7ea99f2e6960","      FFMA R5, R4, c[0x0][0x184], R5","0","0"
"0x7ea99f2e6970","      STG.E [R2.64+0x60], R5","0","0"
"0x7ea99f2e6980","      BSYNC B1","0","0"
"0x7ea99f2e6990","      ISETP.GE.OR P1, PT, R9, c[0x0][0x190], P1","0","0"
"0x7ea99f2e69a0","@P1   BRA 0x7ea99f2e7450","0","0"
"0x7ea99f2e69b0","      FSETP.NEU.AND P0, PT, RZ, c[0x0][0x184], PT","0","0"
"0x7ea99f2e69c0","      FMUL R39, R39, c[0x0][0x180]","0","0"
"0x7ea99f2e69d0","@!P0  BRA 0x7ea99f2e6a00","0","0"
"0x7ea99f2e69e0","      LDG.E R4, [R2.64+0x64]","0","0"
"0x7ea99f2e69f0","      FFMA R39, R4, c[0x0][0x184], R39","0","0"
"0x7ea99f2e6a00","      STG.E [R2.64+0x64], R39","0","0"
"0x7ea99f2e6a10","      BRA 0x7ea99f2e7450","0","0"
"0x7ea99f2e6a20","      FSETP.NEU.AND P0, PT, RZ, c[0x0][0x184], PT","0","0"
"0x7ea99f2e6a30","      BSSY B1, 0x7ea99f2e6cc0","0","0"
"0x7ea99f2e6a40","@P0   BRA 0x7ea99f2e6b00","0","0"
"0x7ea99f2e6a50","      ISETP.GE.AND P3, PT, R6, c[0x0][0x190], PT","0","0"
"0x7ea99f2e6a60","@P6   STG.E [R4.64], R48","0","0"
"0x7ea99f2e6a70","      ISETP.GE.AND P0, PT, R19, c[0x0][0x188], PT","0","0"
"0x7ea99f2e6a80","      ISETP.GE.OR P3, PT, R17, c[0x0][0x188], P3","0","0"
"0x7ea99f2e6a90","      ISETP.GE.OR P4, PT, R140, c[0x0][0x190], P0","0","0"
"0x7ea99f2e6aa0","@!P3  STG.E [R4.64+0x4], R49","0","0"
"0x7ea99f2e6ab0","      ISETP.GE.OR P3, PT, R6, c[0x0][0x190], P0","0","0"
"0x7ea99f2e6ac0","@!P4  STG.E [R2.64], R50","0","0"
"0x7ea99f2e6ad0","@P3   BRA 0x7ea99f2e6cb0","0","0"
"0x7ea99f2e6ae0","      STG.E [R2.64+0x4], R51","0","0"
"0x7ea99f2e6af0","      BRA 0x7ea99f2e6cb0","0","0"
"0x7ea99f2e6b00","      ISETP.GE.AND P3, PT, R6, c[0x0][0x190], PT","0","0"
"0x7ea99f2e6b10","      BSSY B2, 0x7ea99f2e6bb0","0","0"
"0x7ea99f2e6b20","      ISETP.GE.AND P0, PT, R19, c[0x0][0x188], PT","0","0"
"0x7ea99f2e6b30","      ISETP.GE.OR P3, PT, R17, c[0x0][0x188], P3","0","0"
"0x7ea99f2e6b40","      ISETP.GE.OR P4, PT, R140, c[0x0][0x190], P0","0","0"
"0x7ea99f2e6b50","      ISETP.GE.OR P5, PT, R6, c[0x0][0x190], P0","0","0"
"0x7ea99f2e6b60","@!P6  BRA 0x7ea99f2e6ba0","0","0"
"0x7ea99f2e6b70","      LDG.E R11, [R4.64]","0","0"
"0x7ea99f2e6b80","      FFMA R11, R11, c[0x0][0x184], R48","0","0"
"0x7ea99f2e6b90","      STG.E [R4.64], R11","0","0"
"0x7ea99f2e6ba0","      BSYNC B2","0","0"
"0x7ea99f2e6bb0","      BSSY B2, 0x7ea99f2e6c10","0","0"
"0x7ea99f2e6bc0","@P3   BRA 0x7ea99f2e6c00","0","0"
"0x7ea99f2e6bd0","      LDG.E R10, [R4.64+0x4]","0","0"
"0x7ea99f2e6be0","      FFMA R49, R10, c[0x0][0x184], R49","0","0"
"0x7ea99f2e6bf0","      STG.E [R4.64+0x4], R49","0","0"
"0x7ea99f2e6c00","      BSYNC B2","0","0"
"0x7ea99f2e6c10","      BSSY B2, 0x7ea99f2e6c70","0","0"
"0x7ea99f2e6c20","@P4   BRA 0x7ea99f2e6c60","0","0"
"0x7ea99f2e6c30","      LDG.E R11, [R2.64]","0","0"
"0x7ea99f2e6c40","      FFMA R11, R11, c[0x0][0x184], R50","0","0"
"0x7ea99f2e6c50","      STG.E [R2.64], R11","0","0"
"0x7ea99f2e6c60","      BSYNC B2","0","0"
"0x7ea99f2e6c70","@P5   BRA 0x7ea99f2e6cb0","0","0"
"0x7ea99f2e6c80","      LDG.E R10, [R2.64+0x4]","0","0"
"0x7ea99f2e6c90","      FFMA R51, R10, c[0x0][0x184], R51","0","0"
"0x7ea99f2e6ca0","      STG.E [R2.64+0x4], R51","0","0"
"0x7ea99f2e6cb0","      BSYNC B1","0","0"
"0x7ea99f2e6cc0","      FSETP.NEU.AND P3, PT, RZ, c[0x0][0x184], PT","0","0"
"0x7ea99f2e6cd0","      BSSY B1, 0x7ea99f2e6f50","0","0"
"0x7ea99f2e6ce0","      ISETP.LT.AND P6, PT, R14, c[0x0][0x190], !P1","0","0"
"0x7ea99f2e6cf0","@P3   BRA 0x7ea99f2e6da0","0","0"
"0x7ea99f2e6d00","      ISETP.GE.AND P3, PT, R7, c[0x0][0x190], PT","0","0"
"0x7ea99f2e6d10","@P6   STG.E [R4.64+0x20], R44","0","0"
"0x7ea99f2e6d20","      ISETP.GE.OR P4, PT, R14, c[0x0][0x190], P0","0","0"
"0x7ea99f2e6d30","      ISETP.GE.OR P3, PT, R17, c[0x0][0x188], P3","0","0"
"0x7ea99f2e6d40","@!P3  STG.E [R4.64+0x24], R45","0","0"
"0x7ea99f2e6d50","      ISETP.GE.OR P3, PT, R7, c[0x0][0x190], P0","0","0"
"0x7ea99f2e6d60","@!P4  STG.E [R2.64+0x20], R46","0","0"
"0x7ea99f2e6d70","@P3   BRA 0x7ea99f2e6f40","0","0"
"0x7ea99f2e6d80","      STG.E [R2.64+0x24], R47","0","0"
"0x7ea99f2e6d90","      BRA 0x7ea99f2e6f40","0","0"
"0x7ea99f2e6da0","      ISETP.GE.AND P4, PT, R7, c[0x0][0x190], PT","0","0"
"0x7ea99f2e6db0","      BSSY B2, 0x7ea99f2e6e40","0","0"
"0x7ea99f2e6dc0","      ISETP.GE.OR P3, PT, R14, c[0x0][0x190], P0","0","0"
"0x7ea99f2e6dd0","      ISETP.GE.OR P4, PT, R17, c[0x0][0x188], P4","0","0"
"0x7ea99f2e6de0","      ISETP.GE.OR P5, PT, R7, c[0x0][0x190], P0","0","0"
"0x7ea99f2e6df0","@!P6  BRA 0x7ea99f2e6e30","0","0"
"0x7ea99f2e6e00","      LDG.E R11, [R4.64+0x20]","0","0"
"0x7ea99f2e6e10","      FFMA R11, R11, c[0x0][0x184], R44","0","0"
"0x7ea99f2e6e20","      STG.E [R4.64+0x20], R11","0","0"
"0x7ea99f2e6e30","      BSYNC B2","0","0"
"0x7ea99f2e6e40","      BSSY B2, 0x7ea99f2e6ea0","0","0"
"0x7ea99f2e6e50","@P4   BRA 0x7ea99f2e6e90","0","0"
"0x7ea99f2e6e60","      LDG.E R10, [R4.64+0x24]","0","0"
"0x7ea99f2e6e70","      FFMA R45, R10, c[0x0][0x184], R45","0","0"
"0x7ea99f2e6e80","      STG.E [R4.64+0x24], R45","0","0"
"0x7ea99f2e6e90","      BSYNC B2","0","0"
"0x7ea99f2e6ea0","      BSSY B2, 0x7ea99f2e6f00","0","0"
"0x7ea99f2e6eb0","@P3   BRA 0x7ea99f2e6ef0","0","0"
"0x7ea99f2e6ec0","      LDG.E R11, [R2.64+0x20]","0","0"
"0x7ea99f2e6ed0","      FFMA R11, R11, c[0x0][0x184], R46","0","0"
"0x7ea99f2e6ee0","      STG.E [R2.64+0x20], R11","0","0"
"0x7ea99f2e6ef0","      BSYNC B2","0","0"
"0x7ea99f2e6f00","@P5   BRA 0x7ea99f2e6f40","0","0"
"0x7ea99f2e6f10","      LDG.E R10, [R2.64+0x24]","0","0"
"0x7ea99f2e6f20","      FFMA R47, R10, c[0x0][0x184], R47","0","0"
"0x7ea99f2e6f30","      STG.E [R2.64+0x24], R47","0","0"
"0x7ea99f2e6f40","      BSYNC B1","0","0"
"0x7ea99f2e6f50","      FSETP.NEU.AND P3, PT, RZ, c[0x0][0x184], PT","0","0"
"0x7ea99f2e6f60","      BSSY B1, 0x7ea99f2e71e0","0","0"
"0x7ea99f2e6f70","      ISETP.LT.AND P6, PT, R15, c[0x0][0x190], !P1","0","0"
"0x7ea99f2e6f80","@P3   BRA 0x7ea99f2e7030","0","0"
"0x7ea99f2e6f90","      ISETP.GE.AND P3, PT, R8, c[0x0][0x190], PT","0","0"
"0x7ea99f2e6fa0","@P6   STG.E [R4.64+0x40], R40","0","0"
"0x7ea99f2e6fb0","      ISETP.GE.OR P4, PT, R15, c[0x0][0x190], P0","0","0"
"0x7ea99f2e6fc0","      ISETP.GE.OR P3, PT, R17, c[0x0][0x188], P3","0","0"
"0x7ea99f2e6fd0","@!P3  STG.E [R4.64+0x44], R41","0","0"
"0x7ea99f2e6fe0","      ISETP.GE.OR P3, PT, R8, c[0x0][0x190], P0","0","0"
"0x7ea99f2e6ff0","@!P4  STG.E [R2.64+0x40], R42","0","0"
"0x7ea99f2e7000","@P3   BRA 0x7ea99f2e71d0","0","0"
"0x7ea99f2e7010","      STG.E [R2.64+0x44], R43","0","0"
"0x7ea99f2e7020","      BRA 0x7ea99f2e71d0","0","0"
"0x7ea99f2e7030","      ISETP.GE.AND P4, PT, R8, c[0x0][0x190], PT","0","0"
"0x7ea99f2e7040","      BSSY B2, 0x7ea99f2e70d0","0","0"
"0x7ea99f2e7050","      ISETP.GE.OR P3, PT, R15, c[0x0][0x190], P0","0","0"
"0x7ea99f2e7060","      ISETP.GE.OR P4, PT, R17, c[0x0][0x188], P4","0","0"
"0x7ea99f2e7070","      ISETP.GE.OR P5, PT, R8, c[0x0][0x190], P0","0","0"
"0x7ea99f2e7080","@!P6  BRA 0x7ea99f2e70c0","0","0"
"0x7ea99f2e7090","      LDG.E R11, [R4.64+0x40]","0","0"
"0x7ea99f2e70a0","      FFMA R11, R11, c[0x0][0x184], R40","0","0"
"0x7ea99f2e70b0","      STG.E [R4.64+0x40], R11","0","0"
"0x7ea99f2e70c0","      BSYNC B2","0","0"
"0x7ea99f2e70d0","      BSSY B2, 0x7ea99f2e7130","0","0"
"0x7ea99f2e70e0","@P4   BRA 0x7ea99f2e7120","0","0"
"0x7ea99f2e70f0","      LDG.E R10, [R4.64+0x44]","0","0"
"0x7ea99f2e7100","      FFMA R41, R10, c[0x0][0x184], R41","0","0"
"0x7ea99f2e7110","      STG.E [R4.64+0x44], R41","0","0"
"0x7ea99f2e7120","      BSYNC B2","0","0"
"0x7ea99f2e7130","      BSSY B2, 0x7ea99f2e7190","0","0"
"0x7ea99f2e7140","@P3   BRA 0x7ea99f2e7180","0","0"
"0x7ea99f2e7150","      LDG.E R11, [R2.64+0x40]","0","0"
"0x7ea99f2e7160","      FFMA R11, R11, c[0x0][0x184], R42","0","0"
"0x7ea99f2e7170","      STG.E [R2.64+0x40], R11","0","0"
"0x7ea99f2e7180","      BSYNC B2","0","0"
"0x7ea99f2e7190","@P5   BRA 0x7ea99f2e71d0","0","0"
"0x7ea99f2e71a0","      LDG.E R10, [R2.64+0x44]","0","0"
"0x7ea99f2e71b0","      FFMA R43, R10, c[0x0][0x184], R43","0","0"
"0x7ea99f2e71c0","      STG.E [R2.64+0x44], R43","0","0"
"0x7ea99f2e71d0","      BSYNC B1","0","0"
"0x7ea99f2e71e0","      FSETP.NEU.AND P3, PT, RZ, c[0x0][0x184], PT","0","0"
"0x7ea99f2e71f0","      ISETP.LT.AND P1, PT, R16, c[0x0][0x190], !P1","0","0"
"0x7ea99f2e7200","@P3   BRA 0x7ea99f2e72b0","0","0"
"0x7ea99f2e7210","      ISETP.GE.AND P3, PT, R9, c[0x0][0x190], PT","0","0"
"0x7ea99f2e7220","@P1   STG.E [R4.64+0x60], R36","0","0"
"0x7ea99f2e7230","      ISETP.GE.OR P4, PT, R16, c[0x0][0x190], P0","0","0"
"0x7ea99f2e7240","      ISETP.GE.OR P3, PT, R17, c[0x0][0x188], P3","0","0"
"0x7ea99f2e7250","      ISETP.GE.OR P0, PT, R9, c[0x0][0x190], P0","0","0"
"0x7ea99f2e7260","@!P3  STG.E [R4.64+0x64], R37","0","0"
"0x7ea99f2e7270","@!P4  STG.E [R2.64+0x60], R38","0","0"
"0x7ea99f2e7280","@P0   BRA 0x7ea99f2e7450","0","0"
"0x7ea99f2e7290","      STG.E [R2.64+0x64], R39","0","0"
"0x7ea99f2e72a0","      BRA 0x7ea99f2e7450","0","0"
"0x7ea99f2e72b0","      ISETP.GE.AND P3, PT, R9, c[0x0][0x190], PT","0","0"
"0x7ea99f2e72c0","      BSSY B1, 0x7ea99f2e7350","0","0"
"0x7ea99f2e72d0","      ISETP.GE.OR P4, PT, R16, c[0x0][0x190], P0","0","0"
"0x7ea99f2e72e0","      ISETP.GE.OR P0, PT, R9, c[0x0][0x190], P0","0","0"
"0x7ea99f2e72f0","      ISETP.GE.OR P3, PT, R17, c[0x0][0x188], P3","0","0"
"0x7ea99f2e7300","@!P1  BRA 0x7ea99f2e7340","0","0"
"0x7ea99f2e7310","      LDG.E R11, [R4.64+0x60]","0","0"
"0x7ea99f2e7320","      FFMA R11, R11, c[0x0][0x184], R36","0","0"
"0x7ea99f2e7330","      STG.E [R4.64+0x60], R11","0","0"
"0x7ea99f2e7340","      BSYNC B1","0","0"
"0x7ea99f2e7350","      BSSY B1, 0x7ea99f2e73b0","0","0"
"0x7ea99f2e7360","@P3   BRA 0x7ea99f2e73a0","0","0"
"0x7ea99f2e7370","      LDG.E R10, [R4.64+0x64]","0","0"
"0x7ea99f2e7380","      FFMA R37, R10, c[0x0][0x184], R37","0","0"
"0x7ea99f2e7390","      STG.E [R4.64+0x64], R37","0","0"
"0x7ea99f2e73a0","      BSYNC B1","0","0"
"0x7ea99f2e73b0","      BSSY B1, 0x7ea99f2e7410","0","0"
"0x7ea99f2e73c0","@P4   BRA 0x7ea99f2e7400","0","0"
"0x7ea99f2e73d0","      LDG.E R5, [R2.64+0x60]","0","0"
"0x7ea99f2e73e0","      FFMA R5, R5, c[0x0][0x184], R38","0","0"
"0x7ea99f2e73f0","      STG.E [R2.64+0x60], R5","0","0"
"0x7ea99f2e7400","      BSYNC B1","0","0"
"0x7ea99f2e7410","@P0   BRA 0x7ea99f2e7450","0","0"
"0x7ea99f2e7420","      LDG.E R4, [R2.64+0x64]","0","0"
"0x7ea99f2e7430","      FFMA R39, R4, c[0x0][0x184], R39","0","0"
"0x7ea99f2e7440","      STG.E [R2.64+0x64], R39","0","0"
"0x7ea99f2e7450","      BSYNC B0","0","0"
"0x7ea99f2e7460","      IADD3 R17, R114, 0x20, RZ","0","0"
"0x7ea99f2e7470","      BSSY B0, 0x7ea99f2e89e0","0","0"
"0x7ea99f2e7480","      IADD3 R19, R114, 0x28, RZ","0","0"
"0x7ea99f2e7490","      SHF.R.S32.HI R2, RZ, 0x1f, R17","0","0"
"0x7ea99f2e74a0","      IMAD.WIDE.U32 R10, R17, c[0x0][0x19c], R140","0","0"
"0x7ea99f2e74b0","      SHF.R.S32.HI R3, RZ, 0x1f, R19","0","0"
"0x7ea99f2e74c0","      ISETP.GE.AND P1, PT, R17, c[0x0][0x188], PT","0","0"
"0x7ea99f2e74d0","      IMAD R5, R2, c[0x0][0x19c], RZ","0","0"
"0x7ea99f2e74e0","      LEA R4, P0, R10, c[0x0][0x160], 0x2","0","0"
"0x7ea99f2e74f0","      IMAD R3, R3, c[0x0][0x19c], RZ","0","0"
"0x7ea99f2e7500","      ISETP.LT.AND P6, PT, R140, c[0x0][0x190], !P1","0","0"
"0x7ea99f2e7510","      IMAD.WIDE.U32 R12, R19, c[0x0][0x19c], R140","0","0"
"0x7ea99f2e7520","      IMAD R5, R0, R17, R5","0","0"
"0x7ea99f2e7530","      LEA R2, P3, R12, c[0x0][0x160], 0x2","0","0"
"0x7ea99f2e7540","      IMAD R3, R19, R0, R3","0","0"
"0x7ea99f2e7550","      IMAD.IADD R5, R11, 0x1, R5","0","0"
"0x7ea99f2e7560","      IMAD.IADD R3, R13, 0x1, R3","0","0"
"0x7ea99f2e7570","      LEA.HI.X R5, R10, c[0x0][0x164], R5, 0x2, P0","0","0"
"0x7ea99f2e7580","      LEA.HI.X R3, R12, c[0x0][0x164], R3, 0x2, P3","0","0"
"0x7ea99f2e7590","@!P2  BRA 0x7ea99f2e7fa0","0","0"
"0x7ea99f2e75a0","      BSSY B1, 0x7ea99f2e7630","0","0"
"0x7ea99f2e75b0","@!P6  BRA 0x7ea99f2e7620","0","0"
"0x7ea99f2e75c0","      FSETP.NEU.AND P0, PT, RZ, c[0x0][0x184], PT","0","0"
"0x7ea99f2e75d0","      FMUL R11, R32, c[0x0][0x180]","0","0"
"0x7ea99f2e75e0","@!P0  BRA 0x7ea99f2e7610","0","0"
"0x7ea99f2e75f0","      LDG.E R10, [R4.64]","0","0"
"0x7ea99f2e7600","      FFMA R11, R10, c[0x0][0x184], R11","0","0"
"0x7ea99f2e7610","      STG.E [R4.64], R11","0","0"
"0x7ea99f2e7620","      BSYNC B1","0","0"
"0x7ea99f2e7630","      ISETP.GE.AND P0, PT, R17, c[0x0][0x188], PT","0","0"
"0x7ea99f2e7640","      BSSY B1, 0x7ea99f2e76e0","0","0"
"0x7ea99f2e7650","      ISETP.GE.OR P1, PT, R6, c[0x0][0x190], P0","0","0"
"0x7ea99f2e7660","@P1   BRA 0x7ea99f2e76d0","0","0"
"0x7ea99f2e7670","      FSETP.NEU.AND P1, PT, RZ, c[0x0][0x184], PT","0","0"
"0x7ea99f2e7680","      FMUL R33, R33, c[0x0][0x180]","0","0"
"0x7ea99f2e7690","@!P1  BRA 0x7ea99f2e76c0","0","0"
"0x7ea99f2e76a0","      LDG.E R10, [R4.64+0x4]","0","0"
"0x7ea99f2e76b0","      FFMA R33, R10, c[0x0][0x184], R33","0","0"
"0x7ea99f2e76c0","      STG.E [R4.64+0x4], R33","0","0"
"0x7ea99f2e76d0","      BSYNC B1","0","0"
"0x7ea99f2e76e0","      ISETP.GE.AND P1, PT, R19, c[0x0][0x188], PT","0","0"
"0x7ea99f2e76f0","      BSSY B1, 0x7ea99f2e7790","0","0"
"0x7ea99f2e7700","      ISETP.GE.OR P3, PT, R140, c[0x0][0x190], P1","0","0"
"0x7ea99f2e7710","@P3   BRA 0x7ea99f2e7780","0","0"
"0x7ea99f2e7720","      FSETP.NEU.AND P3, PT, RZ, c[0x0][0x184], PT","0","0"
"0x7ea99f2e7730","      FMUL R11, R34, c[0x0][0x180]","0","0"
"0x7ea99f2e7740","@!P3  BRA 0x7ea99f2e7770","0","0"
"0x7ea99f2e7750","      LDG.E R10, [R2.64]","0","0"
"0x7ea99f2e7760","      FFMA R11, R10, c[0x0][0x184], R11","0","0"
"0x7ea99f2e7770","      STG.E [R2.64], R11","0","0"
"0x7ea99f2e7780","      BSYNC B1","0","0"
"0x7ea99f2e7790","      ISETP.GE.OR P3, PT, R6, c[0x0][0x190], P1","0","0"
"0x7ea99f2e77a0","      BSSY B1, 0x7ea99f2e7830","0","0"
"0x7ea99f2e77b0","@P3   BRA 0x7ea99f2e7820","0","0"
"0x7ea99f2e77c0","      FSETP.NEU.AND P3, PT, RZ, c[0x0][0x184], PT","0","0"
"0x7ea99f2e77d0","      FMUL R35, R35, c[0x0][0x180]","0","0"
"0x7ea99f2e77e0","@!P3  BRA 0x7ea99f2e7810","0","0"
"0x7ea99f2e77f0","      LDG.E R10, [R2.64+0x4]","0","0"
"0x7ea99f2e7800","      FFMA R35, R10, c[0x0][0x184], R35","0","0"
"0x7ea99f2e7810","      STG.E [R2.64+0x4], R35","0","0"
"0x7ea99f2e7820","      BSYNC B1","0","0"
"0x7ea99f2e7830","      ISETP.GE.OR P3, PT, R14, c[0x0][0x190], P0","0","0"
"0x7ea99f2e7840","      BSSY B1, 0x7ea99f2e78d0","0","0"
"0x7ea99f2e7850","@P3   BRA 0x7ea99f2e78c0","0","0"
"0x7ea99f2e7860","      FSETP.NEU.AND P3, PT, RZ, c[0x0][0x184], PT","0","0"
"0x7ea99f2e7870","      FMUL R11, R92, c[0x0][0x180]","0","0"
"0x7ea99f2e7880","@!P3  BRA 0x7ea99f2e78b0","0","0"
"0x7ea99f2e7890","      LDG.E R10, [R4.64+0x20]","0","0"
"0x7ea99f2e78a0","      FFMA R11, R10, c[0x0][0x184], R11","0","0"
"0x7ea99f2e78b0","      STG.E [R4.64+0x20], R11","0","0"
"0x7ea99f2e78c0","      BSYNC B1","0","0"
"0x7ea99f2e78d0","      ISETP.GE.OR P3, PT, R7, c[0x0][0x190], P0","0","0"
"0x7ea99f2e78e0","      BSSY B1, 0x7ea99f2e7970","0","0"
"0x7ea99f2e78f0","@P3   BRA 0x7ea99f2e7960","0","0"
"0x7ea99f2e7900","      FSETP.NEU.AND P3, PT, RZ, c[0x0][0x184], PT","0","0"
"0x7ea99f2e7910","      FMUL R93, R93, c[0x0][0x180]","0","0"
"0x7ea99f2e7920","@!P3  BRA 0x7ea99f2e7950","0","0"
"0x7ea99f2e7930","      LDG.E R10, [R4.64+0x24]","0","0"
"0x7ea99f2e7940","      FFMA R93, R10, c[0x0][0x184], R93","0","0"
"0x7ea99f2e7950","      STG.E [R4.64+0x24], R93","0","0"
"0x7ea99f2e7960","      BSYNC B1","0","0"
"0x7ea99f2e7970","      ISETP.GE.OR P3, PT, R14, c[0x0][0x190], P1","0","0"
"0x7ea99f2e7980","      BSSY B1, 0x7ea99f2e7a10","0","0"
"0x7ea99f2e7990","@P3   BRA 0x7ea99f2e7a00","0","0"
"0x7ea99f2e79a0","      FSETP.NEU.AND P3, PT, RZ, c[0x0][0x184], PT","0","0"
"0x7ea99f2e79b0","      FMUL R11, R94, c[0x0][0x180]","0","0"
"0x7ea99f2e79c0","@!P3  BRA 0x7ea99f2e79f0","0","0"
"0x7ea99f2e79d0","      LDG.E R10, [R2.64+0x20]","0","0"
"0x7ea99f2e79e0","      FFMA R11, R10, c[0x0][0x184], R11","0","0"
"0x7ea99f2e79f0","      STG.E [R2.64+0x20], R11","0","0"
"0x7ea99f2e7a00","      BSYNC B1","0","0"
"0x7ea99f2e7a10","      ISETP.GE.OR P3, PT, R7, c[0x0][0x190], P1","0","0"
"0x7ea99f2e7a20","      BSSY B1, 0x7ea99f2e7ab0","0","0"
"0x7ea99f2e7a30","@P3   BRA 0x7ea99f2e7aa0","0","0"
"0x7ea99f2e7a40","      FSETP.NEU.AND P3, PT, RZ, c[0x0][0x184], PT","0","0"
"0x7ea99f2e7a50","      FMUL R95, R95, c[0x0][0x180]","0","0"
"0x7ea99f2e7a60","@!P3  BRA 0x7ea99f2e7a90","0","0"
"0x7ea99f2e7a70","      LDG.E R10, [R2.64+0x24]","0","0"
"0x7ea99f2e7a80","      FFMA R95, R10, c[0x0][0x184], R95","0","0"
"0x7ea99f2e7a90","      STG.E [R2.64+0x24], R95","0","0"
"0x7ea99f2e7aa0","      BSYNC B1","0","0"
"0x7ea99f2e7ab0","      ISETP.GE.OR P3, PT, R15, c[0x0][0x190], P0","0","0"
"0x7ea99f2e7ac0","      BSSY B1, 0x7ea99f2e7b50","0","0"
"0x7ea99f2e7ad0","@P3   BRA 0x7ea99f2e7b40","0","0"
"0x7ea99f2e7ae0","      FSETP.NEU.AND P3, PT, RZ, c[0x0][0x184], PT","0","0"
"0x7ea99f2e7af0","      FMUL R11, R96, c[0x0][0x180]","0","0"
"0x7ea99f2e7b00","@!P3  BRA 0x7ea99f2e7b30","0","0"
"0x7ea99f2e7b10","      LDG.E R10, [R4.64+0x40]","0","0"
"0x7ea99f2e7b20","      FFMA R11, R10, c[0x0][0x184], R11","0","0"
"0x7ea99f2e7b30","      STG.E [R4.64+0x40], R11","0","0"
"0x7ea99f2e7b40","      BSYNC B1","0","0"
"0x7ea99f2e7b50","      ISETP.GE.OR P3, PT, R8, c[0x0][0x190], P0","0","0"
"0x7ea99f2e7b60","      BSSY B1, 0x7ea99f2e7bf0","0","0"
"0x7ea99f2e7b70","@P3   BRA 0x7ea99f2e7be0","0","0"
"0x7ea99f2e7b80","      FSETP.NEU.AND P3, PT, RZ, c[0x0][0x184], PT","0","0"
"0x7ea99f2e7b90","      FMUL R97, R97, c[0x0][0x180]","0","0"
"0x7ea99f2e7ba0","@!P3  BRA 0x7ea99f2e7bd0","0","0"
"0x7ea99f2e7bb0","      LDG.E R10, [R4.64+0x44]","0","0"
"0x7ea99f2e7bc0","      FFMA R97, R10, c[0x0][0x184], R97","0","0"
"0x7ea99f2e7bd0","      STG.E [R4.64+0x44], R97","0","0"
"0x7ea99f2e7be0","      BSYNC B1","0","0"
"0x7ea99f2e7bf0","      ISETP.GE.OR P3, PT, R15, c[0x0][0x190], P1","0","0"
"0x7ea99f2e7c00","      BSSY B1, 0x7ea99f2e7c90","0","0"
"0x7ea99f2e7c10","@P3   BRA 0x7ea99f2e7c80","0","0"
"0x7ea99f2e7c20","      FSETP.NEU.AND P3, PT, RZ, c[0x0][0x184], PT","0","0"
"0x7ea99f2e7c30","      FMUL R11, R98, c[0x0][0x180]","0","0"
"0x7ea99f2e7c40","@!P3  BRA 0x7ea99f2e7c70","0","0"
"0x7ea99f2e7c50","      LDG.E R10, [R2.64+0x40]","0","0"
"0x7ea99f2e7c60","      FFMA R11, R10, c[0x0][0x184], R11","0","0"
"0x7ea99f2e7c70","      STG.E [R2.64+0x40], R11","0","0"
"0x7ea99f2e7c80","      BSYNC B1","0","0"
"0x7ea99f2e7c90","      ISETP.GE.OR P3, PT, R8, c[0x0][0x190], P1","0","0"
"0x7ea99f2e7ca0","      BSSY B1, 0x7ea99f2e7d30","0","0"
"0x7ea99f2e7cb0","@P3   BRA 0x7ea99f2e7d20","0","0"
"0x7ea99f2e7cc0","      FSETP.NEU.AND P3, PT, RZ, c[0x0][0x184], PT","0","0"
"0x7ea99f2e7cd0","      FMUL R99, R99, c[0x0][0x180]","0","0"
"0x7ea99f2e7ce0","@!P3  BRA 0x7ea99f2e7d10","0","0"
"0x7ea99f2e7cf0","      LDG.E R10, [R2.64+0x44]","0","0"
"0x7ea99f2e7d00","      FFMA R99, R10, c[0x0][0x184], R99","0","0"
"0x7ea99f2e7d10","      STG.E [R2.64+0x44], R99","0","0"
"0x7ea99f2e7d20","      BSYNC B1","0","0"
"0x7ea99f2e7d30","      ISETP.GE.OR P3, PT, R16, c[0x0][0x190], P0","0","0"
"0x7ea99f2e7d40","      BSSY B1, 0x7ea99f2e7dd0","0","0"
"0x7ea99f2e7d50","@P3   BRA 0x7ea99f2e7dc0","0","0"
"0x7ea99f2e7d60","      FSETP.NEU.AND P3, PT, RZ, c[0x0][0x184], PT","0","0"
"0x7ea99f2e7d70","      FMUL R11, R20, c[0x0][0x180]","0","0"
"0x7ea99f2e7d80","@!P3  BRA 0x7ea99f2e7db0","0","0"
"0x7ea99f2e7d90","      LDG.E R10, [R4.64+0x60]","0","0"
"0x7ea99f2e7da0","      FFMA R11, R10, c[0x0][0x184], R11","0","0"
"0x7ea99f2e7db0","      STG.E [R4.64+0x60], R11","0","0"
"0x7ea99f2e7dc0","      BSYNC B1","0","0"
"0x7ea99f2e7dd0","      ISETP.GE.OR P0, PT, R9, c[0x0][0x190], P0","0","0"
"0x7ea99f2e7de0","      BSSY B1, 0x7ea99f2e7e70","0","0"
"0x7ea99f2e7df0","@P0   BRA 0x7ea99f2e7e60","0","0"
"0x7ea99f2e7e00","      FSETP.NEU.AND P0, PT, RZ, c[0x0][0x184], PT","0","0"
"0x7ea99f2e7e10","      FMUL R21, R21, c[0x0][0x180]","0","0"
"0x7ea99f2e7e20","@!P0  BRA 0x7ea99f2e7e50","0","0"
"0x7ea99f2e7e30","      LDG.E R10, [R4.64+0x64]","0","0"
"0x7ea99f2e7e40","      FFMA R21, R10, c[0x0][0x184], R21","0","0"
"0x7ea99f2e7e50","      STG.E [R4.64+0x64], R21","0","0"
"0x7ea99f2e7e60","      BSYNC B1","0","0"
"0x7ea99f2e7e70","      ISETP.GE.OR P0, PT, R16, c[0x0][0x190], P1","0","0"
"0x7ea99f2e7e80","      BSSY B1, 0x7ea99f2e7f10","0","0"
"0x7ea99f2e7e90","@P0   BRA 0x7ea99f2e7f00","0","0"
"0x7ea99f2e7ea0","      FSETP.NEU.AND P0, PT, RZ, c[0x0][0x184], PT","0","0"
"0x7ea99f2e7eb0","      FMUL R5, R22, c[0x0][0x180]","0","0"
"0x7ea99f2e7ec0","@!P0  BRA 0x7ea99f2e7ef0","0","0"
"0x7ea99f2e7ed0","      LDG.E R4, [R2.64+0x60]","0","0"
"0x7ea99f2e7ee0","      FFMA R5, R4, c[0x0][0x184], R5","0","0"
"0x7ea99f2e7ef0","      STG.E [R2.64+0x60], R5","0","0"
"0x7ea99f2e7f00","      BSYNC B1","0","0"
"0x7ea99f2e7f10","      ISETP.GE.OR P1, PT, R9, c[0x0][0x190], P1","0","0"
"0x7ea99f2e7f20","@P1   BRA 0x7ea99f2e89d0","0","0"
"0x7ea99f2e7f30","      FSETP.NEU.AND P0, PT, RZ, c[0x0][0x184], PT","0","0"
"0x7ea99f2e7f40","      FMUL R23, R23, c[0x0][0x180]","0","0"
"0x7ea99f2e7f50","@!P0  BRA 0x7ea99f2e7f80","0","0"
"0x7ea99f2e7f60","      LDG.E R4, [R2.64+0x64]","0","0"
"0x7ea99f2e7f70","      FFMA R23, R4, c[0x0][0x184], R23","0","0"
"0x7ea99f2e7f80","      STG.E [R2.64+0x64], R23","0","0"
"0x7ea99f2e7f90","      BRA 0x7ea99f2e89d0","0","0"
"0x7ea99f2e7fa0","      FSETP.NEU.AND P0, PT, RZ, c[0x0][0x184], PT","0","0"
"0x7ea99f2e7fb0","      BSSY B1, 0x7ea99f2e8240","0","0"
"0x7ea99f2e7fc0","@P0   BRA 0x7ea99f2e8080","0","0"
"0x7ea99f2e7fd0","      ISETP.GE.AND P3, PT, R6, c[0x0][0x190], PT","0","0"
"0x7ea99f2e7fe0","@P6   STG.E [R4.64], R32","0","0"
"0x7ea99f2e7ff0","      ISETP.GE.AND P0, PT, R19, c[0x0][0x188], PT","0","0"
"0x7ea99f2e8000","      ISETP.GE.OR P3, PT, R17, c[0x0][0x188], P3","0","0"
"0x7ea99f2e8010","      ISETP.GE.OR P4, PT, R140, c[0x0][0x190], P0","0","0"
"0x7ea99f2e8020","@!P3  STG.E [R4.64+0x4], R33","0","0"
"0x7ea99f2e8030","      ISETP.GE.OR P3, PT, R6, c[0x0][0x190], P0","0","0"
"0x7ea99f2e8040","@!P4  STG.E [R2.64], R34","0","0"
"0x7ea99f2e8050","@P3   BRA 0x7ea99f2e8230","0","0"
"0x7ea99f2e8060","      STG.E [R2.64+0x4], R35","0","0"
"0x7ea99f2e8070","      BRA 0x7ea99f2e8230","0","0"
"0x7ea99f2e8080","      ISETP.GE.AND P3, PT, R6, c[0x0][0x190], PT","0","0"
"0x7ea99f2e8090","      BSSY B2, 0x7ea99f2e8130","0","0"
"0x7ea99f2e80a0","      ISETP.GE.AND P0, PT, R19, c[0x0][0x188], PT","0","0"
"0x7ea99f2e80b0","      ISETP.GE.OR P3, PT, R17, c[0x0][0x188], P3","0","0"
"0x7ea99f2e80c0","      ISETP.GE.OR P4, PT, R140, c[0x0][0x190], P0","0","0"
"0x7ea99f2e80d0","      ISETP.GE.OR P5, PT, R6, c[0x0][0x190], P0","0","0"
"0x7ea99f2e80e0","@!P6  BRA 0x7ea99f2e8120","0","0"
"0x7ea99f2e80f0","      LDG.E R11, [R4.64]","0","0"
"0x7ea99f2e8100","      FFMA R11, R11, c[0x0][0x184], R32","0","0"
"0x7ea99f2e8110","      STG.E [R4.64], R11","0","0"
"0x7ea99f2e8120","      BSYNC B2","0","0"
"0x7ea99f2e8130","      BSSY B2, 0x7ea99f2e8190","0","0"
"0x7ea99f2e8140","@P3   BRA 0x7ea99f2e8180","0","0"
"0x7ea99f2e8150","      LDG.E R10, [R4.64+0x4]","0","0"
"0x7ea99f2e8160","      FFMA R33, R10, c[0x0][0x184], R33","0","0"
"0x7ea99f2e8170","      STG.E [R4.64+0x4], R33","0","0"
"0x7ea99f2e8180","      BSYNC B2","0","0"
"0x7ea99f2e8190","      BSSY B2, 0x7ea99f2e81f0","0","0"
"0x7ea99f2e81a0","@P4   BRA 0x7ea99f2e81e0","0","0"
"0x7ea99f2e81b0","      LDG.E R11, [R2.64]","0","0"
"0x7ea99f2e81c0","      FFMA R11, R11, c[0x0][0x184], R34","0","0"
"0x7ea99f2e81d0","      STG.E [R2.64], R11","0","0"
"0x7ea99f2e81e0","      BSYNC B2","0","0"
"0x7ea99f2e81f0","@P5   BRA 0x7ea99f2e8230","0","0"
"0x7ea99f2e8200","      LDG.E R10, [R2.64+0x4]","0","0"
"0x7ea99f2e8210","      FFMA R35, R10, c[0x0][0x184], R35","0","0"
"0x7ea99f2e8220","      STG.E [R2.64+0x4], R35","0","0"
"0x7ea99f2e8230","      BSYNC B1","0","0"
"0x7ea99f2e8240","      FSETP.NEU.AND P3, PT, RZ, c[0x0][0x184], PT","0","0"
"0x7ea99f2e8250","      BSSY B1, 0x7ea99f2e84d0","0","0"
"0x7ea99f2e8260","      ISETP.LT.AND P6, PT, R14, c[0x0][0x190], !P1","0","0"
"0x7ea99f2e8270","@P3   BRA 0x7ea99f2e8320","0","0"
"0x7ea99f2e8280","      ISETP.GE.AND P3, PT, R7, c[0x0][0x190], PT","0","0"
"0x7ea99f2e8290","@P6   STG.E [R4.64+0x20], R92","0","0"
"0x7ea99f2e82a0","      ISETP.GE.OR P4, PT, R14, c[0x0][0x190], P0","0","0"
"0x7ea99f2e82b0","      ISETP.GE.OR P3, PT, R17, c[0x0][0x188], P3","0","0"
"0x7ea99f2e82c0","@!P3  STG.E [R4.64+0x24], R93","0","0"
"0x7ea99f2e82d0","      ISETP.GE.OR P3, PT, R7, c[0x0][0x190], P0","0","0"
"0x7ea99f2e82e0","@!P4  STG.E [R2.64+0x20], R94","0","0"
"0x7ea99f2e82f0","@P3   BRA 0x7ea99f2e84c0","0","0"
"0x7ea99f2e8300","      STG.E [R2.64+0x24], R95","0","0"
"0x7ea99f2e8310","      BRA 0x7ea99f2e84c0","0","0"
"0x7ea99f2e8320","      ISETP.GE.AND P4, PT, R7, c[0x0][0x190], PT","0","0"
"0x7ea99f2e8330","      BSSY B2, 0x7ea99f2e83c0","0","0"
"0x7ea99f2e8340","      ISETP.GE.OR P3, PT, R14, c[0x0][0x190], P0","0","0"
"0x7ea99f2e8350","      ISETP.GE.OR P4, PT, R17, c[0x0][0x188], P4","0","0"
"0x7ea99f2e8360","      ISETP.GE.OR P5, PT, R7, c[0x0][0x190], P0","0","0"
"0x7ea99f2e8370","@!P6  BRA 0x7ea99f2e83b0","0","0"
"0x7ea99f2e8380","      LDG.E R11, [R4.64+0x20]","0","0"
"0x7ea99f2e8390","      FFMA R11, R11, c[0x0][0x184], R92","0","0"
"0x7ea99f2e83a0","      STG.E [R4.64+0x20], R11","0","0"
"0x7ea99f2e83b0","      BSYNC B2","0","0"
"0x7ea99f2e83c0","      BSSY B2, 0x7ea99f2e8420","0","0"
"0x7ea99f2e83d0","@P4   BRA 0x7ea99f2e8410","0","0"
"0x7ea99f2e83e0","      LDG.E R10, [R4.64+0x24]","0","0"
"0x7ea99f2e83f0","      FFMA R93, R10, c[0x0][0x184], R93","0","0"
"0x7ea99f2e8400","      STG.E [R4.64+0x24], R93","0","0"
"0x7ea99f2e8410","      BSYNC B2","0","0"
"0x7ea99f2e8420","      BSSY B2, 0x7ea99f2e8480","0","0"
"0x7ea99f2e8430","@P3   BRA 0x7ea99f2e8470","0","0"
"0x7ea99f2e8440","      LDG.E R11, [R2.64+0x20]","0","0"
"0x7ea99f2e8450","      FFMA R11, R11, c[0x0][0x184], R94","0","0"
"0x7ea99f2e8460","      STG.E [R2.64+0x20], R11","0","0"
"0x7ea99f2e8470","      BSYNC B2","0","0"
"0x7ea99f2e8480","@P5   BRA 0x7ea99f2e84c0","0","0"
"0x7ea99f2e8490","      LDG.E R10, [R2.64+0x24]","0","0"
"0x7ea99f2e84a0","      FFMA R95, R10, c[0x0][0x184], R95","0","0"
"0x7ea99f2e84b0","      STG.E [R2.64+0x24], R95","0","0"
"0x7ea99f2e84c0","      BSYNC B1","0","0"
"0x7ea99f2e84d0","      FSETP.NEU.AND P3, PT, RZ, c[0x0][0x184], PT","0","0"
"0x7ea99f2e84e0","      BSSY B1, 0x7ea99f2e8760","0","0"
"0x7ea99f2e84f0","      ISETP.LT.AND P6, PT, R15, c[0x0][0x190], !P1","0","0"
"0x7ea99f2e8500","@P3   BRA 0x7ea99f2e85b0","0","0"
"0x7ea99f2e8510","      ISETP.GE.AND P3, PT, R8, c[0x0][0x190], PT","0","0"
"0x7ea99f2e8520","@P6   STG.E [R4.64+0x40], R96","0","0"
"0x7ea99f2e8530","      ISETP.GE.OR P4, PT, R15, c[0x0][0x190], P0","0","0"
"0x7ea99f2e8540","      ISETP.GE.OR P3, PT, R17, c[0x0][0x188], P3","0","0"
"0x7ea99f2e8550","@!P3  STG.E [R4.64+0x44], R97","0","0"
"0x7ea99f2e8560","      ISETP.GE.OR P3, PT, R8, c[0x0][0x190], P0","0","0"
"0x7ea99f2e8570","@!P4  STG.E [R2.64+0x40], R98","0","0"
"0x7ea99f2e8580","@P3   BRA 0x7ea99f2e8750","0","0"
"0x7ea99f2e8590","      STG.E [R2.64+0x44], R99","0","0"
"0x7ea99f2e85a0","      BRA 0x7ea99f2e8750","0","0"
"0x7ea99f2e85b0","      ISETP.GE.AND P4, PT, R8, c[0x0][0x190], PT","0","0"
"0x7ea99f2e85c0","      BSSY B2, 0x7ea99f2e8650","0","0"
"0x7ea99f2e85d0","      ISETP.GE.OR P3, PT, R15, c[0x0][0x190], P0","0","0"
"0x7ea99f2e85e0","      ISETP.GE.OR P4, PT, R17, c[0x0][0x188], P4","0","0"
"0x7ea99f2e85f0","      ISETP.GE.OR P5, PT, R8, c[0x0][0x190], P0","0","0"
"0x7ea99f2e8600","@!P6  BRA 0x7ea99f2e8640","0","0"
"0x7ea99f2e8610","      LDG.E R11, [R4.64+0x40]","0","0"
"0x7ea99f2e8620","      FFMA R11, R11, c[0x0][0x184], R96","0","0"
"0x7ea99f2e8630","      STG.E [R4.64+0x40], R11","0","0"
"0x7ea99f2e8640","      BSYNC B2","0","0"
"0x7ea99f2e8650","      BSSY B2, 0x7ea99f2e86b0","0","0"
"0x7ea99f2e8660","@P4   BRA 0x7ea99f2e86a0","0","0"
"0x7ea99f2e8670","      LDG.E R10, [R4.64+0x44]","0","0"
"0x7ea99f2e8680","      FFMA R97, R10, c[0x0][0x184], R97","0","0"
"0x7ea99f2e8690","      STG.E [R4.64+0x44], R97","0","0"
"0x7ea99f2e86a0","      BSYNC B2","0","0"
"0x7ea99f2e86b0","      BSSY B2, 0x7ea99f2e8710","0","0"
"0x7ea99f2e86c0","@P3   BRA 0x7ea99f2e8700","0","0"
"0x7ea99f2e86d0","      LDG.E R11, [R2.64+0x40]","0","0"
"0x7ea99f2e86e0","      FFMA R11, R11, c[0x0][0x184], R98","0","0"
"0x7ea99f2e86f0","      STG.E [R2.64+0x40], R11","0","0"
"0x7ea99f2e8700","      BSYNC B2","0","0"
"0x7ea99f2e8710","@P5   BRA 0x7ea99f2e8750","0","0"
"0x7ea99f2e8720","      LDG.E R10, [R2.64+0x44]","0","0"
"0x7ea99f2e8730","      FFMA R99, R10, c[0x0][0x184], R99","0","0"
"0x7ea99f2e8740","      STG.E [R2.64+0x44], R99","0","0"
"0x7ea99f2e8750","      BSYNC B1","0","0"
"0x7ea99f2e8760","      FSETP.NEU.AND P3, PT, RZ, c[0x0][0x184], PT","0","0"
"0x7ea99f2e8770","      ISETP.LT.AND P1, PT, R16, c[0x0][0x190], !P1","0","0"
"0x7ea99f2e8780","@P3   BRA 0x7ea99f2e8830","0","0"
"0x7ea99f2e8790","      ISETP.GE.AND P3, PT, R9, c[0x0][0x190], PT","0","0"
"0x7ea99f2e87a0","@P1   STG.E [R4.64+0x60], R20","0","0"
"0x7ea99f2e87b0","      ISETP.GE.OR P4, PT, R16, c[0x0][0x190], P0","0","0"
"0x7ea99f2e87c0","      ISETP.GE.OR P3, PT, R17, c[0x0][0x188], P3","0","0"
"0x7ea99f2e87d0","      ISETP.GE.OR P0, PT, R9, c[0x0][0x190], P0","0","0"
"0x7ea99f2e87e0","@!P3  STG.E [R4.64+0x64], R21","0","0"
"0x7ea99f2e87f0","@!P4  STG.E [R2.64+0x60], R22","0","0"
"0x7ea99f2e8800","@P0   BRA 0x7ea99f2e89d0","0","0"
"0x7ea99f2e8810","      STG.E [R2.64+0x64], R23","0","0"
"0x7ea99f2e8820","      BRA 0x7ea99f2e89d0","0","0"
"0x7ea99f2e8830","      ISETP.GE.AND P3, PT, R9, c[0x0][0x190], PT","0","0"
"0x7ea99f2e8840","      BSSY B1, 0x7ea99f2e88d0","0","0"
"0x7ea99f2e8850","      ISETP.GE.OR P4, PT, R16, c[0x0][0x190], P0","0","0"
"0x7ea99f2e8860","      ISETP.GE.OR P0, PT, R9, c[0x0][0x190], P0","0","0"
"0x7ea99f2e8870","      ISETP.GE.OR P3, PT, R17, c[0x0][0x188], P3","0","0"
"0x7ea99f2e8880","@!P1  BRA 0x7ea99f2e88c0","0","0"
"0x7ea99f2e8890","      LDG.E R11, [R4.64+0x60]","0","0"
"0x7ea99f2e88a0","      FFMA R11, R11, c[0x0][0x184], R20","0","0"
"0x7ea99f2e88b0","      STG.E [R4.64+0x60], R11","0","0"
"0x7ea99f2e88c0","      BSYNC B1","0","0"
"0x7ea99f2e88d0","      BSSY B1, 0x7ea99f2e8930","0","0"
"0x7ea99f2e88e0","@P3   BRA 0x7ea99f2e8920","0","0"
"0x7ea99f2e88f0","      LDG.E R10, [R4.64+0x64]","0","0"
"0x7ea99f2e8900","      FFMA R21, R10, c[0x0][0x184], R21","0","0"
"0x7ea99f2e8910","      STG.E [R4.64+0x64], R21","0","0"
"0x7ea99f2e8920","      BSYNC B1","0","0"
"0x7ea99f2e8930","      BSSY B1, 0x7ea99f2e8990","0","0"
"0x7ea99f2e8940","@P4   BRA 0x7ea99f2e8980","0","0"
"0x7ea99f2e8950","      LDG.E R5, [R2.64+0x60]","0","0"
"0x7ea99f2e8960","      FFMA R5, R5, c[0x0][0x184], R22","0","0"
"0x7ea99f2e8970","      STG.E [R2.64+0x60], R5","0","0"
"0x7ea99f2e8980","      BSYNC B1","0","0"
"0x7ea99f2e8990","@P0   BRA 0x7ea99f2e89d0","0","0"
"0x7ea99f2e89a0","      LDG.E R4, [R2.64+0x64]","0","0"
"0x7ea99f2e89b0","      FFMA R23, R4, c[0x0][0x184], R23","0","0"
"0x7ea99f2e89c0","      STG.E [R2.64+0x64], R23","0","0"
"0x7ea99f2e89d0","      BSYNC B0","0","0"
"0x7ea99f2e89e0","      IADD3 R17, R114, 0x30, RZ","0","0"
"0x7ea99f2e89f0","      IADD3 R19, R114, 0x38, RZ","0","0"
"0x7ea99f2e8a00","      SHF.R.S32.HI R2, RZ, 0x1f, R17","0","0"
"0x7ea99f2e8a10","      IMAD.WIDE.U32 R4, R17, c[0x0][0x19c], R140","0","0"
"0x7ea99f2e8a20","      SHF.R.S32.HI R3, RZ, 0x1f, R19","0","0"
"0x7ea99f2e8a30","      ISETP.GE.AND P1, PT, R17, c[0x0][0x188], PT","0","0"
"0x7ea99f2e8a40","      IMAD R13, R2, c[0x0][0x19c], RZ","0","0"
"0x7ea99f2e8a50","      LEA R12, P0, R4, c[0x0][0x160], 0x2","0","0"
"0x7ea99f2e8a60","      IMAD R3, R3, c[0x0][0x19c], RZ","0","0"
"0x7ea99f2e8a70","      ISETP.LT.AND P4, PT, R140, c[0x0][0x190], !P1","0","0"
"0x7ea99f2e8a80","      IMAD.WIDE.U32 R10, R19, c[0x0][0x19c], R140","0","0"
"0x7ea99f2e8a90","      IMAD R13, R0, R17, R13","0","0"
"0x7ea99f2e8aa0","      LEA R2, P3, R10, c[0x0][0x160], 0x2","0","0"
"0x7ea99f2e8ab0","      IMAD R3, R19, R0, R3","0","0"
"0x7ea99f2e8ac0","      IMAD.IADD R5, R5, 0x1, R13","0","0"
"0x7ea99f2e8ad0","      IMAD.IADD R3, R11, 0x1, R3","0","0"
"0x7ea99f2e8ae0","      LEA.HI.X R13, R4, c[0x0][0x164], R5, 0x2, P0","0","0"
"0x7ea99f2e8af0","      LEA.HI.X R3, R10, c[0x0][0x164], R3, 0x2, P3","0","0"
"0x7ea99f2e8b00","@!P2  BRA 0x7ea99f2e9510","0","0"
"0x7ea99f2e8b10","      BSSY B0, 0x7ea99f2e8ba0","0","0"
"0x7ea99f2e8b20","@!P4  BRA 0x7ea99f2e8b90","0","0"
"0x7ea99f2e8b30","      FSETP.NEU.AND P0, PT, RZ, c[0x0][0x184], PT","0","0"
"0x7ea99f2e8b40","      FMUL R5, R72, c[0x0][0x180]","0","0"
"0x7ea99f2e8b50","@!P0  BRA 0x7ea99f2e8b80","0","0"
"0x7ea99f2e8b60","      LDG.E R0, [R12.64]","0","0"
"0x7ea99f2e8b70","      FFMA R5, R0, c[0x0][0x184], R5","0","0"
"0x7ea99f2e8b80","      STG.E [R12.64], R5","0","0"
"0x7ea99f2e8b90","      BSYNC B0","0","0"
"0x7ea99f2e8ba0","      ISETP.GE.AND P0, PT, R17, c[0x0][0x188], PT","0","0"
"0x7ea99f2e8bb0","      BSSY B0, 0x7ea99f2e8c50","0","0"
"0x7ea99f2e8bc0","      ISETP.GE.OR P1, PT, R6, c[0x0][0x190], P0","0","0"
"0x7ea99f2e8bd0","@P1   BRA 0x7ea99f2e8c40","0","0"
"0x7ea99f2e8be0","      FSETP.NEU.AND P1, PT, RZ, c[0x0][0x184], PT","0","0"
"0x7ea99f2e8bf0","      FMUL R73, R73, c[0x0][0x180]","0","0"
"0x7ea99f2e8c00","@!P1  BRA 0x7ea99f2e8c30","0","0"
"0x7ea99f2e8c10","      LDG.E R0, [R12.64+0x4]","0","0"
"0x7ea99f2e8c20","      FFMA R73, R0, c[0x0][0x184], R73","0","0"
"0x7ea99f2e8c30","      STG.E [R12.64+0x4], R73","0","0"
"0x7ea99f2e8c40","      BSYNC B0","0","0"
"0x7ea99f2e8c50","      ISETP.GE.AND P1, PT, R19, c[0x0][0x188], PT","0","0"
"0x7ea99f2e8c60","      BSSY B0, 0x7ea99f2e8d00","0","0"
"0x7ea99f2e8c70","      ISETP.GE.OR P2, PT, R140, c[0x0][0x190], P1","0","0"
"0x7ea99f2e8c80","@P2   BRA 0x7ea99f2e8cf0","0","0"
"0x7ea99f2e8c90","      FSETP.NEU.AND P2, PT, RZ, c[0x0][0x184], PT","0","0"
"0x7ea99f2e8ca0","      FMUL R5, R74, c[0x0][0x180]","0","0"
"0x7ea99f2e8cb0","@!P2  BRA 0x7ea99f2e8ce0","0","0"
"0x7ea99f2e8cc0","      LDG.E R0, [R2.64]","0","0"
"0x7ea99f2e8cd0","      FFMA R5, R0, c[0x0][0x184], R5","0","0"
"0x7ea99f2e8ce0","      STG.E [R2.64], R5","0","0"
"0x7ea99f2e8cf0","      BSYNC B0","0","0"
"0x7ea99f2e8d00","      ISETP.GE.OR P2, PT, R6, c[0x0][0x190], P1","0","0"
"0x7ea99f2e8d10","      BSSY B0, 0x7ea99f2e8da0","0","0"
"0x7ea99f2e8d20","@P2   BRA 0x7ea99f2e8d90","0","0"
"0x7ea99f2e8d30","      FSETP.NEU.AND P2, PT, RZ, c[0x0][0x184], PT","0","0"
"0x7ea99f2e8d40","      FMUL R75, R75, c[0x0][0x180]","0","0"
"0x7ea99f2e8d50","@!P2  BRA 0x7ea99f2e8d80","0","0"
"0x7ea99f2e8d60","      LDG.E R0, [R2.64+0x4]","0","0"
"0x7ea99f2e8d70","      FFMA R75, R0, c[0x0][0x184], R75","0","0"
"0x7ea99f2e8d80","      STG.E [R2.64+0x4], R75","0","0"
"0x7ea99f2e8d90","      BSYNC B0","0","0"
"0x7ea99f2e8da0","      ISETP.GE.OR P2, PT, R14, c[0x0][0x190], P0","0","0"
"0x7ea99f2e8db0","      BSSY B0, 0x7ea99f2e8e40","0","0"
"0x7ea99f2e8dc0","@P2   BRA 0x7ea99f2e8e30","0","0"
"0x7ea99f2e8dd0","      FSETP.NEU.AND P2, PT, RZ, c[0x0][0x184], PT","0","0"
"0x7ea99f2e8de0","      FMUL R5, R76, c[0x0][0x180]","0","0"
"0x7ea99f2e8df0","@!P2  BRA 0x7ea99f2e8e20","0","0"
"0x7ea99f2e8e00","      LDG.E R0, [R12.64+0x20]","0","0"
"0x7ea99f2e8e10","      FFMA R5, R0, c[0x0][0x184], R5","0","0"
"0x7ea99f2e8e20","      STG.E [R12.64+0x20], R5","0","0"
"0x7ea99f2e8e30","      BSYNC B0","0","0"
"0x7ea99f2e8e40","      ISETP.GE.OR P2, PT, R7, c[0x0][0x190], P0","0","0"
"0x7ea99f2e8e50","      BSSY B0, 0x7ea99f2e8ee0","0","0"
"0x7ea99f2e8e60","@P2   BRA 0x7ea99f2e8ed0","0","0"
"0x7ea99f2e8e70","      FSETP.NEU.AND P2, PT, RZ, c[0x0][0x184], PT","0","0"
"0x7ea99f2e8e80","      FMUL R77, R77, c[0x0][0x180]","0","0"
"0x7ea99f2e8e90","@!P2  BRA 0x7ea99f2e8ec0","0","0"
"0x7ea99f2e8ea0","      LDG.E R0, [R12.64+0x24]","0","0"
"0x7ea99f2e8eb0","      FFMA R77, R0, c[0x0][0x184], R77","0","0"
"0x7ea99f2e8ec0","      STG.E [R12.64+0x24], R77","0","0"
"0x7ea99f2e8ed0","      BSYNC B0","0","0"
"0x7ea99f2e8ee0","      ISETP.GE.OR P2, PT, R14, c[0x0][0x190], P1","0","0"
"0x7ea99f2e8ef0","      BSSY B0, 0x7ea99f2e8f80","0","0"
"0x7ea99f2e8f00","@P2   BRA 0x7ea99f2e8f70","0","0"
"0x7ea99f2e8f10","      FSETP.NEU.AND P2, PT, RZ, c[0x0][0x184], PT","0","0"
"0x7ea99f2e8f20","      FMUL R5, R78, c[0x0][0x180]","0","0"
"0x7ea99f2e8f30","@!P2  BRA 0x7ea99f2e8f60","0","0"
"0x7ea99f2e8f40","      LDG.E R0, [R2.64+0x20]","0","0"
"0x7ea99f2e8f50","      FFMA R5, R0, c[0x0][0x184], R5","0","0"
"0x7ea99f2e8f60","      STG.E [R2.64+0x20], R5","0","0"
"0x7ea99f2e8f70","      BSYNC B0","0","0"
"0x7ea99f2e8f80","      ISETP.GE.OR P2, PT, R7, c[0x0][0x190], P1","0","0"
"0x7ea99f2e8f90","      BSSY B0, 0x7ea99f2e9020","0","0"
"0x7ea99f2e8fa0","@P2   BRA 0x7ea99f2e9010","0","0"
"0x7ea99f2e8fb0","      FSETP.NEU.AND P2, PT, RZ, c[0x0][0x184], PT","0","0"
"0x7ea99f2e8fc0","      FMUL R79, R79, c[0x0][0x180]","0","0"
"0x7ea99f2e8fd0","@!P2  BRA 0x7ea99f2e9000","0","0"
"0x7ea99f2e8fe0","      LDG.E R0, [R2.64+0x24]","0","0"
"0x7ea99f2e8ff0","      FFMA R79, R0, c[0x0][0x184], R79","0","0"
"0x7ea99f2e9000","      STG.E [R2.64+0x24], R79","0","0"
"0x7ea99f2e9010","      BSYNC B0","0","0"
"0x7ea99f2e9020","      ISETP.GE.OR P2, PT, R15, c[0x0][0x190], P0","0","0"
"0x7ea99f2e9030","      BSSY B0, 0x7ea99f2e90c0","0","0"
"0x7ea99f2e9040","@P2   BRA 0x7ea99f2e90b0","0","0"
"0x7ea99f2e9050","      FSETP.NEU.AND P2, PT, RZ, c[0x0][0x184], PT","0","0"
"0x7ea99f2e9060","      FMUL R5, R80, c[0x0][0x180]","0","0"
"0x7ea99f2e9070","@!P2  BRA 0x7ea99f2e90a0","0","0"
"0x7ea99f2e9080","      LDG.E R0, [R12.64+0x40]","0","0"
"0x7ea99f2e9090","      FFMA R5, R0, c[0x0][0x184], R5","0","0"
"0x7ea99f2e90a0","      STG.E [R12.64+0x40], R5","0","0"
"0x7ea99f2e90b0","      BSYNC B0","0","0"
"0x7ea99f2e90c0","      ISETP.GE.OR P2, PT, R8, c[0x0][0x190], P0","0","0"
"0x7ea99f2e90d0","      BSSY B0, 0x7ea99f2e9160","0","0"
"0x7ea99f2e90e0","@P2   BRA 0x7ea99f2e9150","0","0"
"0x7ea99f2e90f0","      FSETP.NEU.AND P2, PT, RZ, c[0x0][0x184], PT","0","0"
"0x7ea99f2e9100","      FMUL R81, R81, c[0x0][0x180]","0","0"
"0x7ea99f2e9110","@!P2  BRA 0x7ea99f2e9140","0","0"
"0x7ea99f2e9120","      LDG.E R0, [R12.64+0x44]","0","0"
"0x7ea99f2e9130","      FFMA R81, R0, c[0x0][0x184], R81","0","0"
"0x7ea99f2e9140","      STG.E [R12.64+0x44], R81","0","0"
"0x7ea99f2e9150","      BSYNC B0","0","0"
"0x7ea99f2e9160","      ISETP.GE.OR P2, PT, R15, c[0x0][0x190], P1","0","0"
"0x7ea99f2e9170","      BSSY B0, 0x7ea99f2e9200","0","0"
"0x7ea99f2e9180","@P2   BRA 0x7ea99f2e91f0","0","0"
"0x7ea99f2e9190","      FSETP.NEU.AND P2, PT, RZ, c[0x0][0x184], PT","0","0"
"0x7ea99f2e91a0","      FMUL R5, R82, c[0x0][0x180]","0","0"
"0x7ea99f2e91b0","@!P2  BRA 0x7ea99f2e91e0","0","0"
"0x7ea99f2e91c0","      LDG.E R0, [R2.64+0x40]","0","0"
"0x7ea99f2e91d0","      FFMA R5, R0, c[0x0][0x184], R5","0","0"
"0x7ea99f2e91e0","      STG.E [R2.64+0x40], R5","0","0"
"0x7ea99f2e91f0","      BSYNC B0","0","0"
"0x7ea99f2e9200","      ISETP.GE.OR P2, PT, R8, c[0x0][0x190], P1","0","0"
"0x7ea99f2e9210","      BSSY B0, 0x7ea99f2e92a0","0","0"
"0x7ea99f2e9220","@P2   BRA 0x7ea99f2e9290","0","0"
"0x7ea99f2e9230","      FSETP.NEU.AND P2, PT, RZ, c[0x0][0x184], PT","0","0"
"0x7ea99f2e9240","      FMUL R83, R83, c[0x0][0x180]","0","0"
"0x7ea99f2e9250","@!P2  BRA 0x7ea99f2e9280","0","0"
"0x7ea99f2e9260","      LDG.E R0, [R2.64+0x44]","0","0"
"0x7ea99f2e9270","      FFMA R83, R0, c[0x0][0x184], R83","0","0"
"0x7ea99f2e9280","      STG.E [R2.64+0x44], R83","0","0"
"0x7ea99f2e9290","      BSYNC B0","0","0"
"0x7ea99f2e92a0","      ISETP.GE.OR P2, PT, R16, c[0x0][0x190], P0","0","0"
"0x7ea99f2e92b0","      BSSY B0, 0x7ea99f2e9340","0","0"
"0x7ea99f2e92c0","@P2   BRA 0x7ea99f2e9330","0","0"
"0x7ea99f2e92d0","      FSETP.NEU.AND P2, PT, RZ, c[0x0][0x184], PT","0","0"
"0x7ea99f2e92e0","      FMUL R5, R84, c[0x0][0x180]","0","0"
"0x7ea99f2e92f0","@!P2  BRA 0x7ea99f2e9320","0","0"
"0x7ea99f2e9300","      LDG.E R0, [R12.64+0x60]","0","0"
"0x7ea99f2e9310","      FFMA R5, R0, c[0x0][0x184], R5","0","0"
"0x7ea99f2e9320","      STG.E [R12.64+0x60], R5","0","0"
"0x7ea99f2e9330","      BSYNC B0","0","0"
"0x7ea99f2e9340","      ISETP.GE.OR P0, PT, R9, c[0x0][0x190], P0","0","0"
"0x7ea99f2e9350","      BSSY B0, 0x7ea99f2e93e0","0","0"
"0x7ea99f2e9360","@P0   BRA 0x7ea99f2e93d0","0","0"
"0x7ea99f2e9370","      FSETP.NEU.AND P0, PT, RZ, c[0x0][0x184], PT","0","0"
"0x7ea99f2e9380","      FMUL R85, R85, c[0x0][0x180]","0","0"
"0x7ea99f2e9390","@!P0  BRA 0x7ea99f2e93c0","0","0"
"0x7ea99f2e93a0","      LDG.E R0, [R12.64+0x64]","0","0"
"0x7ea99f2e93b0","      FFMA R85, R0, c[0x0][0x184], R85","0","0"
"0x7ea99f2e93c0","      STG.E [R12.64+0x64], R85","0","0"
"0x7ea99f2e93d0","      BSYNC B0","0","0"
"0x7ea99f2e93e0","      ISETP.GE.OR P0, PT, R16, c[0x0][0x190], P1","0","0"
"0x7ea99f2e93f0","      BSSY B0, 0x7ea99f2e9480","0","0"
"0x7ea99f2e9400","@P0   BRA 0x7ea99f2e9470","0","0"
"0x7ea99f2e9410","      FSETP.NEU.AND P0, PT, RZ, c[0x0][0x184], PT","0","0"
"0x7ea99f2e9420","      FMUL R5, R86, c[0x0][0x180]","0","0"
"0x7ea99f2e9430","@!P0  BRA 0x7ea99f2e9460","0","0"
"0x7ea99f2e9440","      LDG.E R0, [R2.64+0x60]","0","0"
"0x7ea99f2e9450","      FFMA R5, R0, c[0x0][0x184], R5","0","0"
"0x7ea99f2e9460","      STG.E [R2.64+0x60], R5","0","0"
"0x7ea99f2e9470","      BSYNC B0","0","0"
"0x7ea99f2e9480","      ISETP.GE.OR P1, PT, R9, c[0x0][0x190], P1","0","0"
"0x7ea99f2e9490","@P1   EXIT","0","0"
"0x7ea99f2e94a0","      FSETP.NEU.AND P0, PT, RZ, c[0x0][0x184], PT","0","0"
"0x7ea99f2e94b0","      FMUL R87, R87, c[0x0][0x180]","0","0"
"0x7ea99f2e94c0","@!P0  BRA 0x7ea99f2e94f0","0","0"
"0x7ea99f2e94d0","      LDG.E R0, [R2.64+0x64]","0","0"
"0x7ea99f2e94e0","      FFMA R87, R0, c[0x0][0x184], R87","0","0"
"0x7ea99f2e94f0","      STG.E [R2.64+0x64], R87","0","0"
"0x7ea99f2e9500","      EXIT","0","0"
"0x7ea99f2e9510","      FSETP.NEU.AND P3, PT, RZ, c[0x0][0x184], PT","0","0"
"0x7ea99f2e9520","      BSSY B0, 0x7ea99f2e97b0","0","0"
"0x7ea99f2e9530","@P3   BRA 0x7ea99f2e95f0","0","0"
"0x7ea99f2e9540","      ISETP.GE.AND P2, PT, R6, c[0x0][0x190], PT","0","0"
"0x7ea99f2e9550","@P4   STG.E [R12.64], R72","0","0"
"0x7ea99f2e9560","      ISETP.GE.AND P0, PT, R19, c[0x0][0x188], PT","0","0"
"0x7ea99f2e9570","      ISETP.GE.OR P2, PT, R17, c[0x0][0x188], P2","0","0"
"0x7ea99f2e9580","      ISETP.GE.OR P5, PT, R140, c[0x0][0x190], P0","0","0"
"0x7ea99f2e9590","@!P2  STG.E [R12.64+0x4], R73","0","0"
"0x7ea99f2e95a0","      ISETP.GE.OR P2, PT, R6, c[0x0][0x190], P0","0","0"
"0x7ea99f2e95b0","@!P5  STG.E [R2.64], R74","0","0"
"0x7ea99f2e95c0","@P2   BRA 0x7ea99f2e97a0","0","0"
"0x7ea99f2e95d0","      STG.E [R2.64+0x4], R75","0","0"
"0x7ea99f2e95e0","      BRA 0x7ea99f2e97a0","0","0"
"0x7ea99f2e95f0","      ISETP.GE.AND P0, PT, R19, c[0x0][0x188], PT","0","0"
"0x7ea99f2e9600","      BSSY B1, 0x7ea99f2e96a0","0","0"
"0x7ea99f2e9610","      ISETP.GE.AND P2, PT, R6, c[0x0][0x190], PT","0","0"
"0x7ea99f2e9620","      ISETP.GE.OR P6, PT, R140, c[0x0][0x190], P0","0","0"
"0x7ea99f2e9630","      ISETP.GE.OR P5, PT, R6, c[0x0][0x190], P0","0","0"
"0x7ea99f2e9640","      ISETP.GE.OR P2, PT, R17, c[0x0][0x188], P2","0","0"
"0x7ea99f2e9650","@!P4  BRA 0x7ea99f2e9690","0","0"
"0x7ea99f2e9660","      LDG.E R5, [R12.64]","0","0"
"0x7ea99f2e9670","      FFMA R5, R5, c[0x0][0x184], R72","0","0"
"0x7ea99f2e9680","      STG.E [R12.64], R5","0","0"
"0x7ea99f2e9690","      BSYNC B1","0","0"
"0x7ea99f2e96a0","      BSSY B1, 0x7ea99f2e9700","0","0"
"0x7ea99f2e96b0","@P2   BRA 0x7ea99f2e96f0","0","0"
"0x7ea99f2e96c0","      LDG.E R0, [R12.64+0x4]","0","0"
"0x7ea99f2e96d0","      FFMA R73, R0, c[0x0][0x184], R73","0","0"
"0x7ea99f2e96e0","      STG.E [R12.64+0x4], R73","0","0"
"0x7ea99f2e96f0","      BSYNC B1","0","0"
"0x7ea99f2e9700","      BSSY B1, 0x7ea99f2e9760","0","0"
"0x7ea99f2e9710","@P6   BRA 0x7ea99f2e9750","0","0"
"0x7ea99f2e9720","      LDG.E R5, [R2.64]","0","0"
"0x7ea99f2e9730","      FFMA R5, R5, c[0x0][0x184], R74","0","0"
"0x7ea99f2e9740","      STG.E [R2.64], R5","0","0"
"0x7ea99f2e9750","      BSYNC B1","0","0"
"0x7ea99f2e9760","@P5   BRA 0x7ea99f2e97a0","0","0"
"0x7ea99f2e9770","      LDG.E R0, [R2.64+0x4]","0","0"
"0x7ea99f2e9780","      FFMA R75, R0, c[0x0][0x184], R75","0","0"
"0x7ea99f2e9790","      STG.E [R2.64+0x4], R75","0","0"
"0x7ea99f2e97a0","      BSYNC B0","0","0"
"0x7ea99f2e97b0","      BSSY B0, 0x7ea99f2e9a30","0","0"
"0x7ea99f2e97c0","      ISETP.LT.AND P6, PT, R14, c[0x0][0x190], !P1","0","0"
"0x7ea99f2e97d0","@P3   BRA 0x7ea99f2e9880","0","0"
"0x7ea99f2e97e0","      ISETP.GE.AND P2, PT, R7, c[0x0][0x190], PT","0","0"
"0x7ea99f2e97f0","@P6   STG.E [R12.64+0x20], R76","0","0"
"0x7ea99f2e9800","      ISETP.GE.OR P4, PT, R14, c[0x0][0x190], P0","0","0"
"0x7ea99f2e9810","      ISETP.GE.OR P2, PT, R17, c[0x0][0x188], P2","0","0"
"0x7ea99f2e9820","@!P2  STG.E [R12.64+0x24], R77","0","0"
"0x7ea99f2e9830","      ISETP.GE.OR P2, PT, R7, c[0x0][0x190], P0","0","0"
"0x7ea99f2e9840","@!P4  STG.E [R2.64+0x20], R78","0","0"
"0x7ea99f2e9850","@P2   BRA 0x7ea99f2e9a20","0","0"
"0x7ea99f2e9860","      STG.E [R2.64+0x24], R79","0","0"
"0x7ea99f2e9870","      BRA 0x7ea99f2e9a20","0","0"
"0x7ea99f2e9880","      ISETP.GE.AND P2, PT, R7, c[0x0][0x190], PT","0","0"
"0x7ea99f2e9890","      BSSY B1, 0x7ea99f2e9920","0","0"
"0x7ea99f2e98a0","      ISETP.GE.OR P5, PT, R14, c[0x0][0x190], P0","0","0"
"0x7ea99f2e98b0","      ISETP.GE.OR P4, PT, R7, c[0x0][0x190], P0","0","0"
"0x7ea99f2e98c0","      ISETP.GE.OR P2, PT, R17, c[0x0][0x188], P2","0","0"
"0x7ea99f2e98d0","@!P6  BRA 0x7ea99f2e9910","0","0"
"0x7ea99f2e98e0","      LDG.E R5, [R12.64+0x20]","0","0"
"0x7ea99f2e98f0","      FFMA R5, R5, c[0x0][0x184], R76","0","0"
"0x7ea99f2e9900","      STG.E [R12.64+0x20], R5","0","0"
"0x7ea99f2e9910","      BSYNC B1","0","0"
"0x7ea99f2e9920","      BSSY B1, 0x7ea99f2e9980","0","0"
"0x7ea99f2e9930","@P2   BRA 0x7ea99f2e9970","0","0"
"0x7ea99f2e9940","      LDG.E R0, [R12.64+0x24]","0","0"
"0x7ea99f2e9950","      FFMA R77, R0, c[0x0][0x184], R77","0","0"
"0x7ea99f2e9960","      STG.E [R12.64+0x24], R77","0","0"
"0x7ea99f2e9970","      BSYNC B1","0","0"
"0x7ea99f2e9980","      BSSY B1, 0x7ea99f2e99e0","0","0"
"0x7ea99f2e9990","@P5   BRA 0x7ea99f2e99d0","0","0"
"0x7ea99f2e99a0","      LDG.E R5, [R2.64+0x20]","0","0"
"0x7ea99f2e99b0","      FFMA R5, R5, c[0x0][0x184], R78","0","0"
"0x7ea99f2e99c0","      STG.E [R2.64+0x20], R5","0","0"
"0x7ea99f2e99d0","      BSYNC B1","0","0"
"0x7ea99f2e99e0","@P4   BRA 0x7ea99f2e9a20","0","0"
"0x7ea99f2e99f0","      LDG.E R0, [R2.64+0x24]","0","0"
"0x7ea99f2e9a00","      FFMA R79, R0, c[0x0][0x184], R79","0","0"
"0x7ea99f2e9a10","      STG.E [R2.64+0x24], R79","0","0"
"0x7ea99f2e9a20","      BSYNC B0","0","0"
"0x7ea99f2e9a30","      BSSY B0, 0x7ea99f2e9cb0","0","0"
"0x7ea99f2e9a40","      ISETP.LT.AND P6, PT, R15, c[0x0][0x190], !P1","0","0"
"0x7ea99f2e9a50","@P3   BRA 0x7ea99f2e9b00","0","0"
"0x7ea99f2e9a60","      ISETP.GE.AND P2, PT, R8, c[0x0][0x190], PT","0","0"
"0x7ea99f2e9a70","@P6   STG.E [R12.64+0x40], R80","0","0"
"0x7ea99f2e9a80","      ISETP.GE.OR P4, PT, R15, c[0x0][0x190], P0","0","0"
"0x7ea99f2e9a90","      ISETP.GE.OR P2, PT, R17, c[0x0][0x188], P2","0","0"
"0x7ea99f2e9aa0","@!P2  STG.E [R12.64+0x44], R81","0","0"
"0x7ea99f2e9ab0","      ISETP.GE.OR P2, PT, R8, c[0x0][0x190], P0","0","0"
"0x7ea99f2e9ac0","@!P4  STG.E [R2.64+0x40], R82","0","0"
"0x7ea99f2e9ad0","@P2   BRA 0x7ea99f2e9ca0","0","0"
"0x7ea99f2e9ae0","      STG.E [R2.64+0x44], R83","0","0"
"0x7ea99f2e9af0","      BRA 0x7ea99f2e9ca0","0","0"
"0x7ea99f2e9b00","      ISETP.GE.AND P2, PT, R8, c[0x0][0x190], PT","0","0"
"0x7ea99f2e9b10","      BSSY B1, 0x7ea99f2e9ba0","0","0"
"0x7ea99f2e9b20","      ISETP.GE.OR P5, PT, R15, c[0x0][0x190], P0","0","0"
"0x7ea99f2e9b30","      ISETP.GE.OR P4, PT, R8, c[0x0][0x190], P0","0","0"
"0x7ea99f2e9b40","      ISETP.GE.OR P2, PT, R17, c[0x0][0x188], P2","0","0"
"0x7ea99f2e9b50","@!P6  BRA 0x7ea99f2e9b90","0","0"
"0x7ea99f2e9b60","      LDG.E R5, [R12.64+0x40]","0","0"
"0x7ea99f2e9b70","      FFMA R5, R5, c[0x0][0x184], R80","0","0"
"0x7ea99f2e9b80","      STG.E [R12.64+0x40], R5","0","0"
"0x7ea99f2e9b90","      BSYNC B1","0","0"
"0x7ea99f2e9ba0","      BSSY B1, 0x7ea99f2e9c00","0","0"
"0x7ea99f2e9bb0","@P2   BRA 0x7ea99f2e9bf0","0","0"
"0x7ea99f2e9bc0","      LDG.E R0, [R12.64+0x44]","0","0"
"0x7ea99f2e9bd0","      FFMA R81, R0, c[0x0][0x184], R81","0","0"
"0x7ea99f2e9be0","      STG.E [R12.64+0x44], R81","0","0"
"0x7ea99f2e9bf0","      BSYNC B1","0","0"
"0x7ea99f2e9c00","      BSSY B1, 0x7ea99f2e9c60","0","0"
"0x7ea99f2e9c10","@P5   BRA 0x7ea99f2e9c50","0","0"
"0x7ea99f2e9c20","      LDG.E R5, [R2.64+0x40]","0","0"
"0x7ea99f2e9c30","      FFMA R5, R5, c[0x0][0x184], R82","0","0"
"0x7ea99f2e9c40","      STG.E [R2.64+0x40], R5","0","0"
"0x7ea99f2e9c50","      BSYNC B1","0","0"
"0x7ea99f2e9c60","@P4   BRA 0x7ea99f2e9ca0","0","0"
"0x7ea99f2e9c70","      LDG.E R0, [R2.64+0x44]","0","0"
"0x7ea99f2e9c80","      FFMA R83, R0, c[0x0][0x184], R83","0","0"
"0x7ea99f2e9c90","      STG.E [R2.64+0x44], R83","0","0"
"0x7ea99f2e9ca0","      BSYNC B0","0","0"
"0x7ea99f2e9cb0","      ISETP.LT.AND P1, PT, R16, c[0x0][0x190], !P1","0","0"
"0x7ea99f2e9cc0","@P3   BRA 0x7ea99f2e9d70","0","0"
"0x7ea99f2e9cd0","      ISETP.GE.AND P2, PT, R9, c[0x0][0x190], PT","0","0"
"0x7ea99f2e9ce0","@P1   STG.E [R12.64+0x60], R84","0","0"
"0x7ea99f2e9cf0","      ISETP.GE.OR P3, PT, R16, c[0x0][0x190], P0","0","0"
"0x7ea99f2e9d00","      ISETP.GE.OR P2, PT, R17, c[0x0][0x188], P2","0","0"
"0x7ea99f2e9d10","      ISETP.GE.OR P0, PT, R9, c[0x0][0x190], P0","0","0"
"0x7ea99f2e9d20","@!P2  STG.E [R12.64+0x64], R85","0","0"
"0x7ea99f2e9d30","@!P3  STG.E [R2.64+0x60], R86","0","0"
"0x7ea99f2e9d40","@P0   EXIT","0","0"
"0x7ea99f2e9d50","      STG.E [R2.64+0x64], R87","0","0"
"0x7ea99f2e9d60","      EXIT","0","0"
"0x7ea99f2e9d70","      ISETP.GE.AND P2, PT, R9, c[0x0][0x190], PT","0","0"
"0x7ea99f2e9d80","      BSSY B0, 0x7ea99f2e9e10","0","0"
"0x7ea99f2e9d90","      ISETP.GE.OR P3, PT, R16, c[0x0][0x190], P0","0","0"
"0x7ea99f2e9da0","      ISETP.GE.OR P0, PT, R9, c[0x0][0x190], P0","0","0"
"0x7ea99f2e9db0","      ISETP.GE.OR P2, PT, R17, c[0x0][0x188], P2","0","0"
"0x7ea99f2e9dc0","@!P1  BRA 0x7ea99f2e9e00","0","0"
"0x7ea99f2e9dd0","      LDG.E R5, [R12.64+0x60]","0","0"
"0x7ea99f2e9de0","      FFMA R5, R5, c[0x0][0x184], R84","0","0"
"0x7ea99f2e9df0","      STG.E [R12.64+0x60], R5","0","0"
"0x7ea99f2e9e00","      BSYNC B0","0","0"
"0x7ea99f2e9e10","      BSSY B0, 0x7ea99f2e9e70","0","0"
"0x7ea99f2e9e20","@P2   BRA 0x7ea99f2e9e60","0","0"
"0x7ea99f2e9e30","      LDG.E R0, [R12.64+0x64]","0","0"
"0x7ea99f2e9e40","      FFMA R85, R0, c[0x0][0x184], R85","0","0"
"0x7ea99f2e9e50","      STG.E [R12.64+0x64], R85","0","0"
"0x7ea99f2e9e60","      BSYNC B0","0","0"
"0x7ea99f2e9e70","      BSSY B0, 0x7ea99f2e9ed0","0","0"
"0x7ea99f2e9e80","@P3   BRA 0x7ea99f2e9ec0","0","0"
"0x7ea99f2e9e90","      LDG.E R5, [R2.64+0x60]","0","0"
"0x7ea99f2e9ea0","      FFMA R5, R5, c[0x0][0x184], R86","0","0"
"0x7ea99f2e9eb0","      STG.E [R2.64+0x60], R5","0","0"
"0x7ea99f2e9ec0","      BSYNC B0","0","0"
"0x7ea99f2e9ed0","@P0   EXIT","0","0"
"0x7ea99f2e9ee0","      LDG.E R0, [R2.64+0x64]","0","0"
"0x7ea99f2e9ef0","      FFMA R87, R0, c[0x0][0x184], R87","0","0"
"0x7ea99f2e9f00","      STG.E [R2.64+0x64], R87","0","0"
"0x7ea99f2e9f10","      EXIT","0","0"
"0x7ea99f2e9f20","      S2R R6, SR_TID.X","768","24576"
"0x7ea99f2e9f30","      SHF.R.U32.HI R2, RZ, 0x1, R6","768","24576"
"0x7ea99f2e9f40","      IMAD.SHL.U32 R4, R6, 0x2, RZ","768","24576"
"0x7ea99f2e9f50","      LOP3.LUT R0, R6, 0x1f, RZ, 0xc0, !PT","768","24576"
"0x7ea99f2e9f60","      LOP3.LUT R3, R2, 0x7fffffc0, RZ, 0xc0, !PT","768","24576"
"0x7ea99f2e9f70","      LOP3.LUT R4, R4, 0x6, RZ, 0xc0, !PT","768","24576"
"0x7ea99f2e9f80","      LEA.HI R0, R0, R3, RZ, 0x1e","768","24576"
"0x7ea99f2e9f90","      LOP3.LUT R3, R4, 0x60, R6, 0xf8, !PT","768","24576"
"0x7ea99f2e9fa0","      ISETP.GT.AND P0, PT, R6, 0xfff, PT","768","24576"
"0x7ea99f2e9fb0","      IMAD R0, R0, 0x88, R3","768","24576"
"0x7ea99f2e9fc0","      STS.64 [R0.X4], R68","768","24576"
"0x7ea99f2e9fd0","      STS.64 [R0.X4+0x1100], R70","768","24576"
"0x7ea99f2e9fe0","      STS.64 [R0.X4+0x20], R64","768","24576"
"0x7ea99f2e9ff0","      STS.64 [R0.X4+0x1120], R66","768","24576"
"0x7ea99f2ea000","      STS.64 [R0.X4+0x40], R60","768","24576"
"0x7ea99f2ea010","      STS.64 [R0.X4+0x1140], R62","768","24576"
"0x7ea99f2ea020","      STS.64 [R0.X4+0x60], R52","768","24576"
"0x7ea99f2ea030","      STS.64 [R0.X4+0x1160], R54","768","24576"
"0x7ea99f2ea040","      STS.64 [R0.X4+0x2200], R48","768","24576"
"0x7ea99f2ea050","      STS.64 [R0.X4+0x3300], R50","768","24576"
"0x7ea99f2ea060","      STS.64 [R0.X4+0x2220], R44","768","24576"
"0x7ea99f2ea070","      STS.64 [R0.X4+0x3320], R46","768","24576"
"0x7ea99f2ea080","      STS.64 [R0.X4+0x2240], R40","768","24576"
"0x7ea99f2ea090","      STS.64 [R0.X4+0x3340], R42","768","24576"
"0x7ea99f2ea0a0","      STS.64 [R0.X4+0x2260], R36","768","24576"
"0x7ea99f2ea0b0","      STS.64 [R0.X4+0x3360], R38","768","24576"
"0x7ea99f2ea0c0","      STS.64 [R0.X4+0x4400], R32","768","24576"
"0x7ea99f2ea0d0","      STS.64 [R0.X4+0x5500], R34","768","24576"
"0x7ea99f2ea0e0","      STS.64 [R0.X4+0x4420], R92","768","24576"
"0x7ea99f2ea0f0","      STS.64 [R0.X4+0x5520], R94","768","24576"
"0x7ea99f2ea100","      STS.64 [R0.X4+0x4440], R96","768","24576"
"0x7ea99f2ea110","      STS.64 [R0.X4+0x5540], R98","768","24576"
"0x7ea99f2ea120","      STS.64 [R0.X4+0x4460], R20","768","24576"
"0x7ea99f2ea130","      STS.64 [R0.X4+0x5560], R22","768","24576"
"0x7ea99f2ea140","      STS.64 [R0.X4+0x6600], R72","768","24576"
"0x7ea99f2ea150","      STS.64 [R0.X4+0x7700], R74","768","24576"
"0x7ea99f2ea160","      STS.64 [R0.X4+0x6620], R76","768","24576"
"0x7ea99f2ea170","      STS.64 [R0.X4+0x7720], R78","768","24576"
"0x7ea99f2ea180","      STS.64 [R0.X4+0x6640], R80","768","24576"
"0x7ea99f2ea190","      STS.64 [R0.X4+0x7740], R82","768","24576"
"0x7ea99f2ea1a0","      STS.64 [R0.X4+0x6660], R84","768","24576"
"0x7ea99f2ea1b0","      STS.64 [R0.X4+0x7760], R86","768","24576"
"0x7ea99f2ea1c0","      BAR.SYNC.DEFER_BLOCKING 0x0","768","24576"
"0x7ea99f2ea1d0","@P0   EXIT","768","0"
"0x7ea99f2ea1e0","      IMAD.MOV.U32 R0, RZ, RZ, c[0x0][0x180]","768","24576"
"0x7ea99f2ea1f0","      IMNMX R3, R6, 0xf00, !PT","768","24576"
"0x7ea99f2ea200","      FSETP.NEU.AND P0, PT, R0, 1, PT","768","24576"
"0x7ea99f2ea210","      IADD3 R20, -R6, 0xff, R3","768","24576"
"0x7ea99f2ea220","      SHF.R.S32.HI R0, RZ, 0x1f, R7","768","24576"
"0x7ea99f2ea230","      LEA.HI R2, R20, 0x1, RZ, 0x18","768","24576"
"0x7ea99f2ea240","      LOP3.LUT R7, R2, 0x3, RZ, 0xc0, !PT","768","24576"
"0x7ea99f2ea250","@P0   BRA 0x7ea99f2eb180","768","0"
"0x7ea99f2ea260","      FSETP.NEU.AND P0, PT, RZ, c[0x0][0x184], PT","768","24576"
"0x7ea99f2ea270","@P0   BRA 0x7ea99f2ea970","768","0"
"0x7ea99f2ea280","      ISETP.NE.AND P0, PT, R7, RZ, PT","768","24576"
"0x7ea99f2ea290","      BSSY B0, 0x7ea99f2ea440","768","24576"
"0x7ea99f2ea2a0","@!P0  BRA 0x7ea99f2ea430","768","24576"
"0x7ea99f2ea2b0","      SHF.R.S32.HI R8, RZ, 0x5, R6","0","0"
"0x7ea99f2ea2c0","      BSSY B1, 0x7ea99f2ea410","0","0"
"0x7ea99f2ea2d0","      IADD3 R7, R7, -0x1, RZ","0","0"
"0x7ea99f2ea2e0","      IMAD.IADD R13, R118, 0x1, R8","0","0"
"0x7ea99f2ea2f0","      ISETP.NE.AND P1, PT, R7, RZ, PT","0","0"
"0x7ea99f2ea300","      ISETP.GE.AND P0, PT, R13, c[0x0][0x188], PT","0","0"
"0x7ea99f2ea310","@P0   BRA 0x7ea99f2ea400","0","0"
"0x7ea99f2ea320","      IMAD.SHL.U32 R2, R6, 0x4, RZ","0","0"
"0x7ea99f2ea330","      SHF.R.S32.HI R4, RZ, 0x1f, R13","0","0"
"0x7ea99f2ea340","      LOP3.LUT R3, R2, 0x7c, RZ, 0xc0, !PT","0","0"
"0x7ea99f2ea350","      IMAD R5, R4, c[0x0][0x19c], RZ","0","0"
"0x7ea99f2ea360","      IMAD R8, R8, 0x88, R3","0","0"
"0x7ea99f2ea370","      IMAD R2, R116, 0x80, R3","0","0"
"0x7ea99f2ea380","      IMAD R5, R13, R0, R5","0","0"
"0x7ea99f2ea390","      LDS.128 R8, [R8.X4]","0","0"
"0x7ea99f2ea3a0","      SHF.R.S32.HI R3, RZ, 0x1f, R2","0","0"
"0x7ea99f2ea3b0","      IMAD.WIDE.U32 R2, R13, c[0x0][0x19c], R2","0","0"
"0x7ea99f2ea3c0","      IMAD.IADD R3, R3, 0x1, R5","0","0"
"0x7ea99f2ea3d0","      LEA R4, P0, R2, c[0x0][0x160], 0x2","0","0"
"0x7ea99f2ea3e0","      LEA.HI.X R5, R2, c[0x0][0x164], R3, 0x2, P0","0","0"
"0x7ea99f2ea3f0","      STG.E.128 [R4.64], R8","0","0"
"0x7ea99f2ea400","      BSYNC B1","0","0"
"0x7ea99f2ea410","      IADD3 R6, R6, 0x100, RZ","0","0"
"0x7ea99f2ea420","@P1   BRA 0x7ea99f2ea2b0","0","0"
"0x7ea99f2ea430","      BSYNC B0","768","24576"
"0x7ea99f2ea440","      ISETP.GE.U32.AND P0, PT, R20, 0x300, PT","768","24576"
"0x7ea99f2ea450","@!P0  EXIT","768","0"
"0x7ea99f2ea460","      IMAD.SHL.U32 R2, R6, 0x4, RZ","768","24576"
"0x7ea99f2ea470","      LOP3.LUT R13, R2, 0x7c, RZ, 0xc0, !PT","768","24576"
"0x7ea99f2ea480","      IMAD R116, R116, 0x80, R13","768","24576"
"0x7ea99f2ea490","      SHF.R.S32.HI R117, RZ, 0x1f, R116","768","24576"
"0x7ea99f2ea4a0","      SHF.R.S32.HI R7, RZ, 0x5, R6","3072","98304"
"0x7ea99f2ea4b0","      BSSY B0, 0x7ea99f2ea660","3072","98304"
"0x7ea99f2ea4c0","      IADD3 R2, R6, 0x100, RZ","3072","98304"
"0x7ea99f2ea4d0","      IADD3 R3, R6, 0x200, RZ","3072","98304"
"0x7ea99f2ea4e0","      IMAD.IADD R15, R118, 0x1, R7","3072","98304"
"0x7ea99f2ea4f0","      IADD3 R4, R6, 0x300, RZ","3072","98304"
"0x7ea99f2ea500","      SHF.R.S32.HI R12, RZ, 0x5, R2","3072","98304"
"0x7ea99f2ea510","      ISETP.GE.AND P0, PT, R15, c[0x0][0x188], PT","3072","98304"
"0x7ea99f2ea520","      SHF.R.S32.HI R14, RZ, 0x5, R3","3072","98304"
"0x7ea99f2ea530","      IMAD.IADD R17, R118, 0x1, R12","3072","98304"
"0x7ea99f2ea540","      SHF.R.S32.HI R16, RZ, 0x5, R4","3072","98304"
"0x7ea99f2ea550","      IMAD.IADD R19, R118, 0x1, R14","3072","98304"
"0x7ea99f2ea560","      ISETP.GE.AND P1, PT, R17, c[0x0][0x188], PT","3072","98304"
"0x7ea99f2ea570","      IMAD.IADD R21, R118, 0x1, R16","3072","98304"
"0x7ea99f2ea580","      ISETP.GE.AND P2, PT, R19, c[0x0][0x188], PT","3072","98304"
"0x7ea99f2ea590","      ISETP.GE.AND P3, PT, R21, c[0x0][0x188], PT","3072","98304"
"0x7ea99f2ea5a0","@P0   BRA 0x7ea99f2ea650","3072","0"
"0x7ea99f2ea5b0","      IMAD R7, R7, 0x88, R13","3072","98304"
"0x7ea99f2ea5c0","      SHF.R.S32.HI R2, RZ, 0x1f, R15","3072","98304"
"0x7ea99f2ea5d0","      LDS.128 R8, [R7.X4]","3072","98304"
"0x7ea99f2ea5e0","      IMAD R5, R2, c[0x0][0x19c], RZ","3072","98304"
"0x7ea99f2ea5f0","      IMAD.WIDE.U32 R2, R15, c[0x0][0x19c], R116","3072","98304"
"0x7ea99f2ea600","      IMAD R5, R15, R0, R5","3072","98304"
"0x7ea99f2ea610","      LEA R4, P0, R2, c[0x0][0x160], 0x2","3072","98304"
"0x7ea99f2ea620","      IMAD.IADD R3, R3, 0x1, R5","3072","98304"
"0x7ea99f2ea630","      LEA.HI.X R5, R2, c[0x0][0x164], R3, 0x2, P0","3072","98304"
"0x7ea99f2ea640","      STG.E.128 [R4.64], R8","3072","98304"
"0x7ea99f2ea650","      BSYNC B0","3072","98304"
"0x7ea99f2ea660","      BSSY B0, 0x7ea99f2ea750","3072","98304"
"0x7ea99f2ea670","@P1   BRA 0x7ea99f2ea740","3072","0"
"0x7ea99f2ea680","      IMAD R7, R12, 0x88, R13","3072","98304"
"0x7ea99f2ea690","      SHF.R.S32.HI R2, RZ, 0x1f, R17","3072","98304"
"0x7ea99f2ea6a0","      IMAD.MOV.U32 R3, RZ, RZ, R117","3072","98304"
"0x7ea99f2ea6b0","      LDS.128 R8, [R7.X4]","3072","98304"
"0x7ea99f2ea6c0","      IMAD R5, R2, c[0x0][0x19c], RZ","3072","98304"
"0x7ea99f2ea6d0","      IMAD.MOV.U32 R2, RZ, RZ, R116","3072","98304"
"0x7ea99f2ea6e0","      IMAD R5, R17, R0, R5","3072","98304"
"0x7ea99f2ea6f0","      IMAD.WIDE.U32 R2, R17, c[0x0][0x19c], R2","3072","98304"
"0x7ea99f2ea700","      IMAD.IADD R3, R3, 0x1, R5","3072","98304"
"0x7ea99f2ea710","      LEA R4, P0, R2, c[0x0][0x160], 0x2","3072","98304"
"0x7ea99f2ea720","      LEA.HI.X R5, R2, c[0x0][0x164], R3, 0x2, P0","3072","98304"
"0x7ea99f2ea730","      STG.E.128 [R4.64], R8","3072","98304"
"0x7ea99f2ea740","      BSYNC B0","3072","98304"
"0x7ea99f2ea750","      BSSY B0, 0x7ea99f2ea840","3072","98304"
"0x7ea99f2ea760","@P2   BRA 0x7ea99f2ea830","3072","0"
"0x7ea99f2ea770","      IMAD R7, R14, 0x88, R13","3072","98304"
"0x7ea99f2ea780","      SHF.R.S32.HI R2, RZ, 0x1f, R19","3072","98304"
"0x7ea99f2ea790","      IMAD.MOV.U32 R3, RZ, RZ, R117","3072","98304"
"0x7ea99f2ea7a0","      LDS.128 R8, [R7.X4]","3072","98304"
"0x7ea99f2ea7b0","      IMAD R5, R2, c[0x0][0x19c], RZ","3072","98304"
"0x7ea99f2ea7c0","      IMAD.MOV.U32 R2, RZ, RZ, R116","3072","98304"
"0x7ea99f2ea7d0","      IMAD R5, R19, R0, R5","3072","98304"
"0x7ea99f2ea7e0","      IMAD.WIDE.U32 R2, R19, c[0x0][0x19c], R2","3072","98304"
"0x7ea99f2ea7f0","      IMAD.IADD R3, R3, 0x1, R5","3072","98304"
"0x7ea99f2ea800","      LEA R4, P0, R2, c[0x0][0x160], 0x2","3072","98304"
"0x7ea99f2ea810","      LEA.HI.X R5, R2, c[0x0][0x164], R3, 0x2, P0","3072","98304"
"0x7ea99f2ea820","      STG.E.128 [R4.64], R8","3072","98304"
"0x7ea99f2ea830","      BSYNC B0","3072","98304"
"0x7ea99f2ea840","      BSSY B0, 0x7ea99f2ea930","3072","98304"
"0x7ea99f2ea850","@P3   BRA 0x7ea99f2ea920","3072","0"
"0x7ea99f2ea860","      IMAD R7, R16, 0x88, R13","3072","98304"
"0x7ea99f2ea870","      SHF.R.S32.HI R2, RZ, 0x1f, R21","3072","98304"
"0x7ea99f2ea880","      IMAD.MOV.U32 R3, RZ, RZ, R117","3072","98304"
"0x7ea99f2ea890","      LDS.128 R8, [R7.X4]","3072","98304"
"0x7ea99f2ea8a0","      IMAD R5, R2, c[0x0][0x19c], RZ","3072","98304"
"0x7ea99f2ea8b0","      IMAD.MOV.U32 R2, RZ, RZ, R116","3072","98304"
"0x7ea99f2ea8c0","      IMAD R5, R21, R0, R5","3072","98304"
"0x7ea99f2ea8d0","      IMAD.WIDE.U32 R2, R21, c[0x0][0x19c], R2","3072","98304"
"0x7ea99f2ea8e0","      IMAD.IADD R3, R3, 0x1, R5","3072","98304"
"0x7ea99f2ea8f0","      LEA R4, P0, R2, c[0x0][0x160], 0x2","3072","98304"
"0x7ea99f2ea900","      LEA.HI.X R5, R2, c[0x0][0x164], R3, 0x2, P0","3072","98304"
"0x7ea99f2ea910","      STG.E.128 [R4.64], R8","3072","98304"
"0x7ea99f2ea920","      BSYNC B0","3072","98304"
"0x7ea99f2ea930","      ISETP.GE.AND P0, PT, R6, 0xc00, PT","3072","98304"
"0x7ea99f2ea940","      IADD3 R6, R6, 0x400, RZ","3072","98304"
"0x7ea99f2ea950","@!P0  BRA 0x7ea99f2ea4a0","3072","73728"
"0x7ea99f2ea960","      EXIT","768","24576"
"0x7ea99f2ea970","      ISETP.NE.AND P0, PT, R7, RZ, PT","0","0"
"0x7ea99f2ea980","      BSSY B0, 0x7ea99f2eaba0","0","0"
"0x7ea99f2ea990","      IMAD.MOV.U32 R8, RZ, RZ, R6","0","0"
"0x7ea99f2ea9a0","@!P0  BRA 0x7ea99f2eab90","0","0"
"0x7ea99f2ea9b0","      IMAD.MOV.U32 R8, RZ, RZ, R6","0","0"
"0x7ea99f2ea9c0","      SHF.R.S32.HI R6, RZ, 0x5, R8","0","0"
"0x7ea99f2ea9d0","      BSSY B1, 0x7ea99f2eab70","0","0"
"0x7ea99f2ea9e0","      IADD3 R7, R7, -0x1, RZ","0","0"
"0x7ea99f2ea9f0","      IMAD.IADD R11, R118, 0x1, R6","0","0"
"0x7ea99f2eaa00","      ISETP.NE.AND P1, PT, R7, RZ, PT","0","0"
"0x7ea99f2eaa10","      ISETP.GE.AND P0, PT, R11, c[0x0][0x188], PT","0","0"
"0x7ea99f2eaa20","@P0   BRA 0x7ea99f2eab60","0","0"
"0x7ea99f2eaa30","      IMAD.SHL.U32 R2, R8, 0x4, RZ","0","0"
"0x7ea99f2eaa40","      LOP3.LUT R9, R2, 0x7c, RZ, 0xc0, !PT","0","0"
"0x7ea99f2eaa50","      SHF.R.S32.HI R2, RZ, 0x1f, R11","0","0"
"0x7ea99f2eaa60","      IMAD R4, R116, 0x80, R9","0","0"
"0x7ea99f2eaa70","      IMAD R3, R2, c[0x0][0x19c], RZ","0","0"
"0x7ea99f2eaa80","      SHF.R.S32.HI R5, RZ, 0x1f, R4","0","0"
"0x7ea99f2eaa90","      IMAD R3, R11, R0, R3","0","0"
"0x7ea99f2eaaa0","      IMAD.WIDE.U32 R4, R11, c[0x0][0x19c], R4","0","0"
"0x7ea99f2eaab0","      IMAD.IADD R3, R5, 0x1, R3","0","0"
"0x7ea99f2eaac0","      LEA R2, P0, R4, c[0x0][0x160], 0x2","0","0"
"0x7ea99f2eaad0","      LEA.HI.X R3, R4, c[0x0][0x164], R3, 0x2, P0","0","0"
"0x7ea99f2eaae0","      LDG.E.128 R16, [R2.64]","0","0"
"0x7ea99f2eaaf0","      IMAD R9, R6, 0x88, R9","0","0"
"0x7ea99f2eab00","      LDS.128 R12, [R9.X4]","0","0"
"0x7ea99f2eab10","      FFMA R15, R19, c[0x0][0x184], R15","0","0"
"0x7ea99f2eab20","      FFMA R14, R18, c[0x0][0x184], R14","0","0"
"0x7ea99f2eab30","      FFMA R13, R17, c[0x0][0x184], R13","0","0"
"0x7ea99f2eab40","      FFMA R12, R16, c[0x0][0x184], R12","0","0"
"0x7ea99f2eab50","      STG.E.128 [R2.64], R12","0","0"
"0x7ea99f2eab60","      BSYNC B1","0","0"
"0x7ea99f2eab70","      IADD3 R8, R8, 0x100, RZ","0","0"
"0x7ea99f2eab80","@P1   BRA 0x7ea99f2ea9c0","0","0"
"0x7ea99f2eab90","      BSYNC B0","0","0"
"0x7ea99f2eaba0","      ISETP.GE.U32.AND P0, PT, R20, 0x300, PT","0","0"
"0x7ea99f2eabb0","@!P0  EXIT","0","0"
"0x7ea99f2eabc0","      IMAD.SHL.U32 R2, R8, 0x4, RZ","0","0"
"0x7ea99f2eabd0","      LOP3.LUT R25, R2, 0x7c, RZ, 0xc0, !PT","0","0"
"0x7ea99f2eabe0","      IMAD R116, R116, 0x80, R25","0","0"
"0x7ea99f2eabf0","      SHF.R.S32.HI R117, RZ, 0x1f, R116","0","0"
"0x7ea99f2eac00","      SHF.R.S32.HI R9, RZ, 0x5, R8","0","0"
"0x7ea99f2eac10","      IMAD.IADD R7, R118, 0x1, R9","0","0"
"0x7ea99f2eac20","      ISETP.GE.AND P0, PT, R7, c[0x0][0x188], PT","0","0"
"0x7ea99f2eac30","@!P0  SHF.R.S32.HI R2, RZ, 0x1f, R7","0","0"
"0x7ea99f2eac40","@!P0  IMAD.WIDE.U32 R4, R7, c[0x0][0x19c], R116","0","0"
"0x7ea99f2eac50","@!P0  IMAD R3, R2, c[0x0][0x19c], RZ","0","0"
"0x7ea99f2eac60","@!P0  LEA R2, P1, R4, c[0x0][0x160], 0x2","0","0"
"0x7ea99f2eac70","@!P0  IMAD R3, R7, R0, R3","0","0"
"0x7ea99f2eac80","@!P0  IMAD.IADD R3, R5, 0x1, R3","0","0"
"0x7ea99f2eac90","@!P0  LEA.HI.X R3, R4, c[0x0][0x164], R3, 0x2, P1","0","0"
"0x7ea99f2eaca0","@!P0  LDG.E.128 R16, [R2.64]","0","0"
"0x7ea99f2eacb0","@!P0  IMAD R9, R9, 0x88, R25","0","0"
"0x7ea99f2eacc0","      IADD3 R4, R8, 0x100, RZ","0","0"
"0x7ea99f2eacd0","      SHF.R.S32.HI R10, RZ, 0x5, R4","0","0"
"0x7ea99f2eace0","@!P0  LDS.128 R12, [R9.X4]","0","0"
"0x7ea99f2eacf0","      IMAD.IADD R11, R118, 0x1, R10","0","0"
"0x7ea99f2ead00","      ISETP.GE.AND P1, PT, R11, c[0x0][0x188], PT","0","0"
"0x7ea99f2ead10","@!P1  SHF.R.S32.HI R4, RZ, 0x1f, R11","0","0"
"0x7ea99f2ead20","@!P1  IMAD.MOV.U32 R6, RZ, RZ, R116","0","0"
"0x7ea99f2ead30","@!P1  IMAD.MOV.U32 R7, RZ, RZ, R117","0","0"
"0x7ea99f2ead40","@!P1  IMAD R5, R4, c[0x0][0x19c], RZ","0","0"
"0x7ea99f2ead50","@!P1  IMAD.WIDE.U32 R6, R11, c[0x0][0x19c], R6","0","0"
"0x7ea99f2ead60","@!P1  IMAD R5, R11, R0, R5","0","0"
"0x7ea99f2ead70","@!P1  LEA R4, P2, R6, c[0x0][0x160], 0x2","0","0"
"0x7ea99f2ead80","@!P1  IMAD.IADD R5, R7, 0x1, R5","0","0"
"0x7ea99f2ead90","@!P1  LEA.HI.X R5, R6, c[0x0][0x164], R5, 0x2, P2","0","0"
"0x7ea99f2eada0","@!P0  FFMA R15, R19, c[0x0][0x184], R15","0","0"
"0x7ea99f2eadb0","@!P0  FFMA R14, R18, c[0x0][0x184], R14","0","0"
"0x7ea99f2eadc0","@!P0  FFMA R13, R17, c[0x0][0x184], R13","0","0"
"0x7ea99f2eadd0","@!P0  FFMA R12, R16, c[0x0][0x184], R12","0","0"
"0x7ea99f2eade0","@!P0  STG.E.128 [R2.64], R12","0","0"
"0x7ea99f2eadf0","@!P1  LDG.E.128 R20, [R4.64]","0","0"
"0x7ea99f2eae00","      IADD3 R6, R8, 0x200, RZ","0","0"
"0x7ea99f2eae10","@!P1  IMAD R9, R10, 0x88, R25","0","0"
"0x7ea99f2eae20","      SHF.R.S32.HI R10, RZ, 0x5, R6","0","0"
"0x7ea99f2eae30","@!P1  LDS.128 R16, [R9.X4]","0","0"
"0x7ea99f2eae40","      IMAD.IADD R27, R118, 0x1, R10","0","0"
"0x7ea99f2eae50","      ISETP.GE.AND P0, PT, R27, c[0x0][0x188], PT","0","0"
"0x7ea99f2eae60","@!P0  SHF.R.S32.HI R6, RZ, 0x1f, R27","0","0"
"0x7ea99f2eae70","@!P0  IMAD.MOV.U32 R7, RZ, RZ, R117","0","0"
"0x7ea99f2eae80","@!P0  IMAD R11, R6, c[0x0][0x19c], RZ","0","0"
"0x7ea99f2eae90","@!P0  IMAD.MOV.U32 R6, RZ, RZ, R116","0","0"
"0x7ea99f2eaea0","@!P0  IMAD R3, R27, R0, R11","0","0"
"0x7ea99f2eaeb0","@!P0  IMAD.WIDE.U32 R6, R27, c[0x0][0x19c], R6","0","0"
"0x7ea99f2eaec0","@!P0  IMAD.IADD R3, R7, 0x1, R3","0","0"
"0x7ea99f2eaed0","@!P0  LEA R2, P2, R6, c[0x0][0x160], 0x2","0","0"
"0x7ea99f2eaee0","@!P0  LEA.HI.X R3, R6, c[0x0][0x164], R3, 0x2, P2","0","0"
"0x7ea99f2eaef0","@!P1  FFMA R19, R23, c[0x0][0x184], R19","0","0"
"0x7ea99f2eaf00","@!P1  FFMA R18, R22, c[0x0][0x184], R18","0","0"
"0x7ea99f2eaf10","@!P1  FFMA R17, R21, c[0x0][0x184], R17","0","0"
"0x7ea99f2eaf20","@!P1  FFMA R16, R20, c[0x0][0x184], R16","0","0"
"0x7ea99f2eaf30","@!P1  STG.E.128 [R4.64], R16","0","0"
"0x7ea99f2eaf40","@!P0  LDG.E.128 R20, [R2.64]","0","0"
"0x7ea99f2eaf50","@!P0  IMAD R6, R10, 0x88, R25","0","0"
"0x7ea99f2eaf60","      IADD3 R7, R8, 0x300, RZ","0","0"
"0x7ea99f2eaf70","      BSSY B0, 0x7ea99f2eb150","0","0"
"0x7ea99f2eaf80","      ISETP.GE.AND P1, PT, R8, 0xc00, PT","0","0"
"0x7ea99f2eaf90","@!P0  LDS.128 R12, [R6.X4]","0","0"
"0x7ea99f2eafa0","      SHF.R.S32.HI R7, RZ, 0x5, R7","0","0"
"0x7ea99f2eafb0","      IMAD.IADD R9, R118, 0x1, R7","0","0"
"0x7ea99f2eafc0","@!P0  FFMA R15, R23, c[0x0][0x184], R15","0","0"
"0x7ea99f2eafd0","@!P0  FFMA R14, R22, c[0x0][0x184], R14","0","0"
"0x7ea99f2eafe0","@!P0  FFMA R13, R21, c[0x0][0x184], R13","0","0"
"0x7ea99f2eaff0","@!P0  FFMA R12, R20, c[0x0][0x184], R12","0","0"
"0x7ea99f2eb000","@!P0  STG.E.128 [R2.64], R12","0","0"
"0x7ea99f2eb010","      ISETP.GE.AND P0, PT, R9, c[0x0][0x188], PT","0","0"
"0x7ea99f2eb020","@P0   BRA 0x7ea99f2eb140","0","0"
"0x7ea99f2eb030","      SHF.R.S32.HI R2, RZ, 0x1f, R9","0","0"
"0x7ea99f2eb040","      IMAD.MOV.U32 R4, RZ, RZ, R116","0","0"
"0x7ea99f2eb050","      IMAD.MOV.U32 R5, RZ, RZ, R117","0","0"
"0x7ea99f2eb060","      IMAD R3, R2, c[0x0][0x19c], RZ","0","0"
"0x7ea99f2eb070","      IMAD.WIDE.U32 R4, R9, c[0x0][0x19c], R4","0","0"
"0x7ea99f2eb080","      IMAD R3, R9, R0, R3","0","0"
"0x7ea99f2eb090","      LEA R2, P0, R4, c[0x0][0x160], 0x2","0","0"
"0x7ea99f2eb0a0","      IMAD.IADD R3, R5, 0x1, R3","0","0"
"0x7ea99f2eb0b0","      LEA.HI.X R3, R4, c[0x0][0x164], R3, 0x2, P0","0","0"
"0x7ea99f2eb0c0","      LDG.E.128 R12, [R2.64]","0","0"
"0x7ea99f2eb0d0","      IMAD R4, R7, 0x88, R25","0","0"
"0x7ea99f2eb0e0","      LDS.128 R4, [R4.X4]","0","0"
"0x7ea99f2eb0f0","      FFMA R15, R15, c[0x0][0x184], R7","0","0"
"0x7ea99f2eb100","      FFMA R14, R14, c[0x0][0x184], R6","0","0"
"0x7ea99f2eb110","      FFMA R13, R13, c[0x0][0x184], R5","0","0"
"0x7ea99f2eb120","      FFMA R12, R12, c[0x0][0x184], R4","0","0"
"0x7ea99f2eb130","      STG.E.128 [R2.64], R12","0","0"
"0x7ea99f2eb140","      BSYNC B0","0","0"
"0x7ea99f2eb150","      IADD3 R8, R8, 0x400, RZ","0","0"
"0x7ea99f2eb160","@!P1  BRA 0x7ea99f2eac00","0","0"
"0x7ea99f2eb170","      EXIT","0","0"
"0x7ea99f2eb180","      ISETP.NE.AND P0, PT, R7, RZ, PT","0","0"
"0x7ea99f2eb190","      BSSY B0, 0x7ea99f2eb3e0","0","0"
"0x7ea99f2eb1a0","@!P0  BRA 0x7ea99f2eb3d0","0","0"
"0x7ea99f2eb1b0","      SHF.R.S32.HI R8, RZ, 0x5, R6","0","0"
"0x7ea99f2eb1c0","      BSSY B1, 0x7ea99f2eb3b0","0","0"
"0x7ea99f2eb1d0","      IADD3 R7, R7, -0x1, RZ","0","0"
"0x7ea99f2eb1e0","      IMAD.IADD R11, R118, 0x1, R8","0","0"
"0x7ea99f2eb1f0","      ISETP.NE.AND P1, PT, R7, RZ, PT","0","0"
"0x7ea99f2eb200","      ISETP.GE.AND P0, PT, R11, c[0x0][0x188], PT","0","0"
"0x7ea99f2eb210","@P0   BRA 0x7ea99f2eb3a0","0","0"
"0x7ea99f2eb220","      IMAD.SHL.U32 R2, R6, 0x4, RZ","0","0"
"0x7ea99f2eb230","      SHF.R.S32.HI R3, RZ, 0x1f, R11","0","0"
"0x7ea99f2eb240","      FSETP.NEU.AND P2, PT, RZ, c[0x0][0x184], PT","0","0"
"0x7ea99f2eb250","      LOP3.LUT R9, R2, 0x7c, RZ, 0xc0, !PT","0","0"
"0x7ea99f2eb260","      IMAD R5, R3, c[0x0][0x19c], RZ","0","0"
"0x7ea99f2eb270","      IMAD R2, R116, 0x80, R9","0","0"
"0x7ea99f2eb280","      IMAD R5, R11, R0, R5","0","0"
"0x7ea99f2eb290","      SHF.R.S32.HI R3, RZ, 0x1f, R2","0","0"
"0x7ea99f2eb2a0","      IMAD.WIDE.U32 R2, R11, c[0x0][0x19c], R2","0","0"
"0x7ea99f2eb2b0","      IMAD.IADD R3, R3, 0x1, R5","0","0"
"0x7ea99f2eb2c0","      LEA R4, P0, R2, c[0x0][0x160], 0x2","0","0"
"0x7ea99f2eb2d0","      LEA.HI.X R5, R2, c[0x0][0x164], R3, 0x2, P0","0","0"
"0x7ea99f2eb2e0","@P2   LDG.E.128 R16, [R4.64]","0","0"
"0x7ea99f2eb2f0","      IMAD R9, R8, 0x88, R9","0","0"
"0x7ea99f2eb300","      LDS.128 R8, [R9.X4]","0","0"
"0x7ea99f2eb310","      FMUL R12, R8, c[0x0][0x180]","0","0"
"0x7ea99f2eb320","      FMUL R13, R9, c[0x0][0x180]","0","0"
"0x7ea99f2eb330","      FMUL R14, R10, c[0x0][0x180]","0","0"
"0x7ea99f2eb340","      FMUL R15, R11, c[0x0][0x180]","0","0"
"0x7ea99f2eb350","@P2   FFMA R12, R16, c[0x0][0x184], R12","0","0"
"0x7ea99f2eb360","@P2   FFMA R13, R17, c[0x0][0x184], R13","0","0"
"0x7ea99f2eb370","@P2   FFMA R14, R18, c[0x0][0x184], R14","0","0"
"0x7ea99f2eb380","@P2   FFMA R15, R19, c[0x0][0x184], R15","0","0"
"0x7ea99f2eb390","      STG.E.128 [R4.64], R12","0","0"
"0x7ea99f2eb3a0","      BSYNC B1","0","0"
"0x7ea99f2eb3b0","      IADD3 R6, R6, 0x100, RZ","0","0"
"0x7ea99f2eb3c0","@P1   BRA 0x7ea99f2eb1b0","0","0"
"0x7ea99f2eb3d0","      BSYNC B0","0","0"
"0x7ea99f2eb3e0","      ISETP.GE.U32.AND P0, PT, R20, 0x300, PT","0","0"
"0x7ea99f2eb3f0","@!P0  EXIT","0","0"
"0x7ea99f2eb400","      IMAD.SHL.U32 R2, R6, 0x4, RZ","0","0"
"0x7ea99f2eb410","      LOP3.LUT R7, R2, 0x7c, RZ, 0xc0, !PT","0","0"
"0x7ea99f2eb420","      IMAD R116, R116, 0x80, R7","0","0"
"0x7ea99f2eb430","      SHF.R.S32.HI R117, RZ, 0x1f, R116","0","0"
"0x7ea99f2eb440","      SHF.R.S32.HI R8, RZ, 0x5, R6","0","0"
"0x7ea99f2eb450","      BSSY B0, 0x7ea99f2eb6a0","0","0"
"0x7ea99f2eb460","      IADD3 R2, R6, 0x100, RZ","0","0"
"0x7ea99f2eb470","      IADD3 R3, R6, 0x200, RZ","0","0"
"0x7ea99f2eb480","      IMAD.IADD R9, R118, 0x1, R8","0","0"
"0x7ea99f2eb490","      IADD3 R4, R6, 0x300, RZ","0","0"
"0x7ea99f2eb4a0","      SHF.R.S32.HI R16, RZ, 0x5, R2","0","0"
"0x7ea99f2eb4b0","      ISETP.GE.AND P2, PT, R9, c[0x0][0x188], PT","0","0"
"0x7ea99f2eb4c0","      SHF.R.S32.HI R18, RZ, 0x5, R3","0","0"
"0x7ea99f2eb4d0","      IMAD.IADD R17, R118, 0x1, R16","0","0"
"0x7ea99f2eb4e0","      SHF.R.S32.HI R20, RZ, 0x5, R4","0","0"
"0x7ea99f2eb4f0","      IMAD.IADD R19, R118, 0x1, R18","0","0"
"0x7ea99f2eb500","      ISETP.GE.AND P3, PT, R17, c[0x0][0x188], PT","0","0"
"0x7ea99f2eb510","      IMAD.IADD R21, R118, 0x1, R20","0","0"
"0x7ea99f2eb520","      ISETP.GE.AND P1, PT, R19, c[0x0][0x188], PT","0","0"
"0x7ea99f2eb530","      ISETP.GE.AND P0, PT, R21, c[0x0][0x188], PT","0","0"
"0x7ea99f2eb540","@P2   BRA 0x7ea99f2eb690","0","0"
"0x7ea99f2eb550","      SHF.R.S32.HI R2, RZ, 0x1f, R9","0","0"
"0x7ea99f2eb560","      FSETP.NEU.AND P4, PT, RZ, c[0x0][0x184], PT","0","0"
"0x7ea99f2eb570","      IMAD R5, R2, c[0x0][0x19c], RZ","0","0"
"0x7ea99f2eb580","      IMAD.WIDE.U32 R2, R9, c[0x0][0x19c], R116","0","0"
"0x7ea99f2eb590","      IMAD R5, R9, R0, R5","0","0"
"0x7ea99f2eb5a0","      LEA R4, P2, R2, c[0x0][0x160], 0x2","0","0"
"0x7ea99f2eb5b0","      IMAD.IADD R3, R3, 0x1, R5","0","0"
"0x7ea99f2eb5c0","      LEA.HI.X R5, R2, c[0x0][0x164], R3, 0x2, P2","0","0"
"0x7ea99f2eb5d0","@P4   LDG.E.128 R12, [R4.64]","0","0"
"0x7ea99f2eb5e0","      IMAD R2, R8, 0x88, R7","0","0"
"0x7ea99f2eb5f0","      LDS.128 R8, [R2.X4]","0","0"
"0x7ea99f2eb600","      FMUL R8, R8, c[0x0][0x180]","0","0"
"0x7ea99f2eb610","      FMUL R9, R9, c[0x0][0x180]","0","0"
"0x7ea99f2eb620","      FMUL R10, R10, c[0x0][0x180]","0","0"
"0x7ea99f2eb630","      FMUL R11, R11, c[0x0][0x180]","0","0"
"0x7ea99f2eb640","@P4   FFMA R8, R12, c[0x0][0x184], R8","0","0"
"0x7ea99f2eb650","@P4   FFMA R9, R13, c[0x0][0x184], R9","0","0"
"0x7ea99f2eb660","@P4   FFMA R10, R14, c[0x0][0x184], R10","0","0"
"0x7ea99f2eb670","@P4   FFMA R11, R15, c[0x0][0x184], R11","0","0"
"0x7ea99f2eb680","      STG.E.128 [R4.64], R8","0","0"
"0x7ea99f2eb690","      BSYNC B0","0","0"
"0x7ea99f2eb6a0","      BSSY B0, 0x7ea99f2eb830","0","0"
"0x7ea99f2eb6b0","@P3   BRA 0x7ea99f2eb820","0","0"
"0x7ea99f2eb6c0","      SHF.R.S32.HI R2, RZ, 0x1f, R17","0","0"
"0x7ea99f2eb6d0","      IMAD.MOV.U32 R3, RZ, RZ, R117","0","0"
"0x7ea99f2eb6e0","      FSETP.NEU.AND P3, PT, RZ, c[0x0][0x184], PT","0","0"
"0x7ea99f2eb6f0","      IMAD R5, R2, c[0x0][0x19c], RZ","0","0"
"0x7ea99f2eb700","      IMAD.MOV.U32 R2, RZ, RZ, R116","0","0"
"0x7ea99f2eb710","      IMAD R5, R17, R0, R5","0","0"
"0x7ea99f2eb720","      IMAD.WIDE.U32 R2, R17, c[0x0][0x19c], R2","0","0"
"0x7ea99f2eb730","      IMAD.IADD R3, R3, 0x1, R5","0","0"
"0x7ea99f2eb740","      LEA R4, P2, R2, c[0x0][0x160], 0x2","0","0"
"0x7ea99f2eb750","      LEA.HI.X R5, R2, c[0x0][0x164], R3, 0x2, P2","0","0"
"0x7ea99f2eb760","@P3   LDG.E.128 R12, [R4.64]","0","0"
"0x7ea99f2eb770","      IMAD R2, R16, 0x88, R7","0","0"
"0x7ea99f2eb780","      LDS.128 R8, [R2.X4]","0","0"
"0x7ea99f2eb790","      FMUL R8, R8, c[0x0][0x180]","0","0"
"0x7ea99f2eb7a0","      FMUL R9, R9, c[0x0][0x180]","0","0"
"0x7ea99f2eb7b0","      FMUL R10, R10, c[0x0][0x180]","0","0"
"0x7ea99f2eb7c0","      FMUL R11, R11, c[0x0][0x180]","0","0"
"0x7ea99f2eb7d0","@P3   FFMA R8, R12, c[0x0][0x184], R8","0","0"
"0x7ea99f2eb7e0","@P3   FFMA R9, R13, c[0x0][0x184], R9","0","0"
"0x7ea99f2eb7f0","@P3   FFMA R10, R14, c[0x0][0x184], R10","0","0"
"0x7ea99f2eb800","@P3   FFMA R11, R15, c[0x0][0x184], R11","0","0"
"0x7ea99f2eb810","      STG.E.128 [R4.64], R8","0","0"
"0x7ea99f2eb820","      BSYNC B0","0","0"
"0x7ea99f2eb830","      BSSY B0, 0x7ea99f2eb9c0","0","0"
"0x7ea99f2eb840","@P1   BRA 0x7ea99f2eb9b0","0","0"
"0x7ea99f2eb850","      SHF.R.S32.HI R2, RZ, 0x1f, R19","0","0"
"0x7ea99f2eb860","      IMAD.MOV.U32 R3, RZ, RZ, R117","0","0"
"0x7ea99f2eb870","      FSETP.NEU.AND P2, PT, RZ, c[0x0][0x184], PT","0","0"
"0x7ea99f2eb880","      IMAD R5, R2, c[0x0][0x19c], RZ","0","0"
"0x7ea99f2eb890","      IMAD.MOV.U32 R2, RZ, RZ, R116","0","0"
"0x7ea99f2eb8a0","      IMAD R5, R19, R0, R5","0","0"
"0x7ea99f2eb8b0","      IMAD.WIDE.U32 R2, R19, c[0x0][0x19c], R2","0","0"
"0x7ea99f2eb8c0","      IMAD.IADD R3, R3, 0x1, R5","0","0"
"0x7ea99f2eb8d0","      LEA R4, P1, R2, c[0x0][0x160], 0x2","0","0"
"0x7ea99f2eb8e0","      LEA.HI.X R5, R2, c[0x0][0x164], R3, 0x2, P1","0","0"
"0x7ea99f2eb8f0","@P2   LDG.E.128 R12, [R4.64]","0","0"
"0x7ea99f2eb900","      IMAD R2, R18, 0x88, R7","0","0"
"0x7ea99f2eb910","      LDS.128 R8, [R2.X4]","0","0"
"0x7ea99f2eb920","      FMUL R8, R8, c[0x0][0x180]","0","0"
"0x7ea99f2eb930","      FMUL R9, R9, c[0x0][0x180]","0","0"
"0x7ea99f2eb940","      FMUL R10, R10, c[0x0][0x180]","0","0"
"0x7ea99f2eb950","      FMUL R11, R11, c[0x0][0x180]","0","0"
"0x7ea99f2eb960","@P2   FFMA R8, R12, c[0x0][0x184], R8","0","0"
"0x7ea99f2eb970","@P2   FFMA R9, R13, c[0x0][0x184], R9","0","0"
"0x7ea99f2eb980","@P2   FFMA R10, R14, c[0x0][0x184], R10","0","0"
"0x7ea99f2eb990","@P2   FFMA R11, R15, c[0x0][0x184], R11","0","0"
"0x7ea99f2eb9a0","      STG.E.128 [R4.64], R8","0","0"
"0x7ea99f2eb9b0","      BSYNC B0","0","0"
"0x7ea99f2eb9c0","      BSSY B0, 0x7ea99f2ebb50","0","0"
"0x7ea99f2eb9d0","@P0   BRA 0x7ea99f2ebb40","0","0"
"0x7ea99f2eb9e0","      SHF.R.S32.HI R2, RZ, 0x1f, R21","0","0"
"0x7ea99f2eb9f0","      IMAD.MOV.U32 R3, RZ, RZ, R117","0","0"
"0x7ea99f2eba00","      FSETP.NEU.AND P1, PT, RZ, c[0x0][0x184], PT","0","0"
"0x7ea99f2eba10","      IMAD R5, R2, c[0x0][0x19c], RZ","0","0"
"0x7ea99f2eba20","      IMAD.MOV.U32 R2, RZ, RZ, R116","0","0"
"0x7ea99f2eba30","      IMAD R5, R21, R0, R5","0","0"
"0x7ea99f2eba40","      IMAD.WIDE.U32 R2, R21, c[0x0][0x19c], R2","0","0"
"0x7ea99f2eba50","      IMAD.IADD R3, R3, 0x1, R5","0","0"
"0x7ea99f2eba60","      LEA R4, P0, R2, c[0x0][0x160], 0x2","0","0"
"0x7ea99f2eba70","      LEA.HI.X R5, R2, c[0x0][0x164], R3, 0x2, P0","0","0"
"0x7ea99f2eba80","@P1   LDG.E.128 R12, [R4.64]","0","0"
"0x7ea99f2eba90","      IMAD R2, R20, 0x88, R7","0","0"
"0x7ea99f2ebaa0","      LDS.128 R8, [R2.X4]","0","0"
"0x7ea99f2ebab0","      FMUL R8, R8, c[0x0][0x180]","0","0"
"0x7ea99f2ebac0","      FMUL R9, R9, c[0x0][0x180]","0","0"
"0x7ea99f2ebad0","      FMUL R10, R10, c[0x0][0x180]","0","0"
"0x7ea99f2ebae0","      FMUL R11, R11, c[0x0][0x180]","0","0"
"0x7ea99f2ebaf0","@P1   FFMA R8, R12, c[0x0][0x184], R8","0","0"
"0x7ea99f2ebb00","@P1   FFMA R9, R13, c[0x0][0x184], R9","0","0"
"0x7ea99f2ebb10","@P1   FFMA R10, R14, c[0x0][0x184], R10","0","0"
"0x7ea99f2ebb20","@P1   FFMA R11, R15, c[0x0][0x184], R11","0","0"
"0x7ea99f2ebb30","      STG.E.128 [R4.64], R8","0","0"
"0x7ea99f2ebb40","      BSYNC B0","0","0"
"0x7ea99f2ebb50","      ISETP.GE.AND P0, PT, R6, 0xc00, PT","0","0"
"0x7ea99f2ebb60","      IADD3 R6, R6, 0x400, RZ","0","0"
"0x7ea99f2ebb70","@!P0  BRA 0x7ea99f2eb440","0","0"
"0x7ea99f2ebb80","      EXIT","0","0"
"0x7ea99f2ebb90","      ISETP.GT.AND P0, PT, R6, 0x3fff, PT","0","0"
"0x7ea99f2ebba0","@P0   EXIT","0","0"
"0x7ea99f2ebbb0","      I2F.U32.RP R4, c[0x0][0x0]","0","0"
"0x7ea99f2ebbc0","      IADD3 R0, -R6, 0x3fff, RZ","0","0"
"0x7ea99f2ebbd0","      ULDC UR4, c[0x0][0x19c]","0","0"
"0x7ea99f2ebbe0","      ISETP.NE.U32.AND P2, PT, RZ, c[0x0][0x0], PT","0","0"
"0x7ea99f2ebbf0","      USHF.R.S32.HI UR4, URZ, 0x1f, UR4","0","0"
"0x7ea99f2ebc00","      MUFU.RCP R4, R4","0","0"
"0x7ea99f2ebc10","      IADD3 R2, R4, 0xffffffe, RZ","0","0"
"0x7ea99f2ebc20","      F2I.FTZ.U32.TRUNC.NTZ R3, R2","0","0"
"0x7ea99f2ebc30","      IMAD.MOV.U32 R2, RZ, RZ, RZ","0","0"
"0x7ea99f2ebc40","      IMAD.MOV R5, RZ, RZ, -R3","0","0"
"0x7ea99f2ebc50","      IMAD R5, R5, c[0x0][0x0], RZ","0","0"
"0x7ea99f2ebc60","      IMAD.HI.U32 R3, R3, R5, R2","0","0"
"0x7ea99f2ebc70","      IMAD.HI.U32 R7, R3, R0, RZ","0","0"
"0x7ea99f2ebc80","      IMAD.MOV R3, RZ, RZ, -R7","0","0"
"0x7ea99f2ebc90","      IMAD R0, R3, c[0x0][0x0], R0","0","0"
"0x7ea99f2ebca0","      ISETP.GE.U32.AND P0, PT, R0, c[0x0][0x0], PT","0","0"
"0x7ea99f2ebcb0","@P0   IADD3 R0, R0, -c[0x0][0x0], RZ","0","0"
"0x7ea99f2ebcc0","@P0   IADD3 R7, R7, 0x1, RZ","0","0"
"0x7ea99f2ebcd0","      ISETP.GE.U32.AND P1, PT, R0, c[0x0][0x0], PT","0","0"
"0x7ea99f2ebce0","      ISETP.NE.U32.AND P0, PT, RZ, c[0x0][0x178], PT","0","0"
"0x7ea99f2ebcf0","      ISETP.NE.AND.EX P0, PT, RZ, c[0x0][0x17c], PT, P0","0","0"
"0x7ea99f2ebd00","@P1   IADD3 R7, R7, 0x1, RZ","0","0"
"0x7ea99f2ebd10","@!P2  LOP3.LUT R7, RZ, c[0x0][0x0], RZ, 0x33, !PT","0","0"
"0x7ea99f2ebd20","      IADD3 R0, R7, 0x1, RZ","0","0"
"0x7ea99f2ebd30","      LOP3.LUT R10, R0, 0x3, RZ, 0xc0, !PT","0","0"
"0x7ea99f2ebd40","@!P0  BRA 0x7ea99f2ec770","0","0"
"0x7ea99f2ebd50","      ISETP.NE.AND P0, PT, R10, RZ, PT","0","0"
"0x7ea99f2ebd60","      BSSY B0, 0x7ea99f2ebfa0","0","0"
"0x7ea99f2ebd70","@!P0  BRA 0x7ea99f2ebf90","0","0"
"0x7ea99f2ebd80","      SHF.R.S32.HI R3, RZ, 0x1f, R6","0","0"
"0x7ea99f2ebd90","      BSSY B1, 0x7ea99f2ebf70","0","0"
"0x7ea99f2ebda0","      IADD3 R10, R10, -0x1, RZ","0","0"
"0x7ea99f2ebdb0","      LEA.HI R3, R3, R6, RZ, 0x7","0","0"
"0x7ea99f2ebdc0","      ISETP.NE.AND P1, PT, R10, RZ, PT","0","0"
"0x7ea99f2ebdd0","      LOP3.LUT R5, R3, 0xffffff80, RZ, 0xc0, !PT","0","0"
"0x7ea99f2ebde0","      LEA.HI.SX32 R9, R3, R118, 0x19","0","0"
"0x7ea99f2ebdf0","      IMAD.IADD R5, R6, 0x1, -R5","0","0"
"0x7ea99f2ebe00","      IMAD R2, R116, 0x80, R5","0","0"
"0x7ea99f2ebe10","      ISETP.GE.AND P0, PT, R2, c[0x0][0x190], PT","0","0"
"0x7ea99f2ebe20","      ISETP.GE.OR P0, PT, R9, c[0x0][0x188], P0","0","0"
"0x7ea99f2ebe30","@P0   BRA 0x7ea99f2ebf60","0","0"
"0x7ea99f2ebe40","      SHF.R.S32.HI R0, RZ, 0x1f, R9","0","0"
"0x7ea99f2ebe50","      SHF.R.S32.HI R3, RZ, 0x1f, R2","0","0"
"0x7ea99f2ebe60","      FSETP.NEU.AND P2, PT, RZ, c[0x0][0x184], PT","0","0"
"0x7ea99f2ebe70","      IMAD R0, R0, c[0x0][0x19c], RZ","0","0"
"0x7ea99f2ebe80","      IMAD.WIDE.U32 R4, R9, c[0x0][0x19c], R2","0","0"
"0x7ea99f2ebe90","      IMAD R3, R9, UR4, R0","0","0"
"0x7ea99f2ebea0","      LEA R8, P0, R4, c[0x0][0x160], 0x2","0","0"
"0x7ea99f2ebeb0","      IMAD.MOV.U32 R9, RZ, RZ, 0x4","0","0"
"0x7ea99f2ebec0","      IMAD.IADD R5, R5, 0x1, R3","0","0"
"0x7ea99f2ebed0","      IMAD.WIDE R2, R2, R9, c[0x0][0x178]","0","0"
"0x7ea99f2ebee0","      LEA.HI.X R9, R4, c[0x0][0x164], R5, 0x2, P0","0","0"
"0x7ea99f2ebef0","      LDG.E R5, [R2.64]","0","0"
"0x7ea99f2ebf00","@P2   LDG.E R0, [R8.64]","0","0"
"0x7ea99f2ebf10","      IMAD.MOV.U32 R4, RZ, RZ, c[0x0][0x180]","0","0"
"0x7ea99f2ebf20","      FSETP.NEU.AND P0, PT, R4, 1, PT","0","0"
"0x7ea99f2ebf30","@P0   FMUL R5, R5, c[0x0][0x180]","0","0"
"0x7ea99f2ebf40","@P2   FFMA R5, R0, c[0x0][0x184], R5","0","0"
"0x7ea99f2ebf50","      STG.E [R8.64], R5","0","0"
"0x7ea99f2ebf60","      BSYNC B1","0","0"
"0x7ea99f2ebf70","      IADD3 R6, R6, c[0x0][0x0], RZ","0","0"
"0x7ea99f2ebf80","@P1   BRA 0x7ea99f2ebd80","0","0"
"0x7ea99f2ebf90","      BSYNC B0","0","0"
"0x7ea99f2ebfa0","      ISETP.GE.U32.AND P0, PT, R7, 0x3, PT","0","0"
"0x7ea99f2ebfb0","@!P0  EXIT","0","0"
"0x7ea99f2ebfc0","      IADD3 R9, R6, c[0x0][0x0], RZ","0","0"
"0x7ea99f2ebfd0","      BSSY B0, 0x7ea99f2ec340","0","0"
"0x7ea99f2ebfe0","      SHF.R.S32.HI R3, RZ, 0x1f, R6","0","0"
"0x7ea99f2ebff0","      IADD3 R13, R9, c[0x0][0x0], RZ","0","0"
"0x7ea99f2ec000","      LEA.HI R3, R3, R6, RZ, 0x7","0","0"
"0x7ea99f2ec010","      SHF.R.S32.HI R2, RZ, 0x1f, R13","0","0"
"0x7ea99f2ec020","      LOP3.LUT R5, R3, 0xffffff80, RZ, 0xc0, !PT","0","0"
"0x7ea99f2ec030","      LEA.HI R11, R2, R13, RZ, 0x7","0","0"
"0x7ea99f2ec040","      SHF.R.S32.HI R0, RZ, 0x1f, R9","0","0"
"0x7ea99f2ec050","      IMAD.IADD R5, R6, 0x1, -R5","0","0"
"0x7ea99f2ec060","      IADD3 R23, R13, c[0x0][0x0], RZ","0","0"
"0x7ea99f2ec070","      LOP3.LUT R2, R11, 0xffffff80, RZ, 0xc0, !PT","0","0"
"0x7ea99f2ec080","      LEA.HI R7, R0, R9, RZ, 0x7","0","0"
"0x7ea99f2ec090","      SHF.R.S32.HI R4, RZ, 0x1f, R23","0","0"
"0x7ea99f2ec0a0","      IMAD.IADD R13, R13, 0x1, -R2","0","0"
"0x7ea99f2ec0b0","      LOP3.LUT R0, R7, 0xffffff80, RZ, 0xc0, !PT","0","0"
"0x7ea99f2ec0c0","      IMAD R2, R116, 0x80, R5","0","0"
"0x7ea99f2ec0d0","      LEA.HI R15, R4, R23, RZ, 0x7","0","0"
"0x7ea99f2ec0e0","      IMAD R8, R116, 0x80, R13","0","0"
"0x7ea99f2ec0f0","      LEA.HI.SX32 R17, R3, R118, 0x19","0","0"
"0x7ea99f2ec100","      IMAD.IADD R9, R9, 0x1, -R0","0","0"
"0x7ea99f2ec110","      ISETP.GE.AND P0, PT, R2, c[0x0][0x190], PT","0","0"
"0x7ea99f2ec120","      LOP3.LUT R0, R15, 0xffffff80, RZ, 0xc0, !PT","0","0"
"0x7ea99f2ec130","      IMAD R6, R116, 0x80, R9","0","0"
"0x7ea99f2ec140","      ISETP.GE.OR P3, PT, R17, c[0x0][0x188], P0","0","0"
"0x7ea99f2ec150","      LEA.HI.SX32 R21, R11, R118, 0x19","0","0"
"0x7ea99f2ec160","      IMAD.IADD R11, R23, 0x1, -R0","0","0"
"0x7ea99f2ec170","      LEA.HI.SX32 R19, R7, R118, 0x19","0","0"
"0x7ea99f2ec180","      ISETP.GE.AND P1, PT, R6, c[0x0][0x190], PT","0","0"
"0x7ea99f2ec190","      IMAD R10, R116, 0x80, R11","0","0"
"0x7ea99f2ec1a0","      ISETP.GE.AND P2, PT, R8, c[0x0][0x190], PT","0","0"
"0x7ea99f2ec1b0","      LEA.HI.SX32 R15, R15, R118, 0x19","0","0"
"0x7ea99f2ec1c0","      ISETP.GE.AND P4, PT, R10, c[0x0][0x190], PT","0","0"
"0x7ea99f2ec1d0","      ISETP.GE.OR P0, PT, R19, c[0x0][0x188], P1","0","0"
"0x7ea99f2ec1e0","      ISETP.GE.OR P1, PT, R21, c[0x0][0x188], P2","0","0"
"0x7ea99f2ec1f0","      ISETP.GE.OR P2, PT, R15, c[0x0][0x188], P4","0","0"
"0x7ea99f2ec200","@P3   BRA 0x7ea99f2ec330","0","0"
"0x7ea99f2ec210","      SHF.R.S32.HI R0, RZ, 0x1f, R17","0","0"
"0x7ea99f2ec220","      IMAD.MOV.U32 R13, RZ, RZ, 0x4","0","0"
"0x7ea99f2ec230","      SHF.R.S32.HI R3, RZ, 0x1f, R2","0","0"
"0x7ea99f2ec240","      FSETP.NEU.AND P4, PT, RZ, c[0x0][0x184], PT","0","0"
"0x7ea99f2ec250","      IMAD R0, R0, c[0x0][0x19c], RZ","0","0"
"0x7ea99f2ec260","      IMAD.WIDE.U32 R4, R17, c[0x0][0x19c], R2","0","0"
"0x7ea99f2ec270","      IMAD R3, R17, UR4, R0","0","0"
"0x7ea99f2ec280","      LEA R12, P3, R4, c[0x0][0x160], 0x2","0","0"
"0x7ea99f2ec290","      IMAD.IADD R5, R5, 0x1, R3","0","0"
"0x7ea99f2ec2a0","      IMAD.WIDE R2, R2, R13, c[0x0][0x178]","0","0"
"0x7ea99f2ec2b0","      LEA.HI.X R13, R4, c[0x0][0x164], R5, 0x2, P3","0","0"
"0x7ea99f2ec2c0","      LDG.E R5, [R2.64]","0","0"
"0x7ea99f2ec2d0","@P4   LDG.E R0, [R12.64]","0","0"
"0x7ea99f2ec2e0","      IMAD.MOV.U32 R4, RZ, RZ, c[0x0][0x180]","0","0"
"0x7ea99f2ec2f0","      FSETP.NEU.AND P3, PT, R4, 1, PT","0","0"
"0x7ea99f2ec300","@P3   FMUL R5, R5, c[0x0][0x180]","0","0"
"0x7ea99f2ec310","@P4   FFMA R5, R0, c[0x0][0x184], R5","0","0"
"0x7ea99f2ec320","      STG.E [R12.64], R5","0","0"
"0x7ea99f2ec330","      BSYNC B0","0","0"
"0x7ea99f2ec340","      BSSY B0, 0x7ea99f2ec490","0","0"
"0x7ea99f2ec350","@P0   BRA 0x7ea99f2ec480","0","0"
"0x7ea99f2ec360","      SHF.R.S32.HI R0, RZ, 0x1f, R19","0","0"
"0x7ea99f2ec370","      SHF.R.S32.HI R7, RZ, 0x1f, R6","0","0"
"0x7ea99f2ec380","      FSETP.NEU.AND P3, PT, RZ, c[0x0][0x184], PT","0","0"
"0x7ea99f2ec390","      IMAD R0, R0, c[0x0][0x19c], RZ","0","0"
"0x7ea99f2ec3a0","      IMAD.WIDE.U32 R4, R19, c[0x0][0x19c], R6","0","0"
"0x7ea99f2ec3b0","      IMAD R3, R19, UR4, R0","0","0"
"0x7ea99f2ec3c0","      LEA R12, P0, R4, c[0x0][0x160], 0x2","0","0"
"0x7ea99f2ec3d0","      IMAD.MOV.U32 R7, RZ, RZ, 0x4","0","0"
"0x7ea99f2ec3e0","      IMAD.IADD R5, R5, 0x1, R3","0","0"
"0x7ea99f2ec3f0","      IMAD.WIDE R2, R6, R7, c[0x0][0x178]","0","0"
"0x7ea99f2ec400","      LEA.HI.X R13, R4, c[0x0][0x164], R5, 0x2, P0","0","0"
"0x7ea99f2ec410","      LDG.E R5, [R2.64]","0","0"
"0x7ea99f2ec420","@P3   LDG.E R0, [R12.64]","0","0"
"0x7ea99f2ec430","      IMAD.MOV.U32 R4, RZ, RZ, c[0x0][0x180]","0","0"
"0x7ea99f2ec440","      FSETP.NEU.AND P0, PT, R4, 1, PT","0","0"
"0x7ea99f2ec450","@P0   FMUL R5, R5, c[0x0][0x180]","0","0"
"0x7ea99f2ec460","@P3   FFMA R5, R0, c[0x0][0x184], R5","0","0"
"0x7ea99f2ec470","      STG.E [R12.64], R5","0","0"
"0x7ea99f2ec480","      BSYNC B0","0","0"
"0x7ea99f2ec490","      BSSY B0, 0x7ea99f2ec5e0","0","0"
"0x7ea99f2ec4a0","@P1   BRA 0x7ea99f2ec5d0","0","0"
"0x7ea99f2ec4b0","      SHF.R.S32.HI R0, RZ, 0x1f, R21","0","0"
"0x7ea99f2ec4c0","      IMAD.MOV.U32 R7, RZ, RZ, 0x4","0","0"
"0x7ea99f2ec4d0","      SHF.R.S32.HI R9, RZ, 0x1f, R8","0","0"
"0x7ea99f2ec4e0","      FSETP.NEU.AND P1, PT, RZ, c[0x0][0x184], PT","0","0"
"0x7ea99f2ec4f0","      IMAD R0, R0, c[0x0][0x19c], RZ","0","0"
"0x7ea99f2ec500","      IMAD.WIDE.U32 R4, R21, c[0x0][0x19c], R8","0","0"
"0x7ea99f2ec510","      IMAD R3, R21, UR4, R0","0","0"
"0x7ea99f2ec520","      LEA R6, P0, R4, c[0x0][0x160], 0x2","0","0"
"0x7ea99f2ec530","      IMAD.IADD R5, R5, 0x1, R3","0","0"
"0x7ea99f2ec540","      IMAD.WIDE R2, R8, R7, c[0x0][0x178]","0","0"
"0x7ea99f2ec550","      LEA.HI.X R7, R4, c[0x0][0x164], R5, 0x2, P0","0","0"
"0x7ea99f2ec560","      LDG.E R5, [R2.64]","0","0"
"0x7ea99f2ec570","@P1   LDG.E R0, [R6.64]","0","0"
"0x7ea99f2ec580","      IMAD.MOV.U32 R4, RZ, RZ, c[0x0][0x180]","0","0"
"0x7ea99f2ec590","      FSETP.NEU.AND P0, PT, R4, 1, PT","0","0"
"0x7ea99f2ec5a0","@P0   FMUL R5, R5, c[0x0][0x180]","0","0"
"0x7ea99f2ec5b0","@P1   FFMA R5, R0, c[0x0][0x184], R5","0","0"
"0x7ea99f2ec5c0","      STG.E [R6.64], R5","0","0"
"0x7ea99f2ec5d0","      BSYNC B0","0","0"
"0x7ea99f2ec5e0","      BSSY B0, 0x7ea99f2ec730","0","0"
"0x7ea99f2ec5f0","@P2   BRA 0x7ea99f2ec720","0","0"
"0x7ea99f2ec600","      SHF.R.S32.HI R0, RZ, 0x1f, R15","0","0"
"0x7ea99f2ec610","      IMAD.MOV.U32 R7, RZ, RZ, 0x4","0","0"
"0x7ea99f2ec620","      SHF.R.S32.HI R11, RZ, 0x1f, R10","0","0"
"0x7ea99f2ec630","      FSETP.NEU.AND P1, PT, RZ, c[0x0][0x184], PT","0","0"
"0x7ea99f2ec640","      IMAD R0, R0, c[0x0][0x19c], RZ","0","0"
"0x7ea99f2ec650","      IMAD.WIDE.U32 R4, R15, c[0x0][0x19c], R10","0","0"
"0x7ea99f2ec660","      IMAD R3, R15, UR4, R0","0","0"
"0x7ea99f2ec670","      LEA R6, P0, R4, c[0x0][0x160], 0x2","0","0"
"0x7ea99f2ec680","      IMAD.IADD R5, R5, 0x1, R3","0","0"
"0x7ea99f2ec690","      IMAD.WIDE R2, R10, R7, c[0x0][0x178]","0","0"
"0x7ea99f2ec6a0","      LEA.HI.X R7, R4, c[0x0][0x164], R5, 0x2, P0","0","0"
"0x7ea99f2ec6b0","      LDG.E R5, [R2.64]","0","0"
"0x7ea99f2ec6c0","@P1   LDG.E R0, [R6.64]","0","0"
"0x7ea99f2ec6d0","      IMAD.MOV.U32 R4, RZ, RZ, c[0x0][0x180]","0","0"
"0x7ea99f2ec6e0","      FSETP.NEU.AND P0, PT, R4, 1, PT","0","0"
"0x7ea99f2ec6f0","@P0   FMUL R5, R5, c[0x0][0x180]","0","0"
"0x7ea99f2ec700","@P1   FFMA R5, R0, c[0x0][0x184], R5","0","0"
"0x7ea99f2ec710","      STG.E [R6.64], R5","0","0"
"0x7ea99f2ec720","      BSYNC B0","0","0"
"0x7ea99f2ec730","      IADD3 R6, R23, c[0x0][0x0], RZ","0","0"
"0x7ea99f2ec740","      ISETP.GE.AND P0, PT, R6, 0x4000, PT","0","0"
"0x7ea99f2ec750","@!P0  BRA 0x7ea99f2ebfc0","0","0"
"0x7ea99f2ec760","      EXIT","0","0"
"0x7ea99f2ec770","      IMAD.MOV.U32 R0, RZ, RZ, c[0x0][0x180]","0","0"
"0x7ea99f2ec780","      FSETP.NEU.AND P0, PT, R0, 1, PT","0","0"
"0x7ea99f2ec790","@!P0  BRA 0x7ea99f2ed080","0","0"
"0x7ea99f2ec7a0","      ISETP.NE.AND P0, PT, R10, RZ, PT","0","0"
"0x7ea99f2ec7b0","      BSSY B0, 0x7ea99f2ec9b0","0","0"
"0x7ea99f2ec7c0","@!P0  BRA 0x7ea99f2ec9a0","0","0"
"0x7ea99f2ec7d0","      SHF.R.S32.HI R3, RZ, 0x1f, R6","0","0"
"0x7ea99f2ec7e0","      BSSY B1, 0x7ea99f2ec960","0","0"
"0x7ea99f2ec7f0","      LEA.HI R3, R3, R6, RZ, 0x7","0","0"
"0x7ea99f2ec800","      LOP3.LUT R5, R3, 0xffffff80, RZ, 0xc0, !PT","0","0"
"0x7ea99f2ec810","      IMAD.IADD R5, R6, 0x1, -R5","0","0"
"0x7ea99f2ec820","      IMAD R2, R116, 0x80, R5","0","0"
"0x7ea99f2ec830","      LEA.HI.SX32 R5, R3, R118, 0x19","0","0"
"0x7ea99f2ec840","      ISETP.GE.AND P0, PT, R2, c[0x0][0x190], PT","0","0"
"0x7ea99f2ec850","      ISETP.GE.OR P0, PT, R5, c[0x0][0x188], P0","0","0"
"0x7ea99f2ec860","@P0   BRA 0x7ea99f2ec950","0","0"
"0x7ea99f2ec870","      SHF.R.S32.HI R0, RZ, 0x1f, R5","0","0"
"0x7ea99f2ec880","      SHF.R.S32.HI R3, RZ, 0x1f, R2","0","0"
"0x7ea99f2ec890","      FSETP.NEU.AND P1, PT, RZ, c[0x0][0x184], PT","0","0"
"0x7ea99f2ec8a0","      IMAD R0, R0, c[0x0][0x19c], RZ","0","0"
"0x7ea99f2ec8b0","      IMAD.WIDE.U32 R2, R5, c[0x0][0x19c], R2","0","0"
"0x7ea99f2ec8c0","      IMAD R5, R5, UR4, R0","0","0"
"0x7ea99f2ec8d0","      LEA R4, P0, R2, c[0x0][0x160], 0x2","0","0"
"0x7ea99f2ec8e0","      IMAD.IADD R3, R3, 0x1, R5","0","0"
"0x7ea99f2ec8f0","      LEA.HI.X R5, R2, c[0x0][0x164], R3, 0x2, P0","0","0"
"0x7ea99f2ec900","      FMUL R3, RZ, c[0x0][0x180]","0","0"
"0x7ea99f2ec910","@!P1  BRA 0x7ea99f2ec940","0","0"
"0x7ea99f2ec920","      LDG.E R0, [R4.64]","0","0"
"0x7ea99f2ec930","      FFMA R3, R0, c[0x0][0x184], R3","0","0"
"0x7ea99f2ec940","      STG.E [R4.64], R3","0","0"
"0x7ea99f2ec950","      BSYNC B1","0","0"
"0x7ea99f2ec960","      IADD3 R10, R10, -0x1, RZ","0","0"
"0x7ea99f2ec970","      IADD3 R6, R6, c[0x0][0x0], RZ","0","0"
"0x7ea99f2ec980","      ISETP.NE.AND P0, PT, R10, RZ, PT","0","0"
"0x7ea99f2ec990","@P0   BRA 0x7ea99f2ec7d0","0","0"
"0x7ea99f2ec9a0","      BSYNC B0","0","0"
"0x7ea99f2ec9b0","      ISETP.GE.U32.AND P0, PT, R7, 0x3, PT","0","0"
"0x7ea99f2ec9c0","@!P0  EXIT","0","0"
"0x7ea99f2ec9d0","      SHF.R.S32.HI R3, RZ, 0x1f, R6","0","0"
"0x7ea99f2ec9e0","      BSSY B0, 0x7ea99f2ecb60","0","0"
"0x7ea99f2ec9f0","      LEA.HI R3, R3, R6, RZ, 0x7","0","0"
"0x7ea99f2eca00","      LOP3.LUT R5, R3, 0xffffff80, RZ, 0xc0, !PT","0","0"
"0x7ea99f2eca10","      IMAD.IADD R5, R6, 0x1, -R5","0","0"
"0x7ea99f2eca20","      IMAD R2, R116, 0x80, R5","0","0"
"0x7ea99f2eca30","      LEA.HI.SX32 R5, R3, R118, 0x19","0","0"
"0x7ea99f2eca40","      ISETP.GE.AND P0, PT, R2, c[0x0][0x190], PT","0","0"
"0x7ea99f2eca50","      ISETP.GE.OR P0, PT, R5, c[0x0][0x188], P0","0","0"
"0x7ea99f2eca60","@P0   BRA 0x7ea99f2ecb50","0","0"
"0x7ea99f2eca70","      SHF.R.S32.HI R0, RZ, 0x1f, R5","0","0"
"0x7ea99f2eca80","      SHF.R.S32.HI R3, RZ, 0x1f, R2","0","0"
"0x7ea99f2eca90","      FSETP.NEU.AND P1, PT, RZ, c[0x0][0x184], PT","0","0"
"0x7ea99f2ecaa0","      IMAD R0, R0, c[0x0][0x19c], RZ","0","0"
"0x7ea99f2ecab0","      IMAD.WIDE.U32 R2, R5, c[0x0][0x19c], R2","0","0"
"0x7ea99f2ecac0","      IMAD R5, R5, UR4, R0","0","0"
"0x7ea99f2ecad0","      LEA R4, P0, R2, c[0x0][0x160], 0x2","0","0"
"0x7ea99f2ecae0","      IMAD.IADD R3, R3, 0x1, R5","0","0"
"0x7ea99f2ecaf0","      LEA.HI.X R5, R2, c[0x0][0x164], R3, 0x2, P0","0","0"
"0x7ea99f2ecb00","      FMUL R3, RZ, c[0x0][0x180]","0","0"
"0x7ea99f2ecb10","@!P1  BRA 0x7ea99f2ecb40","0","0"
"0x7ea99f2ecb20","      LDG.E R0, [R4.64]","0","0"
"0x7ea99f2ecb30","      FFMA R3, R0, c[0x0][0x184], R3","0","0"
"0x7ea99f2ecb40","      STG.E [R4.64], R3","0","0"
"0x7ea99f2ecb50","      BSYNC B0","0","0"
"0x7ea99f2ecb60","      IADD3 R7, R6, c[0x0][0x0], RZ","0","0"
"0x7ea99f2ecb70","      BSSY B0, 0x7ea99f2ecd00","0","0"
"0x7ea99f2ecb80","      SHF.R.S32.HI R0, RZ, 0x1f, R7","0","0"
"0x7ea99f2ecb90","      LEA.HI R3, R0, R7, RZ, 0x7","0","0"
"0x7ea99f2ecba0","      LOP3.LUT R0, R3, 0xffffff80, RZ, 0xc0, !PT","0","0"
"0x7ea99f2ecbb0","      IMAD.IADD R5, R7, 0x1, -R0","0","0"
"0x7ea99f2ecbc0","      IMAD R2, R116, 0x80, R5","0","0"
"0x7ea99f2ecbd0","      LEA.HI.SX32 R5, R3, R118, 0x19","0","0"
"0x7ea99f2ecbe0","      ISETP.GE.AND P0, PT, R2, c[0x0][0x190], PT","0","0"
"0x7ea99f2ecbf0","      ISETP.GE.OR P0, PT, R5, c[0x0][0x188], P0","0","0"
"0x7ea99f2ecc00","@P0   BRA 0x7ea99f2eccf0","0","0"
"0x7ea99f2ecc10","      SHF.R.S32.HI R0, RZ, 0x1f, R5","0","0"
"0x7ea99f2ecc20","      SHF.R.S32.HI R3, RZ, 0x1f, R2","0","0"
"0x7ea99f2ecc30","      FSETP.NEU.AND P1, PT, RZ, c[0x0][0x184], PT","0","0"
"0x7ea99f2ecc40","      IMAD R0, R0, c[0x0][0x19c], RZ","0","0"
"0x7ea99f2ecc50","      IMAD.WIDE.U32 R2, R5, c[0x0][0x19c], R2","0","0"
"0x7ea99f2ecc60","      IMAD R5, R5, UR4, R0","0","0"
"0x7ea99f2ecc70","      LEA R4, P0, R2, c[0x0][0x160], 0x2","0","0"
"0x7ea99f2ecc80","      IMAD.IADD R3, R3, 0x1, R5","0","0"
"0x7ea99f2ecc90","      LEA.HI.X R5, R2, c[0x0][0x164], R3, 0x2, P0","0","0"
"0x7ea99f2ecca0","      FMUL R3, RZ, c[0x0][0x180]","0","0"
"0x7ea99f2eccb0","@!P1  BRA 0x7ea99f2ecce0","0","0"
"0x7ea99f2eccc0","      LDG.E R0, [R4.64]","0","0"
"0x7ea99f2eccd0","      FFMA R3, R0, c[0x0][0x184], R3","0","0"
"0x7ea99f2ecce0","      STG.E [R4.64], R3","0","0"
"0x7ea99f2eccf0","      BSYNC B0","0","0"
"0x7ea99f2ecd00","      IADD3 R7, R7, c[0x0][0x0], RZ","0","0"
"0x7ea99f2ecd10","      BSSY B0, 0x7ea99f2ecea0","0","0"
"0x7ea99f2ecd20","      SHF.R.S32.HI R0, RZ, 0x1f, R7","0","0"
"0x7ea99f2ecd30","      LEA.HI R3, R0, R7, RZ, 0x7","0","0"
"0x7ea99f2ecd40","      LOP3.LUT R0, R3, 0xffffff80, RZ, 0xc0, !PT","0","0"
"0x7ea99f2ecd50","      IMAD.IADD R5, R7, 0x1, -R0","0","0"
"0x7ea99f2ecd60","      IMAD R2, R116, 0x80, R5","0","0"
"0x7ea99f2ecd70","      LEA.HI.SX32 R5, R3, R118, 0x19","0","0"
"0x7ea99f2ecd80","      ISETP.GE.AND P0, PT, R2, c[0x0][0x190], PT","0","0"
"0x7ea99f2ecd90","      ISETP.GE.OR P0, PT, R5, c[0x0][0x188], P0","0","0"
"0x7ea99f2ecda0","@P0   BRA 0x7ea99f2ece90","0","0"
"0x7ea99f2ecdb0","      SHF.R.S32.HI R0, RZ, 0x1f, R5","0","0"
"0x7ea99f2ecdc0","      SHF.R.S32.HI R3, RZ, 0x1f, R2","0","0"
"0x7ea99f2ecdd0","      FSETP.NEU.AND P1, PT, RZ, c[0x0][0x184], PT","0","0"
"0x7ea99f2ecde0","      IMAD R0, R0, c[0x0][0x19c], RZ","0","0"
"0x7ea99f2ecdf0","      IMAD.WIDE.U32 R2, R5, c[0x0][0x19c], R2","0","0"
"0x7ea99f2ece00","      IMAD R5, R5, UR4, R0","0","0"
"0x7ea99f2ece10","      LEA R4, P0, R2, c[0x0][0x160], 0x2","0","0"
"0x7ea99f2ece20","      IMAD.IADD R3, R3, 0x1, R5","0","0"
"0x7ea99f2ece30","      LEA.HI.X R5, R2, c[0x0][0x164], R3, 0x2, P0","0","0"
"0x7ea99f2ece40","      FMUL R3, RZ, c[0x0][0x180]","0","0"
"0x7ea99f2ece50","@!P1  BRA 0x7ea99f2ece80","0","0"
"0x7ea99f2ece60","      LDG.E R0, [R4.64]","0","0"
"0x7ea99f2ece70","      FFMA R3, R0, c[0x0][0x184], R3","0","0"
"0x7ea99f2ece80","      STG.E [R4.64], R3","0","0"
"0x7ea99f2ece90","      BSYNC B0","0","0"
"0x7ea99f2ecea0","      IADD3 R7, R7, c[0x0][0x0], RZ","0","0"
"0x7ea99f2eceb0","      BSSY B0, 0x7ea99f2ed040","0","0"
"0x7ea99f2ecec0","      SHF.R.S32.HI R0, RZ, 0x1f, R7","0","0"
"0x7ea99f2eced0","      LEA.HI R3, R0, R7, RZ, 0x7","0","0"
"0x7ea99f2ecee0","      LOP3.LUT R0, R3, 0xffffff80, RZ, 0xc0, !PT","0","0"
"0x7ea99f2ecef0","      IMAD.IADD R5, R7, 0x1, -R0","0","0"
"0x7ea99f2ecf00","      IMAD R2, R116, 0x80, R5","0","0"
"0x7ea99f2ecf10","      LEA.HI.SX32 R5, R3, R118, 0x19","0","0"
"0x7ea99f2ecf20","      ISETP.GE.AND P0, PT, R2, c[0x0][0x190], PT","0","0"
"0x7ea99f2ecf30","      ISETP.GE.OR P0, PT, R5, c[0x0][0x188], P0","0","0"
"0x7ea99f2ecf40","@P0   BRA 0x7ea99f2ed030","0","0"
"0x7ea99f2ecf50","      SHF.R.S32.HI R0, RZ, 0x1f, R5","0","0"
"0x7ea99f2ecf60","      SHF.R.S32.HI R3, RZ, 0x1f, R2","0","0"
"0x7ea99f2ecf70","      FSETP.NEU.AND P1, PT, RZ, c[0x0][0x184], PT","0","0"
"0x7ea99f2ecf80","      IMAD R0, R0, c[0x0][0x19c], RZ","0","0"
"0x7ea99f2ecf90","      IMAD.WIDE.U32 R2, R5, c[0x0][0x19c], R2","0","0"
"0x7ea99f2ecfa0","      IMAD R5, R5, UR4, R0","0","0"
"0x7ea99f2ecfb0","      LEA R4, P0, R2, c[0x0][0x160], 0x2","0","0"
"0x7ea99f2ecfc0","      IMAD.IADD R3, R3, 0x1, R5","0","0"
"0x7ea99f2ecfd0","      LEA.HI.X R5, R2, c[0x0][0x164], R3, 0x2, P0","0","0"
"0x7ea99f2ecfe0","      FMUL R3, RZ, c[0x0][0x180]","0","0"
"0x7ea99f2ecff0","@!P1  BRA 0x7ea99f2ed020","0","0"
"0x7ea99f2ed000","      LDG.E R0, [R4.64]","0","0"
"0x7ea99f2ed010","      FFMA R3, R0, c[0x0][0x184], R3","0","0"
"0x7ea99f2ed020","      STG.E [R4.64], R3","0","0"
"0x7ea99f2ed030","      BSYNC B0","0","0"
"0x7ea99f2ed040","      IADD3 R6, R7, c[0x0][0x0], RZ","0","0"
"0x7ea99f2ed050","      ISETP.GE.AND P0, PT, R6, 0x4000, PT","0","0"
"0x7ea99f2ed060","@!P0  BRA 0x7ea99f2ec9d0","0","0"
"0x7ea99f2ed070","      EXIT","0","0"
"0x7ea99f2ed080","      ISETP.NE.AND P0, PT, R10, RZ, PT","0","0"
"0x7ea99f2ed090","      BSSY B0, 0x7ea99f2ed290","0","0"
"0x7ea99f2ed0a0","@!P0  BRA 0x7ea99f2ed280","0","0"
"0x7ea99f2ed0b0","      SHF.R.S32.HI R3, RZ, 0x1f, R6","0","0"
"0x7ea99f2ed0c0","      BSSY B1, 0x7ea99f2ed240","0","0"
"0x7ea99f2ed0d0","      LEA.HI R3, R3, R6, RZ, 0x7","0","0"
"0x7ea99f2ed0e0","      LOP3.LUT R5, R3, 0xffffff80, RZ, 0xc0, !PT","0","0"
"0x7ea99f2ed0f0","      IMAD.IADD R5, R6, 0x1, -R5","0","0"
"0x7ea99f2ed100","      IMAD R2, R116, 0x80, R5","0","0"
"0x7ea99f2ed110","      LEA.HI.SX32 R5, R3, R118, 0x19","0","0"
"0x7ea99f2ed120","      ISETP.GE.AND P0, PT, R2, c[0x0][0x190], PT","0","0"
"0x7ea99f2ed130","      ISETP.GE.OR P0, PT, R5, c[0x0][0x188], P0","0","0"
"0x7ea99f2ed140","@P0   BRA 0x7ea99f2ed230","0","0"
"0x7ea99f2ed150","      SHF.R.S32.HI R0, RZ, 0x1f, R5","0","0"
"0x7ea99f2ed160","      SHF.R.S32.HI R3, RZ, 0x1f, R2","0","0"
"0x7ea99f2ed170","      FSETP.NEU.AND P1, PT, RZ, c[0x0][0x184], PT","0","0"
"0x7ea99f2ed180","      IMAD R0, R0, c[0x0][0x19c], RZ","0","0"
"0x7ea99f2ed190","      IMAD.WIDE.U32 R2, R5, c[0x0][0x19c], R2","0","0"
"0x7ea99f2ed1a0","      IMAD R5, R5, UR4, R0","0","0"
"0x7ea99f2ed1b0","      LEA R4, P0, R2, c[0x0][0x160], 0x2","0","0"
"0x7ea99f2ed1c0","      IMAD.IADD R3, R3, 0x1, R5","0","0"
"0x7ea99f2ed1d0","      LEA.HI.X R5, R2, c[0x0][0x164], R3, 0x2, P0","0","0"
"0x7ea99f2ed1e0","      IMAD.MOV.U32 R3, RZ, RZ, RZ","0","0"
"0x7ea99f2ed1f0","@!P1  BRA 0x7ea99f2ed220","0","0"
"0x7ea99f2ed200","      LDG.E R0, [R4.64]","0","0"
"0x7ea99f2ed210","      FFMA R3, R0, c[0x0][0x184], RZ","0","0"
"0x7ea99f2ed220","      STG.E [R4.64], R3","0","0"
"0x7ea99f2ed230","      BSYNC B1","0","0"
"0x7ea99f2ed240","      IADD3 R10, R10, -0x1, RZ","0","0"
"0x7ea99f2ed250","      IADD3 R6, R6, c[0x0][0x0], RZ","0","0"
"0x7ea99f2ed260","      ISETP.NE.AND P0, PT, R10, RZ, PT","0","0"
"0x7ea99f2ed270","@P0   BRA 0x7ea99f2ed0b0","0","0"
"0x7ea99f2ed280","      BSYNC B0","0","0"
"0x7ea99f2ed290","      ISETP.GE.U32.AND P0, PT, R7, 0x3, PT","0","0"
"0x7ea99f2ed2a0","@!P0  EXIT","0","0"
"0x7ea99f2ed2b0","      SHF.R.S32.HI R3, RZ, 0x1f, R6","0","0"
"0x7ea99f2ed2c0","      BSSY B0, 0x7ea99f2ed440","0","0"
"0x7ea99f2ed2d0","      LEA.HI R3, R3, R6, RZ, 0x7","0","0"
"0x7ea99f2ed2e0","      LOP3.LUT R5, R3, 0xffffff80, RZ, 0xc0, !PT","0","0"
"0x7ea99f2ed2f0","      IMAD.IADD R5, R6, 0x1, -R5","0","0"
"0x7ea99f2ed300","      IMAD R2, R116, 0x80, R5","0","0"
"0x7ea99f2ed310","      LEA.HI.SX32 R5, R3, R118, 0x19","0","0"
"0x7ea99f2ed320","      ISETP.GE.AND P0, PT, R2, c[0x0][0x190], PT","0","0"
"0x7ea99f2ed330","      ISETP.GE.OR P0, PT, R5, c[0x0][0x188], P0","0","0"
"0x7ea99f2ed340","@P0   BRA 0x7ea99f2ed430","0","0"
"0x7ea99f2ed350","      SHF.R.S32.HI R0, RZ, 0x1f, R5","0","0"
"0x7ea99f2ed360","      SHF.R.S32.HI R3, RZ, 0x1f, R2","0","0"
"0x7ea99f2ed370","      FSETP.NEU.AND P1, PT, RZ, c[0x0][0x184], PT","0","0"
"0x7ea99f2ed380","      IMAD R0, R0, c[0x0][0x19c], RZ","0","0"
"0x7ea99f2ed390","      IMAD.WIDE.U32 R2, R5, c[0x0][0x19c], R2","0","0"
"0x7ea99f2ed3a0","      IMAD R5, R5, UR4, R0","0","0"
"0x7ea99f2ed3b0","      LEA R4, P0, R2, c[0x0][0x160], 0x2","0","0"
"0x7ea99f2ed3c0","      IMAD.IADD R3, R3, 0x1, R5","0","0"
"0x7ea99f2ed3d0","      LEA.HI.X R5, R2, c[0x0][0x164], R3, 0x2, P0","0","0"
"0x7ea99f2ed3e0","      IMAD.MOV.U32 R3, RZ, RZ, RZ","0","0"
"0x7ea99f2ed3f0","@!P1  BRA 0x7ea99f2ed420","0","0"
"0x7ea99f2ed400","      LDG.E R0, [R4.64]","0","0"
"0x7ea99f2ed410","      FFMA R3, R0, c[0x0][0x184], RZ","0","0"
"0x7ea99f2ed420","      STG.E [R4.64], R3","0","0"
"0x7ea99f2ed430","      BSYNC B0","0","0"
"0x7ea99f2ed440","      IADD3 R7, R6, c[0x0][0x0], RZ","0","0"
"0x7ea99f2ed450","      BSSY B0, 0x7ea99f2ed5e0","0","0"
"0x7ea99f2ed460","      SHF.R.S32.HI R0, RZ, 0x1f, R7","0","0"
"0x7ea99f2ed470","      LEA.HI R3, R0, R7, RZ, 0x7","0","0"
"0x7ea99f2ed480","      LOP3.LUT R0, R3, 0xffffff80, RZ, 0xc0, !PT","0","0"
"0x7ea99f2ed490","      IMAD.IADD R5, R7, 0x1, -R0","0","0"
"0x7ea99f2ed4a0","      IMAD R2, R116, 0x80, R5","0","0"
"0x7ea99f2ed4b0","      LEA.HI.SX32 R5, R3, R118, 0x19","0","0"
"0x7ea99f2ed4c0","      ISETP.GE.AND P0, PT, R2, c[0x0][0x190], PT","0","0"
"0x7ea99f2ed4d0","      ISETP.GE.OR P0, PT, R5, c[0x0][0x188], P0","0","0"
"0x7ea99f2ed4e0","@P0   BRA 0x7ea99f2ed5d0","0","0"
"0x7ea99f2ed4f0","      SHF.R.S32.HI R0, RZ, 0x1f, R5","0","0"
"0x7ea99f2ed500","      SHF.R.S32.HI R3, RZ, 0x1f, R2","0","0"
"0x7ea99f2ed510","      FSETP.NEU.AND P1, PT, RZ, c[0x0][0x184], PT","0","0"
"0x7ea99f2ed520","      IMAD R0, R0, c[0x0][0x19c], RZ","0","0"
"0x7ea99f2ed530","      IMAD.WIDE.U32 R2, R5, c[0x0][0x19c], R2","0","0"
"0x7ea99f2ed540","      IMAD R5, R5, UR4, R0","0","0"
"0x7ea99f2ed550","      LEA R4, P0, R2, c[0x0][0x160], 0x2","0","0"
"0x7ea99f2ed560","      IMAD.IADD R3, R3, 0x1, R5","0","0"
"0x7ea99f2ed570","      LEA.HI.X R5, R2, c[0x0][0x164], R3, 0x2, P0","0","0"
"0x7ea99f2ed580","      IMAD.MOV.U32 R3, RZ, RZ, RZ","0","0"
"0x7ea99f2ed590","@!P1  BRA 0x7ea99f2ed5c0","0","0"
"0x7ea99f2ed5a0","      LDG.E R0, [R4.64]","0","0"
"0x7ea99f2ed5b0","      FFMA R3, R0, c[0x0][0x184], RZ","0","0"
"0x7ea99f2ed5c0","      STG.E [R4.64], R3","0","0"
"0x7ea99f2ed5d0","      BSYNC B0","0","0"
"0x7ea99f2ed5e0","      IADD3 R7, R7, c[0x0][0x0], RZ","0","0"
"0x7ea99f2ed5f0","      BSSY B0, 0x7ea99f2ed780","0","0"
"0x7ea99f2ed600","      SHF.R.S32.HI R0, RZ, 0x1f, R7","0","0"
"0x7ea99f2ed610","      LEA.HI R3, R0, R7, RZ, 0x7","0","0"
"0x7ea99f2ed620","      LOP3.LUT R0, R3, 0xffffff80, RZ, 0xc0, !PT","0","0"
"0x7ea99f2ed630","      IMAD.IADD R5, R7, 0x1, -R0","0","0"
"0x7ea99f2ed640","      IMAD R2, R116, 0x80, R5","0","0"
"0x7ea99f2ed650","      LEA.HI.SX32 R5, R3, R118, 0x19","0","0"
"0x7ea99f2ed660","      ISETP.GE.AND P0, PT, R2, c[0x0][0x190], PT","0","0"
"0x7ea99f2ed670","      ISETP.GE.OR P0, PT, R5, c[0x0][0x188], P0","0","0"
"0x7ea99f2ed680","@P0   BRA 0x7ea99f2ed770","0","0"
"0x7ea99f2ed690","      SHF.R.S32.HI R0, RZ, 0x1f, R5","0","0"
"0x7ea99f2ed6a0","      SHF.R.S32.HI R3, RZ, 0x1f, R2","0","0"
"0x7ea99f2ed6b0","      FSETP.NEU.AND P1, PT, RZ, c[0x0][0x184], PT","0","0"
"0x7ea99f2ed6c0","      IMAD R0, R0, c[0x0][0x19c], RZ","0","0"
"0x7ea99f2ed6d0","      IMAD.WIDE.U32 R2, R5, c[0x0][0x19c], R2","0","0"
"0x7ea99f2ed6e0","      IMAD R5, R5, UR4, R0","0","0"
"0x7ea99f2ed6f0","      LEA R4, P0, R2, c[0x0][0x160], 0x2","0","0"
"0x7ea99f2ed700","      IMAD.IADD R3, R3, 0x1, R5","0","0"
"0x7ea99f2ed710","      LEA.HI.X R5, R2, c[0x0][0x164], R3, 0x2, P0","0","0"
"0x7ea99f2ed720","      IMAD.MOV.U32 R3, RZ, RZ, RZ","0","0"
"0x7ea99f2ed730","@!P1  BRA 0x7ea99f2ed760","0","0"
"0x7ea99f2ed740","      LDG.E R0, [R4.64]","0","0"
"0x7ea99f2ed750","      FFMA R3, R0, c[0x0][0x184], RZ","0","0"
"0x7ea99f2ed760","      STG.E [R4.64], R3","0","0"
"0x7ea99f2ed770","      BSYNC B0","0","0"
"0x7ea99f2ed780","      IADD3 R7, R7, c[0x0][0x0], RZ","0","0"
"0x7ea99f2ed790","      BSSY B0, 0x7ea99f2ed920","0","0"
"0x7ea99f2ed7a0","      SHF.R.S32.HI R0, RZ, 0x1f, R7","0","0"
"0x7ea99f2ed7b0","      LEA.HI R3, R0, R7, RZ, 0x7","0","0"
"0x7ea99f2ed7c0","      LOP3.LUT R0, R3, 0xffffff80, RZ, 0xc0, !PT","0","0"
"0x7ea99f2ed7d0","      IMAD.IADD R5, R7, 0x1, -R0","0","0"
"0x7ea99f2ed7e0","      IMAD R2, R116, 0x80, R5","0","0"
"0x7ea99f2ed7f0","      LEA.HI.SX32 R5, R3, R118, 0x19","0","0"
"0x7ea99f2ed800","      ISETP.GE.AND P0, PT, R2, c[0x0][0x190], PT","0","0"
"0x7ea99f2ed810","      ISETP.GE.OR P0, PT, R5, c[0x0][0x188], P0","0","0"
"0x7ea99f2ed820","@P0   BRA 0x7ea99f2ed910","0","0"
"0x7ea99f2ed830","      SHF.R.S32.HI R0, RZ, 0x1f, R5","0","0"
"0x7ea99f2ed840","      SHF.R.S32.HI R3, RZ, 0x1f, R2","0","0"
"0x7ea99f2ed850","      FSETP.NEU.AND P1, PT, RZ, c[0x0][0x184], PT","0","0"
"0x7ea99f2ed860","      IMAD R0, R0, c[0x0][0x19c], RZ","0","0"
"0x7ea99f2ed870","      IMAD.WIDE.U32 R2, R5, c[0x0][0x19c], R2","0","0"
"0x7ea99f2ed880","      IMAD R5, R5, UR4, R0","0","0"
"0x7ea99f2ed890","      LEA R4, P0, R2, c[0x0][0x160], 0x2","0","0"
"0x7ea99f2ed8a0","      IMAD.IADD R3, R3, 0x1, R5","0","0"
"0x7ea99f2ed8b0","      LEA.HI.X R5, R2, c[0x0][0x164], R3, 0x2, P0","0","0"
"0x7ea99f2ed8c0","      IMAD.MOV.U32 R3, RZ, RZ, RZ","0","0"
"0x7ea99f2ed8d0","@!P1  BRA 0x7ea99f2ed900","0","0"
"0x7ea99f2ed8e0","      LDG.E R0, [R4.64]","0","0"
"0x7ea99f2ed8f0","      FFMA R3, R0, c[0x0][0x184], RZ","0","0"
"0x7ea99f2ed900","      STG.E [R4.64], R3","0","0"
"0x7ea99f2ed910","      BSYNC B0","0","0"
"0x7ea99f2ed920","      IADD3 R6, R7, c[0x0][0x0], RZ","0","0"
"0x7ea99f2ed930","      ISETP.GE.AND P0, PT, R6, 0x4000, PT","0","0"
"0x7ea99f2ed940","@!P0  BRA 0x7ea99f2ed2b0","0","0"
"0x7ea99f2ed950","      EXIT","0","0"
"0x7ea99f2ed960","      BRA `(.L_x_0) 0x7ea99f2ed960","0","0"
"0x7ea99f2ed970","      NOP","0","0"
"0x7ea99f2ed980","      NOP","0","0"
"0x7ea99f2ed990","      NOP","0","0"
"0x7ea99f2ed9a0","      NOP","0","0"
"0x7ea99f2ed9b0","      NOP","0","0"
"0x7ea99f2ed9c0","      NOP","0","0"
"0x7ea99f2ed9d0","      NOP","0","0"
"0x7ea99f2ed9e0","      NOP","0","0"
"0x7ea99f2ed9f0","      NOP","0","0"
