"Kernel Name","void cutlass::Kernel2<cutlass_80_tensorop_s1688gemm_128x128_16x5_nn_align4>(T1::Params)",
"Address","Source","Instructions Executed","Predicated-On Thread Instructions Executed"
"0x782ae6300000","      MOV R1, c[0x0][0x28]","512","16384"
"0x782ae6300010","      S2R R2, SR_CTAID.Y","512","16384"
"0x782ae6300020","      IMAD.MOV.U32 R0, RZ, RZ, -0x1","512","16384"
"0x782ae6300030","      S2R R14, SR_CTAID.X","512","16384"
"0x782ae6300040","      SHF.L.U32 R3, R0, c[0x0][0x178], RZ","512","16384"
"0x782ae6300050","      SHF.L.U32 R2, R2, c[0x0][0x178], RZ","512","16384"
"0x782ae6300060","      LOP3.LUT R3, R14, R3, RZ, 0x30, !PT","512","16384"
"0x782ae6300070","      SHF.R.S32.HI R14, RZ, c[0x0][0x178], R14","512","16384"
"0x782ae6300080","      IMAD.IADD R16, R2, 0x1, R3","512","16384"
"0x782ae6300090","      ISETP.GE.AND P0, PT, R16, c[0x0][0x170], PT","512","16384"
"0x782ae63000a0","      ISETP.GE.OR P0, PT, R14, c[0x0][0x16c], P0","512","16384"
"0x782ae63000b0","@P0   EXIT","512","4096"
"0x782ae63000c0","      S2R R182, SR_CTAID.Z","384","12288"
"0x782ae63000d0","      IMAD.MOV.U32 R0, RZ, RZ, c[0x0][0x17c]","384","12288"
"0x782ae63000e0","      MOV R2, c[0x0][0x278]","384","12288"
"0x782ae63000f0","      IMAD.MOV.U32 R3, RZ, RZ, c[0x0][0x27c]","384","12288"
"0x782ae6300100","      MOV R6, c[0x0][0x280]","384","12288"
"0x782ae6300110","      IMAD.MOV.U32 R7, RZ, RZ, c[0x0][0x284]","384","12288"
"0x782ae6300120","      ISETP.GE.U32.AND P0, PT, R0, 0x2, PT","384","12288"
"0x782ae6300130","@!P0  BRA 0x782ae63002e0","384","12288"
"0x782ae6300140","      ISETP.NE.AND P0, PT, R0, 0x2, PT","0","0"
"0x782ae6300150","      IMAD.MOV.U32 R4, RZ, RZ, c[0x0][0x168]","0","0"
"0x782ae6300160","      MOV R31, RZ","0","0"
"0x782ae6300170","@!P0  BRA 0x782ae6300200","0","0"
"0x782ae6300180","      ISETP.NE.AND P0, PT, R0, 0x3, PT","0","0"
"0x782ae6300190","@P0   BRA 0x782ae6300330","0","0"
"0x782ae63001a0","      MOV R7, 0x8","0","0"
"0x782ae63001b0","      IMAD.WIDE R2, R182, R7, c[0x0][0x278]","0","0"
"0x782ae63001c0","      IMAD.WIDE R6, R182, R7, c[0x0][0x280]","0","0"
"0x782ae63001d0","      LDG.E.64 R2, [R2]","0","0"
"0x782ae63001e0","      LDG.E.64 R6, [R6]","0","0"
"0x782ae63001f0","      BRA 0x782ae6300330","0","0"
"0x782ae6300200","      SHF.R.S32.HI R7, RZ, 0x1f, R182","0","0"
"0x782ae6300210","      IMAD.WIDE.U32 R10, R182, c[0x0][0x298], RZ","0","0"
"0x782ae6300220","      IMAD R3, R7, c[0x0][0x298], RZ","0","0"
"0x782ae6300230","      LEA R2, P1, R10, c[0x0][0x278], 0x2","0","0"
"0x782ae6300240","      IMAD R7, R7, c[0x0][0x2a0], RZ","0","0"
"0x782ae6300250","      IMAD.WIDE.U32 R8, R182, c[0x0][0x2a0], RZ","0","0"
"0x782ae6300260","      IMAD R3, R182, c[0x0][0x29c], R3","0","0"
"0x782ae6300270","      LEA R6, P0, R8, c[0x0][0x280], 0x2","0","0"
"0x782ae6300280","      IMAD R7, R182, c[0x0][0x2a4], R7","0","0"
"0x782ae6300290","      IADD3 R3, R11, R3, RZ","0","0"
"0x782ae63002a0","      IADD3 R7, R9, R7, RZ","0","0"
"0x782ae63002b0","      LEA.HI.X R3, R10, c[0x0][0x27c], R3, 0x2, P1","0","0"
"0x782ae63002c0","      LEA.HI.X R7, R8, c[0x0][0x284], R7, 0x2, P0","0","0"
"0x782ae63002d0","      BRA 0x782ae6300330","0","0"
"0x782ae63002e0","      IADD3 R4, R182, 0x1, RZ","384","12288"
"0x782ae63002f0","      IMAD R31, R182, c[0x0][0x184], RZ","384","12288"
"0x782ae6300300","      ISETP.GE.AND P0, PT, R4, c[0x0][0x174], PT","384","12288"
"0x782ae6300310","      IMAD R4, R4, c[0x0][0x184], RZ","384","12288"
"0x782ae6300320","      SEL R4, R4, c[0x0][0x168], !P0","384","12288"
"0x782ae6300330","      S2R R0, SR_TID.X","384","12288"
"0x782ae6300340","      IMAD.IADD R10, R4, 0x1, -R31","384","12288"
"0x782ae6300350","      ULDC.64 UR4, c[0x0][0x1a0]","384","12288"
"0x782ae6300360","      IMAD.MOV.U32 R204, RZ, RZ, 0x3","384","12288"
"0x782ae6300370","      BAR.SYNC.DEFER_BLOCKING 0x0","384","12288"
"0x782ae6300380","      CS2R R102, SRZ","384","12288"
"0x782ae6300390","      SHF.R.S32.HI R5, RZ, 0x1f, R10","384","12288"
"0x782ae63003a0","      CS2R R100, SRZ","384","12288"
"0x782ae63003b0","      CS2R R98, SRZ","384","12288"
"0x782ae63003c0","      CS2R R96, SRZ","384","12288"
"0x782ae63003d0","      LEA.HI R5, R5, R10, RZ, 0x4","384","12288"
"0x782ae63003e0","      CS2R R38, SRZ","384","12288"
"0x782ae63003f0","      CS2R R36, SRZ","384","12288"
"0x782ae6300400","      CS2R R34, SRZ","384","12288"
"0x782ae6300410","      LOP3.LUT R5, R5, 0xfffffff0, RZ, 0xc0, !PT","384","12288"
"0x782ae6300420","      CS2R R106, SRZ","384","12288"
"0x782ae6300430","      CS2R R104, SRZ","384","12288"
"0x782ae6300440","      CS2R R94, SRZ","384","12288"
"0x782ae6300450","      CS2R R92, SRZ","384","12288"
"0x782ae6300460","      IMAD.IADD R5, R10, 0x1, -R5","384","12288"
"0x782ae6300470","      CS2R R42, SRZ","384","12288"
"0x782ae6300480","      CS2R R40, SRZ","384","12288"
"0x782ae6300490","      CS2R R110, SRZ","384","12288"
"0x782ae63004a0","      CS2R R108, SRZ","384","12288"
"0x782ae63004b0","      SHF.R.S32.HI R9, RZ, 0x1f, R0","384","12288"
"0x782ae63004c0","      IMAD.SHL.U32 R214, R0, 0x80, RZ","384","12288"
"0x782ae63004d0","      ISETP.NE.AND P0, PT, R5, RZ, PT","384","12288"
"0x782ae63004e0","      CS2R R90, SRZ","384","12288"
"0x782ae63004f0","      LEA.HI R18, R9, R0, RZ, 0x5","384","12288"
"0x782ae6300500","      CS2R R88, SRZ","384","12288"
"0x782ae6300510","      SEL R5, R5, 0x10, P0","384","12288"
"0x782ae6300520","      CS2R R46, SRZ","384","12288"
"0x782ae6300530","      LOP3.LUT R19, R18, 0xffffffe0, RZ, 0xc0, !PT","384","12288"
"0x782ae6300540","      CS2R R44, SRZ","384","12288"
"0x782ae6300550","      SHF.R.S32.HI R18, RZ, 0x5, R18","384","12288"
"0x782ae6300560","      IMAD.IADD R9, R5, 0x1, R31","384","12288"
"0x782ae6300570","      LOP3.LUT R183, R0, 0x1f, RZ, 0xc0, !PT","384","12288"
"0x782ae6300580","      IMAD.IADD R8, R0, 0x1, -R19","384","12288"
"0x782ae6300590","      LOP3.LUT R214, R214, 0x180, RZ, 0xc0, !PT","384","12288"
"0x782ae63005a0","      IMAD.SHL.U32 R18, R18, 0x4, RZ","384","12288"
"0x782ae63005b0","      IMNMX R9, R9, R4, PT","384","12288"
"0x782ae63005c0","      CS2R R114, SRZ","384","12288"
"0x782ae63005d0","      SHF.R.S32.HI R11, RZ, 0x1f, R8","384","12288"
"0x782ae63005e0","      CS2R R112, SRZ","384","12288"
"0x782ae63005f0","      IADD3 R4, R4, 0xf, -R31","384","12288"
"0x782ae6300600","      CS2R R86, SRZ","384","12288"
"0x782ae6300610","      LEA.HI R13, R11, R8, RZ, 0x2","384","12288"
"0x782ae6300620","      CS2R R84, SRZ","384","12288"
"0x782ae6300630","      LEA.HI R11, R11, R8, RZ, 0x3","384","12288"
"0x782ae6300640","      CS2R R50, SRZ","384","12288"
"0x782ae6300650","      LEA.HI.SX32 R19, R13, R19, 0x1e","384","12288"
"0x782ae6300660","      CS2R R48, SRZ","384","12288"
"0x782ae6300670","      LOP3.LUT R13, R13, 0xfffffffc, RZ, 0xc0, !PT","384","12288"
"0x782ae6300680","      CS2R R118, SRZ","384","12288"
"0x782ae6300690","      LEA.HI R22, R19, R19, RZ, 0x1","384","12288"
"0x782ae63006a0","      IMAD R14, R14, 0x80, R19","384","12288"
"0x782ae63006b0","      LOP3.LUT R15, R11, 0x3ffffff8, RZ, 0xc0, !PT","384","12288"
"0x782ae63006c0","      IMAD.IADD R20, R8, 0x1, -R13","384","12288"
"0x782ae63006d0","      LOP3.LUT R24, R22, 0x3ffffffe, RZ, 0xc0, !PT","384","12288"
"0x782ae63006e0","      CS2R R116, SRZ","384","12288"
"0x782ae63006f0","      SHF.R.S32.HI R25, RZ, 0x1, R22","384","12288"
"0x782ae6300700","      IMAD.IADD R15, R8, 0x1, -R15","384","12288"
"0x782ae6300710","      SHF.R.S32.HI R22, RZ, 0x1f, R22","384","12288"
"0x782ae6300720","      IMAD.IADD R17, R19, 0x1, -R24","384","12288"
"0x782ae6300730","      IADD3 R13, R14, 0x8, RZ","384","12288"
"0x782ae6300740","      IMAD R28, R20, 0x4, R31","384","12288"
"0x782ae6300750","      LEA.HI R22, R22, R25, RZ, 0x2","384","12288"
"0x782ae6300760","      IMAD R24, R17, 0x4, R20","384","12288"
"0x782ae6300770","      IADD3 R12, R14, 0x10, RZ","384","12288"
"0x782ae6300780","      IMAD.SHL.U32 R15, R15, 0x4, RZ","384","12288"
"0x782ae6300790","      IADD3 R10, R14, 0x18, RZ","384","12288"
"0x782ae63007a0","      CS2R R82, SRZ","384","12288"
"0x782ae63007b0","      SHF.R.S32.HI R33, RZ, 0x1f, R24","384","12288"
"0x782ae63007c0","      IMAD R16, R16, 0x80, R15","384","12288"
"0x782ae63007d0","      LEA.HI.SX32 R18, R11, R18, 0x1d","384","12288"
"0x782ae63007e0","      CS2R R80, SRZ","384","12288"
"0x782ae63007f0","      LEA.HI R33, R33, R24, RZ, 0x2","384","12288"
"0x782ae6300800","      CS2R R54, SRZ","384","12288"
"0x782ae6300810","      LOP3.LUT R22, R22, 0x3ffffffc, RZ, 0xc0, !PT","384","12288"
"0x782ae6300820","      IMAD.IADD R27, R18, 0x1, R31","384","12288"
"0x782ae6300830","      LOP3.LUT R33, R33, 0xfffffffc, RZ, 0xc0, !PT","384","12288"
"0x782ae6300840","      CS2R R30, SRZ","384","12288"
"0x782ae6300850","      ISETP.GE.AND P3, PT, R14, c[0x0][0x160], PT","384","12288"
"0x782ae6300860","      IMAD.IADD R22, R25, 0x1, -R22","384","12288"
"0x782ae6300870","      ISETP.GE.AND P1, PT, R13, c[0x0][0x160], PT","384","12288"
"0x782ae6300880","      IMAD.IADD R17, R24, 0x1, -R33","384","12288"
"0x782ae6300890","      ISETP.GE.AND P2, PT, R12, c[0x0][0x160], PT","384","12288"
"0x782ae63008a0","      CS2R R52, SRZ","384","12288"
"0x782ae63008b0","      ISETP.GE.AND P6, PT, R10, c[0x0][0x160], PT","384","12288"
"0x782ae63008c0","      CS2R R122, SRZ","384","12288"
"0x782ae63008d0","      ISETP.LT.AND P0, PT, R28, R9, !P3","384","12288"
"0x782ae63008e0","      CS2R R120, SRZ","384","12288"
"0x782ae63008f0","      ISETP.LT.AND P1, PT, R28, R9, !P1","384","12288"
"0x782ae6300900","      CS2R R78, SRZ","384","12288"
"0x782ae6300910","      ISETP.LT.AND P2, PT, R28, R9, !P2","384","12288"
"0x782ae6300920","      CS2R R76, SRZ","384","12288"
"0x782ae6300930","      ISETP.LT.AND P3, PT, R28, R9, !P6","384","12288"
"0x782ae6300940","      CS2R R58, SRZ","384","12288"
"0x782ae6300950","      SHF.R.S32.HI R21, RZ, 0x1f, R14","384","12288"
"0x782ae6300960","      CS2R R56, SRZ","384","12288"
"0x782ae6300970","      SHF.R.S32.HI R24, RZ, 0x1f, R27","384","12288"
"0x782ae6300980","      CS2R R126, SRZ","384","12288"
"0x782ae6300990","      P2R R23, PR, RZ, 0xf","384","12288"
"0x782ae63009a0","      IMAD R21, R21, c[0x0][0x198], RZ","384","12288"
"0x782ae63009b0","      LOP3.LUT R22, R17, R22, RZ, 0x3c, !PT","384","12288"
"0x782ae63009c0","      IMAD R24, R24, c[0x0][0x1b8], RZ","384","12288"
"0x782ae63009d0","      ISETP.GE.AND P3, PT, R27, R9, PT","384","12288"
"0x782ae63009e0","      IMAD R21, R14, c[0x0][0x19c], R21","384","12288"
"0x782ae63009f0","      IADD3 R11, R16, 0x20, RZ","384","12288"
"0x782ae6300a00","      IMAD.IADD R22, R33, 0x1, R22","384","12288"
"0x782ae6300a10","      IADD3 R10, R16, 0x40, RZ","384","12288"
"0x782ae6300a20","      IMAD R24, R27, c[0x0][0x1bc], R24","384","12288"
"0x782ae6300a30","      SHF.R.S32.HI R29, RZ, 0x1f, R28","384","12288"
"0x782ae6300a40","      CS2R R32, SRZ","384","12288"
"0x782ae6300a50","      IADD3 R9, R16, 0x60, RZ","384","12288"
"0x782ae6300a60","      CS2R R124, SRZ","384","12288"
"0x782ae6300a70","      SHF.R.S32.HI R17, RZ, 0x1f, R16","384","12288"
"0x782ae6300a80","      IMAD.WIDE.U32 R28, R14, c[0x0][0x198], R28","384","12288"
"0x782ae6300a90","      ISETP.LT.AND P0, PT, R16, c[0x0][0x164], !P3","384","12288"
"0x782ae6300aa0","      CS2R R74, SRZ","384","12288"
"0x782ae6300ab0","      ISETP.LT.AND P1, PT, R11, c[0x0][0x164], !P3","384","12288"
"0x782ae6300ac0","      IMAD.WIDE.U32 R26, R27, c[0x0][0x1b8], R16","384","12288"
"0x782ae6300ad0","      ISETP.LT.AND P2, PT, R10, c[0x0][0x164], !P3","384","12288"
"0x782ae6300ae0","      CS2R R72, SRZ","384","12288"
"0x782ae6300af0","      ISETP.LT.AND P3, PT, R9, c[0x0][0x164], !P3","384","12288"
"0x782ae6300b00","      IMAD R17, R25, 0x28, R22","384","12288"
"0x782ae6300b10","      CS2R R62, SRZ","384","12288"
"0x782ae6300b20","      IMAD.IADD R22, R29, 0x1, R21","384","12288"
"0x782ae6300b30","      P2R R8, PR, RZ, 0xf","384","12288"
"0x782ae6300b40","      IMAD.SHL.U32 R17, R17, 0x4, RZ","384","12288"
"0x782ae6300b50","      LEA R2, P1, R28, R2, 0x2","384","12288"
"0x782ae6300b60","      IMAD.IADD R24, R27, 0x1, R24","384","12288"
"0x782ae6300b70","      LEA R6, P0, R26, R6, 0x2","384","12288"
"0x782ae6300b80","      IMAD.SHL.U32 R201, R17, 0x4, RZ","384","12288"
"0x782ae6300b90","      LEA.HI.X R3, R28, R3, R22, 0x2, P1","384","12288"
"0x782ae6300ba0","      CS2R R60, SRZ","384","12288"
"0x782ae6300bb0","      IADD3 R22, R19, 0x8, RZ","384","12288"
"0x782ae6300bc0","      CS2R R28, SRZ","384","12288"
"0x782ae6300bd0","      IADD3 R21, R4, 0xf, RZ","384","12288"
"0x782ae6300be0","      CS2R R130, SRZ","384","12288"
"0x782ae6300bf0","      LEA.HI R200, R22, R22, RZ, 0x1","384","12288"
"0x782ae6300c00","      CS2R R128, SRZ","384","12288"
"0x782ae6300c10","      LEA.HI.X R7, R26, R7, R24, 0x2, P0","384","12288"
"0x782ae6300c20","      CS2R R70, SRZ","384","12288"
"0x782ae6300c30","      LOP3.LUT R17, R200, 0x3ffffffe, RZ, 0xc0, !PT","384","12288"
"0x782ae6300c40","      CS2R R26, SRZ","384","12288"
"0x782ae6300c50","      SHF.R.S32.HI R19, RZ, 0x1, R200","384","12288"
"0x782ae6300c60","      CS2R R68, SRZ","384","12288"
"0x782ae6300c70","      SHF.R.S32.HI R200, RZ, 0x1f, R200","384","12288"
"0x782ae6300c80","      IMAD.IADD R17, R22, 0x1, -R17","384","12288"
"0x782ae6300c90","      ISETP.GE.U32.AND P0, PT, R21, 0x1f, PT","384","12288"
"0x782ae6300ca0","      CS2R R66, SRZ","384","12288"
"0x782ae6300cb0","      LEA.HI R200, R200, R19, RZ, 0x2","384","12288"
"0x782ae6300cc0","      IMAD R20, R17, 0x4, R20","384","12288"
"0x782ae6300cd0","      IADD3 R24, P1, R2, c[0x0][0x1a0], RZ","384","12288"
"0x782ae6300ce0","      CS2R R64, SRZ","384","12288"
"0x782ae6300cf0","      SEL R23, R23, RZ, P0","384","12288"
"0x782ae6300d00","      SHF.R.S32.HI R17, RZ, 0x1f, R20","384","12288"
"0x782ae6300d10","      LOP3.LUT R200, R200, 0x3ffffffc, RZ, 0xc0, !PT","384","12288"
"0x782ae6300d20","      LEA.HI R17, R17, R20, RZ, 0x2","384","12288"
"0x782ae6300d30","      IADD3.X R25, R3, c[0x0][0x1a4], RZ, P1, !PT","384","12288"
"0x782ae6300d40","      IMAD.IADD R200, R19, 0x1, -R200","384","12288"
"0x782ae6300d50","      LOP3.LUT R17, R17, 0xfffffffc, RZ, 0xc0, !PT","384","12288"
"0x782ae6300d60","      R2P PR, R23, 0xf","384","12288"
"0x782ae6300d70","      LOP3.LUT R201, R201, 0xfffffff0, RZ, 0xc0, !PT","384","12288"
"0x782ae6300d80","      IMAD.IADD R23, R20, 0x1, -R17","384","12288"
"0x782ae6300d90","      SHF.R.S32.HI R20, RZ, 0x1f, R15","384","12288"
"0x782ae6300da0","      LOP3.LUT R200, R23, R200, RZ, 0x3c, !PT","384","12288"
"0x782ae6300db0","      IMAD.IADD R200, R17, 0x1, R200","384","12288"
"0x782ae6300dc0","      LEA.HI R17, R20, R15, RZ, 0x5","384","12288"
"0x782ae6300dd0","      LDGSTS.E.BYPASS.LTC128B.128 P0, [R201], [R2.64]","384","12288"
"0x782ae6300de0","      IADD3 R22, P0, R24, c[0x0][0x1a0], RZ","384","12288"
"0x782ae6300df0","      IMAD R200, R19, 0x28, R200","384","12288"
"0x782ae6300e00","      SHF.R.S32.HI R19, RZ, 0x1f, R18","384","12288"
"0x782ae6300e10","      LOP3.LUT R20, R17, 0xffffffe0, RZ, 0xc0, !PT","384","12288"
"0x782ae6300e20","      IMAD.SHL.U32 R200, R200, 0x4, RZ","384","12288"
"0x782ae6300e30","      LEA.HI R17, R19, R18, RZ, 0x2","384","12288"
"0x782ae6300e40","      IADD3.X R23, R25, c[0x0][0x1a4], RZ, P0, !PT","384","12288"
"0x782ae6300e50","      IMAD.IADD R20, R15, 0x1, -R20","384","12288"
"0x782ae6300e60","      LOP3.LUT R19, R17, 0xfffffffc, RZ, 0xc0, !PT","384","12288"
"0x782ae6300e70","      IMAD.SHL.U32 R17, R17, 0x20, RZ","384","12288"
"0x782ae6300e80","      ISETP.GT.U32.AND P0, PT, R21, 0x1e, PT","384","12288"
"0x782ae6300e90","      IMAD.SHL.U32 R200, R200, 0x4, RZ","384","12288"
"0x782ae6300ea0","      SHF.R.S32.HI R15, RZ, 0x1f, R20","384","12288"
"0x782ae6300eb0","      IMAD.IADD R19, R18, 0x1, -R19","384","12288"
"0x782ae6300ec0","      LDGSTS.E.BYPASS.LTC128B.128 P2, [R201+0x1400], [R22.64]","384","12288"
"0x782ae6300ed0","      LEA.HI R15, R15, R20, RZ, 0x2","384","12288"
"0x782ae6300ee0","      IMAD.SHL.U32 R18, R19, 0x2, RZ","384","12288"
"0x782ae6300ef0","      LOP3.LUT R200, R200, 0xfffffff0, RZ, 0xc0, !PT","384","12288"
"0x782ae6300f00","      SHF.R.U32.HI R15, RZ, 0x2, R15","384","12288"
"0x782ae6300f10","      LDGSTS.E.BYPASS.LTC128B.128 P1, [R200], [R24.64]","384","12288"
"0x782ae6300f20","      LOP3.LUT R15, R18, R15, RZ, 0x3c, !PT","384","12288"
"0x782ae6300f30","@!P0  IMAD.MOV.U32 R8, RZ, RZ, RZ","384","0"
"0x782ae6300f40","      LOP3.LUT R18, R17, 0xfffff80, RZ, 0xc0, !PT","384","12288"
"0x782ae6300f50","      IMAD.MOV.U32 R17, RZ, RZ, c[0x0][0x1b0]","384","12288"
"0x782ae6300f60","      LDGSTS.E.BYPASS.LTC128B.128 P3, [R200+0x1400], [R22.64+UR4]","384","12288"
"0x782ae6300f70","      IMAD.IADD R18, R18, 0x1, R15","384","12288"
"0x782ae6300f80","      IMAD.MOV.U32 R15, RZ, RZ, c[0x0][0x1b4]","384","12288"
"0x782ae6300f90","      IMAD R18, R19, 0x20, R18","384","12288"
"0x782ae6300fa0","      IMAD R19, R204, c[0x0][0x1a4], RZ","384","12288"
"0x782ae6300fb0","      IMAD.WIDE.U32 R204, R204, c[0x0][0x1a0], RZ","384","12288"
"0x782ae6300fc0","      IMAD.IADD R196, R205, 0x1, R19","384","12288"
"0x782ae6300fd0","      IADD3 R20, P1, P0, R204, c[0x0][0x1a8], -R17","384","12288"
"0x782ae6300fe0","      IMAD.SHL.U32 R18, R18, 0x4, RZ","384","12288"
"0x782ae6300ff0","      IADD3.X R21, R196, c[0x0][0x1ac], ~R15, P1, P0","384","12288"
"0x782ae6301000","      IMAD.SHL.U32 R199, R18, 0x4, RZ","384","12288"
"0x782ae6301010","      R2P PR, R8, 0xf","384","12288"
"0x782ae6301020","      CS2R R24, SRZ","384","12288"
"0x782ae6301030","      ISETP.LT.AND P4, PT, R11, c[0x0][0x164], PT","384","12288"
"0x782ae6301040","      IMAD.MOV.U32 R11, RZ, RZ, c[0x0][0x1c8]","384","12288"
"0x782ae6301050","      ISETP.LT.AND P5, PT, R16, c[0x0][0x164], PT","384","12288"
"0x782ae6301060","      IMAD.WIDE R20, R5, 0x4, R20","384","12288"
"0x782ae6301070","      CS2R R22, SRZ","384","12288"
"0x782ae6301080","      LDGSTS.E.BYPASS.LTC128B.128 P0, [R199+0xa000], [R6.64]","384","12288"
"0x782ae6301090","      ISETP.GE.AND P0, PT, R14, c[0x0][0x160], PT","384","12288"
"0x782ae63010a0","      IMAD.WIDE.U32 R14, R5, c[0x0][0x1b8], RZ","384","12288"
"0x782ae63010b0","      LDGSTS.E.BYPASS.LTC128B.128 P1, [R199+0xa080], [R6.64+0x80]","384","12288"
"0x782ae63010c0","      ISETP.GE.AND P1, PT, R13, c[0x0][0x160], PT","384","12288"
"0x782ae63010d0","      PLOP3.LUT P0, PT, P0, PT, PT, 0x8, 0x0","384","12288"
"0x782ae63010e0","      LDGSTS.E.BYPASS.LTC128B.128 P2, [R199+0xa100], [R6.64+0x100]","384","12288"
"0x782ae63010f0","      ISETP.GE.AND P2, PT, R12, c[0x0][0x160], PT","384","12288"
"0x782ae6301100","      PLOP3.LUT P1, PT, P1, PT, PT, 0x8, 0x0","384","12288"
"0x782ae6301110","      LDGSTS.E.BYPASS.LTC128B.128 P3, [R199+0xa180], [R6.64+0x180]","384","12288"
"0x782ae6301120","      PLOP3.LUT P2, PT, P2, PT, PT, 0x8, 0x0","384","12288"
"0x782ae6301130","      PLOP3.LUT P3, PT, P6, PT, PT, 0x8, 0x0","384","12288"
"0x782ae6301140","      LDGDEPBAR","384","12288"
"0x782ae6301150","      ISETP.LT.AND P6, PT, R10, c[0x0][0x164], PT","384","12288"
"0x782ae6301160","      P2R R8, PR, RZ, 0xf","384","12288"
"0x782ae6301170","      ISETP.LT.AND P3, PT, R9, c[0x0][0x164], PT","384","12288"
"0x782ae6301180","      IMAD.MOV.U32 R9, RZ, RZ, c[0x0][0x1cc]","384","12288"
"0x782ae6301190","      SHF.R.S32.HI R10, RZ, 0x1f, R5","384","12288"
"0x782ae63011a0","      IADD3 R11, P0, R11, -c[0x0][0x1d0], RZ","384","12288"
"0x782ae63011b0","      IADD3 R12, P1, R20, R2, RZ","384","12288"
"0x782ae63011c0","      IMAD R10, R10, c[0x0][0x1b8], RZ","384","12288"
"0x782ae63011d0","      LOP3.LUT R2, R4, 0xfffffff0, RZ, 0xc0, !PT","384","12288"
"0x782ae63011e0","      IADD3.X R9, R9, ~c[0x0][0x1d4], RZ, P0, !PT","384","12288"
"0x782ae63011f0","      IMAD R10, R5, c[0x0][0x1bc], R10","384","12288"
"0x782ae6301200","      PLOP3.LUT P0, PT, P5, PT, PT, 0x80, 0x0","384","12288"
"0x782ae6301210","      IMAD.X R13, R21, 0x1, R3, P1","384","12288"
"0x782ae6301220","      ISETP.NE.AND P5, PT, R2, 0x10, PT","384","12288"
"0x782ae6301230","      IMAD.IADD R10, R15, 0x1, R10","384","12288"
"0x782ae6301240","      PLOP3.LUT P1, PT, P4, PT, PT, 0x80, 0x0","384","12288"
"0x782ae6301250","      PLOP3.LUT P2, PT, P6, PT, PT, 0x80, 0x0","384","12288"
"0x782ae6301260","      SEL R8, R8, RZ, P5","384","12288"
"0x782ae6301270","      LEA R11, P5, R14, R11, 0x2","384","12288"
"0x782ae6301280","      P2R R198, PR, RZ, 0xf","384","12288"
"0x782ae6301290","      R2P PR, R8, 0xf","384","12288"
"0x782ae63012a0","      IADD3 R16, P4, R12, c[0x0][0x1a0], RZ","384","12288"
"0x782ae63012b0","      LEA.HI.X R9, R14, R9, R10, 0x2, P5","384","12288"
"0x782ae63012c0","      ISETP.NE.AND P5, PT, R2, 0x10, PT","384","12288"
"0x782ae63012d0","      IADD3.X R17, R13, c[0x0][0x1a4], RZ, P4, !PT","384","12288"
"0x782ae63012e0","      IADD3 R18, P4, R16, c[0x0][0x1a0], RZ","384","12288"
"0x782ae63012f0","      SHF.R.U32.HI R5, RZ, 0x5, R0","384","12288"
"0x782ae6301300","      LDGSTS.E.BYPASS.LTC128B.128 P0, [R201+0x80], [R12.64]","384","12288"
"0x782ae6301310","      IADD3.X R19, R17, c[0x0][0x1a4], RZ, P4, !PT","384","12288"
"0x782ae6301320","      IADD3 R14, P4, R18, c[0x0][0x1a0], RZ","384","12288"
"0x782ae6301330","      LDGSTS.E.BYPASS.LTC128B.128 P1, [R200+0x80], [R16.64]","384","12288"
"0x782ae6301340","      SHF.R.U32.HI R3, RZ, 0x4, R183","384","12288"
"0x782ae6301350","@!P5  IMAD.MOV.U32 R198, RZ, RZ, RZ","384","0"
"0x782ae6301360","      IADD3.X R15, R19, c[0x0][0x1a4], RZ, P4, !PT","384","12288"
"0x782ae6301370","      LDGSTS.E.BYPASS.LTC128B.128 P2, [R201+0x1480], [R18.64]","384","12288"
"0x782ae6301380","      SHF.R.U32.HI R183, RZ, 0x2, R183","384","12288"
"0x782ae6301390","      LDGSTS.E.BYPASS.LTC128B.128 P3, [R200+0x1480], [R14.64]","384","12288"
"0x782ae63013a0","      R2P PR, R198, 0xf","384","12288"
"0x782ae63013b0","      IADD3 R10, P4, R11, R6, RZ","384","12288"
"0x782ae63013c0","      SHFL.IDX PT, R5, R5, RZ, 0x1f","384","12288"
"0x782ae63013d0","      ISETP.NE.AND P5, PT, R2, 0x20, PT","384","12288"
"0x782ae63013e0","      IMAD.X R11, R9, 0x1, R7, P4","384","12288"
"0x782ae63013f0","      IADD3 R20, P4, R14, c[0x0][0x1a8], RZ","384","12288"
"0x782ae6301400","      SEL R211, R8, RZ, P5","384","12288"
"0x782ae6301410","      IADD3.X R21, R15, c[0x0][0x1ac], RZ, P4, !PT","384","12288"
"0x782ae6301420","      LDGSTS.E.BYPASS.LTC128B.128 P0, [R199+0xc000], [R10.64]","384","12288"
"0x782ae6301430","      LDGSTS.E.BYPASS.LTC128B.128 P1, [R199+0xc080], [R10.64+0x80]","384","12288"
"0x782ae6301440","      CS2R R16, SRZ","384","12288"
"0x782ae6301450","      LDGSTS.E.BYPASS.LTC128B.128 P2, [R199+0xc100], [R10.64+0x100]","384","12288"
"0x782ae6301460","      CS2R R18, SRZ","384","12288"
"0x782ae6301470","      LDGSTS.E.BYPASS.LTC128B.128 P3, [R199+0xc180], [R10.64+0x180]","384","12288"
"0x782ae6301480","      R2P PR, R211, 0xf","384","12288"
"0x782ae6301490","      R2UR UR5, R5","384","12288"
"0x782ae63014a0","      IADD3 R14, P4, R20, c[0x0][0x1a0], RZ","384","12288"
"0x782ae63014b0","      LDGDEPBAR","384","12288"
"0x782ae63014c0","      ISETP.NE.AND P5, PT, R2, 0x20, PT","384","12288"
"0x782ae63014d0","      IADD3.X R15, R21, c[0x0][0x1a4], RZ, P4, !PT","384","12288"
"0x782ae63014e0","      IADD3 R12, P4, R14, c[0x0][0x1a0], RZ","384","12288"
"0x782ae63014f0","      IADD3.X R13, R15, c[0x0][0x1a4], RZ, P4, !PT","384","12288"
"0x782ae6301500","      LDGSTS.E.BYPASS.LTC128B.128 P0, [R201+0x100], [R20.64]","384","12288"
"0x782ae6301510","      IADD3 R6, P4, R12, c[0x0][0x1a0], RZ","384","12288"
"0x782ae6301520","@!P5  IMAD.MOV.U32 R198, RZ, RZ, RZ","384","0"
"0x782ae6301530","      IADD3.X R7, R13, c[0x0][0x1a4], RZ, P4, !PT","384","12288"
"0x782ae6301540","      LDGSTS.E.BYPASS.LTC128B.128 P1, [R200+0x100], [R14.64]","384","12288"
"0x782ae6301550","      LDGSTS.E.BYPASS.LTC128B.128 P2, [R201+0x1500], [R12.64]","384","12288"
"0x782ae6301560","      LOP3.LUT R5, R0, 0xe, RZ, 0xc0, !PT","384","12288"
"0x782ae6301570","      USHF.R.S32.HI UR16, URZ, 0x1f, UR5","384","12288"
"0x782ae6301580","      LDGSTS.E.BYPASS.LTC128B.128 P3, [R200+0x1500], [R6.64]","384","12288"
"0x782ae6301590","      R2P PR, R198, 0xf","384","12288"
"0x782ae63015a0","      ULEA.HI UR16, UR16, UR5, URZ, 0x2","384","12288"
"0x782ae63015b0","      IADD3 R8, P4, R10, c[0x0][0x1c8], RZ","384","12288"
"0x782ae63015c0","      ISETP.NE.AND P5, PT, R2, 0x30, PT","384","12288"
"0x782ae63015d0","      ULOP3.LUT UR4, UR16, 0xfffffffc, URZ, 0xc0, !UPT","384","12288"
"0x782ae63015e0","      IADD3.X R9, R11, c[0x0][0x1cc], RZ, P4, !PT","384","12288"
"0x782ae63015f0","      USHF.R.S32.HI UR16, URZ, 0x2, UR16","384","12288"
"0x782ae6301600","      ISETP.NE.AND P4, PT, R2, 0x30, PT","384","12288"
"0x782ae6301610","      UIADD3 UR4, UR5, -UR4, URZ","384","12288"
"0x782ae6301620","      LOP3.LUT R2, R0, 0x6, RZ, 0xc0, !PT","384","12288"
"0x782ae6301630","      SEL R211, R211, RZ, P4","384","12288"
"0x782ae6301640","      LDGSTS.E.BYPASS.LTC128B.128 P0, [R199+0xe000], [R8.64]","384","12288"
"0x782ae6301650","      SHF.R.U32.HI R2, RZ, 0x1, R2","384","12288"
"0x782ae6301660","      ULEA.HI UR15, UR4, UR4, URZ, 0x1","384","12288"
"0x782ae6301670","      SHF.R.U32.HI R5, RZ, 0x1, R5","384","12288"
"0x782ae6301680","      LDGSTS.E.BYPASS.LTC128B.128 P1, [R199+0xe080], [R8.64+0x80]","384","12288"
"0x782ae6301690","@!P5  IMAD.MOV.U32 R198, RZ, RZ, RZ","384","0"
"0x782ae63016a0","      LOP3.LUT R3, R3, R2, RZ, 0x3c, !PT","384","12288"
"0x782ae63016b0","      IMAD.SHL.U32 R2, R0, 0x4, RZ","384","12288"
"0x782ae63016c0","      LDGSTS.E.BYPASS.LTC128B.128 P2, [R199+0xe100], [R8.64+0x100]","384","12288"
"0x782ae63016d0","      IADD3 R12, P0, R6, c[0x0][0x1a8], RZ","384","12288"
"0x782ae63016e0","      ULOP3.LUT UR14, UR15, 0xfffffffe, URZ, 0xc0, !UPT","384","12288"
"0x782ae63016f0","      CS2R R20, SRZ","384","12288"
"0x782ae6301700","      LDGSTS.E.BYPASS.LTC128B.128 P3, [R199+0xe180], [R8.64+0x180]","384","12288"
"0x782ae6301710","      IADD3.X R13, R7, c[0x0][0x1ac], RZ, P0, !PT","384","12288"
"0x782ae6301720","      UIADD3 UR14, UR4, -UR14, URZ","384","12288"
"0x782ae6301730","      R2P PR, R211, 0xf","384","12288"
"0x782ae6301740","      LDGDEPBAR","384","12288"
"0x782ae6301750","      IADD3 R10, P4, R12, c[0x0][0x1a0], RZ","384","12288"
"0x782ae6301760","      UIMAD UR13, UR14, 0xa0, UR16","384","12288"
"0x782ae6301770","      LOP3.LUT R2, R3, 0x4, R2, 0xf8, !PT","384","12288"
"0x782ae6301780","      USHF.R.S32.HI UR15, URZ, 0x1, UR15","384","12288"
"0x782ae6301790","      IADD3.X R11, R13, c[0x0][0x1a4], RZ, P4, !PT","384","12288"
"0x782ae63017a0","      USHF.L.U32 UR13, UR13, 0x3, URZ","384","12288"
"0x782ae63017b0","      IADD3 R14, P4, R10, c[0x0][0x1a0], RZ","384","12288"
"0x782ae63017c0","      IMAD R5, R5, 0x28, R2","384","12288"
"0x782ae63017d0","      SHF.R.S32.HI R3, RZ, 0x1f, R4","384","12288"
"0x782ae63017e0","      IMAD.SHL.U32 R2, R0, 0x8, RZ","384","12288"
"0x782ae63017f0","      IADD3.X R15, R11, c[0x0][0x1a4], RZ, P4, !PT","384","12288"
"0x782ae6301800","      LDGSTS.E.BYPASS.LTC128B.128 P0, [R201+0x180], [R12.64]","384","12288"
"0x782ae6301810","      IADD3 R6, P4, R14, c[0x0][0x1a0], RZ","384","12288"
"0x782ae6301820","      IMAD.SHL.U32 R197, R5, 0x10, RZ","384","12288"
"0x782ae6301830","      LEA.HI R202, R3, R4, RZ, 0x4","384","12288"
"0x782ae6301840","      LDGSTS.E.BYPASS.LTC128B.128 P1, [R200+0x180], [R10.64]","384","12288"
"0x782ae6301850","      IADD3.X R7, R15, c[0x0][0x1a4], RZ, P4, !PT","384","12288"
"0x782ae6301860","      LEA.HI.SX32 R202, R202, 0xfffffffc, 0x1c","384","12288"
"0x782ae6301870","      LDGSTS.E.BYPASS.LTC128B.128 P2, [R201+0x1580], [R14.64]","384","12288"
"0x782ae6301880","      LOP3.LUT R2, R2, 0x18, RZ, 0xe2, !PT","384","12288"
"0x782ae6301890","      IADD3 R5, R5, UR13, RZ","384","12288"
"0x782ae63018a0","      LDGSTS.E.BYPASS.LTC128B.128 P3, [R200+0x1580], [R6.64]","384","12288"
"0x782ae63018b0","      R2P PR, R198, 0xf","384","12288"
"0x782ae63018c0","      USHF.L.U32 UR13, UR13, 0x4, URZ","384","12288"
"0x782ae63018d0","      IADD3 R8, P4, R8, c[0x0][0x1c8], RZ","384","12288"
"0x782ae63018e0","      IMAD.SHL.U32 R5, R5, 0x10, RZ","384","12288"
"0x782ae63018f0","      LOP3.LUT R151, R183, 0x8, R2, 0xf6, !PT","384","12288"
"0x782ae6301900","      IADD3.X R9, R9, c[0x0][0x1cc], RZ, P4, !PT","384","12288"
"0x782ae6301910","      LOP3.LUT R3, R183, 0x18, R2, 0xf6, !PT","384","12288"
"0x782ae6301920","      IMAD.IADD R151, R214, 0x1, R151","384","12288"
"0x782ae6301930","      IADD3 R150, R214, R2, R183","384","12288"
"0x782ae6301940","      LDGSTS.E.BYPASS.LTC128B.128 P0, [R199+0x10000], [R8.64]","384","12288"
"0x782ae6301950","      IADD3 R208, P0, R8, c[0x0][0x1c8], RZ","384","12288"
"0x782ae6301960","      IMAD.IADD R3, R214, 0x1, R3","384","12288"
"0x782ae6301970","      LEA R150, R150, 0xa000, 0x2","384","12288"
"0x782ae6301980","      LDGSTS.E.BYPASS.LTC128B.128 P1, [R199+0x10080], [R8.64+0x80]","384","12288"
"0x782ae6301990","      IADD3.X R209, R9, c[0x0][0x1cc], RZ, P0, !PT","384","12288"
"0x782ae63019a0","      CS2R R12, SRZ","384","12288"
"0x782ae63019b0","      ISETP.GE.AND P0, PT, R4, 0x10, PT","384","12288"
"0x782ae63019c0","      LDGSTS.E.BYPASS.LTC128B.128 P2, [R199+0x10100], [R8.64+0x100]","384","12288"
"0x782ae63019d0","      ISETP.NE.AND P2, PT, R202, RZ, PT","384","12288"
"0x782ae63019e0","      CS2R R14, SRZ","384","12288"
"0x782ae63019f0","      LOP3.LUT R11, R183, 0x10, R2, 0xf6, !PT","384","12288"
"0x782ae6301a00","      LDGSTS.E.BYPASS.LTC128B.128 P3, [R199+0x10180], [R8.64+0x180]","384","12288"
"0x782ae6301a10","      IADD3 R206, P1, R6, c[0x0][0x1a8], RZ","384","12288"
"0x782ae6301a20","      ISETP.NE.AND P3, PT, R202, RZ, PT","384","12288"
"0x782ae6301a30","      LDGDEPBAR","384","12288"
"0x782ae6301a40","      IMAD.IADD R2, R214, 0x1, R11","384","12288"
"0x782ae6301a50","      IADD3.X R207, R7, c[0x0][0x1ac], RZ, P1, !PT","384","12288"
"0x782ae6301a60","      CS2R R10, SRZ","384","12288"
"0x782ae6301a70","      LEA R151, R151, 0xa000, 0x2","384","12288"
"0x782ae6301a80","      CS2R R6, SRZ","384","12288"
"0x782ae6301a90","      LEA R2, R2, 0xa000, 0x2","384","12288"
"0x782ae6301aa0","@!P2  IMAD.MOV.U32 R198, RZ, RZ, RZ","384","0"
"0x782ae6301ab0","      LEA R3, R3, 0xa000, 0x2","384","12288"
"0x782ae6301ac0","      SEL R211, R211, RZ, P3","384","12288"
"0x782ae6301ad0","      IMAD.MOV.U32 R9, RZ, RZ, RZ","384","12288"
"0x782ae6301ae0","      DEPBAR.LE SB0, 0x3","384","12288"
"0x782ae6301af0","      BAR.SYNC.DEFER_BLOCKING 0x0","384","12288"
"0x782ae6301b00","      IMAD.MOV.U32 R8, RZ, RZ, RZ","384","12288"
"0x782ae6301b10","      LDSM.16.M88.4 R152, [R5+0x1400]","384","12288"
"0x782ae6301b20","      LDSM.16.M88.4 R156, [R5+0x2800]","384","12288"
"0x782ae6301b30","      LDSM.16.M88.4 R160, [R5+0x3c00]","384","12288"
"0x782ae6301b40","      LDSM.16.M88.4 R132, [R197+UR13]","384","12288"
"0x782ae6301b50","      CS2R R4, SRZ","384","12288"
"0x782ae6301b60","@!P0  BRA 0x782ae63033d0","384","0"
"0x782ae6301b70","      ULEA UR4, UR16, UR15, 0x5","384","12288"
"0x782ae6301b80","      FSETP.GEU.AND P0, PT, |R163|, +INF , PT","384","12288"
"0x782ae6301b90","      IMAD.MOV.U32 R103, RZ, RZ, 0x1000","384","12288"
"0x782ae6301ba0","      FSETP.GEU.AND P1, PT, |R162|, +INF , PT","384","12288"
"0x782ae6301bb0","      USHF.L.U32 UR4, UR4, 0x6, URZ","384","12288"
"0x782ae6301bc0","      FSETP.GEU.AND P4, PT, |R161|, +INF , PT","384","12288"
"0x782ae6301bd0","      IMAD.SHL.U32 R164, R0, 0x8, RZ","384","12288"
"0x782ae6301be0","      FSETP.GEU.AND P3, PT, |R160|, +INF , PT","384","12288"
"0x782ae6301bf0","      USHF.L.U32 UR12, UR4, 0x2, URZ","384","12288"
"0x782ae6301c00","      FSETP.GEU.AND P6, PT, |R159|, +INF , PT","384","12288"
"0x782ae6301c10","      ULDC.64 UR18, c[0x0][0x1a0]","384","12288"
"0x782ae6301c20","      FSETP.GEU.AND P5, PT, |R158|, +INF , PT","384","12288"
"0x782ae6301c30","      UMOV UR4, 0x1","384","12288"
"0x782ae6301c40","      FSETP.GEU.AND P2, PT, |R157|, +INF , PT","384","12288"
"0x782ae6301c50","@!P0  IMAD.IADD.U32 R163, R163, 0x1, R103","384","12288"
"0x782ae6301c60","      FSETP.GEU.AND P0, PT, |R156|, +INF , PT","384","12288"
"0x782ae6301c70","@!P1  IMAD.IADD.U32 R162, R162, 0x1, R103","384","12288"
"0x782ae6301c80","      LDS R149, [R3+UR12+0x880]","384","12288"
"0x782ae6301c90","@!P4  IMAD.IADD.U32 R161, R161, 0x1, R103","384","12288"
"0x782ae6301ca0","      FSETP.GEU.AND P1, PT, |R155|, +INF , PT","384","12288"
"0x782ae6301cb0","@!P3  IMAD.IADD.U32 R160, R160, 0x1, R103","384","12288"
"0x782ae6301cc0","      LDS R148, [R3+UR12+0x80]","384","12288"
"0x782ae6301cd0","      FSETP.GEU.AND P4, PT, |R154|, +INF , PT","384","12288"
"0x782ae6301ce0","@!P6  IMAD.IADD.U32 R159, R159, 0x1, R103","384","12288"
"0x782ae6301cf0","      FSETP.GEU.AND P3, PT, |R153|, +INF , PT","384","12288"
"0x782ae6301d00","      LDS R147, [R2+UR12+0x880]","384","12288"
"0x782ae6301d10","@!P5  IMAD.IADD.U32 R158, R158, 0x1, R103","384","12288"
"0x782ae6301d20","      FSETP.GEU.AND P6, PT, |R152|, +INF , PT","384","12288"
"0x782ae6301d30","@!P2  IMAD.IADD.U32 R157, R157, 0x1, R103","384","12288"
"0x782ae6301d40","      LDS R146, [R2+UR12+0x80]","384","12288"
"0x782ae6301d50","@!P0  IMAD.IADD.U32 R156, R156, 0x1, R103","384","12288"
"0x782ae6301d60","      FSETP.GEU.AND P5, PT, |R135|, +INF , PT","384","12288"
"0x782ae6301d70","@!P1  IMAD.IADD.U32 R155, R155, 0x1, R103","384","12288"
"0x782ae6301d80","      LDS R144, [R151+UR12+0x80]","384","12288"
"0x782ae6301d90","      FSETP.GEU.AND P2, PT, |R134|, +INF , PT","384","12288"
"0x782ae6301da0","@!P4  IMAD.IADD.U32 R154, R154, 0x1, R103","384","12288"
"0x782ae6301db0","      FSETP.GEU.AND P0, PT, |R133|, +INF , PT","384","12288"
"0x782ae6301dc0","      LDS R141, [R3+UR12+0x800]","384","12288"
"0x782ae6301dd0","@!P3  IMAD.IADD.U32 R153, R153, 0x1, R103","384","12288"
"0x782ae6301de0","      LOP3.LUT R164, R164, 0x18, RZ, 0xc0, !PT","384","12288"
"0x782ae6301df0","@!P6  IMAD.IADD.U32 R152, R152, 0x1, R103","384","12288"
"0x782ae6301e00","      LDS R140, [R3+UR12]","384","12288"
"0x782ae6301e10","      LOP3.LUT R210, R197, 0x20, RZ, 0x3c, !PT","384","12288"
"0x782ae6301e20","      IMAD.MOV.U32 R203, RZ, RZ, 0x1000","384","12288"
"0x782ae6301e30","      LOP3.LUT R165, R183, 0x18, R164, 0xf6, !PT","384","12288"
"0x782ae6301e40","      LDS R139, [R2+UR12+0x800]","384","12288"
"0x782ae6301e50","@!P5  IMAD.IADD.U32 R135, R135, 0x1, R103","384","12288"
"0x782ae6301e60","      LOP3.LUT R215, R183, 0x10, R164, 0xf6, !PT","384","12288"
"0x782ae6301e70","@!P2  IMAD.IADD.U32 R134, R134, 0x1, R103","384","12288"
"0x782ae6301e80","      LDS R138, [R2+UR12]","384","12288"
"0x782ae6301e90","@!P0  IMAD.IADD.U32 R133, R133, 0x1, R103","384","12288"
"0x782ae6301ea0","      LOP3.LUT R213, R214, R164, R183, 0xfe, !PT","384","12288"
"0x782ae6301eb0","      USHF.L.U64.HI UR19, UR18, UR4, UR19","384","12288"
"0x782ae6301ec0","      LDS R137, [R151+UR12+0x800]","384","12288"
"0x782ae6301ed0","      LOP3.LUT R216, R214, R165, RZ, 0xfc, !PT","384","12288"
"0x782ae6301ee0","      USHF.L.U32 UR18, UR18, 0x1, URZ","384","12288"
"0x782ae6301ef0","      LOP3.LUT R215, R214, R215, RZ, 0xfc, !PT","384","12288"
"0x782ae6301f00","      LDS R136, [R151+UR12]","384","12288"
"0x782ae6301f10","      FSETP.GEU.AND P1, PT, |R149|, +INF , PT","384","12288"
"0x782ae6301f20","      UMOV UR11, 0x200","384","12288"
"0x782ae6301f30","      LEA R213, R213, 0xa000, 0x2","384","12288"
"0x782ae6301f40","      LDS R145, [R151+UR12+0x880]","384","12288"
"0x782ae6301f50","      FSETP.GEU.AND P4, PT, |R148|, +INF , PT","384","12288"
"0x782ae6301f60","      UMOV UR10, 0x8000","384","12288"
"0x782ae6301f70","      LEA R216, R216, 0xa000, 0x2","384","12288"
"0x782ae6301f80","      LDS R2, [R150+UR12]","384","12288"
"0x782ae6301f90","      FSETP.GEU.AND P3, PT, |R147|, +INF , PT","384","12288"
"0x782ae6301fa0","      UMOV UR9, 0x4","384","12288"
"0x782ae6301fb0","      LEA R215, R215, 0xa000, 0x2","384","12288"
"0x782ae6301fc0","      LDS R3, [R150+UR12+0x800]","384","12288"
"0x782ae6301fd0","      FSETP.GEU.AND P6, PT, |R146|, +INF , PT","384","12288"
"0x782ae6301fe0","@!P1  IMAD.IADD.U32 R149, R149, 0x1, R103","384","12288"
"0x782ae6301ff0","      UMOV UR8, URZ","384","12288"
"0x782ae6302000","      LDS R142, [R150+UR12+0x80]","384","12288"
"0x782ae6302010","      FSETP.GEU.AND P2, PT, |R144|, +INF , PT","384","12288"
"0x782ae6302020","@!P4  IMAD.IADD.U32 R148, R148, 0x1, R103","384","12288"
"0x782ae6302030","      ULDC.64 UR20, c[0x0][0x1a0]","384","12288"
"0x782ae6302040","      LDS R143, [R150+UR12+0x880]","384","12288"
"0x782ae6302050","      FSETP.GEU.AND P5, PT, |R141|, +INF , PT","384","12288"
"0x782ae6302060","@!P3  IMAD.IADD.U32 R147, R147, 0x1, R103","384","12288"
"0x782ae6302070","      FSETP.GEU.AND P0, PT, |R140|, +INF , PT","384","12288"
"0x782ae6302080","@!P6  IMAD.IADD.U32 R146, R146, 0x1, R103","384","12288"
"0x782ae6302090","      FSETP.GEU.AND P6, PT, |R132|, +INF , PT","384","12288"
"0x782ae63020a0","      FSETP.GEU.AND P1, PT, |R139|, +INF , PT","384","12288"
"0x782ae63020b0","@!P2  IMAD.IADD.U32 R144, R144, 0x1, R103","384","12288"
"0x782ae63020c0","      LOP3.LUT R151, R183, 0x8, R164, 0xf6, !PT","384","12288"
"0x782ae63020d0","      FSETP.GEU.AND P4, PT, |R138|, +INF , PT","384","12288"
"0x782ae63020e0","@!P5  IMAD.IADD.U32 R141, R141, 0x1, R103","384","12288"
"0x782ae63020f0","      LOP3.LUT R214, R214, R151, RZ, 0xfc, !PT","384","12288"
"0x782ae6302100","      FSETP.GEU.AND P3, PT, |R137|, +INF , PT","384","12288"
"0x782ae6302110","@!P0  IMAD.IADD.U32 R140, R140, 0x1, R103","384","12288"
"0x782ae6302120","      LEA R214, R214, 0xa000, 0x2","384","12288"
"0x782ae6302130","@!P6  IMAD.IADD.U32 R132, R132, 0x1, R103","384","12288"
"0x782ae6302140","      FSETP.GEU.AND P2, PT, |R136|, +INF , PT","384","12288"
"0x782ae6302150","@!P1  IMAD.IADD.U32 R139, R139, 0x1, R103","384","12288"
"0x782ae6302160","      FSETP.GEU.AND P5, PT, |R145|, +INF , PT","384","12288"
"0x782ae6302170","@!P4  IMAD.IADD.U32 R138, R138, 0x1, R103","384","12288"
"0x782ae6302180","      FSETP.GEU.AND P0, PT, |R2|, +INF , PT","384","12288"
"0x782ae6302190","@!P3  IMAD.IADD.U32 R137, R137, 0x1, R103","384","12288"
"0x782ae63021a0","      FSETP.GEU.AND P1, PT, |R3|, +INF , PT","384","12288"
"0x782ae63021b0","@!P2  IMAD.IADD.U32 R136, R136, 0x1, R103","384","12288"
"0x782ae63021c0","      FSETP.GEU.AND P4, PT, |R142|, +INF , PT","384","12288"
"0x782ae63021d0","@!P5  IMAD.IADD.U32 R145, R145, 0x1, R103","384","12288"
"0x782ae63021e0","      FSETP.GEU.AND P3, PT, |R143|, +INF , PT","384","12288"
"0x782ae63021f0","@!P0  IMAD.IADD.U32 R2, R2, 0x1, R103","384","12288"
"0x782ae6302200","@!P1  IMAD.IADD.U32 R3, R3, 0x1, R103","384","12288"
"0x782ae6302210","@!P4  IMAD.IADD.U32 R142, R142, 0x1, R103","384","12288"
"0x782ae6302220","@!P3  IMAD.IADD.U32 R143, R143, 0x1, R103","384","12288"
"0x782ae6302230","      IMAD.MOV.U32 R103, RZ, RZ, RZ","384","12288"
"0x782ae6302240","      HMMA.1688.F32.TF32 R4, R132, R2, R4","55296","1769472"
"0x782ae6302250","      LDS R150, [R213+UR12+0x1000]","55296","1769472"
"0x782ae6302260","      UIADD3 UR4, UR12, 0x2000, URZ","55296","1769472"
"0x782ae6302270","      UIADD3 UR5, UR13, 0x80, URZ","55296","1769472"
"0x782ae6302280","      LDS R151, [R213+UR12+0x1800]","55296","1769472"
"0x782ae6302290","      R2P PR, R211, 0x3","55296","1769472"
"0x782ae63022a0","      UIADD3 UR8, UR8, 0x1, URZ","55296","1769472"
"0x782ae63022b0","      HMMA.1688.F32.TF32 R8, R132, R136, R8","55296","1769472"
"0x782ae63022c0","      LDSM.16.M88.4 R164, [R210+UR13]","55296","1769472"
"0x782ae63022d0","      UIADD3 UR9, UR9, 0x1, URZ","55296","1769472"
"0x782ae63022e0","      R2P PR, R211, 0xc","55296","1769472"
"0x782ae63022f0","      UISETP.NE.AND UP0, UPT, UR8, 0x5, UPT","55296","1769472"
"0x782ae6302300","      IADD3 R217, R200, UR11, RZ","55296","1769472"
"0x782ae6302310","      UISETP.NE.AND UP1, UPT, UR9, 0x5, UPT","55296","1769472"
"0x782ae6302320","      IADD3 R218, P4, R206, R204, RZ","55296","1769472"
"0x782ae6302330","      HMMA.1688.F32.TF32 R12, R132, R138, R12","55296","1769472"
"0x782ae6302340","      LDS R168, [R214+UR12+0x1000]","55296","1769472"
"0x782ae6302350","      UIADD3 UR7, UR10, 0x2000, URZ","55296","1769472"
"0x782ae6302360","      IADD3 R221, R201, UR11, RZ","55296","1769472"
"0x782ae6302370","      LDS R169, [R214+UR12+0x1800]","55296","1769472"
"0x782ae6302380","      IMAD.X R219, R207, 0x1, R196, P4","55296","1769472"
"0x782ae6302390","@!UP0 UIADD3 UR4, UR12, -0x8000, URZ","55296","344064"
"0x782ae63023a0","      HMMA.1688.F32.TF32 R16, R132, R140, R16","55296","1769472"
"0x782ae63023b0","      LDS R170, [R215+UR12+0x1000]","55296","1769472"
"0x782ae63023c0","@!UP0 UIADD3 UR5, UR13, -0x200, URZ","55296","344064"
"0x782ae63023d0","      UIADD3 UR6, UR11, 0x80, URZ","55296","1769472"
"0x782ae63023e0","      LDS R171, [R215+UR12+0x1800]","55296","1769472"
"0x782ae63023f0","      IADD3 R212, R202, -0x1, RZ","55296","1769472"
"0x782ae6302400","@!UP1 UIADD3 UR7, UR10, -0x8000, URZ","55296","356352"
"0x782ae6302410","      HMMA.1688.F32.TF32 R20, R132, R142, R20","55296","1769472"
"0x782ae6302420","      LDS R172, [R216+UR12+0x1000]","55296","1769472"
"0x782ae6302430","@!UP1 UIADD3 UR6, UR11, -0x200, URZ","55296","356352"
"0x782ae6302440","@!UP1 UMOV UR9, URZ","55296","356352"
"0x782ae6302450","      LDS R173, [R216+UR12+0x1800]","55296","1769472"
"0x782ae6302460","@!UP0 UMOV UR8, URZ","55296","344064"
"0x782ae6302470","      HMMA.1688.F32.TF32 R24, R132, R144, R24","55296","1769472"
"0x782ae6302480","      LDS R174, [R213+UR12+0x1080]","55296","1769472"
"0x782ae6302490","      LDS R175, [R213+UR12+0x1880]","55296","1769472"
"0x782ae63024a0","      HMMA.1688.F32.TF32 R28, R132, R146, R28","55296","1769472"
"0x782ae63024b0","      LDS R176, [R214+UR12+0x1080]","55296","1769472"
"0x782ae63024c0","      LDS R177, [R214+UR12+0x1880]","55296","1769472"
"0x782ae63024d0","      HMMA.1688.F32.TF32 R32, R132, R148, R32","55296","1769472"
"0x782ae63024e0","      LDS R178, [R215+UR12+0x1080]","55296","1769472"
"0x782ae63024f0","      LDS R179, [R215+UR12+0x1880]","55296","1769472"
"0x782ae6302500","      HMMA.1688.F32.TF32 R36, R152, R148, R36","55296","1769472"
"0x782ae6302510","      LDS R180, [R216+UR12+0x1080]","55296","1769472"
"0x782ae6302520","      LDS R181, [R216+UR12+0x1880]","55296","1769472"
"0x782ae6302530","      UMOV UR12, UR4","55296","1769472"
"0x782ae6302540","      HMMA.1688.F32.TF32 R40, R152, R146, R40","55296","1769472"
"0x782ae6302550","      LDSM.16.M88.4 R184, [R210+UR13+0x1400]","55296","1769472"
"0x782ae6302560","      HMMA.1688.F32.TF32 R44, R152, R144, R44","55296","1769472"
"0x782ae6302570","      LDSM.16.M88.4 R188, [R210+UR13+0x2800]","55296","1769472"
"0x782ae6302580","      HMMA.1688.F32.TF32 R48, R152, R142, R48","55296","1769472"
"0x782ae6302590","      LDSM.16.M88.4 R192, [R210+UR13+0x3c00]","55296","1769472"
"0x782ae63025a0","      UMOV UR13, UR5","55296","1769472"
"0x782ae63025b0","      HMMA.1688.F32.TF32 R52, R152, R140, R52","55296","1769472"
"0x782ae63025c0","@P1   LDGSTS.E.BYPASS.LTC128B.128 [R217], [R206.64+UR20]","55296","1720320"
"0x782ae63025d0","      HMMA.1688.F32.TF32 R56, R152, R138, R56","55296","1769472"
"0x782ae63025e0","@P0   LDGSTS.E.BYPASS.LTC128B.128 [R201+UR11], [R206.64]","55296","1720320"
"0x782ae63025f0","      R2P PR, R198, 0x3","55296","1769472"
"0x782ae6302600","      HMMA.1688.F32.TF32 R60, R152, R136, R60","55296","1769472"
"0x782ae6302610","@P2   LDGSTS.E.BYPASS.LTC128B.128 [R221+0x1400], [R206.64+UR18]","55296","1720320"
"0x782ae6302620","      HMMA.1688.F32.TF32 R64, R152, R2, R64","55296","1769472"
"0x782ae6302630","@P3   LDGSTS.E.BYPASS.LTC128B.128 [R200+UR11+0x1400], [R218.64]","55296","1720320"
"0x782ae6302640","      UMOV UR11, UR6","55296","1769472"
"0x782ae6302650","      R2P PR, R198, 0xc","55296","1769472"
"0x782ae6302660","      FSETP.GEU.AND P6, PT, |R150|, +INF , PT","55296","1769472"
"0x782ae6302670","      FSETP.GEU.AND P5, PT, |R151|, +INF , PT","55296","1769472"
"0x782ae6302680","      HMMA.1688.F32.TF32 R68, R156, R2, R68","55296","1769472"
"0x782ae6302690","@P0   LDGSTS.E.BYPASS.LTC128B.128 [R199+UR10+0xa000], [R208.64]","55296","1720320"
"0x782ae63026a0","      FSETP.GEU.AND P4, PT, |R164|, +INF , PT","55296","1769472"
"0x782ae63026b0","      HMMA.1688.F32.TF32 R72, R156, R136, R72","55296","1769472"
"0x782ae63026c0","@P1   LDGSTS.E.BYPASS.LTC128B.128 [R199+UR10+0xa080], [R208.64+0x80]","55296","1720320"
"0x782ae63026d0","      ISETP.NE.AND P1, PT, R212, RZ, PT","55296","1769472"
"0x782ae63026e0","@!P6  IMAD.IADD.U32 R150, R150, 0x1, R203","55296","1769472"
"0x782ae63026f0","      FSETP.GEU.AND P6, PT, |R168|, +INF , PT","55296","1769472"
"0x782ae6302700","@!P5  IMAD.IADD.U32 R151, R151, 0x1, R203","55296","1769472"
"0x782ae6302710","      FSETP.GEU.AND P5, PT, |R169|, +INF , PT","55296","1769472"
"0x782ae6302720","      HMMA.1688.F32.TF32 R76, R156, R138, R76","55296","1769472"
"0x782ae6302730","@P2   LDGSTS.E.BYPASS.LTC128B.128 [R199+UR10+0xa100], [R208.64+0x100]","55296","1720320"
"0x782ae6302740","      ISETP.NE.AND P2, PT, R212, RZ, PT","55296","1769472"
"0x782ae6302750","@!P4  IMAD.IADD.U32 R164, R164, 0x1, R203","55296","1769472"
"0x782ae6302760","      FSETP.GEU.AND P4, PT, |R170|, +INF , PT","55296","1769472"
"0x782ae6302770","      SEL R211, R211, RZ, P2","55296","1769472"
"0x782ae6302780","      HMMA.1688.F32.TF32 R80, R156, R140, R80","55296","1769472"
"0x782ae6302790","@P3   LDGSTS.E.BYPASS.LTC128B.128 [R199+UR10+0xa180], [R208.64+0x180]","55296","1720320"
"0x782ae63027a0","      UMOV UR10, UR7","55296","1769472"
"0x782ae63027b0","      FSETP.GEU.AND P3, PT, |R165|, +INF , PT","55296","1769472"
"0x782ae63027c0","@!P1  IMAD.MOV.U32 R198, RZ, RZ, RZ","55296","12288"
"0x782ae63027d0","      FSETP.GEU.AND P1, PT, |R166|, +INF , PT","55296","1769472"
"0x782ae63027e0","@!P6  IMAD.IADD.U32 R168, R168, 0x1, R203","55296","1769472"
"0x782ae63027f0","      FSETP.GEU.AND P6, PT, |R174|, +INF , PT","55296","1769472"
"0x782ae6302800","      HMMA.1688.F32.TF32 R84, R156, R142, R84","55296","1769472"
"0x782ae6302810","      LDGDEPBAR","55296","1769472"
"0x782ae6302820","@!P5  IMAD.IADD.U32 R169, R169, 0x1, R203","55296","1769472"
"0x782ae6302830","      FSETP.GEU.AND P5, PT, |R175|, +INF , PT","55296","1769472"
"0x782ae6302840","@!P4  IMAD.IADD.U32 R170, R170, 0x1, R203","55296","1769472"
"0x782ae6302850","      FSETP.GEU.AND P4, PT, |R176|, +INF , PT","55296","1769472"
"0x782ae6302860","      HMMA.1688.F32.TF32 R88, R156, R144, R88","55296","1769472"
"0x782ae6302870","@!P3  IMAD.IADD.U32 R165, R165, 0x1, R203","55296","1769472"
"0x782ae6302880","      FSETP.GEU.AND P3, PT, |R171|, +INF , PT","55296","1769472"
"0x782ae6302890","@!P1  IMAD.IADD.U32 R166, R166, 0x1, R203","55296","1769472"
"0x782ae63028a0","      FSETP.GEU.AND P1, PT, |R172|, +INF , PT","55296","1769472"
"0x782ae63028b0","      HMMA.1688.F32.TF32 R92, R156, R146, R92","55296","1769472"
"0x782ae63028c0","      IADD3 R208, P0, R208, c[0x0][0x1c8], RZ","55296","1769472"
"0x782ae63028d0","@!P6  IMAD.IADD.U32 R174, R174, 0x1, R203","55296","1769472"
"0x782ae63028e0","      FSETP.GEU.AND P6, PT, |R180|, +INF , PT","55296","1769472"
"0x782ae63028f0","@!P5  IMAD.IADD.U32 R175, R175, 0x1, R203","55296","1769472"
"0x782ae6302900","      HMMA.1688.F32.TF32 R96, R156, R148, R96","55296","1769472"
"0x782ae6302910","      DEPBAR.LE SB0, 0x3","55296","1769472"
"0x782ae6302920","      BAR.SYNC.DEFER_BLOCKING 0x0","55296","1769472"
"0x782ae6302930","      IADD3.X R209, R209, c[0x0][0x1cc], RZ, P0, !PT","55296","1769472"
"0x782ae6302940","@!P3  IMAD.IADD.U32 R171, R171, 0x1, R203","55296","1769472"
"0x782ae6302950","      HMMA.1688.F32.TF32 R100, R160, R148, R100","55296","1769472"
"0x782ae6302960","      IADD3 R206, P0, R218, c[0x0][0x1a8], RZ","55296","1769472"
"0x782ae6302970","@!P1  IMAD.IADD.U32 R172, R172, 0x1, R203","55296","1769472"
"0x782ae6302980","      FSETP.GEU.AND P3, PT, |R177|, +INF , PT","55296","1769472"
"0x782ae6302990","      HMMA.1688.F32.TF32 R104, R160, R146, R104","55296","1769472"
"0x782ae63029a0","      FSETP.GEU.AND P1, PT, |R178|, +INF , PT","55296","1769472"
"0x782ae63029b0","@!P4  IMAD.IADD.U32 R176, R176, 0x1, R203","55296","1769472"
"0x782ae63029c0","      IADD3.X R207, R219, c[0x0][0x1ac], RZ, P0, !PT","55296","1769472"
"0x782ae63029d0","@!P6  IMAD.IADD.U32 R180, R180, 0x1, R203","55296","1769472"
"0x782ae63029e0","      FSETP.GEU.AND P0, PT, |R167|, +INF , PT","55296","1769472"
"0x782ae63029f0","      HMMA.1688.F32.TF32 R108, R160, R144, R108","55296","1769472"
"0x782ae6302a00","      FSETP.GEU.AND P5, PT, |R181|, +INF , PT","55296","1769472"
"0x782ae6302a10","@!P3  IMAD.IADD.U32 R177, R177, 0x1, R203","55296","1769472"
"0x782ae6302a20","      FSETP.GEU.AND P4, PT, |R184|, +INF , PT","55296","1769472"
"0x782ae6302a30","      FSETP.GEU.AND P3, PT, |R185|, +INF , PT","55296","1769472"
"0x782ae6302a40","      HMMA.1688.F32.TF32 R112, R160, R142, R112","55296","1769472"
"0x782ae6302a50","      FSETP.GEU.AND P6, PT, |R190|, +INF , PT","55296","1769472"
"0x782ae6302a60","@!P0  IMAD.IADD.U32 R167, R167, 0x1, R203","55296","1769472"
"0x782ae6302a70","      FSETP.GEU.AND P0, PT, |R173|, +INF , PT","55296","1769472"
"0x782ae6302a80","@!P1  IMAD.IADD.U32 R178, R178, 0x1, R203","55296","1769472"
"0x782ae6302a90","      FSETP.GEU.AND P1, PT, |R186|, +INF , PT","55296","1769472"
"0x782ae6302aa0","      HMMA.1688.F32.TF32 R116, R160, R140, R116","55296","1769472"
"0x782ae6302ab0","@!P5  IMAD.IADD.U32 R181, R181, 0x1, R203","55296","1769472"
"0x782ae6302ac0","      FSETP.GEU.AND P5, PT, |R191|, +INF , PT","55296","1769472"
"0x782ae6302ad0","@!P4  IMAD.IADD.U32 R184, R184, 0x1, R203","55296","1769472"
"0x782ae6302ae0","      FSETP.GEU.AND P4, PT, |R192|, +INF , PT","55296","1769472"
"0x782ae6302af0","      HMMA.1688.F32.TF32 R120, R160, R138, R120","55296","1769472"
"0x782ae6302b00","@!P0  IMAD.IADD.U32 R173, R173, 0x1, R203","55296","1769472"
"0x782ae6302b10","      FSETP.GEU.AND P0, PT, |R179|, +INF , PT","55296","1769472"
"0x782ae6302b20","@!P3  IMAD.IADD.U32 R185, R185, 0x1, R203","55296","1769472"
"0x782ae6302b30","      FSETP.GEU.AND P3, PT, |R193|, +INF , PT","55296","1769472"
"0x782ae6302b40","      HMMA.1688.F32.TF32 R124, R160, R136, R124","55296","1769472"
"0x782ae6302b50","@!P1  IMAD.IADD.U32 R186, R186, 0x1, R203","55296","1769472"
"0x782ae6302b60","      FSETP.GEU.AND P1, PT, |R188|, +INF , PT","55296","1769472"
"0x782ae6302b70","@!P6  IMAD.IADD.U32 R190, R190, 0x1, R203","55296","1769472"
"0x782ae6302b80","      HMMA.1688.F32.TF32 R128, R160, R2, R128","55296","1769472"
"0x782ae6302b90","@!P0  IMAD.IADD.U32 R179, R179, 0x1, R203","55296","1769472"
"0x782ae6302ba0","      FSETP.GEU.AND P0, PT, |R187|, +INF , PT","55296","1769472"
"0x782ae6302bb0","@!P5  IMAD.IADD.U32 R191, R191, 0x1, R203","55296","1769472"
"0x782ae6302bc0","      HMMA.1688.F32.TF32 R4, R164, R150, R4","55296","1769472"
"0x782ae6302bd0","@!P1  IMAD.IADD.U32 R188, R188, 0x1, R203","55296","1769472"
"0x782ae6302be0","      FSETP.GEU.AND P1, PT, |R194|, +INF , PT","55296","1769472"
"0x782ae6302bf0","@!P4  IMAD.IADD.U32 R192, R192, 0x1, R203","55296","1769472"
"0x782ae6302c00","      HMMA.1688.F32.TF32 R8, R164, R168, R8","55296","1769472"
"0x782ae6302c10","      LDS R139, [R215+UR4+0x800]","55296","1769472"
"0x782ae6302c20","@!P0  IMAD.IADD.U32 R187, R187, 0x1, R203","55296","1769472"
"0x782ae6302c30","      LDS R138, [R215+UR4]","55296","1769472"
"0x782ae6302c40","      FSETP.GEU.AND P0, PT, |R189|, +INF , PT","55296","1769472"
"0x782ae6302c50","@!P3  IMAD.IADD.U32 R193, R193, 0x1, R203","55296","1769472"
"0x782ae6302c60","      HMMA.1688.F32.TF32 R12, R164, R170, R12","55296","1769472"
"0x782ae6302c70","      LDS R145, [R214+UR4+0x880]","55296","1769472"
"0x782ae6302c80","@!P1  IMAD.IADD.U32 R194, R194, 0x1, R203","55296","1769472"
"0x782ae6302c90","      LDS R2, [R213+UR4]","55296","1769472"
"0x782ae6302ca0","      HMMA.1688.F32.TF32 R16, R164, R172, R16","55296","1769472"
"0x782ae6302cb0","      LDS R3, [R213+UR4+0x800]","55296","1769472"
"0x782ae6302cc0","@!P0  IMAD.IADD.U32 R189, R189, 0x1, R203","55296","1769472"
"0x782ae6302cd0","      LDS R136, [R214+UR4]","55296","1769472"
"0x782ae6302ce0","      FSETP.GEU.AND P0, PT, |R195|, +INF , PT","55296","1769472"
"0x782ae6302cf0","      HMMA.1688.F32.TF32 R20, R164, R174, R20","55296","1769472"
"0x782ae6302d00","      LDS R137, [R214+UR4+0x800]","55296","1769472"
"0x782ae6302d10","      LDS R144, [R214+UR4+0x80]","55296","1769472"
"0x782ae6302d20","      HMMA.1688.F32.TF32 R24, R164, R176, R24","55296","1769472"
"0x782ae6302d30","      LDSM.16.M88.4 R132, [R197+UR5]","55296","1769472"
"0x782ae6302d40","@!P0  IMAD.IADD.U32 R195, R195, 0x1, R203","55296","1769472"
"0x782ae6302d50","      HMMA.1688.F32.TF32 R28, R164, R178, R28","55296","1769472"
"0x782ae6302d60","      LDS R140, [R216+UR4]","55296","1769472"
"0x782ae6302d70","      LDS R141, [R216+UR4+0x800]","55296","1769472"
"0x782ae6302d80","      HMMA.1688.F32.TF32 R32, R164, R180, R32","55296","1769472"
"0x782ae6302d90","      LDS R142, [R213+UR4+0x80]","55296","1769472"
"0x782ae6302da0","      LDS R143, [R213+UR4+0x880]","55296","1769472"
"0x782ae6302db0","      HMMA.1688.F32.TF32 R36, R184, R180, R36","55296","1769472"
"0x782ae6302dc0","      LDSM.16.M88.4 R152, [R197+UR5+0x1400]","55296","1769472"
"0x782ae6302dd0","      HMMA.1688.F32.TF32 R40, R184, R178, R40","55296","1769472"
"0x782ae6302de0","      LDS R146, [R215+UR4+0x80]","55296","1769472"
"0x782ae6302df0","      LDS R147, [R215+UR4+0x880]","55296","1769472"
"0x782ae6302e00","      HMMA.1688.F32.TF32 R44, R184, R176, R44","55296","1769472"
"0x782ae6302e10","      LDS R148, [R216+UR4+0x80]","55296","1769472"
"0x782ae6302e20","      LDS R149, [R216+UR4+0x880]","55296","1769472"
"0x782ae6302e30","      HMMA.1688.F32.TF32 R48, R184, R174, R48","55296","1769472"
"0x782ae6302e40","      LDSM.16.M88.4 R156, [R197+UR5+0x2800]","55296","1769472"
"0x782ae6302e50","      HMMA.1688.F32.TF32 R52, R184, R172, R52","55296","1769472"
"0x782ae6302e60","      LDSM.16.M88.4 R160, [R197+UR5+0x3c00]","55296","1769472"
"0x782ae6302e70","      HMMA.1688.F32.TF32 R56, R184, R170, R56","55296","1769472"
"0x782ae6302e80","      HMMA.1688.F32.TF32 R60, R184, R168, R60","55296","1769472"
"0x782ae6302e90","      HMMA.1688.F32.TF32 R64, R184, R150, R64","55296","1769472"
"0x782ae6302ea0","      HMMA.1688.F32.TF32 R68, R188, R150, R68","55296","1769472"
"0x782ae6302eb0","      FSETP.GEU.AND P0, PT, |R139|, +INF , PT","55296","1769472"
"0x782ae6302ec0","      FSETP.GEU.AND P1, PT, |R138|, +INF , PT","55296","1769472"
"0x782ae6302ed0","      HMMA.1688.F32.TF32 R72, R188, R168, R72","55296","1769472"
"0x782ae6302ee0","      FSETP.GEU.AND P6, PT, |R2|, +INF , PT","55296","1769472"
"0x782ae6302ef0","      FSETP.GEU.AND P5, PT, |R3|, +INF , PT","55296","1769472"
"0x782ae6302f00","      FSETP.GEU.AND P4, PT, |R136|, +INF , PT","55296","1769472"
"0x782ae6302f10","      HMMA.1688.F32.TF32 R76, R188, R170, R76","55296","1769472"
"0x782ae6302f20","      FSETP.GEU.AND P3, PT, |R137|, +INF , PT","55296","1769472"
"0x782ae6302f30","@!P0  IMAD.IADD.U32 R139, R139, 0x1, R203","55296","1769472"
"0x782ae6302f40","      FSETP.GEU.AND P0, PT, |R145|, +INF , PT","55296","1769472"
"0x782ae6302f50","@!P1  IMAD.IADD.U32 R138, R138, 0x1, R203","55296","1769472"
"0x782ae6302f60","      FSETP.GEU.AND P1, PT, |R144|, +INF , PT","55296","1769472"
"0x782ae6302f70","      HMMA.1688.F32.TF32 R80, R188, R172, R80","55296","1769472"
"0x782ae6302f80","      FSETP.GEU.AND P2, PT, |R162|, +INF , PT","55296","1769472"
"0x782ae6302f90","@!P6  IMAD.IADD.U32 R2, R2, 0x1, R203","55296","1769472"
"0x782ae6302fa0","      FSETP.GEU.AND P6, PT, |R140|, +INF , PT","55296","1769472"
"0x782ae6302fb0","@!P5  IMAD.IADD.U32 R3, R3, 0x1, R203","55296","1769472"
"0x782ae6302fc0","      FSETP.GEU.AND P5, PT, |R141|, +INF , PT","55296","1769472"
"0x782ae6302fd0","      HMMA.1688.F32.TF32 R84, R188, R174, R84","55296","1769472"
"0x782ae6302fe0","@!P0  IMAD.IADD.U32 R145, R145, 0x1, R203","55296","1769472"
"0x782ae6302ff0","      FSETP.GEU.AND P0, PT, |R133|, +INF , PT","55296","1769472"
"0x782ae6303000","@!P4  IMAD.IADD.U32 R136, R136, 0x1, R203","55296","1769472"
"0x782ae6303010","      FSETP.GEU.AND P4, PT, |R142|, +INF , PT","55296","1769472"
"0x782ae6303020","      HMMA.1688.F32.TF32 R88, R188, R176, R88","55296","1769472"
"0x782ae6303030","@!P3  IMAD.IADD.U32 R137, R137, 0x1, R203","55296","1769472"
"0x782ae6303040","      FSETP.GEU.AND P3, PT, |R143|, +INF , PT","55296","1769472"
"0x782ae6303050","@!P1  IMAD.IADD.U32 R144, R144, 0x1, R203","55296","1769472"
"0x782ae6303060","      FSETP.GEU.AND P1, PT, |R132|, +INF , PT","55296","1769472"
"0x782ae6303070","      HMMA.1688.F32.TF32 R92, R188, R178, R92","55296","1769472"
"0x782ae6303080","@!P0  IMAD.IADD.U32 R133, R133, 0x1, R203","55296","1769472"
"0x782ae6303090","      FSETP.GEU.AND P0, PT, |R155|, +INF , PT","55296","1769472"
"0x782ae63030a0","@!P6  IMAD.IADD.U32 R140, R140, 0x1, R203","55296","1769472"
"0x782ae63030b0","      FSETP.GEU.AND P6, PT, |R146|, +INF , PT","55296","1769472"
"0x782ae63030c0","      HMMA.1688.F32.TF32 R96, R188, R180, R96","55296","1769472"
"0x782ae63030d0","@!P5  IMAD.IADD.U32 R141, R141, 0x1, R203","55296","1769472"
"0x782ae63030e0","      FSETP.GEU.AND P5, PT, |R147|, +INF , PT","55296","1769472"
"0x782ae63030f0","@!P4  IMAD.IADD.U32 R142, R142, 0x1, R203","55296","1769472"
"0x782ae6303100","      FSETP.GEU.AND P4, PT, |R148|, +INF , PT","55296","1769472"
"0x782ae6303110","      HMMA.1688.F32.TF32 R100, R192, R180, R100","55296","1769472"
"0x782ae6303120","@!P3  IMAD.IADD.U32 R143, R143, 0x1, R203","55296","1769472"
"0x782ae6303130","      FSETP.GEU.AND P3, PT, |R149|, +INF , PT","55296","1769472"
"0x782ae6303140","@!P1  IMAD.IADD.U32 R132, R132, 0x1, R203","55296","1769472"
"0x782ae6303150","      FSETP.GEU.AND P1, PT, |R154|, +INF , PT","55296","1769472"
"0x782ae6303160","      HMMA.1688.F32.TF32 R104, R192, R178, R104","55296","1769472"
"0x782ae6303170","@!P0  IMAD.IADD.U32 R155, R155, 0x1, R203","55296","1769472"
"0x782ae6303180","      FSETP.GEU.AND P0, PT, |R157|, +INF , PT","55296","1769472"
"0x782ae6303190","@!P6  IMAD.IADD.U32 R146, R146, 0x1, R203","55296","1769472"
"0x782ae63031a0","      FSETP.GEU.AND P6, PT, |R134|, +INF , PT","55296","1769472"
"0x782ae63031b0","      HMMA.1688.F32.TF32 R108, R192, R176, R108","55296","1769472"
"0x782ae63031c0","@!P5  IMAD.IADD.U32 R147, R147, 0x1, R203","55296","1769472"
"0x782ae63031d0","      FSETP.GEU.AND P5, PT, |R135|, +INF , PT","55296","1769472"
"0x782ae63031e0","@!P4  IMAD.IADD.U32 R148, R148, 0x1, R203","55296","1769472"
"0x782ae63031f0","      FSETP.GEU.AND P4, PT, |R152|, +INF , PT","55296","1769472"
"0x782ae6303200","      HMMA.1688.F32.TF32 R112, R192, R174, R112","55296","1769472"
"0x782ae6303210","@!P3  IMAD.IADD.U32 R149, R149, 0x1, R203","55296","1769472"
"0x782ae6303220","      FSETP.GEU.AND P3, PT, |R153|, +INF , PT","55296","1769472"
"0x782ae6303230","@!P1  IMAD.IADD.U32 R154, R154, 0x1, R203","55296","1769472"
"0x782ae6303240","      FSETP.GEU.AND P1, PT, |R156|, +INF , PT","55296","1769472"
"0x782ae6303250","      HMMA.1688.F32.TF32 R116, R192, R172, R116","55296","1769472"
"0x782ae6303260","@!P0  IMAD.IADD.U32 R157, R157, 0x1, R203","55296","1769472"
"0x782ae6303270","      ISETP.GT.AND P0, PT, R202, -0x3, PT","55296","1769472"
"0x782ae6303280","@!P6  IMAD.IADD.U32 R134, R134, 0x1, R203","55296","1769472"
"0x782ae6303290","      FSETP.GEU.AND P6, PT, |R158|, +INF , PT","55296","1769472"
"0x782ae63032a0","      HMMA.1688.F32.TF32 R120, R192, R170, R120","55296","1769472"
"0x782ae63032b0","@!P5  IMAD.IADD.U32 R135, R135, 0x1, R203","55296","1769472"
"0x782ae63032c0","      FSETP.GEU.AND P5, PT, |R159|, +INF , PT","55296","1769472"
"0x782ae63032d0","@!P4  IMAD.IADD.U32 R152, R152, 0x1, R203","55296","1769472"
"0x782ae63032e0","      FSETP.GEU.AND P4, PT, |R160|, +INF , PT","55296","1769472"
"0x782ae63032f0","@!P3  IMAD.IADD.U32 R153, R153, 0x1, R203","55296","1769472"
"0x782ae6303300","      HMMA.1688.F32.TF32 R124, R192, R168, R124","55296","1769472"
"0x782ae6303310","@!P1  IMAD.IADD.U32 R156, R156, 0x1, R203","55296","1769472"
"0x782ae6303320","      FSETP.GEU.AND P3, PT, |R161|, +INF , PT","55296","1769472"
"0x782ae6303330","      IMAD.MOV.U32 R202, RZ, RZ, R212","55296","1769472"
"0x782ae6303340","      FSETP.GEU.AND P1, PT, |R163|, +INF , PT","55296","1769472"
"0x782ae6303350","@!P6  IMAD.IADD.U32 R158, R158, 0x1, R203","55296","1769472"
"0x782ae6303360","      HMMA.1688.F32.TF32 R128, R192, R150, R128","55296","1769472"
"0x782ae6303370","@!P5  IMAD.IADD.U32 R159, R159, 0x1, R203","55296","1769472"
"0x782ae6303380","@!P4  IMAD.IADD.U32 R160, R160, 0x1, R203","55296","1769472"
"0x782ae6303390","@!P2  IMAD.IADD.U32 R162, R162, 0x1, R203","55296","1769472"
"0x782ae63033a0","@!P3  IMAD.IADD.U32 R161, R161, 0x1, R203","55296","1769472"
"0x782ae63033b0","@!P1  IMAD.IADD.U32 R163, R163, 0x1, R203","55296","1769472"
"0x782ae63033c0","@P0   BRA 0x782ae6302240","55296","1757184"
"0x782ae63033d0","      LDGDEPBAR","384","12288"
"0x782ae63033e0","      ISETP.NE.U32.AND P2, PT, RZ, c[0x0][0x268], PT","384","12288"
"0x782ae63033f0","      ISETP.NE.U32.AND P1, PT, RZ, c[0x0][0x270], PT","384","12288"
"0x782ae6303400","      LDGDEPBAR","384","12288"
"0x782ae6303410","      ISETP.NE.AND.EX P2, PT, RZ, c[0x0][0x26c], PT, P2","384","12288"
"0x782ae6303420","      ISETP.NE.AND.EX P1, PT, RZ, c[0x0][0x274], PT, P1","384","12288"
"0x782ae6303430","@P2   IMAD.MOV.U32 R134, RZ, RZ, c[0x0][0x268]","384","0"
"0x782ae6303440","@P2   IMAD.MOV.U32 R135, RZ, RZ, c[0x0][0x26c]","384","0"
"0x782ae6303450","@P1   MOV R132, c[0x0][0x270]","384","0"
"0x782ae6303460","@P1   IMAD.MOV.U32 R133, RZ, RZ, c[0x0][0x274]","384","0"
"0x782ae6303470","      DEPBAR.LE SB0, 0x0","384","12288"
"0x782ae6303480","      BAR.SYNC.DEFER_BLOCKING 0x0","384","12288"
"0x782ae6303490","@P2   LDG.E R166, [R134]","384","0"
"0x782ae63034a0","@P1   LDG.E R167, [R132]","384","0"
"0x782ae63034b0","      S2UR UR5, SR_CTAID.Y","384","12288"
"0x782ae63034c0","      IMAD.MOV.U32 R2, RZ, RZ, -0x1","384","12288"
"0x782ae63034d0","      ULDC UR4, c[0x0][0x178]","384","12288"
"0x782ae63034e0","      S2R R164, SR_CTAID.X","384","12288"
"0x782ae63034f0","      ISETP.NE.AND P0, PT, RZ, c[0x0][0x17c], PT","384","12288"
"0x782ae6303500","      IMAD.MOV.U32 R165, RZ, RZ, c[0x0][0x260]","384","12288"
"0x782ae6303510","      SHF.L.U32 R139, R2, c[0x0][0x178], RZ","384","12288"
"0x782ae6303520","      IMAD.MOV.U32 R137, RZ, RZ, -0x1","384","12288"
"0x782ae6303530","      MOV R168, 0x4","384","12288"
"0x782ae6303540","      IMAD.MOV.U32 R134, RZ, RZ, c[0x0][0x290]","384","12288"
"0x782ae6303550","      MOV R135, c[0x0][0x294]","384","12288"
"0x782ae6303560","      USHF.L.U32 UR4, UR5, UR4, URZ","384","12288"
"0x782ae6303570","      MOV R132, c[0x0][0x288]","384","12288"
"0x782ae6303580","      IMAD.MOV.U32 R133, RZ, RZ, c[0x0][0x28c]","384","12288"
"0x782ae6303590","      LOP3.LUT R139, R164, R139, RZ, 0x30, !PT","384","12288"
"0x782ae63035a0","      SHF.R.S32.HI R164, RZ, c[0x0][0x178], R164","384","12288"
"0x782ae63035b0","      IADD3 R139, R139, UR4, RZ","384","12288"
"0x782ae63035c0","      IMAD R169, R139, c[0x0][0x16c], R164","384","12288"
"0x782ae63035d0","      IMAD.WIDE R168, R169, R168, c[0x0][0x190]","384","12288"
"0x782ae63035e0","@!P2  IMAD.MOV.U32 R166, RZ, RZ, c[0x0][0x258]","384","12288"
"0x782ae63035f0","@!P1  MOV R167, c[0x0][0x25c]","384","12288"
"0x782ae6303600","@!P0  BRA 0x782ae6303860","384","12288"
"0x782ae6303610","      IMAD.MOV.U32 R3, RZ, RZ, c[0x0][0x17c]","0","0"
"0x782ae6303620","      IADD3 R2, R3, -0x1, RZ","0","0"
"0x782ae6303630","      IMNMX.U32 R2, R2, 0x2, PT","0","0"
"0x782ae6303640","      IMAD.SHL.U32 R2, R2, 0x4, RZ","0","0"
"0x782ae6303650","      LDC R140, c[0x2][R2]","0","0"
"0x782ae6303660","      SHF.R.S32.HI R141, RZ, 0x1f, R140","0","0"
"0x782ae6303670","      BRX R140, -0x3680","0","0"
"0x782ae6303680","      ISETP.NE.AND P0, PT, R3, 0x3, PT","0","0"
"0x782ae6303690","@P0   BRA 0x782ae6303920","0","0"
"0x782ae63036a0","      MOV R135, 0x8","0","0"
"0x782ae63036b0","      IMAD.WIDE R132, R182, R135, c[0x0][0x288]","0","0"
"0x782ae63036c0","      IMAD.WIDE R134, R182, R135, c[0x0][0x290]","0","0"
"0x782ae63036d0","      LDG.E.64 R132, [R132]","0","0"
"0x782ae63036e0","      LDG.E.64 R134, [R134]","0","0"
"0x782ae63036f0","      BRA 0x782ae6303920","0","0"
"0x782ae6303700","      SHF.R.S32.HI R135, RZ, 0x1f, R182","0","0"
"0x782ae6303710","      IMAD.WIDE.U32 R140, R182, c[0x0][0x2a8], RZ","0","0"
"0x782ae6303720","      IMAD R133, R135, c[0x0][0x2a8], RZ","0","0"
"0x782ae6303730","      LEA R132, P1, R140, c[0x0][0x288], 0x2","0","0"
"0x782ae6303740","      IMAD R135, R135, c[0x0][0x188], RZ","0","0"
"0x782ae6303750","      IMAD.WIDE.U32 R2, R182, c[0x0][0x188], RZ","0","0"
"0x782ae6303760","      IMAD R133, R182, c[0x0][0x2ac], R133","0","0"
"0x782ae6303770","      LEA R134, P0, R2, c[0x0][0x290], 0x2","0","0"
"0x782ae6303780","      IMAD R135, R182, c[0x0][0x18c], R135","0","0"
"0x782ae6303790","      IADD3 R133, R141, R133, RZ","0","0"
"0x782ae63037a0","      IADD3 R135, R3, R135, RZ","0","0"
"0x782ae63037b0","      LEA.HI.X R133, R140, c[0x0][0x28c], R133, 0x2, P1","0","0"
"0x782ae63037c0","      LEA.HI.X R135, R2, c[0x0][0x294], R135, 0x2, P0","0","0"
"0x782ae63037d0","      BRA 0x782ae6303920","0","0"
"0x782ae63037e0","      SHF.R.S32.HI R135, RZ, 0x1f, R182","0","0"
"0x782ae63037f0","      IMAD.WIDE.U32 R2, R182, c[0x0][0x188], RZ","0","0"
"0x782ae6303800","      IMAD R135, R135, c[0x0][0x188], RZ","0","0"
"0x782ae6303810","      LEA R134, P0, R2, c[0x0][0x290], 0x2","0","0"
"0x782ae6303820","      IMAD R135, R182, c[0x0][0x18c], R135","0","0"
"0x782ae6303830","      IADD3 R135, R3, R135, RZ","0","0"
"0x782ae6303840","      LEA.HI.X R135, R2, c[0x0][0x294], R135, 0x2, P0","0","0"
"0x782ae6303850","      BRA 0x782ae6303920","0","0"
"0x782ae6303860","      MOV R3, c[0x0][0x174]","384","12288"
"0x782ae6303870","      ISETP.GE.AND P0, PT, R3, 0x2, PT","384","12288"
"0x782ae6303880","@!P0  BRA 0x782ae6303920","384","12288"
"0x782ae6303890","      ISETP.GT.AND P0, PT, R0, RZ, PT","0","0"
"0x782ae63038a0","      IMAD.MOV.U32 R137, RZ, RZ, -0x1","0","0"
"0x782ae63038b0","@!P0  LDG.E.STRONG.GPU R137, [R168]","0","0"
"0x782ae63038c0","      IADD3 R3, R3, -0x1, RZ","0","0"
"0x782ae63038d0","      ISETP.NE.AND P1, PT, R182, RZ, PT","0","0"
"0x782ae63038e0","      ISETP.NE.AND P0, PT, R3, R182, PT","0","0"
"0x782ae63038f0","      FSEL R167, R167, 1, !P1","0","0"
"0x782ae6303900","      FSEL R165, R2, c[0x0][0x260], P0","0","0"
"0x782ae6303910","      CCTL.IVALL","0","0"
"0x782ae6303920","      SHF.R.S32.HI R145, RZ, 0x1f, R0","384","12288"
"0x782ae6303930","      IMAD.MOV.U32 R138, RZ, RZ, c[0x0][0x174]","384","12288"
"0x782ae6303940","      ULEA UR14, UR16, UR14, 0x1","384","12288"
"0x782ae6303950","      ISETP.NE.U32.AND P1, PT, R132, RZ, PT","384","12288"
"0x782ae6303960","      USHF.L.U32 UR15, UR15, 0x5, URZ","384","12288"
"0x782ae6303970","      LEA.HI R3, R145, R0, RZ, 0x5","384","12288"
"0x782ae6303980","      USHF.L.U32 UR14, UR14, 0x3, URZ","384","12288"
"0x782ae6303990","      LEA.HI R145, R145, R0, RZ, 0x7","384","12288"
"0x782ae63039a0","      ULDC.64 UR6, c[0x0][0x1f8]","384","12288"
"0x782ae63039b0","      SHF.R.S32.HI R2, RZ, 0x5, R3","384","12288"
"0x782ae63039c0","      UIMAD UR14, UR14, 0x44, UR15","384","12288"
"0x782ae63039d0","      LOP3.LUT R3, R3, 0xffffffe0, RZ, 0xc0, !PT","384","12288"
"0x782ae63039e0","      IMAD.MOV.U32 R175, RZ, RZ, c[0x0][0x1e0]","384","12288"
"0x782ae63039f0","      SHF.R.S32.HI R143, RZ, 0x1f, R2","384","12288"
"0x782ae6303a00","      LOP3.LUT R141, R145, 0xffffff80, RZ, 0xc0, !PT","384","12288"
"0x782ae6303a10","      IMAD.IADD R3, R0, 0x1, -R3","384","12288"
"0x782ae6303a20","      LEA.HI R143, R143, R2, RZ, 0x2","384","12288"
"0x782ae6303a30","      SHF.R.S32.HI R145, RZ, 0x7, R145","384","12288"
"0x782ae6303a40","      LOP3.LUT R143, R143, 0xfffffffc, RZ, 0xc0, !PT","384","12288"
"0x782ae6303a50","      SHF.R.S32.HI R136, RZ, 0x1f, R3","384","12288"
"0x782ae6303a60","      ISETP.GT.AND P6, PT, R138, 0x1, PT","384","12288"
"0x782ae6303a70","      IMAD.IADD R2, R2, 0x1, -R143","384","12288"
"0x782ae6303a80","      LEA.HI R136, R136, R3, RZ, 0x4","384","12288"
"0x782ae6303a90","      ISETP.NE.U32.AND P5, PT, R134, RZ, PT","384","12288"
"0x782ae6303aa0","      LEA.HI.SX32 R140, R136, R141, 0x1c","384","12288"
"0x782ae6303ab0","      LEA.HI R141, R2, R2, RZ, 0x1","384","12288"
"0x782ae6303ac0","      LOP3.LUT R136, R136, 0x3ffffff0, RZ, 0xc0, !PT","384","12288"
"0x782ae6303ad0","      LOP3.LUT R143, R141, 0x3ffffffe, RZ, 0xc0, !PT","384","12288"
"0x782ae6303ae0","      SHF.R.S32.HI R141, RZ, 0x1, R141","384","12288"
"0x782ae6303af0","      IMAD.IADD R3, R3, 0x1, -R136","384","12288"
"0x782ae6303b00","      ISETP.EQ.AND P6, PT, RZ, c[0x0][0x17c], P6","384","12288"
"0x782ae6303b10","      IMAD R136, R145, -0x70, R140","384","12288"
"0x782ae6303b20","      ISETP.NE.AND.EX P1, PT, R133, RZ, PT, P1","384","12288"
"0x782ae6303b30","      IMAD.IADD R143, R2, 0x1, -R143","384","12288"
"0x782ae6303b40","      LOP3.LUT R2, R0, 0x3, RZ, 0xc0, !PT","384","12288"
"0x782ae6303b50","      IMAD R140, R141, 0x40, R140","384","12288"
"0x782ae6303b60","      ISETP.NE.AND.EX P5, PT, R135, RZ, PT, P5","384","12288"
"0x782ae6303b70","      IMAD.SHL.U32 R3, R3, 0x4, RZ","384","12288"
"0x782ae6303b80","      IMAD R136, R141, 0x8, R136","384","12288"
"0x782ae6303b90","      IMAD R141, R143, 0x4, R140","384","12288"
"0x782ae6303ba0","      IMAD R139, R139, 0x80, R3","384","12288"
"0x782ae6303bb0","      IMAD R164, R164, 0x80, R141","384","12288"
"0x782ae6303bc0","      IMAD.WIDE R140, R139, 0x4, RZ","384","12288"
"0x782ae6303bd0","      ISETP.LT.AND P0, PT, R139, c[0x0][0x164], P1","384","12288"
"0x782ae6303be0","      ISETP.LT.AND P4, PT, R139, c[0x0][0x164], P5","384","12288"
"0x782ae6303bf0","      IMAD.SHL.U32 R3, R3, 0x4, RZ","384","12288"
"0x782ae6303c00","      LOP3.LUT R140, R140, 0xfffffff0, RZ, 0xc0, !PT","384","12288"
"0x782ae6303c10","      IMAD R136, R143, 0x4, R136","384","12288"
"0x782ae6303c20","      LOP3.LUT R141, R141, 0x3fffffff, RZ, 0xc0, !PT","384","12288"
"0x782ae6303c30","      IMAD R2, R183, 0x44, R2","384","12288"
"0x782ae6303c40","      SHF.R.S32.HI R143, RZ, 0x1f, R164","384","12288"
"0x782ae6303c50","      LOP3.LUT R3, R3, 0xfffffff0, RZ, 0xc0, !PT","384","12288"
"0x782ae6303c60","      IMAD.WIDE.U32 R146, R164, c[0x0][0x1d8], R140","384","12288"
"0x782ae6303c70","      IADD3 R139, R139, 0x40, RZ","384","12288"
"0x782ae6303c80","      IADD3 R2, R2, UR14, RZ","384","12288"
"0x782ae6303c90","      IMAD R145, R143, c[0x0][0x1d8], RZ","384","12288"
"0x782ae6303ca0","      IADD3 R172, P3, R132, R146, RZ","384","12288"
"0x782ae6303cb0","      IMAD R143, R143, c[0x0][0x218], RZ","384","12288"
"0x782ae6303cc0","      ISETP.LT.AND P1, PT, R139, c[0x0][0x164], P1","384","12288"
"0x782ae6303cd0","      IMAD.WIDE.U32 R140, R164, c[0x0][0x218], R140","384","12288"
"0x782ae6303ce0","      ISETP.LT.AND P5, PT, R139, c[0x0][0x164], P5","384","12288"
"0x782ae6303cf0","      IMAD R3, R136, 0x220, R3","384","12288"
"0x782ae6303d00","      IADD3 R170, P2, R134, R140, RZ","384","12288"
"0x782ae6303d10","      IMAD R138, R164, c[0x0][0x1dc], R145","384","12288"
"0x782ae6303d20","      SEL R134, RZ, 0x1, !P1","384","12288"
"0x782ae6303d30","      IMAD R136, R164, c[0x0][0x21c], R143","384","12288"
"0x782ae6303d40","      IMAD.MOV.U32 R132, RZ, RZ, c[0x0][0x1e4]","384","12288"
"0x782ae6303d50","      IADD3.X R173, R133, R147, R138, P3, !PT","384","12288"
"0x782ae6303d60","      IADD3.X R171, R135, R141, R136, P2, !PT","384","12288"
"0x782ae6303d70","      SEL R133, RZ, 0x1, !P0","384","12288"
"0x782ae6303d80","@!P6  BRA 0x782ae6303f80","384","12288"
"0x782ae6303d90","      ISETP.NE.AND P0, PT, R137, R182, PT","0","0"
"0x782ae6303da0","      IMAD.MOV.U32 R135, RZ, RZ, c[0x0][0x1f8]","0","0"
"0x782ae6303db0","      IMAD.MOV.U32 R132, RZ, RZ, c[0x0][0x1fc]","0","0"
"0x782ae6303dc0","      IMAD.MOV.U32 R175, RZ, RZ, c[0x0][0x1e0]","0","0"
"0x782ae6303dd0","      BAR.RED.AND.DEFER_BLOCKING 0x0, P0","0","0"
"0x782ae6303de0","      ISETP.NE.AND P0, PT, R182, RZ, PT","0","0"
"0x782ae6303df0","      SEL R135, R135, c[0x0][0x238], !P0","0","0"
"0x782ae6303e00","      SEL R136, R132, c[0x0][0x23c], !P0","0","0"
"0x782ae6303e10","      IMAD.MOV.U32 R132, RZ, RZ, c[0x0][0x1e4]","0","0"
"0x782ae6303e20","      R2UR UR6, R135","0","0"
"0x782ae6303e30","      SEL R172, R172, R170, !P0","0","0"
"0x782ae6303e40","      SEL R173, R173, R171, !P0","0","0"
"0x782ae6303e50","@P0   SEL R134, RZ, 0x1, !P5","0","0"
"0x782ae6303e60","@P0   SEL R133, RZ, 0x1, !P4","0","0"
"0x782ae6303e70","      R2UR UR7, R136","0","0"
"0x782ae6303e80","      SEL R175, R175, c[0x0][0x220], !P0","0","0"
"0x782ae6303e90","      SEL R132, R132, c[0x0][0x224], !P0","0","0"
"0x782ae6303ea0","      B2R.RESULT RZ, P1","0","0"
"0x782ae6303eb0","@!P1  BRA 0x782ae6303f60","0","0"
"0x782ae6303ec0","      ISETP.GT.AND P1, PT, R0, RZ, PT","0","0"
"0x782ae6303ed0","      YIELD","0","0"
"0x782ae6303ee0","@P1   BRA 0x782ae6303f10","0","0"
"0x782ae6303ef0","      LDG.E.STRONG.GPU R137, [R168]","0","0"
"0x782ae6303f00","      CCTL.IVALL","0","0"
"0x782ae6303f10","      ISETP.NE.AND P0, PT, R137, R182, PT","0","0"
"0x782ae6303f20","      WARPSYNC 0xffffffff","0","0"
"0x782ae6303f30","      BAR.RED.AND.DEFER_BLOCKING 0x0, P0","0","0"
"0x782ae6303f40","      B2R.RESULT RZ, P0","0","0"
"0x782ae6303f50","@P0   BRA 0x782ae6303ed0","0","0"
"0x782ae6303f60","      WARPSYNC 0xffffffff","0","0"
"0x782ae6303f70","      BAR.SYNC.DEFER_BLOCKING 0x0","0","0"
"0x782ae6303f80","      FSETP.NEU.AND P0, PT, R167, RZ, PT","384","12288"
"0x782ae6303f90","      BSSY B0, 0x782ae6308a20","384","12288"
"0x782ae6303fa0","@!P0  BRA 0x782ae6306c20","384","12288"
"0x782ae6303fb0","      PRMT R133, R133, 0x9910, RZ","0","0"
"0x782ae6303fc0","      CS2R R144, SRZ","0","0"
"0x782ae6303fd0","      CS2R R146, SRZ","0","0"
"0x782ae6303fe0","      CS2R R140, SRZ","0","0"
"0x782ae6303ff0","      ISETP.NE.AND P1, PT, R133, RZ, PT","0","0"
"0x782ae6304000","      CS2R R142, SRZ","0","0"
"0x782ae6304010","      PRMT R133, R134, 0x9910, RZ","0","0"
"0x782ae6304020","      IADD3 R176, R164, 0x2, RZ","0","0"
"0x782ae6304030","      CS2R R136, SRZ","0","0"
"0x782ae6304040","      ISETP.LT.AND P3, PT, R164, c[0x0][0x160], P1","0","0"
"0x782ae6304050","      CS2R R138, SRZ","0","0"
"0x782ae6304060","      ISETP.NE.AND P0, PT, R133, RZ, PT","0","0"
"0x782ae6304070","      UIADD3 UR8, UP0, UR6, 0x100, URZ","0","0"
"0x782ae6304080","      ULDC.64 UR4, c[0x0][0x238]","0","0"
"0x782ae6304090","      ISETP.LT.AND P2, PT, R164, c[0x0][0x160], P0","0","0"
"0x782ae63040a0","@P3   LDG.E.LTC128B.128 R144, [R172]","0","0"
"0x782ae63040b0","      ISETP.LT.AND P3, PT, R176, c[0x0][0x160], P1","0","0"
"0x782ae63040c0","@P2   LDG.E.LTC128B.128 R140, [R172+0x100]","0","0"
"0x782ae63040d0","      IADD3 R174, P2, R175, R172, RZ","0","0"
"0x782ae63040e0","      IMAD.X R175, R132, 0x1, R173, P2","0","0"
"0x782ae63040f0","      ISETP.LT.AND P2, PT, R176, c[0x0][0x160], P0","0","0"
"0x782ae6304100","      CS2R R132, SRZ","0","0"
"0x782ae6304110","      CS2R R134, SRZ","0","0"
"0x782ae6304120","@P3   LDG.E.LTC128B.128 R136, [R174]","0","0"
"0x782ae6304130","@P2   LDG.E.LTC128B.128 R132, [R174+0x100]","0","0"
"0x782ae6304140","      BAR.SYNC.DEFER_BLOCKING 0x0","0","0"
"0x782ae6304150","      ISETP.LT.AND P2, PT, R164, c[0x0][0x160], P4","0","0"
"0x782ae6304160","      ISETP.LT.AND P3, PT, R164, c[0x0][0x160], P5","0","0"
"0x782ae6304170","      STS.64 [R2.X8], R4","0","0"
"0x782ae6304180","      STS.64 [R2.X8+0x20], R8","0","0"
"0x782ae6304190","      STS.64 [R2.X8+0x40], R12","0","0"
"0x782ae63041a0","      STS.64 [R2.X8+0x60], R16","0","0"
"0x782ae63041b0","      STS.64 [R2.X8+0x80], R20","0","0"
"0x782ae63041c0","      STS.64 [R2.X8+0xa0], R24","0","0"
"0x782ae63041d0","      STS.64 [R2.X8+0xc0], R28","0","0"
"0x782ae63041e0","      STS.64 [R2.X8+0xe0], R32","0","0"
"0x782ae63041f0","      BAR.SYNC.DEFER_BLOCKING 0x0","0","0"
"0x782ae6304200","      LDS.128 R152, [R3]","0","0"
"0x782ae6304210","      LDS.128 R148, [R3+0x100]","0","0"
"0x782ae6304220","      LDS.128 R160, [R3+0x440]","0","0"
"0x782ae6304230","      LDS.128 R156, [R3+0x540]","0","0"
"0x782ae6304240","      IADD3 R32, R164, 0xa, RZ","0","0"
"0x782ae6304250","      UIADD3.X UR9, URZ, UR7, URZ, UP0, !UPT","0","0"
"0x782ae6304260","      FMUL R5, R144, R167","0","0"
"0x782ae6304270","      FMUL R4, R145, R167","0","0"
"0x782ae6304280","      FFMA R152, R152, R166, R5","0","0"
"0x782ae6304290","      FMUL R9, R146, R167","0","0"
"0x782ae63042a0","      FMUL R12, R147, R167","0","0"
"0x782ae63042b0","      FMNMX R152, R152, R165, !PT","0","0"
"0x782ae63042c0","      FMUL R5, R140, R167","0","0"
"0x782ae63042d0","      FFMA R16, R153, R166, R4","0","0"
"0x782ae63042e0","      FFMA R154, R154, R166, R9","0","0"
"0x782ae63042f0","      FFMA R12, R155, R166, R12","0","0"
"0x782ae6304300","      FMNMX R153, R16, R165, !PT","0","0"
"0x782ae6304310","      FFMA R148, R148, R166, R5","0","0"
"0x782ae6304320","      FMNMX R154, R154, R165, !PT","0","0"
"0x782ae6304330","      FMUL R8, R141, R167","0","0"
"0x782ae6304340","      FMNMX R155, R12, R165, !PT","0","0"
"0x782ae6304350","      FMUL R5, R142, R167","0","0"
"0x782ae6304360","      FMNMX R148, R148, R165, !PT","0","0"
"0x782ae6304370","      FMUL R4, R143, R167","0","0"
"0x782ae6304380","      FFMA R8, R149, R166, R8","0","0"
"0x782ae6304390","@P2   STG.E.128 [R170], R152","0","0"
"0x782ae63043a0","      FFMA R150, R150, R166, R5","0","0"
"0x782ae63043b0","      IADD3 R24, P2, R170, c[0x0][0x220], RZ","0","0"
"0x782ae63043c0","      FFMA R4, R151, R166, R4","0","0"
"0x782ae63043d0","      FMNMX R149, R8, R165, !PT","0","0"
"0x782ae63043e0","      FMUL R9, R136, R167","0","0"
"0x782ae63043f0","      FMNMX R150, R150, R165, !PT","0","0"
"0x782ae6304400","      FMUL R5, R138, R167","0","0"
"0x782ae6304410","      FMNMX R151, R4, R165, !PT","0","0"
"0x782ae6304420","      FFMA R160, R160, R166, R9","0","0"
"0x782ae6304430","      IADD3.X R25, R171, c[0x0][0x224], RZ, P2, !PT","0","0"
"0x782ae6304440","      FMUL R20, R137, R167","0","0"
"0x782ae6304450","      ISETP.LT.AND P2, PT, R176, c[0x0][0x160], P5","0","0"
"0x782ae6304460","@P3   STG.E.128 [R170+0x100], R148","0","0"
"0x782ae6304470","      FMUL R16, R139, R167","0","0"
"0x782ae6304480","      ISETP.LT.AND P3, PT, R176, c[0x0][0x160], P4","0","0"
"0x782ae6304490","      FMUL R9, R132, R167","0","0"
"0x782ae63044a0","      IADD3 R4, R164, 0x8, RZ","0","0"
"0x782ae63044b0","      FMUL R12, R133, R167","0","0"
"0x782ae63044c0","      FMUL R8, R135, R167","0","0"
"0x782ae63044d0","      FFMA R20, R161, R166, R20","0","0"
"0x782ae63044e0","      FFMA R16, R163, R166, R16","0","0"
"0x782ae63044f0","      FFMA R12, R157, R166, R12","0","0"
"0x782ae6304500","      FFMA R8, R159, R166, R8","0","0"
"0x782ae6304510","      FFMA R154, R162, R166, R5","0","0"
"0x782ae6304520","      FMNMX R152, R160, R165, !PT","0","0"
"0x782ae6304530","      FMUL R5, R134, R167","0","0"
"0x782ae6304540","      FMNMX R153, R20, R165, !PT","0","0"
"0x782ae6304550","      FMNMX R154, R154, R165, !PT","0","0"
"0x782ae6304560","      FMNMX R155, R16, R165, !PT","0","0"
"0x782ae6304570","@P3   STG.E.128 [R24], R152","0","0"
"0x782ae6304580","      FFMA R148, R156, R166, R9","0","0"
"0x782ae6304590","      FMNMX R149, R12, R165, !PT","0","0"
"0x782ae63045a0","      FFMA R150, R158, R166, R5","0","0"
"0x782ae63045b0","      FMNMX R151, R8, R165, !PT","0","0"
"0x782ae63045c0","      FMNMX R148, R148, R165, !PT","0","0"
"0x782ae63045d0","      FMNMX R150, R150, R165, !PT","0","0"
"0x782ae63045e0","      ISETP.LT.AND P3, PT, R4, c[0x0][0x160], P1","0","0"
"0x782ae63045f0","@P2   STG.E.128 [R24+0x100], R148","0","0"
"0x782ae6304600","      IADD3 R172, P2, R172, UR6, RZ","0","0"
"0x782ae6304610","      IADD3.X R173, R173, UR7, RZ, P2, !PT","0","0"
"0x782ae6304620","      ISETP.LT.AND P2, PT, R4, c[0x0][0x160], P0","0","0"
"0x782ae6304630","@P3   LDG.E.LTC128B.128 R144, [R172]","0","0"
"0x782ae6304640","      ISETP.LT.AND P3, PT, R32, c[0x0][0x160], P1","0","0"
"0x782ae6304650","@P2   LDG.E.LTC128B.128 R140, [R172+0x100]","0","0"
"0x782ae6304660","      IADD3 R28, P2, R174, UR6, RZ","0","0"
"0x782ae6304670","      IADD3.X R29, R175, UR7, RZ, P2, !PT","0","0"
"0x782ae6304680","      ISETP.LT.AND P2, PT, R32, c[0x0][0x160], P0","0","0"
"0x782ae6304690","@P3   LDG.E.LTC128B.128 R136, [R28]","0","0"
"0x782ae63046a0","@P2   LDG.E.LTC128B.128 R132, [R174.64+UR8]","0","0"
"0x782ae63046b0","      BAR.SYNC.DEFER_BLOCKING 0x0","0","0"
"0x782ae63046c0","      IADD3 R20, P2, R170, c[0x0][0x238], RZ","0","0"
"0x782ae63046d0","      UIADD3 UR4, UP0, UR4, 0x100, URZ","0","0"
"0x782ae63046e0","      ISETP.LT.AND P3, PT, R4, c[0x0][0x160], P4","0","0"
"0x782ae63046f0","      IADD3.X R21, R171, c[0x0][0x23c], RZ, P2, !PT","0","0"
"0x782ae6304700","      UIADD3.X UR5, URZ, UR5, URZ, UP0, !UPT","0","0"
"0x782ae6304710","      ISETP.LT.AND P2, PT, R4, c[0x0][0x160], P5","0","0"
"0x782ae6304720","      STS.64 [R2.X8], R6","0","0"
"0x782ae6304730","      STS.64 [R2.X8+0x20], R10","0","0"
"0x782ae6304740","      STS.64 [R2.X8+0x40], R14","0","0"
"0x782ae6304750","      STS.64 [R2.X8+0x60], R18","0","0"
"0x782ae6304760","      STS.64 [R2.X8+0x80], R22","0","0"
"0x782ae6304770","      STS.64 [R2.X8+0xa0], R26","0","0"
"0x782ae6304780","      STS.64 [R2.X8+0xc0], R30","0","0"
"0x782ae6304790","      STS.64 [R2.X8+0xe0], R34","0","0"
"0x782ae63047a0","      BAR.SYNC.DEFER_BLOCKING 0x0","0","0"
"0x782ae63047b0","      LDS.128 R152, [R3]","0","0"
"0x782ae63047c0","      LDS.128 R148, [R3+0x100]","0","0"
"0x782ae63047d0","      LDS.128 R16, [R3+0x440]","0","0"
"0x782ae63047e0","      LDS.128 R12, [R3+0x540]","0","0"
"0x782ae63047f0","      FMUL R5, R145, R167","0","0"
"0x782ae6304800","      FMUL R7, R144, R167","0","0"
"0x782ae6304810","      FFMA R34, R153, R166, R5","0","0"
"0x782ae6304820","      FFMA R8, R152, R166, R7","0","0"
"0x782ae6304830","      FMUL R7, R146, R167","0","0"
"0x782ae6304840","      FMNMX R9, R34, R165, !PT","0","0"
"0x782ae6304850","      FMUL R5, R140, R167","0","0"
"0x782ae6304860","      FMNMX R8, R8, R165, !PT","0","0"
"0x782ae6304870","      FMUL R30, R147, R167","0","0"
"0x782ae6304880","      FFMA R4, R148, R166, R5","0","0"
"0x782ae6304890","      FFMA R10, R154, R166, R7","0","0"
"0x782ae63048a0","      FFMA R30, R155, R166, R30","0","0"
"0x782ae63048b0","      FMNMX R4, R4, R165, !PT","0","0"
"0x782ae63048c0","      FMUL R26, R141, R167","0","0"
"0x782ae63048d0","      FMNMX R10, R10, R165, !PT","0","0"
"0x782ae63048e0","      FMUL R5, R142, R167","0","0"
"0x782ae63048f0","      FMNMX R11, R30, R165, !PT","0","0"
"0x782ae6304900","      FMUL R22, R143, R167","0","0"
"0x782ae6304910","      FFMA R26, R149, R166, R26","0","0"
"0x782ae6304920","      FFMA R6, R150, R166, R5","0","0"
"0x782ae6304930","@P3   STG.E.128 [R20], R8","0","0"
"0x782ae6304940","      FFMA R22, R151, R166, R22","0","0"
"0x782ae6304950","      FMNMX R5, R26, R165, !PT","0","0"
"0x782ae6304960","      FMUL R33, R136, R167","0","0"
"0x782ae6304970","      FMNMX R6, R6, R165, !PT","0","0"
"0x782ae6304980","      FMUL R31, R138, R167","0","0"
"0x782ae6304990","      FMNMX R7, R22, R165, !PT","0","0"
"0x782ae63049a0","      FMUL R26, R137, R167","0","0"
"0x782ae63049b0","      IADD3 R22, P3, R24, c[0x0][0x238], RZ","0","0"
"0x782ae63049c0","      FMUL R27, R139, R167","0","0"
"0x782ae63049d0","@P2   STG.E.128 [R170.64+UR4], R4","0","0"
"0x782ae63049e0","      FFMA R30, R16, R166, R33","0","0"
"0x782ae63049f0","      ISETP.LT.AND P2, PT, R32, c[0x0][0x160], P4","0","0"
"0x782ae6304a00","      FMUL R16, R133, R167","0","0"
"0x782ae6304a10","      IADD3.X R23, R25, c[0x0][0x23c], RZ, P3, !PT","0","0"
"0x782ae6304a20","      FFMA R26, R17, R166, R26","0","0"
"0x782ae6304a30","      ISETP.LT.AND P3, PT, R32, c[0x0][0x160], P5","0","0"
"0x782ae6304a40","      FFMA R16, R13, R166, R16","0","0"
"0x782ae6304a50","      FMUL R9, R132, R167","0","0"
"0x782ae6304a60","      FMNMX R8, R30, R165, !PT","0","0"
"0x782ae6304a70","      FFMA R10, R18, R166, R31","0","0"
"0x782ae6304a80","      FFMA R18, R19, R166, R27","0","0"
"0x782ae6304a90","      FMNMX R10, R10, R165, !PT","0","0"
"0x782ae6304aa0","      FMNMX R11, R18, R165, !PT","0","0"
"0x782ae6304ab0","      FMUL R7, R134, R167","0","0"
"0x782ae6304ac0","      FMUL R5, R135, R167","0","0"
"0x782ae6304ad0","      FFMA R4, R12, R166, R9","0","0"
"0x782ae6304ae0","      FMNMX R9, R26, R165, !PT","0","0"
"0x782ae6304af0","      FFMA R6, R14, R166, R7","0","0"
"0x782ae6304b00","      FFMA R12, R15, R166, R5","0","0"
"0x782ae6304b10","      FMNMX R4, R4, R165, !PT","0","0"
"0x782ae6304b20","@P2   STG.E.128 [R22], R8","0","0"
"0x782ae6304b30","      FMNMX R5, R16, R165, !PT","0","0"
"0x782ae6304b40","      FMNMX R6, R6, R165, !PT","0","0"
"0x782ae6304b50","      FMNMX R7, R12, R165, !PT","0","0"
"0x782ae6304b60","      IADD3 R12, R164, 0x10, RZ","0","0"
"0x782ae6304b70","      IADD3 R26, P2, R172, UR6, RZ","0","0"
"0x782ae6304b80","@P3   STG.E.128 [R24.64+UR4], R4","0","0"
"0x782ae6304b90","      ISETP.LT.AND P3, PT, R12, c[0x0][0x160], P1","0","0"
"0x782ae6304ba0","      IADD3.X R27, R173, UR7, RZ, P2, !PT","0","0"
"0x782ae6304bb0","      ISETP.LT.AND P2, PT, R12, c[0x0][0x160], P0","0","0"
"0x782ae6304bc0","@P3   LDG.E.LTC128B.128 R144, [R26]","0","0"
"0x782ae6304bd0","      IADD3 R30, R164, 0x12, RZ","0","0"
"0x782ae6304be0","@P2   LDG.E.LTC128B.128 R140, [R172.64+UR8]","0","0"
"0x782ae6304bf0","      ISETP.LT.AND P3, PT, R30, c[0x0][0x160], P1","0","0"
"0x782ae6304c00","      IADD3 R24, P2, R28, UR6, RZ","0","0"
"0x782ae6304c10","      IADD3.X R25, R29, UR7, RZ, P2, !PT","0","0"
"0x782ae6304c20","      ISETP.LT.AND P2, PT, R30, c[0x0][0x160], P0","0","0"
"0x782ae6304c30","@P3   LDG.E.LTC128B.128 R136, [R24]","0","0"
"0x782ae6304c40","@P2   LDG.E.LTC128B.128 R132, [R28.64+UR8]","0","0"
"0x782ae6304c50","      BAR.SYNC.DEFER_BLOCKING 0x0","0","0"
"0x782ae6304c60","      ISETP.LT.AND P2, PT, R12, c[0x0][0x160], P4","0","0"
"0x782ae6304c70","      IADD3 R28, P3, R20, c[0x0][0x238], RZ","0","0"
"0x782ae6304c80","      STS.64 [R2.X8], R64","0","0"
"0x782ae6304c90","      IADD3.X R29, R21, c[0x0][0x23c], RZ, P3, !PT","0","0"
"0x782ae6304ca0","      ISETP.LT.AND P3, PT, R12, c[0x0][0x160], P5","0","0"
"0x782ae6304cb0","      STS.64 [R2.X8+0x20], R60","0","0"
"0x782ae6304cc0","      STS.64 [R2.X8+0x40], R56","0","0"
"0x782ae6304cd0","      STS.64 [R2.X8+0x60], R52","0","0"
"0x782ae6304ce0","      STS.64 [R2.X8+0x80], R48","0","0"
"0x782ae6304cf0","      STS.64 [R2.X8+0xa0], R44","0","0"
"0x782ae6304d00","      STS.64 [R2.X8+0xc0], R40","0","0"
"0x782ae6304d10","      STS.64 [R2.X8+0xe0], R36","0","0"
"0x782ae6304d20","      BAR.SYNC.DEFER_BLOCKING 0x0","0","0"
"0x782ae6304d30","      LDS.128 R8, [R3]","0","0"
"0x782ae6304d40","      LDS.128 R4, [R3+0x100]","0","0"
"0x782ae6304d50","      LDS.128 R16, [R3+0x440]","0","0"
"0x782ae6304d60","      FMUL R13, R144, R167","0","0"
"0x782ae6304d70","      FMUL R40, R145, R167","0","0"
"0x782ae6304d80","      FFMA R8, R8, R166, R13","0","0"
"0x782ae6304d90","      LDS.128 R12, [R3+0x540]","0","0"
"0x782ae6304da0","      FMUL R36, R147, R167","0","0"
"0x782ae6304db0","      FMUL R31, R146, R167","0","0"
"0x782ae6304dc0","      FMNMX R8, R8, R165, !PT","0","0"
"0x782ae6304dd0","      FFMA R40, R9, R166, R40","0","0"
"0x782ae6304de0","      FFMA R36, R11, R166, R36","0","0"
"0x782ae6304df0","      FFMA R10, R10, R166, R31","0","0"
"0x782ae6304e00","      FMUL R11, R140, R167","0","0"
"0x782ae6304e10","      FMUL R9, R142, R167","0","0"
"0x782ae6304e20","      FMNMX R10, R10, R165, !PT","0","0"
"0x782ae6304e30","      FMUL R34, R141, R167","0","0"
"0x782ae6304e40","      FMUL R32, R143, R167","0","0"
"0x782ae6304e50","      FFMA R4, R4, R166, R11","0","0"
"0x782ae6304e60","      FMNMX R11, R36, R165, !PT","0","0"
"0x782ae6304e70","      FFMA R6, R6, R166, R9","0","0"
"0x782ae6304e80","      FMNMX R9, R40, R165, !PT","0","0"
"0x782ae6304e90","      FFMA R34, R5, R166, R34","0","0"
"0x782ae6304ea0","      FMNMX R4, R4, R165, !PT","0","0"
"0x782ae6304eb0","      FFMA R32, R7, R166, R32","0","0"
"0x782ae6304ec0","      FMNMX R6, R6, R165, !PT","0","0"
"0x782ae6304ed0","@P2   STG.E.128 [R28], R8","0","0"
"0x782ae6304ee0","      FMNMX R5, R34, R165, !PT","0","0"
"0x782ae6304ef0","      FMUL R37, R136, R167","0","0"
"0x782ae6304f00","      FMNMX R7, R32, R165, !PT","0","0"
"0x782ae6304f10","      FMUL R35, R138, R167","0","0"
"0x782ae6304f20","      IADD3 R32, P2, R22, c[0x0][0x238], RZ","0","0"
"0x782ae6304f30","      FMUL R31, R139, R167","0","0"
"0x782ae6304f40","@P3   STG.E.128 [R20.64+UR4], R4","0","0"
"0x782ae6304f50","      IADD3.X R33, R23, c[0x0][0x23c], RZ, P2, !PT","0","0"
"0x782ae6304f60","      FFMA R34, R16, R166, R37","0","0"
"0x782ae6304f70","      ISETP.LT.AND P3, PT, R30, c[0x0][0x160], P4","0","0"
"0x782ae6304f80","      FMUL R16, R133, R167","0","0"
"0x782ae6304f90","      ISETP.LT.AND P2, PT, R30, c[0x0][0x160], P5","0","0"
"0x782ae6304fa0","      FMUL R30, R137, R167","0","0"
"0x782ae6304fb0","      FFMA R16, R13, R166, R16","0","0"
"0x782ae6304fc0","      FFMA R30, R17, R166, R30","0","0"
"0x782ae6304fd0","      FFMA R10, R18, R166, R35","0","0"
"0x782ae6304fe0","      FMNMX R8, R34, R165, !PT","0","0"
"0x782ae6304ff0","      FFMA R18, R19, R166, R31","0","0"
"0x782ae6305000","      FMUL R9, R132, R167","0","0"
"0x782ae6305010","      FMNMX R10, R10, R165, !PT","0","0"
"0x782ae6305020","      FMNMX R11, R18, R165, !PT","0","0"
"0x782ae6305030","      FMUL R7, R134, R167","0","0"
"0x782ae6305040","      FMUL R5, R135, R167","0","0"
"0x782ae6305050","      FFMA R6, R14, R166, R7","0","0"
"0x782ae6305060","      FFMA R4, R12, R166, R9","0","0"
"0x782ae6305070","      FMNMX R9, R30, R165, !PT","0","0"
"0x782ae6305080","      FFMA R14, R15, R166, R5","0","0"
"0x782ae6305090","      IADD3 R12, R164, 0x18, RZ","0","0"
"0x782ae63050a0","      FMNMX R4, R4, R165, !PT","0","0"
"0x782ae63050b0","@P3   STG.E.128 [R32], R8","0","0"
"0x782ae63050c0","      FMNMX R5, R16, R165, !PT","0","0"
"0x782ae63050d0","      FMNMX R6, R6, R165, !PT","0","0"
"0x782ae63050e0","      FMNMX R7, R14, R165, !PT","0","0"
"0x782ae63050f0","      ISETP.LT.AND P3, PT, R12, c[0x0][0x160], P1","0","0"
"0x782ae6305100","@P2   STG.E.128 [R22.64+UR4], R4","0","0"
"0x782ae6305110","      IADD3 R34, P2, R26, UR6, RZ","0","0"
"0x782ae6305120","      IADD3.X R35, R27, UR7, RZ, P2, !PT","0","0"
"0x782ae6305130","      ISETP.LT.AND P2, PT, R12, c[0x0][0x160], P0","0","0"
"0x782ae6305140","@P3   LDG.E.LTC128B.128 R144, [R34]","0","0"
"0x782ae6305150","      IADD3 R36, R164, 0x1a, RZ","0","0"
"0x782ae6305160","      ISETP.LT.AND P3, PT, R36, c[0x0][0x160], P1","0","0"
"0x782ae6305170","@P2   LDG.E.LTC128B.128 R140, [R26.64+UR8]","0","0"
"0x782ae6305180","      IADD3 R30, P2, R24, UR6, RZ","0","0"
"0x782ae6305190","      IADD3.X R31, R25, UR7, RZ, P2, !PT","0","0"
"0x782ae63051a0","      ISETP.LT.AND P2, PT, R36, c[0x0][0x160], P0","0","0"
"0x782ae63051b0","@P3   LDG.E.LTC128B.128 R136, [R30]","0","0"
"0x782ae63051c0","@P2   LDG.E.LTC128B.128 R132, [R24.64+UR8]","0","0"
"0x782ae63051d0","      IADD3 R20, P2, R28, c[0x0][0x238], RZ","0","0"
"0x782ae63051e0","      ISETP.LT.AND P3, PT, R12, c[0x0][0x160], P4","0","0"
"0x782ae63051f0","      BAR.SYNC.DEFER_BLOCKING 0x0","0","0"
"0x782ae6305200","      IADD3.X R21, R29, c[0x0][0x23c], RZ, P2, !PT","0","0"
"0x782ae6305210","      ISETP.LT.AND P2, PT, R12, c[0x0][0x160], P5","0","0"
"0x782ae6305220","      STS.64 [R2.X8], R66","0","0"
"0x782ae6305230","      STS.64 [R2.X8+0x20], R62","0","0"
"0x782ae6305240","      STS.64 [R2.X8+0x40], R58","0","0"
"0x782ae6305250","      STS.64 [R2.X8+0x60], R54","0","0"
"0x782ae6305260","      STS.64 [R2.X8+0x80], R50","0","0"
"0x782ae6305270","      STS.64 [R2.X8+0xa0], R46","0","0"
"0x782ae6305280","      STS.64 [R2.X8+0xc0], R42","0","0"
"0x782ae6305290","      STS.64 [R2.X8+0xe0], R38","0","0"
"0x782ae63052a0","      BAR.SYNC.DEFER_BLOCKING 0x0","0","0"
"0x782ae63052b0","      LDS.128 R8, [R3]","0","0"
"0x782ae63052c0","      LDS.128 R4, [R3+0x100]","0","0"
"0x782ae63052d0","      LDS.128 R16, [R3+0x440]","0","0"
"0x782ae63052e0","      FMUL R13, R144, R167","0","0"
"0x782ae63052f0","      FMUL R38, R145, R167","0","0"
"0x782ae6305300","      FFMA R8, R8, R166, R13","0","0"
"0x782ae6305310","      LDS.128 R12, [R3+0x540]","0","0"
"0x782ae6305320","      FMUL R26, R147, R167","0","0"
"0x782ae6305330","      FMUL R23, R146, R167","0","0"
"0x782ae6305340","      FMNMX R8, R8, R165, !PT","0","0"
"0x782ae6305350","      FFMA R38, R9, R166, R38","0","0"
"0x782ae6305360","      FFMA R26, R11, R166, R26","0","0"
"0x782ae6305370","      FFMA R10, R10, R166, R23","0","0"
"0x782ae6305380","      FMUL R11, R140, R167","0","0"
"0x782ae6305390","      FMUL R24, R141, R167","0","0"
"0x782ae63053a0","      FMNMX R10, R10, R165, !PT","0","0"
"0x782ae63053b0","      FMUL R9, R142, R167","0","0"
"0x782ae63053c0","      FMUL R22, R143, R167","0","0"
"0x782ae63053d0","      FFMA R4, R4, R166, R11","0","0"
"0x782ae63053e0","      FMNMX R11, R26, R165, !PT","0","0"
"0x782ae63053f0","      FFMA R24, R5, R166, R24","0","0"
"0x782ae6305400","      FFMA R6, R6, R166, R9","0","0"
"0x782ae6305410","      FMNMX R9, R38, R165, !PT","0","0"
"0x782ae6305420","      FFMA R22, R7, R166, R22","0","0"
"0x782ae6305430","      FMNMX R4, R4, R165, !PT","0","0"
"0x782ae6305440","      FMUL R37, R136, R167","0","0"
"0x782ae6305450","      FMNMX R5, R24, R165, !PT","0","0"
"0x782ae6305460","@P3   STG.E.128 [R20], R8","0","0"
"0x782ae6305470","      FMNMX R6, R6, R165, !PT","0","0"
"0x782ae6305480","      FMUL R27, R138, R167","0","0"
"0x782ae6305490","      FMNMX R7, R22, R165, !PT","0","0"
"0x782ae63054a0","      FMUL R24, R137, R167","0","0"
"0x782ae63054b0","      IADD3 R22, P3, R32, c[0x0][0x238], RZ","0","0"
"0x782ae63054c0","      FMUL R25, R139, R167","0","0"
"0x782ae63054d0","@P2   STG.E.128 [R28.64+UR4], R4","0","0"
"0x782ae63054e0","      FFMA R26, R16, R166, R37","0","0"
"0x782ae63054f0","      ISETP.LT.AND P2, PT, R36, c[0x0][0x160], P4","0","0"
"0x782ae6305500","      FMUL R16, R133, R167","0","0"
"0x782ae6305510","      IADD3.X R23, R33, c[0x0][0x23c], RZ, P3, !PT","0","0"
"0x782ae6305520","      FFMA R24, R17, R166, R24","0","0"
"0x782ae6305530","      ISETP.LT.AND P3, PT, R36, c[0x0][0x160], P5","0","0"
"0x782ae6305540","      FFMA R16, R13, R166, R16","0","0"
"0x782ae6305550","      FMUL R9, R132, R167","0","0"
"0x782ae6305560","      FMNMX R8, R26, R165, !PT","0","0"
"0x782ae6305570","      FFMA R10, R18, R166, R27","0","0"
"0x782ae6305580","      FFMA R18, R19, R166, R25","0","0"
"0x782ae6305590","      FMNMX R10, R10, R165, !PT","0","0"
"0x782ae63055a0","      FMUL R7, R134, R167","0","0"
"0x782ae63055b0","      FMNMX R11, R18, R165, !PT","0","0"
"0x782ae63055c0","      FMUL R5, R135, R167","0","0"
"0x782ae63055d0","      FFMA R4, R12, R166, R9","0","0"
"0x782ae63055e0","      FMNMX R9, R24, R165, !PT","0","0"
"0x782ae63055f0","      FFMA R6, R14, R166, R7","0","0"
"0x782ae6305600","      FFMA R12, R15, R166, R5","0","0"
"0x782ae6305610","      FMNMX R4, R4, R165, !PT","0","0"
"0x782ae6305620","@P2   STG.E.128 [R22], R8","0","0"
"0x782ae6305630","      FMNMX R5, R16, R165, !PT","0","0"
"0x782ae6305640","      FMNMX R6, R6, R165, !PT","0","0"
"0x782ae6305650","      FMNMX R7, R12, R165, !PT","0","0"
"0x782ae6305660","      IADD3 R12, R164, 0x20, RZ","0","0"
"0x782ae6305670","      IADD3 R24, P2, R34, UR6, RZ","0","0"
"0x782ae6305680","@P3   STG.E.128 [R32.64+UR4], R4","0","0"
"0x782ae6305690","      ISETP.LT.AND P3, PT, R12, c[0x0][0x160], P1","0","0"
"0x782ae63056a0","      IADD3.X R25, R35, UR7, RZ, P2, !PT","0","0"
"0x782ae63056b0","      ISETP.LT.AND P2, PT, R12, c[0x0][0x160], P0","0","0"
"0x782ae63056c0","@P3   LDG.E.LTC128B.128 R144, [R24]","0","0"
"0x782ae63056d0","@P2   LDG.E.LTC128B.128 R140, [R34.64+UR8]","0","0"
"0x782ae63056e0","      IADD3 R26, P2, R30, UR6, RZ","0","0"
"0x782ae63056f0","      IADD3.X R27, R31, UR7, RZ, P2, !PT","0","0"
"0x782ae6305700","      IADD3 R32, R164, 0x22, RZ","0","0"
"0x782ae6305710","      ISETP.LT.AND P3, PT, R32, c[0x0][0x160], P1","0","0"
"0x782ae6305720","      ISETP.LT.AND P2, PT, R32, c[0x0][0x160], P0","0","0"
"0x782ae6305730","@P3   LDG.E.LTC128B.128 R136, [R26]","0","0"
"0x782ae6305740","@P2   LDG.E.LTC128B.128 R132, [R30.64+UR8]","0","0"
"0x782ae6305750","      IADD3 R28, P3, R20, c[0x0][0x238], RZ","0","0"
"0x782ae6305760","      ISETP.LT.AND P2, PT, R12, c[0x0][0x160], P4","0","0"
"0x782ae6305770","      BAR.SYNC.DEFER_BLOCKING 0x0","0","0"
"0x782ae6305780","      IADD3.X R29, R21, c[0x0][0x23c], RZ, P3, !PT","0","0"
"0x782ae6305790","      ISETP.LT.AND P3, PT, R12, c[0x0][0x160], P5","0","0"
"0x782ae63057a0","      STS.64 [R2.X8], R68","0","0"
"0x782ae63057b0","      STS.64 [R2.X8+0x20], R72","0","0"
"0x782ae63057c0","      STS.64 [R2.X8+0x40], R76","0","0"
"0x782ae63057d0","      STS.64 [R2.X8+0x60], R80","0","0"
"0x782ae63057e0","      STS.64 [R2.X8+0x80], R84","0","0"
"0x782ae63057f0","      STS.64 [R2.X8+0xa0], R88","0","0"
"0x782ae6305800","      STS.64 [R2.X8+0xc0], R92","0","0"
"0x782ae6305810","      STS.64 [R2.X8+0xe0], R96","0","0"
"0x782ae6305820","      BAR.SYNC.DEFER_BLOCKING 0x0","0","0"
"0x782ae6305830","      LDS.128 R8, [R3]","0","0"
"0x782ae6305840","      LDS.128 R4, [R3+0x100]","0","0"
"0x782ae6305850","      LDS.128 R16, [R3+0x440]","0","0"
"0x782ae6305860","      FMUL R13, R144, R167","0","0"
"0x782ae6305870","      FMUL R38, R145, R167","0","0"
"0x782ae6305880","      FFMA R8, R8, R166, R13","0","0"
"0x782ae6305890","      LDS.128 R12, [R3+0x540]","0","0"
"0x782ae63058a0","      FMUL R36, R147, R167","0","0"
"0x782ae63058b0","      FMUL R31, R146, R167","0","0"
"0x782ae63058c0","      FMNMX R8, R8, R165, !PT","0","0"
"0x782ae63058d0","      FFMA R38, R9, R166, R38","0","0"
"0x782ae63058e0","      FFMA R36, R11, R166, R36","0","0"
"0x782ae63058f0","      FFMA R10, R10, R166, R31","0","0"
"0x782ae6305900","      FMUL R11, R140, R167","0","0"
"0x782ae6305910","      FMUL R9, R142, R167","0","0"
"0x782ae6305920","      FMNMX R10, R10, R165, !PT","0","0"
"0x782ae6305930","      FMUL R34, R141, R167","0","0"
"0x782ae6305940","      FMUL R30, R143, R167","0","0"
"0x782ae6305950","      FFMA R4, R4, R166, R11","0","0"
"0x782ae6305960","      FMNMX R11, R36, R165, !PT","0","0"
"0x782ae6305970","      FFMA R6, R6, R166, R9","0","0"
"0x782ae6305980","      FMNMX R9, R38, R165, !PT","0","0"
"0x782ae6305990","      FFMA R34, R5, R166, R34","0","0"
"0x782ae63059a0","      FMNMX R4, R4, R165, !PT","0","0"
"0x782ae63059b0","      FFMA R30, R7, R166, R30","0","0"
"0x782ae63059c0","      FMNMX R6, R6, R165, !PT","0","0"
"0x782ae63059d0","@P2   STG.E.128 [R28], R8","0","0"
"0x782ae63059e0","      FMNMX R5, R34, R165, !PT","0","0"
"0x782ae63059f0","      FMNMX R7, R30, R165, !PT","0","0"
"0x782ae6305a00","      FMUL R37, R136, R167","0","0"
"0x782ae6305a10","      IADD3 R30, P2, R22, c[0x0][0x238], RZ","0","0"
"0x782ae6305a20","      FMUL R35, R138, R167","0","0"
"0x782ae6305a30","@P3   STG.E.128 [R20.64+UR4], R4","0","0"
"0x782ae6305a40","      IADD3.X R31, R23, c[0x0][0x23c], RZ, P2, !PT","0","0"
"0x782ae6305a50","      FMUL R33, R139, R167","0","0"
"0x782ae6305a60","      ISETP.LT.AND P3, PT, R32, c[0x0][0x160], P4","0","0"
"0x782ae6305a70","      FFMA R34, R16, R166, R37","0","0"
"0x782ae6305a80","      ISETP.LT.AND P2, PT, R32, c[0x0][0x160], P5","0","0"
"0x782ae6305a90","      FMUL R32, R137, R167","0","0"
"0x782ae6305aa0","      FMUL R16, R133, R167","0","0"
"0x782ae6305ab0","      FFMA R32, R17, R166, R32","0","0"
"0x782ae6305ac0","      FFMA R16, R13, R166, R16","0","0"
"0x782ae6305ad0","      FFMA R10, R18, R166, R35","0","0"
"0x782ae6305ae0","      FMNMX R8, R34, R165, !PT","0","0"
"0x782ae6305af0","      FFMA R18, R19, R166, R33","0","0"
"0x782ae6305b00","      FMUL R9, R132, R167","0","0"
"0x782ae6305b10","      FMNMX R10, R10, R165, !PT","0","0"
"0x782ae6305b20","      FMNMX R11, R18, R165, !PT","0","0"
"0x782ae6305b30","      FMUL R7, R134, R167","0","0"
"0x782ae6305b40","      FMUL R5, R135, R167","0","0"
"0x782ae6305b50","      FFMA R6, R14, R166, R7","0","0"
"0x782ae6305b60","      FFMA R4, R12, R166, R9","0","0"
"0x782ae6305b70","      FMNMX R9, R32, R165, !PT","0","0"
"0x782ae6305b80","      FFMA R14, R15, R166, R5","0","0"
"0x782ae6305b90","      IADD3 R12, R164, 0x28, RZ","0","0"
"0x782ae6305ba0","      FMNMX R4, R4, R165, !PT","0","0"
"0x782ae6305bb0","@P3   STG.E.128 [R30], R8","0","0"
"0x782ae6305bc0","      FMNMX R5, R16, R165, !PT","0","0"
"0x782ae6305bd0","      FMNMX R6, R6, R165, !PT","0","0"
"0x782ae6305be0","      FMNMX R7, R14, R165, !PT","0","0"
"0x782ae6305bf0","      ISETP.LT.AND P3, PT, R12, c[0x0][0x160], P1","0","0"
"0x782ae6305c00","@P2   STG.E.128 [R22.64+UR4], R4","0","0"
"0x782ae6305c10","      IADD3 R34, P2, R24, UR6, RZ","0","0"
"0x782ae6305c20","      IADD3.X R35, R25, UR7, RZ, P2, !PT","0","0"
"0x782ae6305c30","      ISETP.LT.AND P2, PT, R12, c[0x0][0x160], P0","0","0"
"0x782ae6305c40","@P3   LDG.E.LTC128B.128 R144, [R34]","0","0"
"0x782ae6305c50","      IADD3 R36, R164, 0x2a, RZ","0","0"
"0x782ae6305c60","      ISETP.LT.AND P3, PT, R36, c[0x0][0x160], P1","0","0"
"0x782ae6305c70","@P2   LDG.E.LTC128B.128 R140, [R24.64+UR8]","0","0"
"0x782ae6305c80","      IADD3 R32, P2, R26, UR6, RZ","0","0"
"0x782ae6305c90","      IADD3.X R33, R27, UR7, RZ, P2, !PT","0","0"
"0x782ae6305ca0","      ISETP.LT.AND P2, PT, R36, c[0x0][0x160], P0","0","0"
"0x782ae6305cb0","@P3   LDG.E.LTC128B.128 R136, [R32]","0","0"
"0x782ae6305cc0","@P2   LDG.E.LTC128B.128 R132, [R26.64+UR8]","0","0"
"0x782ae6305cd0","      IADD3 R20, P3, R28, c[0x0][0x238], RZ","0","0"
"0x782ae6305ce0","      ISETP.LT.AND P2, PT, R12, c[0x0][0x160], P4","0","0"
"0x782ae6305cf0","      BAR.SYNC.DEFER_BLOCKING 0x0","0","0"
"0x782ae6305d00","      IADD3.X R21, R29, c[0x0][0x23c], RZ, P3, !PT","0","0"
"0x782ae6305d10","      ISETP.LT.AND P3, PT, R12, c[0x0][0x160], P5","0","0"
"0x782ae6305d20","      STS.64 [R2.X8], R70","0","0"
"0x782ae6305d30","      STS.64 [R2.X8+0x20], R74","0","0"
"0x782ae6305d40","      STS.64 [R2.X8+0x40], R78","0","0"
"0x782ae6305d50","      STS.64 [R2.X8+0x60], R82","0","0"
"0x782ae6305d60","      STS.64 [R2.X8+0x80], R86","0","0"
"0x782ae6305d70","      STS.64 [R2.X8+0xa0], R90","0","0"
"0x782ae6305d80","      STS.64 [R2.X8+0xc0], R94","0","0"
"0x782ae6305d90","      STS.64 [R2.X8+0xe0], R98","0","0"
"0x782ae6305da0","      BAR.SYNC.DEFER_BLOCKING 0x0","0","0"
"0x782ae6305db0","      LDS.128 R8, [R3]","0","0"
"0x782ae6305dc0","      LDS.128 R4, [R3+0x100]","0","0"
"0x782ae6305dd0","      LDS.128 R16, [R3+0x440]","0","0"
"0x782ae6305de0","      FMUL R13, R144, R167","0","0"
"0x782ae6305df0","      FMUL R38, R145, R167","0","0"
"0x782ae6305e00","      FFMA R8, R8, R166, R13","0","0"
"0x782ae6305e10","      LDS.128 R12, [R3+0x540]","0","0"
"0x782ae6305e20","      FMUL R26, R147, R167","0","0"
"0x782ae6305e30","      FMUL R23, R146, R167","0","0"
"0x782ae6305e40","      FMNMX R8, R8, R165, !PT","0","0"
"0x782ae6305e50","      FFMA R38, R9, R166, R38","0","0"
"0x782ae6305e60","      FFMA R26, R11, R166, R26","0","0"
"0x782ae6305e70","      FMUL R11, R140, R167","0","0"
"0x782ae6305e80","      FMUL R24, R141, R167","0","0"
"0x782ae6305e90","      FMUL R9, R142, R167","0","0"
"0x782ae6305ea0","      FMUL R22, R143, R167","0","0"
"0x782ae6305eb0","      FFMA R10, R10, R166, R23","0","0"
"0x782ae6305ec0","      FFMA R4, R4, R166, R11","0","0"
"0x782ae6305ed0","      FMNMX R11, R26, R165, !PT","0","0"
"0x782ae6305ee0","      FFMA R24, R5, R166, R24","0","0"
"0x782ae6305ef0","      FMNMX R10, R10, R165, !PT","0","0"
"0x782ae6305f00","      FFMA R6, R6, R166, R9","0","0"
"0x782ae6305f10","      FMNMX R9, R38, R165, !PT","0","0"
"0x782ae6305f20","      FFMA R22, R7, R166, R22","0","0"
"0x782ae6305f30","      FMNMX R4, R4, R165, !PT","0","0"
"0x782ae6305f40","      FMUL R37, R136, R167","0","0"
"0x782ae6305f50","      FMNMX R5, R24, R165, !PT","0","0"
"0x782ae6305f60","@P2   STG.E.128 [R20], R8","0","0"
"0x782ae6305f70","      FMNMX R6, R6, R165, !PT","0","0"
"0x782ae6305f80","      FMUL R27, R138, R167","0","0"
"0x782ae6305f90","      FMNMX R7, R22, R165, !PT","0","0"
"0x782ae6305fa0","      FMUL R24, R137, R167","0","0"
"0x782ae6305fb0","      IADD3 R22, P2, R30, c[0x0][0x238], RZ","0","0"
"0x782ae6305fc0","      FMUL R25, R139, R167","0","0"
"0x782ae6305fd0","@P3   STG.E.128 [R28.64+UR4], R4","0","0"
"0x782ae6305fe0","      ISETP.LT.AND P3, PT, R36, c[0x0][0x160], P4","0","0"
"0x782ae6305ff0","      FFMA R26, R16, R166, R37","0","0"
"0x782ae6306000","      IADD3.X R23, R31, c[0x0][0x23c], RZ, P2, !PT","0","0"
"0x782ae6306010","      FFMA R24, R17, R166, R24","0","0"
"0x782ae6306020","      ISETP.LT.AND P2, PT, R36, c[0x0][0x160], P5","0","0"
"0x782ae6306030","      FMUL R16, R133, R167","0","0"
"0x782ae6306040","      FFMA R16, R13, R166, R16","0","0"
"0x782ae6306050","      FFMA R10, R18, R166, R27","0","0"
"0x782ae6306060","      FMNMX R8, R26, R165, !PT","0","0"
"0x782ae6306070","      FFMA R18, R19, R166, R25","0","0"
"0x782ae6306080","      FMUL R9, R132, R167","0","0"
"0x782ae6306090","      FMNMX R10, R10, R165, !PT","0","0"
"0x782ae63060a0","      FMNMX R11, R18, R165, !PT","0","0"
"0x782ae63060b0","      FMUL R7, R134, R167","0","0"
"0x782ae63060c0","      FMUL R5, R135, R167","0","0"
"0x782ae63060d0","      FFMA R6, R14, R166, R7","0","0"
"0x782ae63060e0","      FFMA R4, R12, R166, R9","0","0"
"0x782ae63060f0","      FMNMX R9, R24, R165, !PT","0","0"
"0x782ae6306100","      FFMA R14, R15, R166, R5","0","0"
"0x782ae6306110","      IADD3 R12, R164, 0x30, RZ","0","0"
"0x782ae6306120","      FMNMX R4, R4, R165, !PT","0","0"
"0x782ae6306130","@P3   STG.E.128 [R22], R8","0","0"
"0x782ae6306140","      FMNMX R5, R16, R165, !PT","0","0"
"0x782ae6306150","      FMNMX R6, R6, R165, !PT","0","0"
"0x782ae6306160","      FMNMX R7, R14, R165, !PT","0","0"
"0x782ae6306170","      ISETP.LT.AND P3, PT, R12, c[0x0][0x160], P1","0","0"
"0x782ae6306180","@P2   STG.E.128 [R30.64+UR4], R4","0","0"
"0x782ae6306190","      IADD3 R24, P2, R34, UR6, RZ","0","0"
"0x782ae63061a0","      IADD3.X R25, R35, UR7, RZ, P2, !PT","0","0"
"0x782ae63061b0","      ISETP.LT.AND P2, PT, R12, c[0x0][0x160], P0","0","0"
"0x782ae63061c0","@P3   LDG.E.LTC128B.128 R144, [R24]","0","0"
"0x782ae63061d0","@P2   LDG.E.LTC128B.128 R140, [R34.64+UR8]","0","0"
"0x782ae63061e0","      IADD3 R28, P2, R32, UR6, RZ","0","0"
"0x782ae63061f0","      IADD3.X R29, R33, UR7, RZ, P2, !PT","0","0"
"0x782ae6306200","      IADD3 R30, R164, 0x32, RZ","0","0"
"0x782ae6306210","      ISETP.LT.AND P2, PT, R30, c[0x0][0x160], P1","0","0"
"0x782ae6306220","@P2   LDG.E.LTC128B.128 R136, [R28]","0","0"
"0x782ae6306230","      ISETP.LT.AND P2, PT, R30, c[0x0][0x160], P0","0","0"
"0x782ae6306240","@P2   LDG.E.LTC128B.128 R132, [R32.64+UR8]","0","0"
"0x782ae6306250","      IADD3 R26, P3, R20, c[0x0][0x238], RZ","0","0"
"0x782ae6306260","      ISETP.LT.AND P2, PT, R12, c[0x0][0x160], P4","0","0"
"0x782ae6306270","      BAR.SYNC.DEFER_BLOCKING 0x0","0","0"
"0x782ae6306280","      IADD3.X R27, R21, c[0x0][0x23c], RZ, P3, !PT","0","0"
"0x782ae6306290","      ISETP.LT.AND P3, PT, R12, c[0x0][0x160], P5","0","0"
"0x782ae63062a0","      STS.64 [R2.X8], R128","0","0"
"0x782ae63062b0","      STS.64 [R2.X8+0x20], R124","0","0"
"0x782ae63062c0","      STS.64 [R2.X8+0x40], R120","0","0"
"0x782ae63062d0","      STS.64 [R2.X8+0x60], R116","0","0"
"0x782ae63062e0","      STS.64 [R2.X8+0x80], R112","0","0"
"0x782ae63062f0","      STS.64 [R2.X8+0xa0], R108","0","0"
"0x782ae6306300","      STS.64 [R2.X8+0xc0], R104","0","0"
"0x782ae6306310","      STS.64 [R2.X8+0xe0], R100","0","0"
"0x782ae6306320","      BAR.SYNC.DEFER_BLOCKING 0x0","0","0"
"0x782ae6306330","      LDS.128 R8, [R3]","0","0"
"0x782ae6306340","      LDS.128 R4, [R3+0x100]","0","0"
"0x782ae6306350","      LDS.128 R16, [R3+0x440]","0","0"
"0x782ae6306360","      FMUL R13, R144, R167","0","0"
"0x782ae6306370","      FMUL R38, R145, R167","0","0"
"0x782ae6306380","      FFMA R8, R8, R166, R13","0","0"
"0x782ae6306390","      LDS.128 R12, [R3+0x540]","0","0"
"0x782ae63063a0","      FMUL R36, R147, R167","0","0"
"0x782ae63063b0","      FMUL R31, R146, R167","0","0"
"0x782ae63063c0","      FMNMX R8, R8, R165, !PT","0","0"
"0x782ae63063d0","      FFMA R38, R9, R166, R38","0","0"
"0x782ae63063e0","      FFMA R36, R11, R166, R36","0","0"
"0x782ae63063f0","      FFMA R10, R10, R166, R31","0","0"
"0x782ae6306400","      FMUL R11, R140, R167","0","0"
"0x782ae6306410","      FMUL R9, R142, R167","0","0"
"0x782ae6306420","      FMNMX R10, R10, R165, !PT","0","0"
"0x782ae6306430","      FMUL R34, R141, R167","0","0"
"0x782ae6306440","      FMUL R32, R143, R167","0","0"
"0x782ae6306450","      FFMA R4, R4, R166, R11","0","0"
"0x782ae6306460","      FMNMX R11, R36, R165, !PT","0","0"
"0x782ae6306470","      FFMA R6, R6, R166, R9","0","0"
"0x782ae6306480","      FMNMX R9, R38, R165, !PT","0","0"
"0x782ae6306490","      FFMA R34, R5, R166, R34","0","0"
"0x782ae63064a0","      FMNMX R4, R4, R165, !PT","0","0"
"0x782ae63064b0","      FFMA R32, R7, R166, R32","0","0"
"0x782ae63064c0","      FMNMX R6, R6, R165, !PT","0","0"
"0x782ae63064d0","@P2   STG.E.128 [R26], R8","0","0"
"0x782ae63064e0","      FMNMX R5, R34, R165, !PT","0","0"
"0x782ae63064f0","      FMNMX R7, R32, R165, !PT","0","0"
"0x782ae6306500","      IADD3 R32, P2, R22, c[0x0][0x238], RZ","0","0"
"0x782ae6306510","      FMUL R35, R138, R167","0","0"
"0x782ae6306520","@P3   STG.E.128 [R20.64+UR4], R4","0","0"
"0x782ae6306530","      IADD3.X R33, R23, c[0x0][0x23c], RZ, P2, !PT","0","0"
"0x782ae6306540","      FMUL R37, R136, R167","0","0"
"0x782ae6306550","      ISETP.LT.AND P3, PT, R30, c[0x0][0x160], P4","0","0"
"0x782ae6306560","      FMUL R31, R139, R167","0","0"
"0x782ae6306570","      ISETP.LT.AND P2, PT, R30, c[0x0][0x160], P5","0","0"
"0x782ae6306580","      FMUL R30, R137, R167","0","0"
"0x782ae6306590","      FFMA R34, R16, R166, R37","0","0"
"0x782ae63065a0","      IADD3 R16, R164, 0x38, RZ","0","0"
"0x782ae63065b0","      FFMA R30, R17, R166, R30","0","0"
"0x782ae63065c0","      IADD3 R164, R164, 0x3a, RZ","0","0"
"0x782ae63065d0","      FFMA R10, R18, R166, R35","0","0"
"0x782ae63065e0","      FMNMX R8, R34, R165, !PT","0","0"
"0x782ae63065f0","      FMUL R9, R132, R167","0","0"
"0x782ae6306600","      FMUL R18, R133, R167","0","0"
"0x782ae6306610","      FMNMX R10, R10, R165, !PT","0","0"
"0x782ae6306620","      FMUL R7, R134, R167","0","0"
"0x782ae6306630","      FMUL R5, R135, R167","0","0"
"0x782ae6306640","      FFMA R20, R19, R166, R31","0","0"
"0x782ae6306650","      FFMA R4, R12, R166, R9","0","0"
"0x782ae6306660","      FMNMX R9, R30, R165, !PT","0","0"
"0x782ae6306670","      FFMA R18, R13, R166, R18","0","0"
"0x782ae6306680","      FMNMX R11, R20, R165, !PT","0","0"
"0x782ae6306690","      FFMA R6, R14, R166, R7","0","0"
"0x782ae63066a0","      FMNMX R4, R4, R165, !PT","0","0"
"0x782ae63066b0","      FFMA R12, R15, R166, R5","0","0"
"0x782ae63066c0","      FMNMX R5, R18, R165, !PT","0","0"
"0x782ae63066d0","@P3   STG.E.128 [R32], R8","0","0"
"0x782ae63066e0","      FMNMX R6, R6, R165, !PT","0","0"
"0x782ae63066f0","      FMNMX R7, R12, R165, !PT","0","0"
"0x782ae6306700","      ISETP.LT.AND P3, PT, R16, c[0x0][0x160], P1","0","0"
"0x782ae6306710","      ISETP.LT.AND P1, PT, R164, c[0x0][0x160], P1","0","0"
"0x782ae6306720","@P2   STG.E.128 [R22.64+UR4], R4","0","0"
"0x782ae6306730","      ISETP.LT.AND P2, PT, R16, c[0x0][0x160], P0","0","0"
"0x782ae6306740","      ISETP.LT.AND P0, PT, R164, c[0x0][0x160], P0","0","0"
"0x782ae6306750","@P3   LDG.E.LTC128B.128 R144, [R24.64+UR6]","0","0"
"0x782ae6306760","@P2   LDG.E.LTC128B.128 R140, [R24.64+UR8]","0","0"
"0x782ae6306770","@P1   LDG.E.LTC128B.128 R136, [R28.64+UR6]","0","0"
"0x782ae6306780","@P0   LDG.E.LTC128B.128 R132, [R28.64+UR8]","0","0"
"0x782ae6306790","      ISETP.LT.AND P1, PT, R16, c[0x0][0x160], P4","0","0"
"0x782ae63067a0","      ULDC.64 UR6, c[0x0][0x238]","0","0"
"0x782ae63067b0","      ISETP.LT.AND P0, PT, R16, c[0x0][0x160], P5","0","0"
"0x782ae63067c0","      BAR.SYNC.DEFER_BLOCKING 0x0","0","0"
"0x782ae63067d0","      ISETP.LT.AND P4, PT, R164, c[0x0][0x160], P4","0","0"
"0x782ae63067e0","      ISETP.LT.AND P5, PT, R164, c[0x0][0x160], P5","0","0"
"0x782ae63067f0","      STS.64 [R2.X8], R130","0","0"
"0x782ae6306800","      STS.64 [R2.X8+0x20], R126","0","0"
"0x782ae6306810","      STS.64 [R2.X8+0x40], R122","0","0"
"0x782ae6306820","      STS.64 [R2.X8+0x60], R118","0","0"
"0x782ae6306830","      STS.64 [R2.X8+0x80], R114","0","0"
"0x782ae6306840","      STS.64 [R2.X8+0xa0], R110","0","0"
"0x782ae6306850","      STS.64 [R2.X8+0xc0], R106","0","0"
"0x782ae6306860","      STS.64 [R2.X8+0xe0], R102","0","0"
"0x782ae6306870","      BAR.SYNC.DEFER_BLOCKING 0x0","0","0"
"0x782ae6306880","      LDS.128 R12, [R3]","0","0"
"0x782ae6306890","      LDS.128 R8, [R3+0x100]","0","0"
"0x782ae63068a0","      LDS.128 R4, [R3+0x440]","0","0"
"0x782ae63068b0","      LDS.128 R16, [R3+0x540]","0","0"
"0x782ae63068c0","      FMUL R21, R144, R167","0","0"
"0x782ae63068d0","      FMUL R145, R145, R167","0","0"
"0x782ae63068e0","      FMUL R23, R146, R167","0","0"
"0x782ae63068f0","      FMUL R147, R147, R167","0","0"
"0x782ae6306900","      FMUL R25, R140, R167","0","0"
"0x782ae6306910","      FMUL R141, R141, R167","0","0"
"0x782ae6306920","      FMUL R29, R142, R167","0","0"
"0x782ae6306930","      FMUL R143, R143, R167","0","0"
"0x782ae6306940","      FMUL R31, R136, R167","0","0"
"0x782ae6306950","      FMUL R137, R137, R167","0","0"
"0x782ae6306960","      FMUL R35, R138, R167","0","0"
"0x782ae6306970","      FMUL R139, R139, R167","0","0"
"0x782ae6306980","      FFMA R12, R12, R166, R21","0","0"
"0x782ae6306990","      FFMA R2, R13, R166, R145","0","0"
"0x782ae63069a0","      FFMA R14, R14, R166, R23","0","0"
"0x782ae63069b0","      FMNMX R12, R12, R165, !PT","0","0"
"0x782ae63069c0","      FFMA R20, R15, R166, R147","0","0"
"0x782ae63069d0","      FMNMX R13, R2, R165, !PT","0","0"
"0x782ae63069e0","      FFMA R8, R8, R166, R25","0","0"
"0x782ae63069f0","      FMNMX R14, R14, R165, !PT","0","0"
"0x782ae6306a00","      FFMA R22, R9, R166, R141","0","0"
"0x782ae6306a10","      FMNMX R15, R20, R165, !PT","0","0"
"0x782ae6306a20","      FFMA R10, R10, R166, R29","0","0"
"0x782ae6306a30","      FMNMX R8, R8, R165, !PT","0","0"
"0x782ae6306a40","      FFMA R24, R11, R166, R143","0","0"
"0x782ae6306a50","      FMNMX R9, R22, R165, !PT","0","0"
"0x782ae6306a60","      FFMA R4, R4, R166, R31","0","0"
"0x782ae6306a70","      FMNMX R10, R10, R165, !PT","0","0"
"0x782ae6306a80","      FFMA R28, R5, R166, R137","0","0"
"0x782ae6306a90","      FMNMX R11, R24, R165, !PT","0","0"
"0x782ae6306aa0","      FFMA R6, R6, R166, R35","0","0"
"0x782ae6306ab0","      FMNMX R4, R4, R165, !PT","0","0"
"0x782ae6306ac0","      FFMA R30, R7, R166, R139","0","0"
"0x782ae6306ad0","      FMNMX R5, R28, R165, !PT","0","0"
"0x782ae6306ae0","      FMUL R3, R132, R167","0","0"
"0x782ae6306af0","      FMNMX R6, R6, R165, !PT","0","0"
"0x782ae6306b00","      FMUL R133, R133, R167","0","0"
"0x782ae6306b10","      FMNMX R7, R30, R165, !PT","0","0"
"0x782ae6306b20","      FMUL R21, R134, R167","0","0"
"0x782ae6306b30","@P1   STG.E.128 [R26.64+UR6], R12","0","0"
"0x782ae6306b40","      FMUL R135, R135, R167","0","0"
"0x782ae6306b50","      FFMA R16, R16, R166, R3","0","0"
"0x782ae6306b60","@P0   STG.E.128 [R26.64+UR4], R8","0","0"
"0x782ae6306b70","      FFMA R2, R17, R166, R133","0","0"
"0x782ae6306b80","      FFMA R18, R18, R166, R21","0","0"
"0x782ae6306b90","@P4   STG.E.128 [R32.64+UR6], R4","0","0"
"0x782ae6306ba0","      FFMA R166, R19, R166, R135","0","0"
"0x782ae6306bb0","      FMNMX R8, R16, R165, !PT","0","0"
"0x782ae6306bc0","      FMNMX R9, R2, R165, !PT","0","0"
"0x782ae6306bd0","      FMNMX R10, R18, R165, !PT","0","0"
"0x782ae6306be0","      FMNMX R11, R166, R165, !PT","0","0"
"0x782ae6306bf0","@!P5  BRA 0x782ae6308a10","0","0"
"0x782ae6306c00","      STG.E.128 [R32.64+UR4], R8","0","0"
"0x782ae6306c10","      BRA 0x782ae6308a10","0","0"
"0x782ae6306c20","      BAR.SYNC.DEFER_BLOCKING 0x0","384","12288"
"0x782ae6306c30","      ISETP.LT.AND P1, PT, R164, c[0x0][0x160], P4","384","12288"
"0x782ae6306c40","      ISETP.LT.AND P3, PT, R164, c[0x0][0x160], P5","384","12288"
"0x782ae6306c50","      ULDC.64 UR4, c[0x0][0x238]","384","12288"
"0x782ae6306c60","      UIADD3 UR4, UP0, UR4, 0x100, URZ","384","12288"
"0x782ae6306c70","      ULDC.64 UR6, c[0x0][0x238]","384","12288"
"0x782ae6306c80","      UIADD3.X UR5, URZ, UR5, URZ, UP0, !UPT","384","12288"
"0x782ae6306c90","      STS.64 [R2.X8], R4","384","12288"
"0x782ae6306ca0","      STS.64 [R2.X8+0x20], R8","384","12288"
"0x782ae6306cb0","      STS.64 [R2.X8+0x40], R12","384","12288"
"0x782ae6306cc0","      STS.64 [R2.X8+0x60], R16","384","12288"
"0x782ae6306cd0","      STS.64 [R2.X8+0x80], R20","384","12288"
"0x782ae6306ce0","      STS.64 [R2.X8+0xa0], R24","384","12288"
"0x782ae6306cf0","      STS.64 [R2.X8+0xc0], R28","384","12288"
"0x782ae6306d00","      IADD3 R4, R164, 0x2, RZ","384","12288"
"0x782ae6306d10","      STS.64 [R2.X8+0xe0], R32","384","12288"
"0x782ae6306d20","      BAR.SYNC.DEFER_BLOCKING 0x0","384","12288"
"0x782ae6306d30","      ISETP.LT.AND P2, PT, R4, c[0x0][0x160], P4","384","12288"
"0x782ae6306d40","      ISETP.LT.AND P0, PT, R4, c[0x0][0x160], P5","384","12288"
"0x782ae6306d50","      IADD3 R13, R164, 0xa, RZ","384","12288"
"0x782ae6306d60","      IMAD.MOV.U32 R16, RZ, RZ, R170","384","12288"
"0x782ae6306d70","      IMAD.MOV.U32 R17, RZ, RZ, R171","384","12288"
"0x782ae6306d80","      LDS.128 R132, [R3]","384","12288"
"0x782ae6306d90","      LDS.128 R144, [R3+0x100]","384","12288"
"0x782ae6306da0","      LDS.128 R140, [R3+0x440]","384","12288"
"0x782ae6306db0","      LDS.128 R136, [R3+0x540]","384","12288"
"0x782ae6306dc0","      FMUL R132, R132, R166","384","12288"
"0x782ae6306dd0","      FMUL R12, R133, R166","384","12288"
"0x782ae6306de0","      FMUL R134, R134, R166","384","12288"
"0x782ae6306df0","      FMNMX R132, R132, R165, !PT","384","12288"
"0x782ae6306e00","      FMUL R8, R135, R166","384","12288"
"0x782ae6306e10","      FMNMX R133, R12, R165, !PT","384","12288"
"0x782ae6306e20","      FMUL R148, R146, R166","384","12288"
"0x782ae6306e30","      FMNMX R134, R134, R165, !PT","384","12288"
"0x782ae6306e40","      FMUL R152, R144, R166","384","12288"
"0x782ae6306e50","      FMNMX R135, R8, R165, !PT","384","12288"
"0x782ae6306e60","      FMUL R150, R145, R166","384","12288"
"0x782ae6306e70","      FMUL R146, R147, R166","384","12288"
"0x782ae6306e80","@P1   STG.E.128 [R16], R132","384","12288"
"0x782ae6306e90","      FMUL R144, R140, R166","384","12288"
"0x782ae6306ea0","      IADD3 R20, P1, R170, c[0x0][0x220], RZ","384","12288"
"0x782ae6306eb0","      FMUL R32, R141, R166","384","12288"
"0x782ae6306ec0","      FMNMX R140, R152, R165, !PT","384","12288"
"0x782ae6306ed0","      FMUL R28, R142, R166","384","12288"
"0x782ae6306ee0","      FMNMX R141, R150, R165, !PT","384","12288"
"0x782ae6306ef0","      FMUL R24, R143, R166","384","12288"
"0x782ae6306f00","      FMNMX R142, R148, R165, !PT","384","12288"
"0x782ae6306f10","      FMUL R12, R136, R166","384","12288"
"0x782ae6306f20","      FMNMX R143, R146, R165, !PT","384","12288"
"0x782ae6306f30","      FMUL R8, R137, R166","384","12288"
"0x782ae6306f40","      IADD3.X R21, R171, c[0x0][0x224], RZ, P1, !PT","384","12288"
"0x782ae6306f50","      FMUL R4, R139, R166","384","12288"
"0x782ae6306f60","      FMNMX R136, R144, R165, !PT","384","12288"
"0x782ae6306f70","@P3   STG.E.128 [R16+0x100], R140","384","12288"
"0x782ae6306f80","      FMNMX R137, R32, R165, !PT","384","12288"
"0x782ae6306f90","      FMNMX R139, R24, R165, !PT","384","12288"
"0x782ae6306fa0","      ISETP.LT.AND P1, PT, R13, c[0x0][0x160], P4","384","12288"
"0x782ae6306fb0","      FMUL R134, R138, R166","384","12288"
"0x782ae6306fc0","      FMNMX R138, R28, R165, !PT","384","12288"
"0x782ae6306fd0","      FMNMX R132, R12, R165, !PT","384","12288"
"0x782ae6306fe0","      FMNMX R133, R8, R165, !PT","384","12288"
"0x782ae6306ff0","@P2   STG.E.128 [R20], R136","384","12288"
"0x782ae6307000","      FMNMX R134, R134, R165, !PT","384","12288"
"0x782ae6307010","      FMNMX R135, R4, R165, !PT","384","12288"
"0x782ae6307020","      IADD3 R12, R164, 0x8, RZ","384","12288"
"0x782ae6307030","@P0   STG.E.128 [R20+0x100], R132","384","12288"
"0x782ae6307040","      BAR.SYNC.DEFER_BLOCKING 0x0","384","12288"
"0x782ae6307050","      ISETP.LT.AND P3, PT, R12, c[0x0][0x160], P4","384","12288"
"0x782ae6307060","      IADD3 R24, P0, R170, c[0x0][0x238], RZ","384","12288"
"0x782ae6307070","      ISETP.LT.AND P2, PT, R12, c[0x0][0x160], P5","384","12288"
"0x782ae6307080","      IADD3.X R25, R171, c[0x0][0x23c], RZ, P0, !PT","384","12288"
"0x782ae6307090","      ISETP.LT.AND P0, PT, R13, c[0x0][0x160], P5","384","12288"
"0x782ae63070a0","      STS.64 [R2.X8], R6","384","12288"
"0x782ae63070b0","      STS.64 [R2.X8+0x20], R10","384","12288"
"0x782ae63070c0","      STS.64 [R2.X8+0x40], R14","384","12288"
"0x782ae63070d0","      STS.64 [R2.X8+0x60], R18","384","12288"
"0x782ae63070e0","      STS.64 [R2.X8+0x80], R22","384","12288"
"0x782ae63070f0","      STS.64 [R2.X8+0xa0], R26","384","12288"
"0x782ae6307100","      STS.64 [R2.X8+0xc0], R30","384","12288"
"0x782ae6307110","      STS.64 [R2.X8+0xe0], R34","384","12288"
"0x782ae6307120","      BAR.SYNC.DEFER_BLOCKING 0x0","384","12288"
"0x782ae6307130","      IADD3 R27, R164, 0x12, RZ","384","12288"
"0x782ae6307140","      LDS.128 R140, [R3]","384","12288"
"0x782ae6307150","      LDS.128 R136, [R3+0x100]","384","12288"
"0x782ae6307160","      LDS.128 R132, [R3+0x440]","384","12288"
"0x782ae6307170","      LDS.128 R8, [R3+0x540]","384","12288"
"0x782ae6307180","      FMUL R4, R140, R166","384","12288"
"0x782ae6307190","      FMUL R18, R141, R166","384","12288"
"0x782ae63071a0","      FMUL R6, R142, R166","384","12288"
"0x782ae63071b0","      FMNMX R4, R4, R165, !PT","384","12288"
"0x782ae63071c0","      FMUL R14, R143, R166","384","12288"
"0x782ae63071d0","      FMNMX R5, R18, R165, !PT","384","12288"
"0x782ae63071e0","      FMUL R12, R136, R166","384","12288"
"0x782ae63071f0","      FMNMX R6, R6, R165, !PT","384","12288"
"0x782ae6307200","      FMUL R34, R137, R166","384","12288"
"0x782ae6307210","      FMNMX R7, R14, R165, !PT","384","12288"
"0x782ae6307220","      FMUL R14, R138, R166","384","12288"
"0x782ae6307230","      FMNMX R12, R12, R165, !PT","384","12288"
"0x782ae6307240","      FMUL R32, R139, R166","384","12288"
"0x782ae6307250","      FMNMX R13, R34, R165, !PT","384","12288"
"0x782ae6307260","@P3   STG.E.128 [R24], R4","384","12288"
"0x782ae6307270","      FMUL R132, R132, R166","384","12288"
"0x782ae6307280","      IADD3 R22, P3, R20, c[0x0][0x238], RZ","384","12288"
"0x782ae6307290","      FMUL R30, R133, R166","384","12288"
"0x782ae63072a0","      FMNMX R14, R14, R165, !PT","384","12288"
"0x782ae63072b0","      FMUL R134, R134, R166","384","12288"
"0x782ae63072c0","      FMNMX R15, R32, R165, !PT","384","12288"
"0x782ae63072d0","      FMUL R28, R135, R166","384","12288"
"0x782ae63072e0","      IADD3.X R23, R21, c[0x0][0x23c], RZ, P3, !PT","384","12288"
"0x782ae63072f0","      FMUL R26, R9, R166","384","12288"
"0x782ae6307300","      FMNMX R9, R30, R165, !PT","384","12288"
"0x782ae6307310","      FMUL R18, R11, R166","384","12288"
"0x782ae6307320","      FMNMX R11, R28, R165, !PT","384","12288"
"0x782ae6307330","@P2   STG.E.128 [R16.64+UR4], R12","384","12288"
"0x782ae6307340","      FMUL R4, R8, R166","384","12288"
"0x782ae6307350","      FMNMX R8, R132, R165, !PT","384","12288"
"0x782ae6307360","      FMUL R6, R10, R166","384","12288"
"0x782ae6307370","      FMNMX R10, R134, R165, !PT","384","12288"
"0x782ae6307380","      FMNMX R4, R4, R165, !PT","384","12288"
"0x782ae6307390","      FMNMX R5, R26, R165, !PT","384","12288"
"0x782ae63073a0","@P1   STG.E.128 [R22], R8","384","12288"
"0x782ae63073b0","      FMNMX R6, R6, R165, !PT","384","12288"
"0x782ae63073c0","      FMNMX R7, R18, R165, !PT","384","12288"
"0x782ae63073d0","      IADD3 R26, R164, 0x10, RZ","384","12288"
"0x782ae63073e0","      ISETP.LT.AND P1, PT, R27, c[0x0][0x160], P4","384","12288"
"0x782ae63073f0","@P0   STG.E.128 [R20.64+UR4], R4","384","12288"
"0x782ae6307400","      BAR.SYNC.DEFER_BLOCKING 0x0","384","12288"
"0x782ae6307410","      ISETP.LT.AND P3, PT, R26, c[0x0][0x160], P4","384","12288"
"0x782ae6307420","      ISETP.LT.AND P2, PT, R26, c[0x0][0x160], P5","384","12288"
"0x782ae6307430","      STS.64 [R2.X8], R64","384","12288"
"0x782ae6307440","      STS.64 [R2.X8+0x20], R60","384","12288"
"0x782ae6307450","      IADD3 R20, P0, R24, c[0x0][0x238], RZ","384","12288"
"0x782ae6307460","      STS.64 [R2.X8+0x40], R56","384","12288"
"0x782ae6307470","      IADD3.X R21, R25, c[0x0][0x23c], RZ, P0, !PT","384","12288"
"0x782ae6307480","      ISETP.LT.AND P0, PT, R27, c[0x0][0x160], P5","384","12288"
"0x782ae6307490","      STS.64 [R2.X8+0x60], R52","384","12288"
"0x782ae63074a0","      STS.64 [R2.X8+0x80], R48","384","12288"
"0x782ae63074b0","      STS.64 [R2.X8+0xa0], R44","384","12288"
"0x782ae63074c0","      STS.64 [R2.X8+0xc0], R40","384","12288"
"0x782ae63074d0","      STS.64 [R2.X8+0xe0], R36","384","12288"
"0x782ae63074e0","      BAR.SYNC.DEFER_BLOCKING 0x0","384","12288"
"0x782ae63074f0","      LDS.128 R4, [R3]","384","12288"
"0x782ae6307500","      LDS.128 R16, [R3+0x100]","384","12288"
"0x782ae6307510","      LDS.128 R12, [R3+0x440]","384","12288"
"0x782ae6307520","      LDS.128 R8, [R3+0x540]","384","12288"
"0x782ae6307530","      FMUL R4, R4, R166","384","12288"
"0x782ae6307540","      FMUL R30, R5, R166","384","12288"
"0x782ae6307550","      FMUL R6, R6, R166","384","12288"
"0x782ae6307560","      FMNMX R4, R4, R165, !PT","384","12288"
"0x782ae6307570","      FMUL R28, R7, R166","384","12288"
"0x782ae6307580","      FMNMX R5, R30, R165, !PT","384","12288"
"0x782ae6307590","      FMUL R52, R16, R166","384","12288"
"0x782ae63075a0","      FMNMX R6, R6, R165, !PT","384","12288"
"0x782ae63075b0","      FMUL R48, R17, R166","384","12288"
"0x782ae63075c0","      FMNMX R7, R28, R165, !PT","384","12288"
"0x782ae63075d0","      FMUL R44, R18, R166","384","12288"
"0x782ae63075e0","      FMUL R40, R19, R166","384","12288"
"0x782ae63075f0","@P3   STG.E.128 [R20], R4","384","12288"
"0x782ae6307600","      FMUL R36, R12, R166","384","12288"
"0x782ae6307610","      IADD3 R26, P3, R22, c[0x0][0x238], RZ","384","12288"
"0x782ae6307620","      FMUL R34, R13, R166","384","12288"
"0x782ae6307630","      FMNMX R12, R52, R165, !PT","384","12288"
"0x782ae6307640","      FMUL R32, R14, R166","384","12288"
"0x782ae6307650","      FMNMX R13, R48, R165, !PT","384","12288"
"0x782ae6307660","      FMUL R30, R15, R166","384","12288"
"0x782ae6307670","      FMNMX R14, R44, R165, !PT","384","12288"
"0x782ae6307680","      FMUL R28, R8, R166","384","12288"
"0x782ae6307690","      FMNMX R15, R40, R165, !PT","384","12288"
"0x782ae63076a0","      FMUL R18, R9, R166","384","12288"
"0x782ae63076b0","      IADD3.X R27, R23, c[0x0][0x23c], RZ, P3, !PT","384","12288"
"0x782ae63076c0","      FMUL R16, R11, R166","384","12288"
"0x782ae63076d0","      FMNMX R8, R36, R165, !PT","384","12288"
"0x782ae63076e0","@P2   STG.E.128 [R24.64+UR4], R12","384","12288"
"0x782ae63076f0","      FMNMX R9, R34, R165, !PT","384","12288"
"0x782ae6307700","      FMNMX R11, R30, R165, !PT","384","12288"
"0x782ae6307710","      FMUL R6, R10, R166","384","12288"
"0x782ae6307720","      FMNMX R10, R32, R165, !PT","384","12288"
"0x782ae6307730","      FMNMX R4, R28, R165, !PT","384","12288"
"0x782ae6307740","      FMNMX R5, R18, R165, !PT","384","12288"
"0x782ae6307750","@P1   STG.E.128 [R26], R8","384","12288"
"0x782ae6307760","      FMNMX R6, R6, R165, !PT","384","12288"
"0x782ae6307770","      FMNMX R7, R16, R165, !PT","384","12288"
"0x782ae6307780","@P0   STG.E.128 [R22.64+UR4], R4","384","12288"
"0x782ae6307790","      IADD3 R24, R164, 0x18, RZ","384","12288"
"0x782ae63077a0","      IADD3 R25, R164, 0x1a, RZ","384","12288"
"0x782ae63077b0","      BAR.SYNC.DEFER_BLOCKING 0x0","384","12288"
"0x782ae63077c0","      ISETP.LT.AND P3, PT, R24, c[0x0][0x160], P4","384","12288"
"0x782ae63077d0","      ISETP.LT.AND P2, PT, R24, c[0x0][0x160], P5","384","12288"
"0x782ae63077e0","      ISETP.LT.AND P1, PT, R25, c[0x0][0x160], P4","384","12288"
"0x782ae63077f0","      STS.64 [R2.X8], R66","384","12288"
"0x782ae6307800","      STS.64 [R2.X8+0x20], R62","384","12288"
"0x782ae6307810","      IADD3 R22, P0, R20, c[0x0][0x238], RZ","384","12288"
"0x782ae6307820","      STS.64 [R2.X8+0x40], R58","384","12288"
"0x782ae6307830","      IADD3.X R23, R21, c[0x0][0x23c], RZ, P0, !PT","384","12288"
"0x782ae6307840","      ISETP.LT.AND P0, PT, R25, c[0x0][0x160], P5","384","12288"
"0x782ae6307850","      STS.64 [R2.X8+0x60], R54","384","12288"
"0x782ae6307860","      STS.64 [R2.X8+0x80], R50","384","12288"
"0x782ae6307870","      STS.64 [R2.X8+0xa0], R46","384","12288"
"0x782ae6307880","      STS.64 [R2.X8+0xc0], R42","384","12288"
"0x782ae6307890","      STS.64 [R2.X8+0xe0], R38","384","12288"
"0x782ae63078a0","      BAR.SYNC.DEFER_BLOCKING 0x0","384","12288"
"0x782ae63078b0","      LDS.128 R4, [R3]","384","12288"
"0x782ae63078c0","      LDS.128 R16, [R3+0x100]","384","12288"
"0x782ae63078d0","      LDS.128 R12, [R3+0x440]","384","12288"
"0x782ae63078e0","      LDS.128 R8, [R3+0x540]","384","12288"
"0x782ae63078f0","      FMUL R4, R4, R166","384","12288"
"0x782ae6307900","      FMUL R30, R5, R166","384","12288"
"0x782ae6307910","      FMUL R6, R6, R166","384","12288"
"0x782ae6307920","      FMNMX R4, R4, R165, !PT","384","12288"
"0x782ae6307930","      FMUL R28, R7, R166","384","12288"
"0x782ae6307940","      FMNMX R5, R30, R165, !PT","384","12288"
"0x782ae6307950","      FMUL R44, R16, R166","384","12288"
"0x782ae6307960","      FMNMX R6, R6, R165, !PT","384","12288"
"0x782ae6307970","      FMUL R42, R17, R166","384","12288"
"0x782ae6307980","      FMNMX R7, R28, R165, !PT","384","12288"
"0x782ae6307990","      FMUL R40, R18, R166","384","12288"
"0x782ae63079a0","      FMUL R38, R19, R166","384","12288"
"0x782ae63079b0","@P3   STG.E.128 [R22], R4","384","12288"
"0x782ae63079c0","      FMUL R36, R12, R166","384","12288"
"0x782ae63079d0","      IADD3 R24, P3, R26, c[0x0][0x238], RZ","384","12288"
"0x782ae63079e0","      FMUL R34, R13, R166","384","12288"
"0x782ae63079f0","      FMNMX R12, R44, R165, !PT","384","12288"
"0x782ae6307a00","      FMUL R32, R14, R166","384","12288"
"0x782ae6307a10","      FMNMX R13, R42, R165, !PT","384","12288"
"0x782ae6307a20","      FMUL R30, R15, R166","384","12288"
"0x782ae6307a30","      FMNMX R14, R40, R165, !PT","384","12288"
"0x782ae6307a40","      FMUL R28, R8, R166","384","12288"
"0x782ae6307a50","      FMNMX R15, R38, R165, !PT","384","12288"
"0x782ae6307a60","      FMUL R18, R9, R166","384","12288"
"0x782ae6307a70","      IADD3.X R25, R27, c[0x0][0x23c], RZ, P3, !PT","384","12288"
"0x782ae6307a80","      FMUL R16, R11, R166","384","12288"
"0x782ae6307a90","      FMNMX R8, R36, R165, !PT","384","12288"
"0x782ae6307aa0","@P2   STG.E.128 [R20.64+UR4], R12","384","12288"
"0x782ae6307ab0","      FMNMX R9, R34, R165, !PT","384","12288"
"0x782ae6307ac0","      FMNMX R11, R30, R165, !PT","384","12288"
"0x782ae6307ad0","      FMUL R6, R10, R166","384","12288"
"0x782ae6307ae0","      FMNMX R10, R32, R165, !PT","384","12288"
"0x782ae6307af0","      FMNMX R4, R28, R165, !PT","384","12288"
"0x782ae6307b00","      FMNMX R5, R18, R165, !PT","384","12288"
"0x782ae6307b10","@P1   STG.E.128 [R24], R8","384","12288"
"0x782ae6307b20","      FMNMX R6, R6, R165, !PT","384","12288"
"0x782ae6307b30","      FMNMX R7, R16, R165, !PT","384","12288"
"0x782ae6307b40","@P0   STG.E.128 [R26.64+UR4], R4","384","12288"
"0x782ae6307b50","      BAR.SYNC.DEFER_BLOCKING 0x0","384","12288"
"0x782ae6307b60","      IADD3 R20, P0, R22, c[0x0][0x238], RZ","384","12288"
"0x782ae6307b70","      IADD3.X R21, R23, c[0x0][0x23c], RZ, P0, !PT","384","12288"
"0x782ae6307b80","      STS.64 [R2.X8], R68","384","12288"
"0x782ae6307b90","      STS.64 [R2.X8+0x20], R72","384","12288"
"0x782ae6307ba0","      IADD3 R26, R164, 0x20, RZ","384","12288"
"0x782ae6307bb0","      IADD3 R27, R164, 0x22, RZ","384","12288"
"0x782ae6307bc0","      STS.64 [R2.X8+0x40], R76","384","12288"
"0x782ae6307bd0","      ISETP.LT.AND P3, PT, R26, c[0x0][0x160], P4","384","12288"
"0x782ae6307be0","      ISETP.LT.AND P2, PT, R26, c[0x0][0x160], P5","384","12288"
"0x782ae6307bf0","      STS.64 [R2.X8+0x60], R80","384","12288"
"0x782ae6307c00","      ISETP.LT.AND P1, PT, R27, c[0x0][0x160], P4","384","12288"
"0x782ae6307c10","      ISETP.LT.AND P0, PT, R27, c[0x0][0x160], P5","384","12288"
"0x782ae6307c20","      STS.64 [R2.X8+0x80], R84","384","12288"
"0x782ae6307c30","      STS.64 [R2.X8+0xa0], R88","384","12288"
"0x782ae6307c40","      STS.64 [R2.X8+0xc0], R92","384","12288"
"0x782ae6307c50","      STS.64 [R2.X8+0xe0], R96","384","12288"
"0x782ae6307c60","      BAR.SYNC.DEFER_BLOCKING 0x0","384","12288"
"0x782ae6307c70","      LDS.128 R4, [R3]","384","12288"
"0x782ae6307c80","      LDS.128 R16, [R3+0x100]","384","12288"
"0x782ae6307c90","      LDS.128 R12, [R3+0x440]","384","12288"
"0x782ae6307ca0","      LDS.128 R8, [R3+0x540]","384","12288"
"0x782ae6307cb0","      FMUL R4, R4, R166","384","12288"
"0x782ae6307cc0","      FMUL R30, R5, R166","384","12288"
"0x782ae6307cd0","      FMUL R6, R6, R166","384","12288"
"0x782ae6307ce0","      FMNMX R4, R4, R165, !PT","384","12288"
"0x782ae6307cf0","      FMUL R28, R7, R166","384","12288"
"0x782ae6307d00","      FMNMX R5, R30, R165, !PT","384","12288"
"0x782ae6307d10","      FMUL R44, R16, R166","384","12288"
"0x782ae6307d20","      FMNMX R6, R6, R165, !PT","384","12288"
"0x782ae6307d30","      FMUL R42, R17, R166","384","12288"
"0x782ae6307d40","      FMNMX R7, R28, R165, !PT","384","12288"
"0x782ae6307d50","      FMUL R40, R18, R166","384","12288"
"0x782ae6307d60","      FMUL R38, R19, R166","384","12288"
"0x782ae6307d70","@P3   STG.E.128 [R20], R4","384","12288"
"0x782ae6307d80","      FMUL R36, R12, R166","384","12288"
"0x782ae6307d90","      IADD3 R26, P3, R24, c[0x0][0x238], RZ","384","12288"
"0x782ae6307da0","      FMUL R34, R13, R166","384","12288"
"0x782ae6307db0","      FMNMX R12, R44, R165, !PT","384","12288"
"0x782ae6307dc0","      FMUL R32, R14, R166","384","12288"
"0x782ae6307dd0","      FMNMX R13, R42, R165, !PT","384","12288"
"0x782ae6307de0","      FMUL R30, R15, R166","384","12288"
"0x782ae6307df0","      FMNMX R14, R40, R165, !PT","384","12288"
"0x782ae6307e00","      FMUL R28, R8, R166","384","12288"
"0x782ae6307e10","      FMNMX R15, R38, R165, !PT","384","12288"
"0x782ae6307e20","      FMUL R18, R9, R166","384","12288"
"0x782ae6307e30","      IADD3.X R27, R25, c[0x0][0x23c], RZ, P3, !PT","384","12288"
"0x782ae6307e40","      FMUL R16, R11, R166","384","12288"
"0x782ae6307e50","      FMNMX R8, R36, R165, !PT","384","12288"
"0x782ae6307e60","@P2   STG.E.128 [R22.64+UR4], R12","384","12288"
"0x782ae6307e70","      FMNMX R9, R34, R165, !PT","384","12288"
"0x782ae6307e80","      FMNMX R11, R30, R165, !PT","384","12288"
"0x782ae6307e90","      FMUL R6, R10, R166","384","12288"
"0x782ae6307ea0","      FMNMX R10, R32, R165, !PT","384","12288"
"0x782ae6307eb0","      FMNMX R4, R28, R165, !PT","384","12288"
"0x782ae6307ec0","      FMNMX R5, R18, R165, !PT","384","12288"
"0x782ae6307ed0","@P1   STG.E.128 [R26], R8","384","12288"
"0x782ae6307ee0","      FMNMX R6, R6, R165, !PT","384","12288"
"0x782ae6307ef0","      FMNMX R7, R16, R165, !PT","384","12288"
"0x782ae6307f00","@P0   STG.E.128 [R24.64+UR4], R4","384","12288"
"0x782ae6307f10","      BAR.SYNC.DEFER_BLOCKING 0x0","384","12288"
"0x782ae6307f20","      IADD3 R22, P0, R20, c[0x0][0x238], RZ","384","12288"
"0x782ae6307f30","      IADD3.X R23, R21, c[0x0][0x23c], RZ, P0, !PT","384","12288"
"0x782ae6307f40","      STS.64 [R2.X8], R70","384","12288"
"0x782ae6307f50","      STS.64 [R2.X8+0x20], R74","384","12288"
"0x782ae6307f60","      IADD3 R24, R164, 0x28, RZ","384","12288"
"0x782ae6307f70","      IADD3 R25, R164, 0x2a, RZ","384","12288"
"0x782ae6307f80","      STS.64 [R2.X8+0x40], R78","384","12288"
"0x782ae6307f90","      ISETP.LT.AND P3, PT, R24, c[0x0][0x160], P4","384","12288"
"0x782ae6307fa0","      ISETP.LT.AND P2, PT, R24, c[0x0][0x160], P5","384","12288"
"0x782ae6307fb0","      STS.64 [R2.X8+0x60], R82","384","12288"
"0x782ae6307fc0","      ISETP.LT.AND P1, PT, R25, c[0x0][0x160], P4","384","12288"
"0x782ae6307fd0","      ISETP.LT.AND P0, PT, R25, c[0x0][0x160], P5","384","12288"
"0x782ae6307fe0","      STS.64 [R2.X8+0x80], R86","384","12288"
"0x782ae6307ff0","      STS.64 [R2.X8+0xa0], R90","384","12288"
"0x782ae6308000","      STS.64 [R2.X8+0xc0], R94","384","12288"
"0x782ae6308010","      STS.64 [R2.X8+0xe0], R98","384","12288"
"0x782ae6308020","      BAR.SYNC.DEFER_BLOCKING 0x0","384","12288"
"0x782ae6308030","      LDS.128 R4, [R3]","384","12288"
"0x782ae6308040","      LDS.128 R16, [R3+0x100]","384","12288"
"0x782ae6308050","      LDS.128 R12, [R3+0x440]","384","12288"
"0x782ae6308060","      LDS.128 R8, [R3+0x540]","384","12288"
"0x782ae6308070","      FMUL R4, R4, R166","384","12288"
"0x782ae6308080","      FMUL R30, R5, R166","384","12288"
"0x782ae6308090","      FMUL R6, R6, R166","384","12288"
"0x782ae63080a0","      FMNMX R4, R4, R165, !PT","384","12288"
"0x782ae63080b0","      FMUL R28, R7, R166","384","12288"
"0x782ae63080c0","      FMNMX R5, R30, R165, !PT","384","12288"
"0x782ae63080d0","      FMUL R44, R16, R166","384","12288"
"0x782ae63080e0","      FMNMX R6, R6, R165, !PT","384","12288"
"0x782ae63080f0","      FMUL R42, R17, R166","384","12288"
"0x782ae6308100","      FMNMX R7, R28, R165, !PT","384","12288"
"0x782ae6308110","      FMUL R40, R18, R166","384","12288"
"0x782ae6308120","      FMUL R38, R19, R166","384","12288"
"0x782ae6308130","@P3   STG.E.128 [R22], R4","384","12288"
"0x782ae6308140","      FMUL R36, R12, R166","384","12288"
"0x782ae6308150","      IADD3 R24, P3, R26, c[0x0][0x238], RZ","384","12288"
"0x782ae6308160","      FMUL R34, R13, R166","384","12288"
"0x782ae6308170","      FMNMX R12, R44, R165, !PT","384","12288"
"0x782ae6308180","      FMUL R32, R14, R166","384","12288"
"0x782ae6308190","      FMNMX R13, R42, R165, !PT","384","12288"
"0x782ae63081a0","      FMUL R30, R15, R166","384","12288"
"0x782ae63081b0","      FMNMX R14, R40, R165, !PT","384","12288"
"0x782ae63081c0","      FMUL R28, R8, R166","384","12288"
"0x782ae63081d0","      FMNMX R15, R38, R165, !PT","384","12288"
"0x782ae63081e0","      FMUL R18, R9, R166","384","12288"
"0x782ae63081f0","      IADD3.X R25, R27, c[0x0][0x23c], RZ, P3, !PT","384","12288"
"0x782ae6308200","      FMUL R16, R11, R166","384","12288"
"0x782ae6308210","      FMNMX R8, R36, R165, !PT","384","12288"
"0x782ae6308220","@P2   STG.E.128 [R20.64+UR4], R12","384","12288"
"0x782ae6308230","      FMNMX R9, R34, R165, !PT","384","12288"
"0x782ae6308240","      FMNMX R11, R30, R165, !PT","384","12288"
"0x782ae6308250","      FMUL R6, R10, R166","384","12288"
"0x782ae6308260","      FMNMX R10, R32, R165, !PT","384","12288"
"0x782ae6308270","      FMNMX R4, R28, R165, !PT","384","12288"
"0x782ae6308280","      FMNMX R5, R18, R165, !PT","384","12288"
"0x782ae6308290","@P1   STG.E.128 [R24], R8","384","12288"
"0x782ae63082a0","      FMNMX R6, R6, R165, !PT","384","12288"
"0x782ae63082b0","      FMNMX R7, R16, R165, !PT","384","12288"
"0x782ae63082c0","@P0   STG.E.128 [R26.64+UR4], R4","384","12288"
"0x782ae63082d0","      BAR.SYNC.DEFER_BLOCKING 0x0","384","12288"
"0x782ae63082e0","      IADD3 R20, P0, R22, c[0x0][0x238], RZ","384","12288"
"0x782ae63082f0","      IADD3.X R21, R23, c[0x0][0x23c], RZ, P0, !PT","384","12288"
"0x782ae6308300","      STS.64 [R2.X8], R128","384","12288"
"0x782ae6308310","      STS.64 [R2.X8+0x20], R124","384","12288"
"0x782ae6308320","      IADD3 R26, R164, 0x30, RZ","384","12288"
"0x782ae6308330","      IADD3 R27, R164, 0x32, RZ","384","12288"
"0x782ae6308340","      STS.64 [R2.X8+0x40], R120","384","12288"
"0x782ae6308350","      ISETP.LT.AND P3, PT, R26, c[0x0][0x160], P4","384","12288"
"0x782ae6308360","      ISETP.LT.AND P2, PT, R26, c[0x0][0x160], P5","384","12288"
"0x782ae6308370","      STS.64 [R2.X8+0x60], R116","384","12288"
"0x782ae6308380","      ISETP.LT.AND P1, PT, R27, c[0x0][0x160], P4","384","12288"
"0x782ae6308390","      ISETP.LT.AND P0, PT, R27, c[0x0][0x160], P5","384","12288"
"0x782ae63083a0","      STS.64 [R2.X8+0x80], R112","384","12288"
"0x782ae63083b0","      STS.64 [R2.X8+0xa0], R108","384","12288"
"0x782ae63083c0","      STS.64 [R2.X8+0xc0], R104","384","12288"
"0x782ae63083d0","      STS.64 [R2.X8+0xe0], R100","384","12288"
"0x782ae63083e0","      BAR.SYNC.DEFER_BLOCKING 0x0","384","12288"
"0x782ae63083f0","      LDS.128 R4, [R3]","384","12288"
"0x782ae6308400","      LDS.128 R16, [R3+0x100]","384","12288"
"0x782ae6308410","      LDS.128 R12, [R3+0x440]","384","12288"
"0x782ae6308420","      LDS.128 R8, [R3+0x540]","384","12288"
"0x782ae6308430","      FMUL R4, R4, R166","384","12288"
"0x782ae6308440","      FMUL R30, R5, R166","384","12288"
"0x782ae6308450","      FMUL R6, R6, R166","384","12288"
"0x782ae6308460","      FMNMX R4, R4, R165, !PT","384","12288"
"0x782ae6308470","      FMUL R28, R7, R166","384","12288"
"0x782ae6308480","      FMNMX R5, R30, R165, !PT","384","12288"
"0x782ae6308490","      FMUL R44, R16, R166","384","12288"
"0x782ae63084a0","      FMNMX R6, R6, R165, !PT","384","12288"
"0x782ae63084b0","      FMUL R42, R17, R166","384","12288"
"0x782ae63084c0","      FMNMX R7, R28, R165, !PT","384","12288"
"0x782ae63084d0","      FMUL R40, R18, R166","384","12288"
"0x782ae63084e0","      FMUL R38, R19, R166","384","12288"
"0x782ae63084f0","@P3   STG.E.128 [R20], R4","384","12288"
"0x782ae6308500","      FMUL R36, R12, R166","384","12288"
"0x782ae6308510","      IADD3 R26, P3, R24, c[0x0][0x238], RZ","384","12288"
"0x782ae6308520","      FMUL R34, R13, R166","384","12288"
"0x782ae6308530","      FMNMX R12, R44, R165, !PT","384","12288"
"0x782ae6308540","      FMUL R32, R14, R166","384","12288"
"0x782ae6308550","      FMNMX R13, R42, R165, !PT","384","12288"
"0x782ae6308560","      FMUL R30, R15, R166","384","12288"
"0x782ae6308570","      FMNMX R14, R40, R165, !PT","384","12288"
"0x782ae6308580","      FMUL R28, R8, R166","384","12288"
"0x782ae6308590","      FMNMX R15, R38, R165, !PT","384","12288"
"0x782ae63085a0","      FMUL R18, R9, R166","384","12288"
"0x782ae63085b0","      IADD3.X R27, R25, c[0x0][0x23c], RZ, P3, !PT","384","12288"
"0x782ae63085c0","      FMUL R16, R11, R166","384","12288"
"0x782ae63085d0","      FMNMX R8, R36, R165, !PT","384","12288"
"0x782ae63085e0","@P2   STG.E.128 [R22.64+UR4], R12","384","12288"
"0x782ae63085f0","      FMNMX R9, R34, R165, !PT","384","12288"
"0x782ae6308600","      FMNMX R11, R30, R165, !PT","384","12288"
"0x782ae6308610","      FMUL R6, R10, R166","384","12288"
"0x782ae6308620","      FMNMX R10, R32, R165, !PT","384","12288"
"0x782ae6308630","      FMNMX R4, R28, R165, !PT","384","12288"
"0x782ae6308640","      FMNMX R5, R18, R165, !PT","384","12288"
"0x782ae6308650","@P1   STG.E.128 [R26], R8","384","12288"
"0x782ae6308660","      FMNMX R6, R6, R165, !PT","384","12288"
"0x782ae6308670","      FMNMX R7, R16, R165, !PT","384","12288"
"0x782ae6308680","@P0   STG.E.128 [R24.64+UR4], R4","384","12288"
"0x782ae6308690","      IADD3 R22, R164, 0x38, RZ","384","12288"
"0x782ae63086a0","      IADD3 R164, R164, 0x3a, RZ","384","12288"
"0x782ae63086b0","      BAR.SYNC.DEFER_BLOCKING 0x0","384","12288"
"0x782ae63086c0","      ISETP.LT.AND P1, PT, R22, c[0x0][0x160], P4","384","12288"
"0x782ae63086d0","      ISETP.LT.AND P0, PT, R22, c[0x0][0x160], P5","384","12288"
"0x782ae63086e0","      ISETP.LT.AND P4, PT, R164, c[0x0][0x160], P4","384","12288"
"0x782ae63086f0","      ISETP.LT.AND P5, PT, R164, c[0x0][0x160], P5","384","12288"
"0x782ae6308700","      STS.64 [R2.X8], R130","384","12288"
"0x782ae6308710","      STS.64 [R2.X8+0x20], R126","384","12288"
"0x782ae6308720","      STS.64 [R2.X8+0x40], R122","384","12288"
"0x782ae6308730","      STS.64 [R2.X8+0x60], R118","384","12288"
"0x782ae6308740","      STS.64 [R2.X8+0x80], R114","384","12288"
"0x782ae6308750","      STS.64 [R2.X8+0xa0], R110","384","12288"
"0x782ae6308760","      STS.64 [R2.X8+0xc0], R106","384","12288"
"0x782ae6308770","      STS.64 [R2.X8+0xe0], R102","384","12288"
"0x782ae6308780","      BAR.SYNC.DEFER_BLOCKING 0x0","384","12288"
"0x782ae6308790","      LDS.128 R12, [R3]","384","12288"
"0x782ae63087a0","      LDS.128 R8, [R3+0x100]","384","12288"
"0x782ae63087b0","      LDS.128 R4, [R3+0x440]","384","12288"
"0x782ae63087c0","      LDS.128 R16, [R3+0x540]","384","12288"
"0x782ae63087d0","      FMUL R12, R12, R166","384","12288"
"0x782ae63087e0","      FMUL R34, R13, R166","384","12288"
"0x782ae63087f0","      FMUL R14, R14, R166","384","12288"
"0x782ae6308800","      FMNMX R12, R12, R165, !PT","384","12288"
"0x782ae6308810","      FMUL R32, R15, R166","384","12288"
"0x782ae6308820","      FMNMX R13, R34, R165, !PT","384","12288"
"0x782ae6308830","      FMUL R8, R8, R166","384","12288"
"0x782ae6308840","      FMNMX R14, R14, R165, !PT","384","12288"
"0x782ae6308850","      FMUL R30, R9, R166","384","12288"
"0x782ae6308860","      FMNMX R15, R32, R165, !PT","384","12288"
"0x782ae6308870","      FMUL R10, R10, R166","384","12288"
"0x782ae6308880","      FMNMX R8, R8, R165, !PT","384","12288"
"0x782ae6308890","      FMUL R28, R11, R166","384","12288"
"0x782ae63088a0","      FMNMX R9, R30, R165, !PT","384","12288"
"0x782ae63088b0","      FMUL R4, R4, R166","384","12288"
"0x782ae63088c0","      FMNMX R10, R10, R165, !PT","384","12288"
"0x782ae63088d0","      FMUL R24, R5, R166","384","12288"
"0x782ae63088e0","      FMNMX R11, R28, R165, !PT","384","12288"
"0x782ae63088f0","      FMUL R6, R6, R166","384","12288"
"0x782ae6308900","      FMNMX R4, R4, R165, !PT","384","12288"
"0x782ae6308910","      FMUL R22, R7, R166","384","12288"
"0x782ae6308920","      FMNMX R5, R24, R165, !PT","384","12288"
"0x782ae6308930","      FMUL R16, R16, R166","384","12288"
"0x782ae6308940","      FMNMX R6, R6, R165, !PT","384","12288"
"0x782ae6308950","      FMUL R2, R17, R166","384","12288"
"0x782ae6308960","      FMNMX R7, R22, R165, !PT","384","12288"
"0x782ae6308970","      FMUL R18, R18, R166","384","12288"
"0x782ae6308980","      FMNMX R16, R16, R165, !PT","384","12288"
"0x782ae6308990","      FMUL R166, R19, R166","384","12288"
"0x782ae63089a0","      FMNMX R17, R2, R165, !PT","384","12288"
"0x782ae63089b0","@P1   STG.E.128 [R20.64+UR6], R12","384","12288"
"0x782ae63089c0","      FMNMX R18, R18, R165, !PT","384","12288"
"0x782ae63089d0","      FMNMX R19, R166, R165, !PT","384","12288"
"0x782ae63089e0","@P0   STG.E.128 [R20.64+UR4], R8","384","12288"
"0x782ae63089f0","@P4   STG.E.128 [R26.64+UR6], R4","384","12288"
"0x782ae6308a00","@P5   STG.E.128 [R26.64+UR4], R16","384","12288"
"0x782ae6308a10","      BSYNC B0","384","12288"
"0x782ae6308a20","@!P6  EXIT","384","12288"
"0x782ae6308a30","      BAR.SYNC.DEFER_BLOCKING 0x0","0","0"
"0x782ae6308a40","      ISETP.GT.AND P0, PT, R0, RZ, PT","0","0"
"0x782ae6308a50","@P0   EXIT","0","0"
"0x782ae6308a60","@!PT  LDS RZ, [RZ]","0","0"
"0x782ae6308a70","@!PT  LDS RZ, [RZ]","0","0"
"0x782ae6308a80","@!PT  LDS RZ, [RZ]","0","0"
"0x782ae6308a90","@!PT  LDS RZ, [RZ]","0","0"
"0x782ae6308aa0","      MEMBAR.ALL.GPU","0","0"
"0x782ae6308ab0","      IADD3 R182, R182, 0x1, RZ","0","0"
"0x782ae6308ac0","      ISETP.NE.AND P0, PT, R182, c[0x0][0x174], PT","0","0"
"0x782ae6308ad0","      SEL R3, R182, RZ, P0","0","0"
"0x782ae6308ae0","      ERRBAR","0","0"
"0x782ae6308af0","      STG.E.STRONG.GPU [R168], R3","0","0"
"0x782ae6308b00","      EXIT","0","0"
"0x782ae6308b10","      BRA `(.L_x_0) 0x782ae6308b10","0","0"
"0x782ae6308b20","      NOP","0","0"
"0x782ae6308b30","      NOP","0","0"
"0x782ae6308b40","      NOP","0","0"
"0x782ae6308b50","      NOP","0","0"
"0x782ae6308b60","      NOP","0","0"
"0x782ae6308b70","      NOP","0","0"
"0x782ae6308b80","      NOP","0","0"
"0x782ae6308b90","      NOP","0","0"
"0x782ae6308ba0","      NOP","0","0"
"0x782ae6308bb0","      NOP","0","0"
"0x782ae6308bc0","      NOP","0","0"
"0x782ae6308bd0","      NOP","0","0"
"0x782ae6308be0","      NOP","0","0"
"0x782ae6308bf0","      NOP","0","0"
