"Kernel Name","gemm_bi_tn_test_tc64_bk64_s2_regpipe_f16",
"Address","Source","Instructions Executed"
"0x73ac1633a000","      IMAD.MOV.U32 R1, RZ, RZ, c[0x0][0x28]","2304"
"0x73ac1633a010","      IMAD.MOV.U32 R2, RZ, RZ, c[0x0][0x184]","2304"
"0x73ac1633a020","      S2UR UR4, SR_CTAID.X","2304"
"0x73ac1633a030","      ULDC.64 UR8, c[0x0][0x118]","2304"
"0x73ac1633a040","      IADD3 R0, R2, 0x3f, RZ","2304"
"0x73ac1633a050","      SHF.R.S32.HI R3, RZ, 0x1f, R0","2304"
"0x73ac1633a060","      LEA.HI R3, R3, R0, RZ, 0x6","2304"
"0x73ac1633a070","      SHF.R.S32.HI R3, RZ, 0x6, R3","2304"
"0x73ac1633a080","      I2F.U32.RP R0, R3","2304"
"0x73ac1633a090","      IMAD.MOV R7, RZ, RZ, -R3","2304"
"0x73ac1633a0a0","      MUFU.RCP R0, R0","2304"
"0x73ac1633a0b0","      IADD3 R4, R0, 0xffffffe, RZ","2304"
"0x73ac1633a0c0","      F2I.FTZ.U32.TRUNC.NTZ R5, R4","2304"
"0x73ac1633a0d0","      IMAD.MOV.U32 R4, RZ, RZ, RZ","2304"
"0x73ac1633a0e0","      IMAD R7, R7, R5, RZ","2304"
"0x73ac1633a0f0","      IMAD.HI.U32 R5, R5, R7, R4","2304"
"0x73ac1633a100","      PRMT R4, RZ, 0x7610, R4","2304"
"0x73ac1633a110","      IMAD.MOV.U32 R7, RZ, RZ, c[0x0][0x180]","2304"
"0x73ac1633a120","      IMAD.HI.U32 R118, R5, UR4, RZ","2304"
"0x73ac1633a130","      LOP3.LUT P2, RZ, R7, 0x7, RZ, 0xc0, !PT","2304"
"0x73ac1633a140","      IMAD.MOV R6, RZ, RZ, -R118","2304"
"0x73ac1633a150","      IMAD.MOV.U32 R5, RZ, RZ, 0xf","2304"
"0x73ac1633a160","      IMAD R0, R3, R6, UR4","2304"
"0x73ac1633a170","      LOP3.LUT P0, RZ, R5, c[0x0][0x168], RZ, 0xc0, !PT","2304"
"0x73ac1633a180","      ISETP.GE.U32.AND P3, PT, R0, R3, PT","2304"
"0x73ac1633a190","      LOP3.LUT P1, RZ, R5, c[0x0][0x170], RZ, 0xc0, !PT","2304"
"0x73ac1633a1a0","      PLOP3.LUT P0, PT, P0, P1, P2, 0xfe, 0x0","2304"
"0x73ac1633a1b0","      ISETP.NE.U32.AND P2, PT, R3, RZ, PT","2304"
"0x73ac1633a1c0","@P3   IMAD.IADD R0, R0, 0x1, -R3","2304"
"0x73ac1633a1d0","@P3   IADD3 R118, R118, 0x1, RZ","2304"
"0x73ac1633a1e0","      ISETP.GE.U32.AND P1, PT, R0, R3, PT","2304"
"0x73ac1633a1f0","@!P0  LOP3.LUT P4, RZ, R2, 0x7, RZ, 0xc0, !PT","2304"
"0x73ac1633a200","      S2R R0, SR_TID.X","2304"
"0x73ac1633a210","@!P0  SEL R4, RZ, 0x1, P4","2304"
"0x73ac1633a220","      PRMT R4, R4, 0x9910, RZ","2304"
"0x73ac1633a230","@P1   IADD3 R118, R118, 0x1, RZ","2304"
"0x73ac1633a240","      ISETP.NE.AND P3, PT, R4, RZ, PT","2304"
"0x73ac1633a250","@!P2  LOP3.LUT R118, RZ, R3, RZ, 0x33, !PT","2304"
"0x73ac1633a260","      IMAD.MOV R4, RZ, RZ, -R118","2304"
"0x73ac1633a270","      IMAD R117, R3, R4, UR4","2304"
"0x73ac1633a280","@!P3  BRA 0x73ac1633bcb0","2304"
"0x73ac1633a290","      ISETP.GT.AND P0, PT, R0, 0x1ff, PT","2304"
"0x73ac1633a2a0","      BSSY B0, 0x73ac1633bc90","2304"
"0x73ac1633a2b0","@P0   BRA 0x73ac1633bc80","2304"
"0x73ac1633a2c0","      IMNMX R3, R0, 0x180, !PT","2304"
"0x73ac1633a2d0","      BSSY B1, 0x73ac1633a670","2304"
"0x73ac1633a2e0","      IMNMX R5, R0, 0x180, !PT","2304"
"0x73ac1633a2f0","      IADD3 R3, -R0, 0x7f, R3","2304"
"0x73ac1633a300","      IADD3 R5, -R0, 0x7f, R5","2304"
"0x73ac1633a310","      LEA.HI R4, R3, 0x1, RZ, 0x19","2304"
"0x73ac1633a320","      ISETP.GE.U32.AND P1, PT, R3, 0x180, PT","2304"
"0x73ac1633a330","      LOP3.LUT P0, R6, R4, 0x3, RZ, 0xc0, !PT","2304"
"0x73ac1633a340","      IMAD.SHL.U32 R4, R118, 0x40, RZ","2304"
"0x73ac1633a350","      ISETP.GE.U32.AND P2, PT, R5, 0x180, PT","2304"
"0x73ac1633a360","      LEA.HI R14, R5, 0x1, RZ, 0x19","2304"
"0x73ac1633a370","      IMAD.MOV.U32 R5, RZ, RZ, R0","2304"
"0x73ac1633a380","      SHF.R.S32.HI R3, RZ, 0x1f, R7","2304"
"0x73ac1633a390","@!P0  BRA 0x73ac1633a660","2304"
"0x73ac1633a3a0","      IMAD.MOV.U32 R8, RZ, RZ, R6","0"
"0x73ac1633a3b0","      IMAD.MOV.U32 R5, RZ, RZ, R0","0"
"0x73ac1633a3c0","      SHF.R.S32.HI R6, RZ, 0x1f, R5","0"
"0x73ac1633a3d0","      IADD3 R8, R8, -0x1, RZ","0"
"0x73ac1633a3e0","      LEA.HI R6, R6, R5, RZ, 0x3","0"
"0x73ac1633a3f0","      LOP3.LUT R10, R6, 0xfffffff8, RZ, 0xc0, !PT","0"
"0x73ac1633a400","      IMAD.IADD R9, R5, 0x1, -R10","0"
"0x73ac1633a410","      SHF.R.S32.HI R10, RZ, 0x3, R6","0"
"0x73ac1633a420","      IADD3 R5, R5, 0x80, RZ","0"
"0x73ac1633a430","      IMAD R6, R9, 0x8, R4","0"
"0x73ac1633a440","      SHF.R.S32.HI R11, RZ, 0x1f, R10","0"
"0x73ac1633a450","      LOP3.LUT R9, R9, 0x7, R10, 0x78, !PT","0"
"0x73ac1633a460","      ISETP.GE.AND P0, PT, R6, c[0x0][0x180], PT","0"
"0x73ac1633a470","      IMAD R12, R11, c[0x0][0x180], RZ","0"
"0x73ac1633a480","      IADD3 R7, -R6, c[0x0][0x180], RZ","0"
"0x73ac1633a490","      IMAD R9, R10, 0x8, R9","0"
"0x73ac1633a4a0","      ISETP.GE.OR P0, PT, R10, c[0x0][0x17c], P0","0"
"0x73ac1633a4b0","      IMAD R13, R10, R3, R12","0"
"0x73ac1633a4c0","      IMNMX R11, R7, 0x8, PT","0"
"0x73ac1633a4d0","      IMAD.SHL.U32 R9, R9, 0x8, RZ","0"
"0x73ac1633a4e0","      SHF.R.S32.HI R7, RZ, 0x1f, R6","0"
"0x73ac1633a4f0","      SEL R11, R11, RZ, !P0","0"
"0x73ac1633a500","      IMAD.SHL.U32 R9, R9, 0x2, RZ","0"
"0x73ac1633a510","      IMAD.WIDE.U32 R6, R10, c[0x0][0x180], R6","0"
"0x73ac1633a520","      ISETP.NE.AND P0, PT, R11, RZ, PT","0"
"0x73ac1633a530","      IMAD.SHL.U32 R11, R11, 0x2, RZ","0"
"0x73ac1633a540","      SEL R12, R6, RZ, P0","0"
"0x73ac1633a550","      IMAD.IADD R13, R7, 0x1, R13","0"
"0x73ac1633a560","      IADD3 R6, -R11, 0x10, RZ","0"
"0x73ac1633a570","      LEA R7, P4, R12, c[0x0][0x168], 0x1","0"
"0x73ac1633a580","      SEL R13, R13, RZ, P0","0"
"0x73ac1633a590","      LOP3.LUT R6, R6, 0xf, RZ, 0xc0, !PT","0"
"0x73ac1633a5a0","      SEL R7, R7, c[0x0][0x168], P0","0"
"0x73ac1633a5b0","      LEA.HI.X R10, R12, c[0x0][0x16c], R13, 0x1, P4","0"
"0x73ac1633a5c0","      ISETP.NE.U32.AND P4, PT, R11, RZ, PT","0"
"0x73ac1633a5d0","      IADD3 R6, P5, R6, R7, RZ","0"
"0x73ac1633a5e0","      SEL R7, R10, c[0x0][0x16c], P0","0"
"0x73ac1633a5f0","      ISETP.NE.AND P0, PT, R8, RZ, PT","0"
"0x73ac1633a600","      IMAD.X R7, RZ, RZ, R7, P5","0"
"0x73ac1633a610","@!PT  LDS RZ, [RZ]","0"
"0x73ac1633a620","@!PT  LDS RZ, [RZ]","0"
"0x73ac1633a630","@!PT  LDS RZ, [RZ]","0"
"0x73ac1633a640","      LDGSTS.E.128.ZFILL P4, [R9][R6.64]","0"
"0x73ac1633a650","@P0   BRA 0x73ac1633a3c0","0"
"0x73ac1633a660","      BSYNC B1","2304"
"0x73ac1633a670","      BSSY B1, 0x73ac1633b000","2304"
"0x73ac1633a680","      LOP3.LUT P4, R6, R14, 0x3, RZ, 0xc0, !PT","2304"
"0x73ac1633a690","@!P1  BRA 0x73ac1633aff0","2304"
"0x73ac1633a6a0","      IADD3 R11, R5, 0x80, RZ","2304"
"0x73ac1633a6b0","      IADD3 R9, R5, 0x100, RZ","2304"
"0x73ac1633a6c0","      SHF.R.S32.HI R7, RZ, 0x1f, R11","2304"
"0x73ac1633a6d0","      SHF.R.S32.HI R14, RZ, 0x1f, R5","2304"
"0x73ac1633a6e0","      LEA.HI R7, R7, R11, RZ, 0x3","2304"
"0x73ac1633a6f0","      SHF.R.S32.HI R10, RZ, 0x1f, R9","2304"
"0x73ac1633a700","      LEA.HI R14, R14, R5, RZ, 0x3","2304"
"0x73ac1633a710","      LOP3.LUT R8, R7, 0xfffffff8, RZ, 0xc0, !PT","2304"
"0x73ac1633a720","      LEA.HI R10, R10, R9, RZ, 0x3","2304"
"0x73ac1633a730","      LOP3.LUT R18, R14, 0xfffffff8, RZ, 0xc0, !PT","2304"
"0x73ac1633a740","      IMAD.IADD R11, R11, 0x1, -R8","2304"
"0x73ac1633a750","      IADD3 R12, R5, 0x180, RZ","2304"
"0x73ac1633a760","      LOP3.LUT R8, R10, 0xfffffff8, RZ, 0xc0, !PT","2304"
"0x73ac1633a770","      IMAD.IADD R19, R5, 0x1, -R18","2304"
"0x73ac1633a780","      SHF.R.S32.HI R13, RZ, 0x1f, R12","2304"
"0x73ac1633a790","      SHF.R.S32.HI R14, RZ, 0x3, R14","2304"
"0x73ac1633a7a0","      IMAD.IADD R15, R9, 0x1, -R8","2304"
"0x73ac1633a7b0","      LEA.HI R16, R13, R12, RZ, 0x3","2304"
"0x73ac1633a7c0","      IMAD R8, R19, 0x8, R4","2304"
"0x73ac1633a7d0","      SHF.R.S32.HI R18, RZ, 0x1f, R14","2304"
"0x73ac1633a7e0","      LOP3.LUT R13, R16, 0xfffffff8, RZ, 0xc0, !PT","2304"
"0x73ac1633a7f0","      SHF.R.S32.HI R9, RZ, 0x1f, R8","2304"
"0x73ac1633a800","      IMAD R18, R18, c[0x0][0x180], RZ","2304"
"0x73ac1633a810","      LOP3.LUT R19, R19, 0x7, R14, 0x78, !PT","2304"
"0x73ac1633a820","      IMAD.IADD R17, R12, 0x1, -R13","2304"
"0x73ac1633a830","      SHF.R.S32.HI R7, RZ, 0x3, R7","2304"
"0x73ac1633a840","      IMAD.WIDE.U32 R12, R14, c[0x0][0x180], R8","2304"
"0x73ac1633a850","      ISETP.GE.AND P0, PT, R8, c[0x0][0x180], PT","2304"
"0x73ac1633a860","      SHF.R.S32.HI R9, RZ, 0x1f, R7","2304"
"0x73ac1633a870","      IMAD R24, R14, 0x8, R19","2304"
"0x73ac1633a880","      IADD3 R19, -R8, c[0x0][0x180], RZ","2304"
"0x73ac1633a890","      IMAD R23, R14, R3, R18","2304"
"0x73ac1633a8a0","      ISETP.GE.OR P0, PT, R14, c[0x0][0x17c], P0","2304"
"0x73ac1633a8b0","      IMAD R18, R9, c[0x0][0x180], RZ","2304"
"0x73ac1633a8c0","      SHF.R.S32.HI R14, RZ, 0x3, R10","2304"
"0x73ac1633a8d0","      IMAD R10, R11, 0x8, R4","2304"
"0x73ac1633a8e0","      IMNMX R9, R19, 0x8, PT","2304"
"0x73ac1633a8f0","      IMAD R21, R7, R3, R18","2304"
"0x73ac1633a900","      LOP3.LUT R8, R11, 0x7, R7, 0x78, !PT","2304"
"0x73ac1633a910","      IMAD.IADD R18, R13, 0x1, R23","2304"
"0x73ac1633a920","      SEL R22, R9, RZ, !P0","2304"
"0x73ac1633a930","      IMAD.SHL.U32 R24, R24, 0x8, RZ","2304"
"0x73ac1633a940","      SHF.R.S32.HI R11, RZ, 0x1f, R10","2304"
"0x73ac1633a950","      IMAD R19, R7, 0x8, R8","2304"
"0x73ac1633a960","      ISETP.GE.AND P1, PT, R10, c[0x0][0x180], PT","2304"
"0x73ac1633a970","      IMAD.SHL.U32 R27, R24, 0x2, RZ","2304"
"0x73ac1633a980","      ISETP.NE.AND P5, PT, R22, RZ, PT","2304"
"0x73ac1633a990","      IMAD.WIDE.U32 R8, R7, c[0x0][0x180], R10","2304"
"0x73ac1633a9a0","      ISETP.GE.OR P1, PT, R7, c[0x0][0x17c], P1","2304"
"0x73ac1633a9b0","      SHF.R.S32.HI R7, RZ, 0x1f, R14","2304"
"0x73ac1633a9c0","      IMAD.SHL.U32 R22, R22, 0x2, RZ","2304"
"0x73ac1633a9d0","      SEL R25, R12, RZ, P5","2304"
"0x73ac1633a9e0","      IMAD R12, R15, 0x8, R4","2304"
"0x73ac1633a9f0","      LOP3.LUT R15, R15, 0x7, R14, 0x78, !PT","2304"
"0x73ac1633aa00","      IMAD R11, R7, c[0x0][0x180], RZ","2304"
"0x73ac1633aa10","      IADD3 R7, -R10, c[0x0][0x180], RZ","2304"
"0x73ac1633aa20","      SEL R18, R18, RZ, P5","2304"
"0x73ac1633aa30","      IMAD R20, R14, 0x8, R15","2304"
"0x73ac1633aa40","      LEA R15, P6, R25, c[0x0][0x168], 0x1","2304"
"0x73ac1633aa50","      IMAD R23, R14, R3, R11","2304"
"0x73ac1633aa60","      IMNMX R7, R7, 0x8, PT","2304"
"0x73ac1633aa70","      SHF.R.S32.HI R13, RZ, 0x1f, R12","2304"
"0x73ac1633aa80","      IADD3 R26, -R22, 0x10, RZ","2304"
"0x73ac1633aa90","      LEA.HI.X R18, R25, c[0x0][0x16c], R18, 0x1, P6","2304"
"0x73ac1633aaa0","      IMAD.WIDE.U32 R10, R14, c[0x0][0x180], R12","2304"
"0x73ac1633aab0","      SEL R7, R7, RZ, !P1","2304"
"0x73ac1633aac0","      ISETP.GE.AND P0, PT, R12, c[0x0][0x180], PT","2304"
"0x73ac1633aad0","      LOP3.LUT R26, R26, 0xf, RZ, 0xc0, !PT","2304"
"0x73ac1633aae0","      SEL R15, R15, c[0x0][0x168], P5","2304"
"0x73ac1633aaf0","      SEL R18, R18, c[0x0][0x16c], P5","2304"
"0x73ac1633ab00","      SHF.R.S32.HI R13, RZ, 0x3, R16","2304"
"0x73ac1633ab10","      ISETP.NE.AND P5, PT, R7, RZ, PT","2304"
"0x73ac1633ab20","      IMAD.SHL.U32 R7, R7, 0x2, RZ","2304"
"0x73ac1633ab30","      ISETP.NE.U32.AND P6, PT, R22, RZ, PT","2304"
"0x73ac1633ab40","      IMAD.IADD R22, R9, 0x1, R21","2304"
"0x73ac1633ab50","      ISETP.GE.OR P0, PT, R14, c[0x0][0x17c], P0","2304"
"0x73ac1633ab60","      IADD3 R14, P1, R26, R15, RZ","2304"
"0x73ac1633ab70","      SEL R21, R8, RZ, P5","2304"
"0x73ac1633ab80","      IMAD R8, R17, 0x8, R4","2304"
"0x73ac1633ab90","      SHF.R.S32.HI R9, RZ, 0x1f, R13","2304"
"0x73ac1633aba0","      IMAD.X R15, RZ, RZ, R18, P1","2304"
"0x73ac1633abb0","      LOP3.LUT R18, R17, 0x7, R13, 0x78, !PT","2304"
"0x73ac1633abc0","      IADD3 R16, -R12, c[0x0][0x180], RZ","2304"
"0x73ac1633abd0","      IMAD R24, R9, c[0x0][0x180], RZ","2304"
"0x73ac1633abe0","      ISETP.GE.AND P1, PT, R8, c[0x0][0x180], PT","2304"
"0x73ac1633abf0","@!PT  LDS RZ, [RZ]","2304"
"0x73ac1633ac00","@!PT  LDS RZ, [RZ]","2304"
"0x73ac1633ac10","@!PT  LDS RZ, [RZ]","2304"
"0x73ac1633ac20","      LDGSTS.E.128.ZFILL P6, [R27][R14.64]","2304"
"0x73ac1633ac30","      SHF.R.S32.HI R9, RZ, 0x1f, R8","2304"
"0x73ac1633ac40","      IMAD R18, R13, 0x8, R18","2304"
"0x73ac1633ac50","      ISETP.GE.OR P1, PT, R13, c[0x0][0x17c], P1","2304"
"0x73ac1633ac60","      IMAD R25, R13, R3, R24","2304"
"0x73ac1633ac70","      IMNMX R16, R16, 0x8, PT","2304"
"0x73ac1633ac80","      IMAD.WIDE.U32 R12, R13, c[0x0][0x180], R8","2304"
"0x73ac1633ac90","      SEL R22, R22, RZ, P5","2304"
"0x73ac1633aca0","      IADD3 R9, -R7, 0x10, RZ","2304"
"0x73ac1633acb0","      SEL R16, R16, RZ, !P0","2304"
"0x73ac1633acc0","      LEA R14, P6, R21, c[0x0][0x168], 0x1","2304"
"0x73ac1633acd0","      LOP3.LUT R9, R9, 0xf, RZ, 0xc0, !PT","2304"
"0x73ac1633ace0","      LEA.HI.X R17, R21, c[0x0][0x16c], R22, 0x1, P6","2304"
"0x73ac1633acf0","      ISETP.NE.U32.AND P6, PT, R7, RZ, PT","2304"
"0x73ac1633ad00","      SEL R14, R14, c[0x0][0x168], P5","2304"
"0x73ac1633ad10","      IADD3 R7, -R8, c[0x0][0x180], RZ","2304"
"0x73ac1633ad20","      ISETP.NE.AND P0, PT, R16, RZ, PT","2304"
"0x73ac1633ad30","      IMAD.SHL.U32 R16, R16, 0x2, RZ","2304"
"0x73ac1633ad40","      SEL R17, R17, c[0x0][0x16c], P5","2304"
"0x73ac1633ad50","      IADD3 R8, P5, R9, R14, RZ","2304"
"0x73ac1633ad60","      IMAD.IADD R14, R11, 0x1, R23","2304"
"0x73ac1633ad70","      IMNMX R7, R7, 0x8, PT","2304"
"0x73ac1633ad80","      SEL R15, R10, RZ, P0","2304"
"0x73ac1633ad90","      IMAD.X R9, RZ, RZ, R17, P5","2304"
"0x73ac1633ada0","      SEL R11, R7, RZ, !P1","2304"
"0x73ac1633adb0","      IADD3 R7, -R16, 0x10, RZ","2304"
"0x73ac1633adc0","      LEA R10, P5, R15, c[0x0][0x168], 0x1","2304"
"0x73ac1633add0","      SEL R14, R14, RZ, P0","2304"
"0x73ac1633ade0","      ISETP.NE.AND P1, PT, R11, RZ, PT","2304"
"0x73ac1633adf0","      LOP3.LUT R7, R7, 0xf, RZ, 0xc0, !PT","2304"
"0x73ac1633ae00","      SEL R10, R10, c[0x0][0x168], P0","2304"
"0x73ac1633ae10","      LEA.HI.X R15, R15, c[0x0][0x16c], R14, 0x1, P5","2304"
"0x73ac1633ae20","      IMAD.IADD R14, R13, 0x1, R25","2304"
"0x73ac1633ae30","      SEL R13, R12, RZ, P1","2304"
"0x73ac1633ae40","      IADD3 R10, P5, R7, R10, RZ","2304"
"0x73ac1633ae50","      IMAD.SHL.U32 R7, R11, 0x2, RZ","2304"
"0x73ac1633ae60","      SEL R12, R15, c[0x0][0x16c], P0","2304"
"0x73ac1633ae70","      SEL R14, R14, RZ, P1","2304"
"0x73ac1633ae80","      LEA R15, P0, R13, c[0x0][0x168], 0x1","2304"
"0x73ac1633ae90","      IMAD.X R11, RZ, RZ, R12, P5","2304"
"0x73ac1633aea0","      IADD3 R12, -R7, 0x10, RZ","2304"
"0x73ac1633aeb0","      ISETP.NE.U32.AND P5, PT, R16, RZ, PT","2304"
"0x73ac1633aec0","      LEA.HI.X R16, R13, c[0x0][0x16c], R14, 0x1, P0","2304"
"0x73ac1633aed0","      IMAD.SHL.U32 R13, R20, 0x8, RZ","2304"
"0x73ac1633aee0","      LOP3.LUT R12, R12, 0xf, RZ, 0xc0, !PT","2304"
"0x73ac1633aef0","      IMAD.SHL.U32 R14, R18, 0x8, RZ","2304"
"0x73ac1633af00","      SEL R15, R15, c[0x0][0x168], P1","2304"
"0x73ac1633af10","      ISETP.NE.U32.AND P0, PT, R7, RZ, PT","2304"
"0x73ac1633af20","      IMAD.SHL.U32 R7, R19, 0x8, RZ","2304"
"0x73ac1633af30","      SEL R16, R16, c[0x0][0x16c], P1","2304"
"0x73ac1633af40","      IMAD.SHL.U32 R17, R14, 0x2, RZ","2304"
"0x73ac1633af50","      IADD3 R12, P1, R12, R15, RZ","2304"
"0x73ac1633af60","      IMAD.SHL.U32 R7, R7, 0x2, RZ","2304"
"0x73ac1633af70","      IMAD.SHL.U32 R15, R13, 0x2, RZ","2304"
"0x73ac1633af80","      IMAD.X R13, RZ, RZ, R16, P1","2304"
"0x73ac1633af90","      LDGSTS.E.128.ZFILL P6, [R7][R8.64]","2304"
"0x73ac1633afa0","      LDGSTS.E.128.ZFILL P5, [R15][R10.64]","2304"
"0x73ac1633afb0","      LDGSTS.E.128.ZFILL P0, [R17][R12.64]","2304"
"0x73ac1633afc0","      ISETP.GE.AND P0, PT, R5, RZ, PT","2304"
"0x73ac1633afd0","      IADD3 R5, R5, 0x200, RZ","2304"
"0x73ac1633afe0","@!P0  BRA 0x73ac1633a6a0","2304"
"0x73ac1633aff0","      BSYNC B1","2304"
"0x73ac1633b000","      BSSY B1, 0x73ac1633b320","2304"
"0x73ac1633b010","      SHF.R.S32.HI R2, RZ, 0x1f, R2","2304"
"0x73ac1633b020","      IMAD.SHL.U32 R3, R117, 0x40, RZ","2304"
"0x73ac1633b030","      IMAD.MOV.U32 R4, RZ, RZ, R0","2304"
"0x73ac1633b040","@!P4  BRA 0x73ac1633b310","2304"
"0x73ac1633b050","      IMAD.MOV.U32 R5, RZ, RZ, R6","0"
"0x73ac1633b060","      IMAD.MOV.U32 R4, RZ, RZ, R0","0"
"0x73ac1633b070","      SHF.R.S32.HI R7, RZ, 0x1f, R4","0"
"0x73ac1633b080","      IADD3 R5, R5, -0x1, RZ","0"
"0x73ac1633b090","      LEA.HI R7, R7, R4, RZ, 0x3","0"
"0x73ac1633b0a0","      LOP3.LUT R9, R7, 0xfffffff8, RZ, 0xc0, !PT","0"
"0x73ac1633b0b0","      IMAD.IADD R8, R4, 0x1, -R9","0"
"0x73ac1633b0c0","      SHF.R.S32.HI R9, RZ, 0x3, R7","0"
"0x73ac1633b0d0","      IADD3 R4, R4, 0x80, RZ","0"
"0x73ac1633b0e0","      IMAD R6, R8, 0x8, R3","0"
"0x73ac1633b0f0","      SHF.R.S32.HI R10, RZ, 0x1f, R9","0"
"0x73ac1633b100","      LOP3.LUT R8, R8, 0x7, R9, 0x78, !PT","0"
"0x73ac1633b110","      ISETP.GE.AND P0, PT, R6, c[0x0][0x184], PT","0"
"0x73ac1633b120","      IMAD R11, R10, c[0x0][0x184], RZ","0"
"0x73ac1633b130","      IADD3 R7, -R6, c[0x0][0x184], RZ","0"
"0x73ac1633b140","      IMAD R8, R9, 0x8, R8","0"
"0x73ac1633b150","      ISETP.GE.OR P0, PT, R9, c[0x0][0x17c], P0","0"
"0x73ac1633b160","      IMAD R13, R9, R2, R11","0"
"0x73ac1633b170","      IMNMX R10, R7, 0x8, PT","0"
"0x73ac1633b180","      IMAD.SHL.U32 R8, R8, 0x8, RZ","0"
"0x73ac1633b190","      SHF.R.S32.HI R7, RZ, 0x1f, R6","0"
"0x73ac1633b1a0","      SEL R10, R10, RZ, !P0","0"
"0x73ac1633b1b0","      IMAD.WIDE.U32 R6, R9, c[0x0][0x184], R6","0"
"0x73ac1633b1c0","      ISETP.NE.AND P0, PT, R10, RZ, PT","0"
"0x73ac1633b1d0","      IMAD.SHL.U32 R10, R10, 0x2, RZ","0"
"0x73ac1633b1e0","      SEL R11, R6, RZ, P0","0"
"0x73ac1633b1f0","      IMAD.IADD R12, R7, 0x1, R13","0"
"0x73ac1633b200","      IADD3 R6, -R10, 0x10, RZ","0"
"0x73ac1633b210","      LEA R7, P1, R11, c[0x0][0x170], 0x1","0"
"0x73ac1633b220","      SEL R12, R12, RZ, P0","0"
"0x73ac1633b230","      LOP3.LUT R6, R6, 0xf, RZ, 0xc0, !PT","0"
"0x73ac1633b240","      SEL R7, R7, c[0x0][0x170], P0","0"
"0x73ac1633b250","      LEA.HI.X R9, R11, c[0x0][0x174], R12, 0x1, P1","0"
"0x73ac1633b260","      ISETP.NE.U32.AND P1, PT, R10, RZ, PT","0"
"0x73ac1633b270","      IADD3 R6, P4, R6, R7, RZ","0"
"0x73ac1633b280","      SEL R7, R9, c[0x0][0x174], P0","0"
"0x73ac1633b290","      IMAD.SHL.U32 R9, R8, 0x2, RZ","0"
"0x73ac1633b2a0","      ISETP.NE.AND P0, PT, R5, RZ, PT","0"
"0x73ac1633b2b0","      IMAD.X R7, RZ, RZ, R7, P4","0"
"0x73ac1633b2c0","@!PT  LDS RZ, [RZ]","0"
"0x73ac1633b2d0","@!PT  LDS RZ, [RZ]","0"
"0x73ac1633b2e0","@!PT  LDS RZ, [RZ]","0"
"0x73ac1633b2f0","      LDGSTS.E.128.ZFILL P1, [R9+0x4000][R6.64]","0"
"0x73ac1633b300","@P0   BRA 0x73ac1633b070","0"
"0x73ac1633b310","      BSYNC B1","2304"
"0x73ac1633b320","@!P2  BRA 0x73ac1633bc80","2304"
"0x73ac1633b330","      IADD3 R13, R4, 0x80, RZ","2304"
"0x73ac1633b340","      IADD3 R7, R4, 0x100, RZ","2304"
"0x73ac1633b350","      SHF.R.S32.HI R5, RZ, 0x1f, R13","2304"
"0x73ac1633b360","      IADD3 R10, R4, 0x180, RZ","2304"
"0x73ac1633b370","      LEA.HI R5, R5, R13, RZ, 0x3","2304"
"0x73ac1633b380","      SHF.R.S32.HI R9, RZ, 0x1f, R4","2304"
"0x73ac1633b390","      SHF.R.S32.HI R8, RZ, 0x1f, R7","2304"
"0x73ac1633b3a0","      LOP3.LUT R6, R5, 0xfffffff8, RZ, 0xc0, !PT","2304"
"0x73ac1633b3b0","      SHF.R.S32.HI R11, RZ, 0x1f, R10","2304"
"0x73ac1633b3c0","      LEA.HI R12, R9, R4, RZ, 0x3","2304"
"0x73ac1633b3d0","      IMAD.IADD R6, R13, 0x1, -R6","2304"
"0x73ac1633b3e0","      LEA.HI R9, R8, R7, RZ, 0x3","2304"
"0x73ac1633b3f0","      LEA.HI R16, R11, R10, RZ, 0x3","2304"
"0x73ac1633b400","      LOP3.LUT R13, R12, 0xfffffff8, RZ, 0xc0, !PT","2304"
"0x73ac1633b410","      LOP3.LUT R8, R9, 0xfffffff8, RZ, 0xc0, !PT","2304"
"0x73ac1633b420","      SHF.R.S32.HI R15, RZ, 0x3, R12","2304"
"0x73ac1633b430","      IMAD.IADD R12, R4, 0x1, -R13","2304"
"0x73ac1633b440","      LOP3.LUT R11, R16, 0xfffffff8, RZ, 0xc0, !PT","2304"
"0x73ac1633b450","      IMAD.IADD R14, R7, 0x1, -R8","2304"
"0x73ac1633b460","      SHF.R.S32.HI R7, RZ, 0x1f, R15","2304"
"0x73ac1633b470","      SHF.R.S32.HI R5, RZ, 0x3, R5","2304"
"0x73ac1633b480","      IMAD.IADD R18, R10, 0x1, -R11","2304"
"0x73ac1633b490","      IMAD R10, R12, 0x8, R3","2304"
"0x73ac1633b4a0","      LOP3.LUT R12, R12, 0x7, R15, 0x78, !PT","2304"
"0x73ac1633b4b0","      IMAD R8, R7, c[0x0][0x184], RZ","2304"
"0x73ac1633b4c0","      SHF.R.S32.HI R7, RZ, 0x1f, R5","2304"
"0x73ac1633b4d0","      SHF.R.S32.HI R11, RZ, 0x1f, R10","2304"
"0x73ac1633b4e0","      IMAD R25, R15, R2, R8","2304"
"0x73ac1633b4f0","      ISETP.GE.AND P0, PT, R10, c[0x0][0x184], PT","2304"
"0x73ac1633b500","      IMAD R8, R6, 0x8, R3","2304"
"0x73ac1633b510","      LOP3.LUT R6, R6, 0x7, R5, 0x78, !PT","2304"
"0x73ac1633b520","      IMAD R24, R15, 0x8, R12","2304"
"0x73ac1633b530","      ISETP.GE.OR P2, PT, R15, c[0x0][0x17c], P0","2304"
"0x73ac1633b540","      IMAD.WIDE.U32 R12, R15, c[0x0][0x184], R10","2304"
"0x73ac1633b550","      SHF.R.S32.HI R15, RZ, 0x3, R9","2304"
"0x73ac1633b560","      SHF.R.S32.HI R9, RZ, 0x1f, R8","2304"
"0x73ac1633b570","      IMAD R7, R7, c[0x0][0x184], RZ","2304"
"0x73ac1633b580","      ISETP.GE.AND P0, PT, R8, c[0x0][0x184], PT","2304"
"0x73ac1633b590","      IMAD R17, R5, 0x8, R6","2304"
"0x73ac1633b5a0","      SHF.R.S32.HI R11, RZ, 0x1f, R15","2304"
"0x73ac1633b5b0","      IMAD R19, R5, R2, R7","2304"
"0x73ac1633b5c0","      ISETP.GE.OR P0, PT, R5, c[0x0][0x17c], P0","2304"
"0x73ac1633b5d0","      IMAD.WIDE.U32 R6, R5, c[0x0][0x184], R8","2304"
"0x73ac1633b5e0","      IADD3 R5, -R10, c[0x0][0x184], RZ","2304"
"0x73ac1633b5f0","      IMAD R10, R14, 0x8, R3","2304"
"0x73ac1633b600","      IMNMX R20, R5, 0x8, PT","2304"
"0x73ac1633b610","      IMAD R9, R11, c[0x0][0x184], RZ","2304"
"0x73ac1633b620","      IADD3 R5, -R8, c[0x0][0x184], RZ","2304"
"0x73ac1633b630","      IMAD.IADD R25, R13, 0x1, R25","2304"
"0x73ac1633b640","      SHF.R.S32.HI R11, RZ, 0x1f, R10","2304"
"0x73ac1633b650","      IMAD R21, R15, R2, R9","2304"
"0x73ac1633b660","      ISETP.GE.AND P1, PT, R10, c[0x0][0x184], PT","2304"
"0x73ac1633b670","      IMAD.SHL.U32 R24, R24, 0x8, RZ","2304"
"0x73ac1633b680","      SEL R23, R20, RZ, !P2","2304"
"0x73ac1633b690","      IMAD.WIDE.U32 R8, R15, c[0x0][0x184], R10","2304"
"0x73ac1633b6a0","      IMNMX R5, R5, 0x8, PT","2304"
"0x73ac1633b6b0","      IADD3 R10, -R10, c[0x0][0x184], RZ","2304"
"0x73ac1633b6c0","      IMAD.IADD R20, R9, 0x1, R21","2304"
"0x73ac1633b6d0","      ISETP.NE.AND P2, PT, R23, RZ, PT","2304"
"0x73ac1633b6e0","      IMAD.SHL.U32 R23, R23, 0x2, RZ","2304"
"0x73ac1633b6f0","      ISETP.GE.OR P1, PT, R15, c[0x0][0x17c], P1","2304"
"0x73ac1633b700","      SEL R5, R5, RZ, !P0","2304"
"0x73ac1633b710","      IMNMX R11, R10, 0x8, PT","2304"
"0x73ac1633b720","      IMAD R10, R18, 0x8, R3","2304"
"0x73ac1633b730","      LOP3.LUT R14, R14, 0x7, R15, 0x78, !PT","2304"
"0x73ac1633b740","      SEL R26, R12, RZ, P2","2304"
"0x73ac1633b750","      ISETP.NE.AND P4, PT, R5, RZ, PT","2304"
"0x73ac1633b760","      IMAD R14, R15, 0x8, R14","2304"
"0x73ac1633b770","      SEL R12, R11, RZ, !P1","2304"
"0x73ac1633b780","      IMAD.SHL.U32 R5, R5, 0x2, RZ","2304"
"0x73ac1633b790","      SHF.R.S32.HI R15, RZ, 0x3, R16","2304"
"0x73ac1633b7a0","      IMAD.IADD R16, R7, 0x1, R19","2304"
"0x73ac1633b7b0","      SEL R22, R6, RZ, P4","2304"
"0x73ac1633b7c0","      ISETP.NE.AND P1, PT, R12, RZ, PT","2304"
"0x73ac1633b7d0","      IMAD.SHL.U32 R12, R12, 0x2, RZ","2304"
"0x73ac1633b7e0","      ISETP.GE.AND P0, PT, R10, c[0x0][0x184], PT","2304"
"0x73ac1633b7f0","      IADD3 R6, -R10, c[0x0][0x184], RZ","2304"
"0x73ac1633b800","      SHF.R.S32.HI R13, RZ, 0x1f, R15","2304"
"0x73ac1633b810","      SEL R19, R8, RZ, P1","2304"
"0x73ac1633b820","      ISETP.GE.OR P0, PT, R15, c[0x0][0x17c], P0","2304"
"0x73ac1633b830","      IMAD R13, R13, c[0x0][0x184], RZ","2304"
"0x73ac1633b840","      IMNMX R8, R6, 0x8, PT","2304"
"0x73ac1633b850","      SHF.R.S32.HI R11, RZ, 0x1f, R10","2304"
"0x73ac1633b860","      IMAD R13, R15, R2, R13","2304"
"0x73ac1633b870","      SEL R25, R25, RZ, P2","2304"
"0x73ac1633b880","      LEA R9, P6, R26, c[0x0][0x170], 0x1","2304"
"0x73ac1633b890","      IMAD.WIDE.U32 R6, R15, c[0x0][0x184], R10","2304"
"0x73ac1633b8a0","      SEL R8, R8, RZ, !P0","2304"
"0x73ac1633b8b0","      ISETP.NE.U32.AND P5, PT, R23, RZ, PT","2304"
"0x73ac1633b8c0","      IMAD.IADD R10, R7, 0x1, R13","2304"
"0x73ac1633b8d0","      IADD3 R23, -R23, 0x10, RZ","2304"
"0x73ac1633b8e0","      LEA.HI.X R25, R26, c[0x0][0x174], R25, 0x1, P6","2304"
"0x73ac1633b8f0","      ISETP.NE.AND P0, PT, R8, RZ, PT","2304"
"0x73ac1633b900","      IMAD.SHL.U32 R8, R8, 0x2, RZ","2304"
"0x73ac1633b910","      LOP3.LUT R26, R23, 0xf, RZ, 0xc0, !PT","2304"
"0x73ac1633b920","      SEL R9, R9, c[0x0][0x170], P2","2304"
"0x73ac1633b930","      SEL R13, R6, RZ, P0","2304"
"0x73ac1633b940","      SEL R25, R25, c[0x0][0x174], P2","2304"
"0x73ac1633b950","      LOP3.LUT R18, R18, 0x7, R15, 0x78, !PT","2304"
"0x73ac1633b960","      SEL R7, R16, RZ, P4","2304"
"0x73ac1633b970","      LEA R21, P6, R22, c[0x0][0x170], 0x1","2304"
"0x73ac1633b980","      IMAD R11, R15, 0x8, R18","2304"
"0x73ac1633b990","      IADD3 R6, P2, R26, R9, RZ","2304"
"0x73ac1633b9a0","      IMAD.SHL.U32 R15, R24, 0x2, RZ","2304"
"0x73ac1633b9b0","      LEA.HI.X R22, R22, c[0x0][0x174], R7, 0x1, P6","2304"
"0x73ac1633b9c0","      IMAD.SHL.U32 R11, R11, 0x8, RZ","2304"
"0x73ac1633b9d0","      SEL R20, R20, RZ, P1","2304"
"0x73ac1633b9e0","      IMAD.X R7, RZ, RZ, R25, P2","2304"
"0x73ac1633b9f0","      SEL R10, R10, RZ, P0","2304"
"0x73ac1633ba00","      LEA R16, P2, R19, c[0x0][0x170], 0x1","2304"
"0x73ac1633ba10","      LEA R9, P6, R13, c[0x0][0x170], 0x1","2304"
"0x73ac1633ba20","@!PT  LDS RZ, [RZ]","2304"
"0x73ac1633ba30","@!PT  LDS RZ, [RZ]","2304"
"0x73ac1633ba40","@!PT  LDS RZ, [RZ]","2304"
"0x73ac1633ba50","      LDGSTS.E.128.ZFILL P5, [R15+0x4000][R6.64]","2304"
"0x73ac1633ba60","      ISETP.NE.U32.AND P5, PT, R5, RZ, PT","2304"
"0x73ac1633ba70","      IADD3 R5, -R5, 0x10, RZ","2304"
"0x73ac1633ba80","      LEA.HI.X R18, R19, c[0x0][0x174], R20, 0x1, P2","2304"
"0x73ac1633ba90","      LEA.HI.X R13, R13, c[0x0][0x174], R10, 0x1, P6","2304"
"0x73ac1633baa0","      SEL R10, R21, c[0x0][0x170], P4","2304"
"0x73ac1633bab0","      SEL R19, R22, c[0x0][0x174], P4","2304"
"0x73ac1633bac0","      ISETP.NE.U32.AND P4, PT, R8, RZ, PT","2304"
"0x73ac1633bad0","      LOP3.LUT R5, R5, 0xf, RZ, 0xc0, !PT","2304"
"0x73ac1633bae0","      ISETP.NE.U32.AND P2, PT, R12, RZ, PT","2304"
"0x73ac1633baf0","      IADD3 R8, -R8, 0x10, RZ","2304"
"0x73ac1633bb00","      IADD3 R12, -R12, 0x10, RZ","2304"
"0x73ac1633bb10","      SEL R15, R16, c[0x0][0x170], P1","2304"
"0x73ac1633bb20","      SEL R16, R18, c[0x0][0x174], P1","2304"
"0x73ac1633bb30","      IADD3 R6, P1, R5, R10, RZ","2304"
"0x73ac1633bb40","      IMAD.SHL.U32 R5, R17, 0x8, RZ","2304"
"0x73ac1633bb50","      LOP3.LUT R10, R8, 0xf, RZ, 0xc0, !PT","2304"
"0x73ac1633bb60","      SEL R9, R9, c[0x0][0x170], P0","2304"
"0x73ac1633bb70","      IMAD.X R7, RZ, RZ, R19, P1","2304"
"0x73ac1633bb80","      LOP3.LUT R12, R12, 0xf, RZ, 0xc0, !PT","2304"
"0x73ac1633bb90","      IMAD.SHL.U32 R5, R5, 0x2, RZ","2304"
"0x73ac1633bba0","      IADD3 R10, P6, R10, R9, RZ","2304"
"0x73ac1633bbb0","      IMAD.SHL.U32 R9, R14, 0x8, RZ","2304"
"0x73ac1633bbc0","      IADD3 R8, P1, R12, R15, RZ","2304"
"0x73ac1633bbd0","      IMAD.SHL.U32 R15, R11, 0x2, RZ","2304"
"0x73ac1633bbe0","      SEL R12, R13, c[0x0][0x174], P0","2304"
"0x73ac1633bbf0","      IMAD.SHL.U32 R13, R9, 0x2, RZ","2304"
"0x73ac1633bc00","      LDGSTS.E.128.ZFILL P5, [R5+0x4000][R6.64]","2304"
"0x73ac1633bc10","      IMAD.X R9, RZ, RZ, R16, P1","2304"
"0x73ac1633bc20","      ISETP.GE.AND P0, PT, R4, RZ, PT","2304"
"0x73ac1633bc30","      IMAD.X R11, RZ, RZ, R12, P6","2304"
"0x73ac1633bc40","      IADD3 R4, R4, 0x200, RZ","2304"
"0x73ac1633bc50","      LDGSTS.E.128.ZFILL P2, [R13+0x4000][R8.64]","2304"
"0x73ac1633bc60","      LDGSTS.E.128.ZFILL P4, [R15+0x4000][R10.64]","2304"
"0x73ac1633bc70","@!P0  BRA 0x73ac1633b330","2304"
"0x73ac1633bc80","      BSYNC B0","2304"
"0x73ac1633bc90","      LDGDEPBAR","2304"
"0x73ac1633bca0","      BRA 0x73ac1633ce60","2304"
"0x73ac1633bcb0","      ISETP.GT.AND P0, PT, R0, 0xfff, PT","0"
"0x73ac1633bcc0","      BSSY B0, 0x73ac1633ce60","0"
"0x73ac1633bcd0","@P0   BRA 0x73ac1633ce50","0"
"0x73ac1633bce0","      IMNMX R3, R0, 0xf80, !PT","0"
"0x73ac1633bcf0","      BSSY B1, 0x73ac1633bfb0","0"
"0x73ac1633bd00","      IMNMX R5, R0, 0xf80, !PT","0"
"0x73ac1633bd10","      IMAD.MOV.U32 R20, RZ, RZ, c[0x0][0x184]","0"
"0x73ac1633bd20","      IADD3 R3, -R0, 0x7f, R3","0"
"0x73ac1633bd30","      IMAD.MOV.U32 R12, RZ, RZ, R0","0"
"0x73ac1633bd40","      IADD3 R5, -R0, 0x7f, R5","0"
"0x73ac1633bd50","      LEA.HI R2, R3, 0x1, RZ, 0x19","0"
"0x73ac1633bd60","      LEA.HI R4, R5, 0x1, RZ, 0x19","0"
"0x73ac1633bd70","      LOP3.LUT P0, R2, R2, 0x3, RZ, 0xc0, !PT","0"
"0x73ac1633bd80","      ISETP.GE.U32.AND P1, PT, R3, 0x180, PT","0"
"0x73ac1633bd90","      ISETP.GE.U32.AND P4, PT, R5, 0x180, PT","0"
"0x73ac1633bda0","      LOP3.LUT P5, R22, R4, 0x3, RZ, 0xc0, !PT","0"
"0x73ac1633bdb0","      SHF.R.S32.HI R18, RZ, 0x1f, R7","0"
"0x73ac1633bdc0","@!P0  BRA 0x73ac1633bfa0","0"
"0x73ac1633bdd0","      IMAD.MOV.U32 R6, RZ, RZ, R2","0"
"0x73ac1633bde0","      IMAD.MOV.U32 R12, RZ, RZ, R0","0"
"0x73ac1633bdf0","      SHF.R.S32.HI R3, RZ, 0x1f, R12","0"
"0x73ac1633be00","      LEA.HI R3, R3, R12, RZ, 0x6","0"
"0x73ac1633be10","      LOP3.LUT R5, R3, 0xffffffc0, RZ, 0xc0, !PT","0"
"0x73ac1633be20","      SHF.R.S32.HI R9, RZ, 0x6, R3","0"
"0x73ac1633be30","      IMAD.IADD R7, R12, 0x1, -R5","0"
"0x73ac1633be40","      IMAD R2, R118, 0x40, R7","0"
"0x73ac1633be50","      ISETP.GE.AND P0, PT, R2, c[0x0][0x180], PT","0"
"0x73ac1633be60","      ISETP.LT.AND P0, PT, R9, c[0x0][0x17c], !P0","0"
"0x73ac1633be70","@P0   SHF.R.S32.HI R4, RZ, 0x1f, R9","0"
"0x73ac1633be80","@P0   SHF.R.S32.HI R3, RZ, 0x1f, R2","0"
"0x73ac1633be90","@P0   IMAD R4, R4, c[0x0][0x180], RZ","0"
"0x73ac1633bea0","@P0   IMAD.WIDE.U32 R2, R9, c[0x0][0x180], R2","0"
"0x73ac1633beb0","@P0   IMAD R5, R9, R18, R4","0"
"0x73ac1633bec0","@P0   LEA R4, P2, R2, c[0x0][0x168], 0x1","0"
"0x73ac1633bed0","@P0   IMAD.IADD R3, R3, 0x1, R5","0"
"0x73ac1633bee0","@P0   LEA.HI.X R5, R2, c[0x0][0x16c], R3, 0x1, P2","0"
"0x73ac1633bef0","@!P0  PRMT R2, RZ, 0x7610, R2","0"
"0x73ac1633bf00","@P0   LDG.E.U16 R2, [R4.64]","0"
"0x73ac1633bf10","      IMAD.SHL.U32 R3, R9, 0x8, RZ","0"
"0x73ac1633bf20","      IADD3 R6, R6, -0x1, RZ","0"
"0x73ac1633bf30","      IADD3 R12, R12, 0x80, RZ","0"
"0x73ac1633bf40","      LOP3.LUT R3, R7, 0x38, R3, 0x78, !PT","0"
"0x73ac1633bf50","      ISETP.NE.AND P0, PT, R6, RZ, PT","0"
"0x73ac1633bf60","      IMAD R3, R9, 0x40, R3","0"
"0x73ac1633bf70","      IMAD.SHL.U32 R3, R3, 0x2, RZ","0"
"0x73ac1633bf80","      STS.U16 [R3], R2","0"
"0x73ac1633bf90","@P0   BRA 0x73ac1633bdf0","0"
"0x73ac1633bfa0","      BSYNC B1","0"
"0x73ac1633bfb0","      BSSY B1, 0x73ac1633c600","0"
"0x73ac1633bfc0","@!P1  BRA 0x73ac1633c5f0","0"
"0x73ac1633bfd0","      SHF.R.S32.HI R3, RZ, 0x1f, R12","0"
"0x73ac1633bfe0","      IADD3 R4, R12, 0x80, RZ","0"
"0x73ac1633bff0","      LEA.HI R3, R3, R12, RZ, 0x6","0"
"0x73ac1633c000","      IADD3 R6, R12, 0x100, RZ","0"
"0x73ac1633c010","      LOP3.LUT R5, R3, 0xffffffc0, RZ, 0xc0, !PT","0"
"0x73ac1633c020","      SHF.R.S32.HI R19, RZ, 0x6, R3","0"
"0x73ac1633c030","      SHF.R.S32.HI R3, RZ, 0x1f, R4","0"
"0x73ac1633c040","      IMAD.IADD R17, R12, 0x1, -R5","0"
"0x73ac1633c050","      IADD3 R8, R12, 0x180, RZ","0"
"0x73ac1633c060","      SHF.R.S32.HI R7, RZ, 0x1f, R6","0"
"0x73ac1633c070","      IMAD R2, R118, 0x40, R17","0"
"0x73ac1633c080","      LEA.HI R5, R3, R4, RZ, 0x6","0"
"0x73ac1633c090","      SHF.R.S32.HI R9, RZ, 0x1f, R8","0"
"0x73ac1633c0a0","      ISETP.GE.AND P1, PT, R2, c[0x0][0x180], PT","0"
"0x73ac1633c0b0","      LEA.HI R7, R7, R6, RZ, 0x6","0"
"0x73ac1633c0c0","      ISETP.LT.AND P1, PT, R19, c[0x0][0x17c], !P1","0"
"0x73ac1633c0d0","      LOP3.LUT R3, R5, 0xffffffc0, RZ, 0xc0, !PT","0"
"0x73ac1633c0e0","      LEA.HI R11, R9, R8, RZ, 0x6","0"
"0x73ac1633c0f0","      LOP3.LUT R9, R7, 0xffffffc0, RZ, 0xc0, !PT","0"
"0x73ac1633c100","      IMAD.IADD R23, R4, 0x1, -R3","0"
"0x73ac1633c110","      LOP3.LUT R13, R11, 0xffffffc0, RZ, 0xc0, !PT","0"
"0x73ac1633c120","      SHF.R.S32.HI R21, RZ, 0x6, R5","0"
"0x73ac1633c130","      IMAD.IADD R27, R6, 0x1, -R9","0"
"0x73ac1633c140","      SHF.R.S32.HI R25, RZ, 0x6, R7","0"
"0x73ac1633c150","      IMAD R6, R118, 0x40, R23","0"
"0x73ac1633c160","@P1   SHF.R.S32.HI R4, RZ, 0x1f, R19","0"
"0x73ac1633c170","      IMAD.IADD R31, R8, 0x1, -R13","0"
"0x73ac1633c180","@P1   SHF.R.S32.HI R3, RZ, 0x1f, R2","0"
"0x73ac1633c190","      IMAD R8, R118, 0x40, R27","0"
"0x73ac1633c1a0","      ISETP.GE.AND P0, PT, R6, c[0x0][0x180], PT","0"
"0x73ac1633c1b0","@P1   IMAD R4, R4, c[0x0][0x180], RZ","0"
"0x73ac1633c1c0","      SHF.R.S32.HI R29, RZ, 0x6, R11","0"
"0x73ac1633c1d0","@P1   IMAD.WIDE.U32 R2, R19, c[0x0][0x180], R2","0"
"0x73ac1633c1e0","      ISETP.LT.AND P0, PT, R21, c[0x0][0x17c], !P0","0"
"0x73ac1633c1f0","      ISETP.GE.AND P2, PT, R8, c[0x0][0x180], PT","0"
"0x73ac1633c200","@P1   IMAD R9, R19, R18, R4","0"
"0x73ac1633c210","@P1   LEA R4, P6, R2, c[0x0][0x168], 0x1","0"
"0x73ac1633c220","      IMAD R10, R118, 0x40, R31","0"
"0x73ac1633c230","      ISETP.LT.AND P2, PT, R25, c[0x0][0x17c], !P2","0"
"0x73ac1633c240","@P1   IMAD.IADD R3, R3, 0x1, R9","0"
"0x73ac1633c250","@!P1  PRMT R13, RZ, 0x7610, R13","0"
"0x73ac1633c260","@P1   LEA.HI.X R5, R2, c[0x0][0x16c], R3, 0x1, P6","0"
"0x73ac1633c270","      ISETP.GE.AND P6, PT, R10, c[0x0][0x180], PT","0"
"0x73ac1633c280","@P0   SHF.R.S32.HI R2, RZ, 0x1f, R21","0"
"0x73ac1633c290","@P1   LDG.E.U16 R13, [R4.64]","0"
"0x73ac1633c2a0","      ISETP.LT.AND P6, PT, R29, c[0x0][0x17c], !P6","0"
"0x73ac1633c2b0","@P0   SHF.R.S32.HI R7, RZ, 0x1f, R6","0"
"0x73ac1633c2c0","@P0   IMAD R11, R2, c[0x0][0x180], RZ","0"
"0x73ac1633c2d0","@P2   SHF.R.S32.HI R14, RZ, 0x1f, R25","0"
"0x73ac1633c2e0","@P2   SHF.R.S32.HI R9, RZ, 0x1f, R8","0"
"0x73ac1633c2f0","@P0   IMAD.WIDE.U32 R2, R21, c[0x0][0x180], R6","0"
"0x73ac1633c300","@P0   IMAD R15, R21, R18, R11","0"
"0x73ac1633c310","@P6   SHF.R.S32.HI R7, RZ, 0x1f, R29","0"
"0x73ac1633c320","@P2   IMAD R14, R14, c[0x0][0x180], RZ","0"
"0x73ac1633c330","@P6   SHF.R.S32.HI R11, RZ, 0x1f, R10","0"
"0x73ac1633c340","@P0   IMAD.IADD R3, R3, 0x1, R15","0"
"0x73ac1633c350","@P0   LEA R6, P1, R2, c[0x0][0x168], 0x1","0"
"0x73ac1633c360","@P2   IMAD.WIDE.U32 R4, R25, c[0x0][0x180], R8","0"
"0x73ac1633c370","@P2   IMAD R15, R25, R18, R14","0"
"0x73ac1633c380","@P6   IMAD R16, R7, c[0x0][0x180], RZ","0"
"0x73ac1633c390","@P0   LEA.HI.X R7, R2, c[0x0][0x16c], R3, 0x1, P1","0"
"0x73ac1633c3a0","@P6   IMAD.WIDE.U32 R8, R29, c[0x0][0x180], R10","0"
"0x73ac1633c3b0","@P2   LEA R2, P1, R4, c[0x0][0x168], 0x1","0"
"0x73ac1633c3c0","@P2   IMAD.IADD R3, R5, 0x1, R15","0"
"0x73ac1633c3d0","@P6   IMAD R11, R29, R18, R16","0"
"0x73ac1633c3e0","@P2   LEA.HI.X R3, R4, c[0x0][0x16c], R3, 0x1, P1","0"
"0x73ac1633c3f0","@P6   IMAD.IADD R5, R9, 0x1, R11","0"
"0x73ac1633c400","@P6   LEA R4, P1, R8, c[0x0][0x168], 0x1","0"
"0x73ac1633c410","@!P0  PRMT R9, RZ, 0x7610, R9","0"
"0x73ac1633c420","@!P2  PRMT R11, RZ, 0x7610, R11","0"
"0x73ac1633c430","@!P6  PRMT R15, RZ, 0x7610, R15","0"
"0x73ac1633c440","@P6   LEA.HI.X R5, R8, c[0x0][0x16c], R5, 0x1, P1","0"
"0x73ac1633c450","@P0   LDG.E.U16 R9, [R6.64]","0"
"0x73ac1633c460","@P2   LDG.E.U16 R11, [R2.64]","0"
"0x73ac1633c470","@P6   LDG.E.U16 R15, [R4.64]","0"
"0x73ac1633c480","      IMAD.SHL.U32 R8, R19, 0x8, RZ","0"
"0x73ac1633c490","      IMAD.SHL.U32 R10, R21, 0x8, RZ","0"
"0x73ac1633c4a0","      IMAD.SHL.U32 R14, R25, 0x8, RZ","0"
"0x73ac1633c4b0","      IMAD.SHL.U32 R16, R29, 0x8, RZ","0"
"0x73ac1633c4c0","      LOP3.LUT R8, R17, 0x38, R8, 0x78, !PT","0"
"0x73ac1633c4d0","      LOP3.LUT R10, R23, 0x38, R10, 0x78, !PT","0"
"0x73ac1633c4e0","      LOP3.LUT R14, R27, 0x38, R14, 0x78, !PT","0"
"0x73ac1633c4f0","      LOP3.LUT R16, R31, 0x38, R16, 0x78, !PT","0"
"0x73ac1633c500","      IMAD R8, R19, 0x40, R8","0"
"0x73ac1633c510","      IMAD R10, R21, 0x40, R10","0"
"0x73ac1633c520","      IMAD R14, R25, 0x40, R14","0"
"0x73ac1633c530","      IMAD R16, R29, 0x40, R16","0"
"0x73ac1633c540","      IMAD.SHL.U32 R8, R8, 0x2, RZ","0"
"0x73ac1633c550","      IMAD.SHL.U32 R10, R10, 0x2, RZ","0"
"0x73ac1633c560","      IMAD.SHL.U32 R14, R14, 0x2, RZ","0"
"0x73ac1633c570","      IMAD.SHL.U32 R16, R16, 0x2, RZ","0"
"0x73ac1633c580","      ISETP.GE.AND P0, PT, R12, 0xe00, PT","0"
"0x73ac1633c590","      IADD3 R12, R12, 0x200, RZ","0"
"0x73ac1633c5a0","      STS.U16 [R8], R13","0"
"0x73ac1633c5b0","      STS.U16 [R10], R9","0"
"0x73ac1633c5c0","      STS.U16 [R14], R11","0"
"0x73ac1633c5d0","      STS.U16 [R16], R15","0"
"0x73ac1633c5e0","@!P0  BRA 0x73ac1633bfd0","0"
"0x73ac1633c5f0","      BSYNC B1","0"
"0x73ac1633c600","      BSSY B1, 0x73ac1633c820","0"
"0x73ac1633c610","      IMAD.MOV.U32 R14, RZ, RZ, R0","0"
"0x73ac1633c620","      SHF.R.S32.HI R26, RZ, 0x1f, R20","0"
"0x73ac1633c630","@!P5  BRA 0x73ac1633c810","0"
"0x73ac1633c640","      IMAD.MOV.U32 R6, RZ, RZ, R22","0"
"0x73ac1633c650","      IMAD.MOV.U32 R14, RZ, RZ, R0","0"
"0x73ac1633c660","      SHF.R.S32.HI R3, RZ, 0x1f, R14","0"
"0x73ac1633c670","      LEA.HI R3, R3, R14, RZ, 0x6","0"
"0x73ac1633c680","      LOP3.LUT R5, R3, 0xffffffc0, RZ, 0xc0, !PT","0"
"0x73ac1633c690","      SHF.R.S32.HI R7, RZ, 0x6, R3","0"
"0x73ac1633c6a0","      IMAD.IADD R8, R14, 0x1, -R5","0"
"0x73ac1633c6b0","      IMAD R2, R117, 0x40, R8","0"
"0x73ac1633c6c0","      ISETP.GE.AND P0, PT, R2, c[0x0][0x184], PT","0"
"0x73ac1633c6d0","      ISETP.LT.AND P0, PT, R7, c[0x0][0x17c], !P0","0"
"0x73ac1633c6e0","@P0   SHF.R.S32.HI R4, RZ, 0x1f, R7","0"
"0x73ac1633c6f0","@P0   SHF.R.S32.HI R3, RZ, 0x1f, R2","0"
"0x73ac1633c700","@P0   IMAD R4, R4, c[0x0][0x184], RZ","0"
"0x73ac1633c710","@P0   IMAD.WIDE.U32 R2, R7, c[0x0][0x184], R2","0"
"0x73ac1633c720","@P0   IMAD R5, R7, R26, R4","0"
"0x73ac1633c730","@P0   LEA R4, P1, R2, c[0x0][0x170], 0x1","0"
"0x73ac1633c740","@P0   IMAD.IADD R3, R3, 0x1, R5","0"
"0x73ac1633c750","@P0   LEA.HI.X R5, R2, c[0x0][0x174], R3, 0x1, P1","0"
"0x73ac1633c760","@!P0  PRMT R2, RZ, 0x7610, R2","0"
"0x73ac1633c770","@P0   LDG.E.U16 R2, [R4.64]","0"
"0x73ac1633c780","      IMAD.SHL.U32 R3, R7, 0x8, RZ","0"
"0x73ac1633c790","      IADD3 R6, R6, -0x1, RZ","0"
"0x73ac1633c7a0","      IADD3 R14, R14, 0x80, RZ","0"
"0x73ac1633c7b0","      LOP3.LUT R3, R8, 0x38, R3, 0x78, !PT","0"
"0x73ac1633c7c0","      ISETP.NE.AND P0, PT, R6, RZ, PT","0"
"0x73ac1633c7d0","      IMAD R3, R7, 0x40, R3","0"
"0x73ac1633c7e0","      IMAD.SHL.U32 R3, R3, 0x2, RZ","0"
"0x73ac1633c7f0","      STS.U16 [R3+0x4000], R2","0"
"0x73ac1633c800","@P0   BRA 0x73ac1633c660","0"
"0x73ac1633c810","      BSYNC B1","0"
"0x73ac1633c820","@!P4  BRA 0x73ac1633ce50","0"
"0x73ac1633c830","      IADD3 R2, R14, 0x80, RZ","0"
"0x73ac1633c840","      SHF.R.S32.HI R3, RZ, 0x1f, R14","0"
"0x73ac1633c850","      IADD3 R6, R14, 0x100, RZ","0"
"0x73ac1633c860","      SHF.R.S32.HI R5, RZ, 0x1f, R2","0"
"0x73ac1633c870","      LEA.HI R3, R3, R14, RZ, 0x6","0"
"0x73ac1633c880","      SHF.R.S32.HI R7, RZ, 0x1f, R6","0"
"0x73ac1633c890","      IADD3 R9, R14, 0x180, RZ","0"
"0x73ac1633c8a0","      LEA.HI R4, R5, R2, RZ, 0x6","0"
"0x73ac1633c8b0","      LOP3.LUT R5, R3, 0xffffffc0, RZ, 0xc0, !PT","0"
"0x73ac1633c8c0","      LEA.HI R8, R7, R6, RZ, 0x6","0"
"0x73ac1633c8d0","      SHF.R.S32.HI R10, RZ, 0x1f, R9","0"
"0x73ac1633c8e0","      IMAD.IADD R19, R14, 0x1, -R5","0"
"0x73ac1633c8f0","      LOP3.LUT R7, R4, 0xffffffc0, RZ, 0xc0, !PT","0"
"0x73ac1633c900","      LEA.HI R11, R10, R9, RZ, 0x6","0"
"0x73ac1633c910","      LOP3.LUT R5, R8, 0xffffffc0, RZ, 0xc0, !PT","0"
"0x73ac1633c920","      IMAD.IADD R20, R2, 0x1, -R7","0"
"0x73ac1633c930","      LOP3.LUT R10, R11, 0xffffffc0, RZ, 0xc0, !PT","0"
"0x73ac1633c940","      IMAD R2, R117, 0x40, R19","0"
"0x73ac1633c950","      SHF.R.S32.HI R21, RZ, 0x6, R3","0"
"0x73ac1633c960","      IMAD.IADD R22, R6, 0x1, -R5","0"
"0x73ac1633c970","      SHF.R.S32.HI R23, RZ, 0x6, R4","0"
"0x73ac1633c980","      IMAD R6, R117, 0x40, R20","0"
"0x73ac1633c990","      ISETP.GE.AND P0, PT, R2, c[0x0][0x184], PT","0"
"0x73ac1633c9a0","      IMAD.IADD R24, R9, 0x1, -R10","0"
"0x73ac1633c9b0","      SHF.R.S32.HI R25, RZ, 0x6, R8","0"
"0x73ac1633c9c0","      IMAD R10, R117, 0x40, R22","0"
"0x73ac1633c9d0","      ISETP.LT.AND P0, PT, R21, c[0x0][0x17c], !P0","0"
"0x73ac1633c9e0","      IMAD R12, R117, 0x40, R24","0"
"0x73ac1633c9f0","      ISETP.GE.AND P1, PT, R6, c[0x0][0x184], PT","0"
"0x73ac1633ca00","      ISETP.GE.AND P2, PT, R10, c[0x0][0x184], PT","0"
"0x73ac1633ca10","      ISETP.LT.AND P1, PT, R23, c[0x0][0x17c], !P1","0"
"0x73ac1633ca20","      SHF.R.S32.HI R27, RZ, 0x6, R11","0"
"0x73ac1633ca30","      ISETP.GE.AND P4, PT, R12, c[0x0][0x184], PT","0"
"0x73ac1633ca40","      ISETP.LT.AND P2, PT, R25, c[0x0][0x17c], !P2","0"
"0x73ac1633ca50","      ISETP.LT.AND P4, PT, R27, c[0x0][0x17c], !P4","0"
"0x73ac1633ca60","@P0   SHF.R.S32.HI R4, RZ, 0x1f, R21","0"
"0x73ac1633ca70","@P0   SHF.R.S32.HI R3, RZ, 0x1f, R2","0"
"0x73ac1633ca80","@P1   SHF.R.S32.HI R7, RZ, 0x1f, R6","0"
"0x73ac1633ca90","@P0   IMAD R9, R4, c[0x0][0x184], RZ","0"
"0x73ac1633caa0","@P1   SHF.R.S32.HI R4, RZ, 0x1f, R23","0"
"0x73ac1633cab0","@P0   IMAD.WIDE.U32 R2, R21, c[0x0][0x184], R2","0"
"0x73ac1633cac0","@P2   SHF.R.S32.HI R5, RZ, 0x1f, R25","0"
"0x73ac1633cad0","@P0   IMAD R9, R21, R26, R9","0"
"0x73ac1633cae0","@P4   SHF.R.S32.HI R8, RZ, 0x1f, R27","0"
"0x73ac1633caf0","@P1   IMAD R4, R4, c[0x0][0x184], RZ","0"
"0x73ac1633cb00","@P4   SHF.R.S32.HI R13, RZ, 0x1f, R12","0"
"0x73ac1633cb10","@P2   IMAD R15, R5, c[0x0][0x184], RZ","0"
"0x73ac1633cb20","@P2   SHF.R.S32.HI R11, RZ, 0x1f, R10","0"
"0x73ac1633cb30","@P0   IMAD.IADD R5, R3, 0x1, R9","0"
"0x73ac1633cb40","@P1   IMAD.WIDE.U32 R6, R23, c[0x0][0x184], R6","0"
"0x73ac1633cb50","@P1   IMAD R3, R23, R26, R4","0"
"0x73ac1633cb60","@P0   LEA R4, P5, R2, c[0x0][0x170], 0x1","0"
"0x73ac1633cb70","@P4   IMAD R16, R8, c[0x0][0x184], RZ","0"
"0x73ac1633cb80","@P1   LEA R8, P6, R6, c[0x0][0x170], 0x1","0"
"0x73ac1633cb90","@P1   IMAD.IADD R3, R7, 0x1, R3","0"
"0x73ac1633cba0","@P0   LEA.HI.X R5, R2, c[0x0][0x174], R5, 0x1, P5","0"
"0x73ac1633cbb0","@P4   IMAD.WIDE.U32 R12, R27, c[0x0][0x184], R12","0"
"0x73ac1633cbc0","@P1   LEA.HI.X R9, R6, c[0x0][0x174], R3, 0x1, P6","0"
"0x73ac1633cbd0","@P4   IMAD R7, R27, R26, R16","0"
"0x73ac1633cbe0","@P4   LEA R6, P6, R12, c[0x0][0x170], 0x1","0"
"0x73ac1633cbf0","@P2   IMAD.WIDE.U32 R10, R25, c[0x0][0x184], R10","0"
"0x73ac1633cc00","@P2   IMAD R15, R25, R26, R15","0"
"0x73ac1633cc10","@P2   LEA R2, P5, R10, c[0x0][0x170], 0x1","0"
"0x73ac1633cc20","@P4   IMAD.IADD R7, R13, 0x1, R7","0"
"0x73ac1633cc30","@P2   IMAD.IADD R3, R11, 0x1, R15","0"
"0x73ac1633cc40","@!P0  PRMT R11, RZ, 0x7610, R11","0"
"0x73ac1633cc50","@P4   LEA.HI.X R7, R12, c[0x0][0x174], R7, 0x1, P6","0"
"0x73ac1633cc60","@!P1  PRMT R12, RZ, 0x7610, R12","0"
"0x73ac1633cc70","@!P2  PRMT R15, RZ, 0x7610, R15","0"
"0x73ac1633cc80","@P0   LDG.E.U16 R11, [R4.64]","0"
"0x73ac1633cc90","@P2   LEA.HI.X R3, R10, c[0x0][0x174], R3, 0x1, P5","0"
"0x73ac1633cca0","@!P4  PRMT R17, RZ, 0x7610, R17","0"
"0x73ac1633ccb0","@P1   LDG.E.U16 R12, [R8.64]","0"
"0x73ac1633ccc0","@P2   LDG.E.U16 R15, [R2.64]","0"
"0x73ac1633ccd0","@P4   LDG.E.U16 R17, [R6.64]","0"
"0x73ac1633cce0","      IMAD.SHL.U32 R10, R21, 0x8, RZ","0"
"0x73ac1633ccf0","      IMAD.SHL.U32 R13, R23, 0x8, RZ","0"
"0x73ac1633cd00","      IMAD.SHL.U32 R16, R25, 0x8, RZ","0"
"0x73ac1633cd10","      IMAD.SHL.U32 R18, R27, 0x8, RZ","0"
"0x73ac1633cd20","      LOP3.LUT R10, R19, 0x38, R10, 0x78, !PT","0"
"0x73ac1633cd30","      LOP3.LUT R13, R20, 0x38, R13, 0x78, !PT","0"
"0x73ac1633cd40","      LOP3.LUT R16, R22, 0x38, R16, 0x78, !PT","0"
"0x73ac1633cd50","      LOP3.LUT R18, R24, 0x38, R18, 0x78, !PT","0"
"0x73ac1633cd60","      IMAD R10, R21, 0x40, R10","0"
"0x73ac1633cd70","      IMAD R13, R23, 0x40, R13","0"
"0x73ac1633cd80","      IMAD R16, R25, 0x40, R16","0"
"0x73ac1633cd90","      IMAD R18, R27, 0x40, R18","0"
"0x73ac1633cda0","      IMAD.SHL.U32 R10, R10, 0x2, RZ","0"
"0x73ac1633cdb0","      IMAD.SHL.U32 R13, R13, 0x2, RZ","0"
"0x73ac1633cdc0","      IMAD.SHL.U32 R16, R16, 0x2, RZ","0"
"0x73ac1633cdd0","      IMAD.SHL.U32 R18, R18, 0x2, RZ","0"
"0x73ac1633cde0","      ISETP.GE.AND P0, PT, R14, 0xe00, PT","0"
"0x73ac1633cdf0","      IADD3 R14, R14, 0x200, RZ","0"
"0x73ac1633ce00","      STS.U16 [R10+0x4000], R11","0"
"0x73ac1633ce10","      STS.U16 [R13+0x4000], R12","0"
"0x73ac1633ce20","      STS.U16 [R16+0x4000], R15","0"
"0x73ac1633ce30","      STS.U16 [R18+0x4000], R17","0"
"0x73ac1633ce40","@!P0  BRA 0x73ac1633c830","0"
"0x73ac1633ce50","      BSYNC B0","0"
"0x73ac1633ce60","      ISETP.LT.AND P0, PT, RZ, c[0x0][0x17c], PT","2304"
"0x73ac1633ce70","@P0   BRA 0x73ac1633cf90","2304"
"0x73ac1633ce80","      CS2R R44, SRZ","0"
"0x73ac1633ce90","      CS2R R46, SRZ","0"
"0x73ac1633cea0","      CS2R R40, SRZ","0"
"0x73ac1633ceb0","      CS2R R42, SRZ","0"
"0x73ac1633cec0","      CS2R R28, SRZ","0"
"0x73ac1633ced0","      CS2R R30, SRZ","0"
"0x73ac1633cee0","      CS2R R72, SRZ","0"
"0x73ac1633cef0","      CS2R R74, SRZ","0"
"0x73ac1633cf00","      CS2R R24, SRZ","0"
"0x73ac1633cf10","      CS2R R26, SRZ","0"
"0x73ac1633cf20","      CS2R R56, SRZ","0"
"0x73ac1633cf30","      CS2R R58, SRZ","0"
"0x73ac1633cf40","      CS2R R60, SRZ","0"
"0x73ac1633cf50","      CS2R R62, SRZ","0"
"0x73ac1633cf60","      CS2R R12, SRZ","0"
"0x73ac1633cf70","      CS2R R14, SRZ","0"
"0x73ac1633cf80","      BRA 0x73ac163414e0","0"
"0x73ac1633cf90","      IMAD.MOV.U32 R7, RZ, RZ, c[0x0][0x17c]","2304"
"0x73ac1633cfa0","      LOP3.LUT R2, R0, 0x7, RZ, 0xc0, !PT","2304"
"0x73ac1633cfb0","      IMAD.SHL.U32 R6, R0, 0x8, RZ","2304"
"0x73ac1633cfc0","      LOP3.LUT R3, R0, 0x10, RZ, 0xc0, !PT","2304"
"0x73ac1633cfd0","      ULDC.64 UR4, c[0x0][0x180]","2304"
"0x73ac1633cfe0","      IADD3 R7, R7, 0x3f, RZ","2304"
"0x73ac1633cff0","      CS2R R44, SRZ","2304"
"0x73ac1633d000","      SHF.R.U32.HI R4, RZ, 0x1, R0","2304"
"0x73ac1633d010","      CS2R R46, SRZ","2304"
"0x73ac1633d020","      LEA.HI R115, R3, R2, RZ, 0x1f","2304"
"0x73ac1633d030","      CS2R R40, SRZ","2304"
"0x73ac1633d040","      SHF.R.S32.HI R8, RZ, 0x1f, R7","2304"
"0x73ac1633d050","      CS2R R42, SRZ","2304"
"0x73ac1633d060","      LOP3.LUT R5, R4, 0x7fffffe0, RZ, 0xc0, !PT","2304"
"0x73ac1633d070","      IMAD.SHL.U32 R2, R115, 0x8, RZ","2304"
"0x73ac1633d080","      LEA.HI R3, R8, R7, RZ, 0x6","2304"
"0x73ac1633d090","      CS2R R28, SRZ","2304"
"0x73ac1633d0a0","      LOP3.LUT R7, R5, 0x8, R0, 0xf8, !PT","2304"
"0x73ac1633d0b0","      CS2R R30, SRZ","2304"
"0x73ac1633d0c0","      LOP3.LUT R5, R0, 0x8, RZ, 0xc0, !PT","2304"
"0x73ac1633d0d0","      CS2R R72, SRZ","2304"
"0x73ac1633d0e0","      LOP3.LUT R9, R6, 0x38, RZ, 0xc0, !PT","2304"
"0x73ac1633d0f0","      CS2R R74, SRZ","2304"
"0x73ac1633d100","      LOP3.LUT R2, R2, 0x38, RZ, 0xc0, !PT","2304"
"0x73ac1633d110","      CS2R R24, SRZ","2304"
"0x73ac1633d120","      LOP3.LUT R5, R5, 0x7, R0, 0xf8, !PT","2304"
"0x73ac1633d130","      CS2R R26, SRZ","2304"
"0x73ac1633d140","      LEA R109, R115, 0x400, 0x6","2304"
"0x73ac1633d150","      CS2R R56, SRZ","2304"
"0x73ac1633d160","      LOP3.LUT R110, R7, R9, RZ, 0x3c, !PT","2304"
"0x73ac1633d170","      IMAD.SHL.U32 R111, R5, 0x40, RZ","2304"
"0x73ac1633d180","      LOP3.LUT R116, R7, R2, RZ, 0x3c, !PT","2304"
"0x73ac1633d190","      IMAD.SHL.U32 R5, R5, 0x8, RZ","2304"
"0x73ac1633d1a0","      LOP3.LUT R4, R2, 0x10, R7, 0x1e, !PT","2304"
"0x73ac1633d1b0","      IMAD.IADD R110, R109, 0x1, R110","2304"
"0x73ac1633d1c0","      LOP3.LUT R6, R9, 0x10, R7, 0x1e, !PT","2304"
"0x73ac1633d1d0","      IMAD R116, R115, 0x40, R116","2304"
"0x73ac1633d1e0","      IADD3 R88, R0, 0x80, RZ","2304"
"0x73ac1633d1f0","      IMAD R115, R115, 0x40, R4","2304"
"0x73ac1633d200","      SHF.R.S32.HI R7, RZ, 0x1f, R0","2304"
"0x73ac1633d210","      IMAD.IADD R109, R109, 0x1, R6","2304"
"0x73ac1633d220","      LOP3.LUT R2, R0, 0x20, RZ, 0xc0, !PT","2304"
"0x73ac1633d230","      CS2R R58, SRZ","2304"
"0x73ac1633d240","      IADD3 R82, R0, 0x100, RZ","2304"
"0x73ac1633d250","      CS2R R60, SRZ","2304"
"0x73ac1633d260","      SHF.R.S32.HI R11, RZ, 0x1f, R88","2304"
"0x73ac1633d270","      CS2R R62, SRZ","2304"
"0x73ac1633d280","      LEA.HI R90, R7, R0, RZ, 0x6","2304"
"0x73ac1633d290","      CS2R R14, SRZ","2304"
"0x73ac1633d2a0","      LOP3.LUT R6, R9, 0x8, R2, 0x1e, !PT","2304"
"0x73ac1633d2b0","      USHF.R.S32.HI UR6, URZ, 0x1f, UR4","2304"
"0x73ac1633d2c0","      IADD3 R105, R111, 0x400, RZ","2304"
"0x73ac1633d2d0","      USHF.R.S32.HI UR5, URZ, 0x1f, UR5","2304"
"0x73ac1633d2e0","      IADD3 R101, R111, 0x800, RZ","2304"
"0x73ac1633d2f0","      UMOV UR4, URZ","2304"
"0x73ac1633d300","      IADD3 R97, R111, 0xc00, RZ","2304"
"0x73ac1633d310","      SHF.R.S32.HI R17, RZ, 0x1f, R82","2304"
"0x73ac1633d320","      LEA.HI R4, R11, R88, RZ, 0x6","2304"
"0x73ac1633d330","      LOP3.LUT R89, R90, 0xffffffc0, RZ, 0xc0, !PT","2304"
"0x73ac1633d340","      LOP3.LUT R100, R9, 0x20, R0, 0x78, !PT","2304"
"0x73ac1633d350","      LOP3.LUT R98, R9, 0x10, R2, 0x1e, !PT","2304"
"0x73ac1633d360","      IMAD.IADD R94, R0, 0x1, -R89","2304"
"0x73ac1633d370","      SHF.R.S32.HI R90, RZ, 0x6, R90","2304"
"0x73ac1633d380","      LOP3.LUT R107, R6, R105, RZ, 0xfc, !PT","2304"
"0x73ac1633d390","      LOP3.LUT R103, R6, R101, RZ, 0xfc, !PT","2304"
"0x73ac1633d3a0","      LOP3.LUT R99, R6, R97, RZ, 0xfc, !PT","2304"
"0x73ac1633d3b0","      LOP3.LUT R8, R9, 0x18, R2, 0x1e, !PT","2304"
"0x73ac1633d3c0","      IMAD.SHL.U32 R9, R90, 0x8, RZ","2304"
"0x73ac1633d3d0","      LEA.HI R6, R17, R82, RZ, 0x6","2304"
"0x73ac1633d3e0","      SHF.R.S32.HI R84, RZ, 0x6, R4","2304"
"0x73ac1633d3f0","      LOP3.LUT R77, R4, 0xffffffc0, RZ, 0xc0, !PT","2304"
"0x73ac1633d400","      IMNMX R19, R0, 0x180, !PT","2304"
"0x73ac1633d410","      LEA.HI R92, R7, R0, RZ, 0x3","2304"
"0x73ac1633d420","      IMAD.IADD R83, R88, 0x1, -R77","2304"
"0x73ac1633d430","      LEA.HI R11, R11, R88, RZ, 0x3","2304"
"0x73ac1633d440","      LEA.HI R81, R17, R82, RZ, 0x3","2304"
"0x73ac1633d450","      LOP3.LUT R108, R100, R105, RZ, 0xfc, !PT","2304"
"0x73ac1633d460","      LOP3.LUT R106, R98, R105, RZ, 0xfc, !PT","2304"
"0x73ac1633d470","      LOP3.LUT R104, R100, R101, RZ, 0xfc, !PT","2304"
"0x73ac1633d480","      LOP3.LUT R102, R98, R101, RZ, 0xfc, !PT","2304"
"0x73ac1633d490","      LOP3.LUT R100, R100, R97, RZ, 0xfc, !PT","2304"
"0x73ac1633d4a0","      LOP3.LUT R98, R98, R97, RZ, 0xfc, !PT","2304"
"0x73ac1633d4b0","      LOP3.LUT R105, R8, R105, RZ, 0xfc, !PT","2304"
"0x73ac1633d4c0","      LOP3.LUT R101, R8, R101, RZ, 0xfc, !PT","2304"
"0x73ac1633d4d0","      LOP3.LUT R97, R8, R97, RZ, 0xfc, !PT","2304"
"0x73ac1633d4e0","      IMAD.SHL.U32 R8, R84, 0x8, RZ","2304"
"0x73ac1633d4f0","      SHF.R.S32.HI R76, RZ, 0x6, R6","2304"
"0x73ac1633d500","      LOP3.LUT R13, R6, 0xffffffc0, RZ, 0xc0, !PT","2304"
"0x73ac1633d510","      IADD3 R7, -R0, 0x7f, R19","2304"
"0x73ac1633d520","      IMAD.SHL.U32 R10, R76, 0x8, RZ","2304"
"0x73ac1633d530","      LOP3.LUT R5, R5, 0x38, RZ, 0xc0, !PT","2304"
"0x73ac1633d540","      LOP3.LUT R93, R92, 0xfffffff8, RZ, 0xc0, !PT","2304"
"0x73ac1633d550","      LOP3.LUT R17, R11, 0xfffffff8, RZ, 0xc0, !PT","2304"
"0x73ac1633d560","      LOP3.LUT R19, R81, 0xfffffff8, RZ, 0xc0, !PT","2304"
"0x73ac1633d570","      IMAD.IADD R93, R0, 0x1, -R93","2304"
"0x73ac1633d580","      LOP3.LUT R6, R94, 0x38, R9, 0x78, !PT","2304"
"0x73ac1633d590","      IMAD.IADD R9, R82, 0x1, -R13","2304"
"0x73ac1633d5a0","      LOP3.LUT R4, R5, 0x8, R2, 0x1e, !PT","2304"
"0x73ac1633d5b0","      IMAD.IADD R86, R88, 0x1, -R17","2304"
"0x73ac1633d5c0","      LOP3.LUT R8, R83, 0x38, R8, 0x78, !PT","2304"
"0x73ac1633d5d0","      IMAD.IADD R80, R82, 0x1, -R19","2304"
"0x73ac1633d5e0","      SHF.R.S32.HI R92, RZ, 0x3, R92","2304"
"0x73ac1633d5f0","      IMAD.IADD R89, R89, 0x1, R6","2304"
"0x73ac1633d600","      SHF.R.S32.HI R87, RZ, 0x3, R11","2304"
"0x73ac1633d610","      IMAD.IADD R77, R77, 0x1, R8","2304"
"0x73ac1633d620","      SHF.R.S32.HI R81, RZ, 0x3, R81","2304"
"0x73ac1633d630","      IMAD.SHL.U32 R6, R117, 0x40, RZ","2304"
"0x73ac1633d640","      IMNMX R21, R0, 0xf80, !PT","2304"
"0x73ac1633d650","      LOP3.LUT R113, R4, R111, RZ, 0xfc, !PT","2304"
"0x73ac1633d660","      LOP3.LUT R4, R9, 0x38, R10, 0x78, !PT","2304"
"0x73ac1633d670","      LOP3.LUT R11, R93, 0x7, R92, 0x78, !PT","2304"
"0x73ac1633d680","      LOP3.LUT R10, R86, 0x7, R87, 0x78, !PT","2304"
"0x73ac1633d690","      IMAD.IADD R4, R13, 0x1, R4","2304"
"0x73ac1633d6a0","      LOP3.LUT R16, R80, 0x7, R81, 0x78, !PT","2304"
"0x73ac1633d6b0","      IMAD R11, R92, 0x8, R11","2304"
"0x73ac1633d6c0","      IADD3 R8, -R0, 0x7f, R21","2304"
"0x73ac1633d6d0","      IMAD R10, R87, 0x8, R10","2304"
"0x73ac1633d6e0","      LOP3.LUT R112, R5, 0x10, R2, 0x1e, !PT","2304"
"0x73ac1633d6f0","      IMAD R16, R81, 0x8, R16","2304"
"0x73ac1633d700","      LOP3.LUT R114, R5, 0x20, R0, 0x78, !PT","2304"
"0x73ac1633d710","      CS2R R12, SRZ","2304"
"0x73ac1633d720","      LOP3.LUT R2, R5, 0x18, R2, 0x1e, !PT","2304"
"0x73ac1633d730","      IMAD.SHL.U32 R5, R118, 0x40, RZ","2304"
"0x73ac1633d740","      LEA.HI R96, R8, 0x1, RZ, 0x19","2304"
"0x73ac1633d750","      IMAD.SHL.U32 R91, R11, 0x8, RZ","2304"
"0x73ac1633d760","      LEA.HI R95, R7, 0x1, RZ, 0x19","2304"
"0x73ac1633d770","      IMAD.SHL.U32 R85, R10, 0x8, RZ","2304"
"0x73ac1633d780","      LOP3.LUT R114, R114, R111, RZ, 0xfc, !PT","2304"
"0x73ac1633d790","      IMAD.SHL.U32 R79, R16, 0x8, RZ","2304"
"0x73ac1633d7a0","      LOP3.LUT R112, R112, R111, RZ, 0xfc, !PT","2304"
"0x73ac1633d7b0","      LOP3.LUT R111, R2, R111, RZ, 0xfc, !PT","2304"
"0x73ac1633d7c0","      IMAD.MOV.U32 R2, RZ, RZ, RZ","2304"
"0x73ac1633d7d0","      IADD3 R78, R0, 0x180, RZ","2304"
"0x73ac1633d7e0","      LOP3.LUT R96, R96, 0x3, RZ, 0xc0, !PT","2304"
"0x73ac1633d7f0","      LOP3.LUT R95, R95, 0x3, RZ, 0xc0, !PT","2304"
"0x73ac1633d800","      SHF.R.S32.HI R3, RZ, 0x6, R3","2304"
"0x73ac1633d810","@!P3  BRA 0x73ac1633d830","73728"
"0x73ac1633d820","      DEPBAR.LE SB0, 0x0","73728"
"0x73ac1633d830","      IMAD.U32 R32, RZ, RZ, UR4","73728"
"0x73ac1633d840","      UIADD3 UR4, UR4, 0x1, URZ","73728"
"0x73ac1633d850","      BAR.SYNC.DEFER_BLOCKING 0x0","73728"
"0x73ac1633d860","      ISETP.LE.AND P4, PT, R3, UR4, PT","73728"
"0x73ac1633d870","@P4   BRA 0x73ac16340fd0","73728"
"0x73ac1633d880","      LOP3.LUT R18, R2, 0x1, RZ, 0x3c, !PT","71424"
"0x73ac1633d890","@!P3  BRA 0x73ac1633f920","71424"
"0x73ac1633d8a0","      ISETP.GT.AND P0, PT, R0, 0x1ff, PT","71424"
"0x73ac1633d8b0","      BSSY B0, 0x73ac1633f900","71424"
"0x73ac1633d8c0","@P0   BRA 0x73ac1633f8f0","71424"
"0x73ac1633d8d0","      ISETP.NE.AND P0, PT, R95, RZ, PT","71424"
"0x73ac1633d8e0","      BSSY B1, 0x73ac1633df20","71424"
"0x73ac1633d8f0","      IMAD.SHL.U32 R34, R18, 0x2000, RZ","71424"
"0x73ac1633d900","      IMAD.MOV.U32 R33, RZ, RZ, R0","71424"
"0x73ac1633d910","@!P0  BRA 0x73ac1633df10","71424"
"0x73ac1633d920","      LEA R16, R32, 0x40, 0x6","0"
"0x73ac1633d930","      IMAD R10, R93, 0x8, R5","0"
"0x73ac1633d940","      IMAD.MOV.U32 R33, RZ, RZ, R88","0"
"0x73ac1633d950","      IMAD.IADD R17, R92, 0x1, R16","0"
"0x73ac1633d960","      ISETP.GE.AND P0, PT, R10, c[0x0][0x180], PT","0"
"0x73ac1633d970","      IADD3 R18, -R10, c[0x0][0x180], RZ","0"
"0x73ac1633d980","      SHF.R.S32.HI R19, RZ, 0x1f, R17","0"
"0x73ac1633d990","      ISETP.GE.OR P0, PT, R17, c[0x0][0x17c], P0","0"
"0x73ac1633d9a0","      IMNMX R18, R18, 0x8, PT","0"
"0x73ac1633d9b0","      IMAD R20, R19, c[0x0][0x180], RZ","0"
"0x73ac1633d9c0","      SHF.R.S32.HI R11, RZ, 0x1f, R10","0"
"0x73ac1633d9d0","      SEL R18, R18, RZ, !P0","0"
"0x73ac1633d9e0","      IMAD R19, R17, UR6, R20","0"
"0x73ac1633d9f0","      IMAD.WIDE.U32 R10, R17, c[0x0][0x180], R10","0"
"0x73ac1633da00","      ISETP.NE.AND P0, PT, R18, RZ, PT","0"
"0x73ac1633da10","      IMAD.SHL.U32 R18, R18, 0x2, RZ","0"
"0x73ac1633da20","      SEL R17, R10, RZ, P0","0"
"0x73ac1633da30","      IMAD.IADD R20, R11, 0x1, R19","0"
"0x73ac1633da40","      IADD3 R10, -R18, 0x10, RZ","0"
"0x73ac1633da50","      LEA R11, P1, R17, c[0x0][0x168], 0x1","0"
"0x73ac1633da60","      SEL R20, R20, RZ, P0","0"
"0x73ac1633da70","      LOP3.LUT R10, R10, 0xf, RZ, 0xc0, !PT","0"
"0x73ac1633da80","      SEL R11, R11, c[0x0][0x168], P0","0"
"0x73ac1633da90","      LEA.HI.X R17, R17, c[0x0][0x16c], R20, 0x1, P1","0"
"0x73ac1633daa0","      ISETP.NE.U32.AND P1, PT, R18, RZ, PT","0"
"0x73ac1633dab0","      IADD3 R10, P2, R10, R11, RZ","0"
"0x73ac1633dac0","      SEL R11, R17, c[0x0][0x16c], P0","0"
"0x73ac1633dad0","      IMAD R17, R91, 0x2, R34","0"
"0x73ac1633dae0","      ISETP.NE.AND P0, PT, R95, 0x1, PT","0"
"0x73ac1633daf0","      IMAD.X R11, RZ, RZ, R11, P2","0"
"0x73ac1633db00","@!PT  LDS RZ, [RZ]","0"
"0x73ac1633db10","@!PT  LDS RZ, [RZ]","0"
"0x73ac1633db20","@!PT  LDS RZ, [RZ]","0"
"0x73ac1633db30","      LDGSTS.E.128.ZFILL P1, [R17][R10.64]","0"
"0x73ac1633db40","@!P0  BRA 0x73ac1633df10","0"
"0x73ac1633db50","      IMAD R10, R86, 0x8, R5","0"
"0x73ac1633db60","      IMAD.IADD R17, R87, 0x1, R16","0"
"0x73ac1633db70","      IMAD.MOV.U32 R33, RZ, RZ, R82","0"
"0x73ac1633db80","      ISETP.GE.AND P0, PT, R10, c[0x0][0x180], PT","0"
"0x73ac1633db90","      IADD3 R18, -R10, c[0x0][0x180], RZ","0"
"0x73ac1633dba0","      SHF.R.S32.HI R19, RZ, 0x1f, R17","0"
"0x73ac1633dbb0","      ISETP.GE.OR P0, PT, R17, c[0x0][0x17c], P0","0"
"0x73ac1633dbc0","      IMNMX R18, R18, 0x8, PT","0"
"0x73ac1633dbd0","      IMAD R20, R19, c[0x0][0x180], RZ","0"
"0x73ac1633dbe0","      SHF.R.S32.HI R11, RZ, 0x1f, R10","0"
"0x73ac1633dbf0","      SEL R18, R18, RZ, !P0","0"
"0x73ac1633dc00","      IMAD R19, R17, UR6, R20","0"
"0x73ac1633dc10","      IMAD.WIDE.U32 R10, R17, c[0x0][0x180], R10","0"
"0x73ac1633dc20","      ISETP.NE.AND P0, PT, R18, RZ, PT","0"
"0x73ac1633dc30","      IMAD.SHL.U32 R18, R18, 0x2, RZ","0"
"0x73ac1633dc40","      SEL R17, R10, RZ, P0","0"
"0x73ac1633dc50","      IMAD.IADD R20, R11, 0x1, R19","0"
"0x73ac1633dc60","      IADD3 R10, -R18, 0x10, RZ","0"
"0x73ac1633dc70","      LEA R11, P1, R17, c[0x0][0x168], 0x1","0"
"0x73ac1633dc80","      SEL R20, R20, RZ, P0","0"
"0x73ac1633dc90","      LOP3.LUT R10, R10, 0xf, RZ, 0xc0, !PT","0"
"0x73ac1633dca0","      SEL R11, R11, c[0x0][0x168], P0","0"
"0x73ac1633dcb0","      LEA.HI.X R17, R17, c[0x0][0x16c], R20, 0x1, P1","0"
"0x73ac1633dcc0","      ISETP.NE.U32.AND P1, PT, R18, RZ, PT","0"
"0x73ac1633dcd0","      IADD3 R10, P2, R10, R11, RZ","0"
"0x73ac1633dce0","      SEL R11, R17, c[0x0][0x16c], P0","0"
"0x73ac1633dcf0","      IMAD R17, R85, 0x2, R34","0"
"0x73ac1633dd00","      ISETP.NE.AND P0, PT, R95, 0x2, PT","0"
"0x73ac1633dd10","      IMAD.X R11, RZ, RZ, R11, P2","0"
"0x73ac1633dd20","      LDGSTS.E.128.ZFILL P1, [R17][R10.64]","0"
"0x73ac1633dd30","@!P0  BRA 0x73ac1633df10","0"
"0x73ac1633dd40","      IMAD R10, R80, 0x8, R5","0"
"0x73ac1633dd50","      IMAD.IADD R17, R81, 0x1, R16","0"
"0x73ac1633dd60","      IMAD.MOV.U32 R33, RZ, RZ, R78","0"
"0x73ac1633dd70","      ISETP.GE.AND P0, PT, R10, c[0x0][0x180], PT","0"
"0x73ac1633dd80","      IADD3 R16, -R10, c[0x0][0x180], RZ","0"
"0x73ac1633dd90","      SHF.R.S32.HI R18, RZ, 0x1f, R17","0"
"0x73ac1633dda0","      ISETP.GE.OR P0, PT, R17, c[0x0][0x17c], P0","0"
"0x73ac1633ddb0","      IMNMX R16, R16, 0x8, PT","0"
"0x73ac1633ddc0","      IMAD R18, R18, c[0x0][0x180], RZ","0"
"0x73ac1633ddd0","      SHF.R.S32.HI R11, RZ, 0x1f, R10","0"
"0x73ac1633dde0","      SEL R16, R16, RZ, !P0","0"
"0x73ac1633ddf0","      IMAD R19, R17, UR6, R18","0"
"0x73ac1633de00","      IMAD.WIDE.U32 R10, R17, c[0x0][0x180], R10","0"
"0x73ac1633de10","      ISETP.NE.AND P0, PT, R16, RZ, PT","0"
"0x73ac1633de20","      IMAD.SHL.U32 R16, R16, 0x2, RZ","0"
"0x73ac1633de30","      SEL R17, R10, RZ, P0","0"
"0x73ac1633de40","      IMAD.IADD R18, R11, 0x1, R19","0"
"0x73ac1633de50","      IADD3 R10, -R16, 0x10, RZ","0"
"0x73ac1633de60","      LEA R11, P1, R17, c[0x0][0x168], 0x1","0"
"0x73ac1633de70","      SEL R18, R18, RZ, P0","0"
"0x73ac1633de80","      LOP3.LUT R10, R10, 0xf, RZ, 0xc0, !PT","0"
"0x73ac1633de90","      SEL R11, R11, c[0x0][0x168], P0","0"
"0x73ac1633dea0","      LEA.HI.X R17, R17, c[0x0][0x16c], R18, 0x1, P1","0"
"0x73ac1633deb0","      ISETP.NE.U32.AND P1, PT, R16, RZ, PT","0"
"0x73ac1633dec0","      IADD3 R10, P2, R10, R11, RZ","0"
"0x73ac1633ded0","      SEL R11, R17, c[0x0][0x16c], P0","0"
"0x73ac1633dee0","      IMAD R17, R79, 0x2, R34","0"
"0x73ac1633def0","      IMAD.X R11, RZ, RZ, R11, P2","0"
"0x73ac1633df00","      LDGSTS.E.128.ZFILL P1, [R17][R10.64]","0"
"0x73ac1633df10","      BSYNC B1","71424"
"0x73ac1633df20","      ISETP.GE.U32.AND P0, PT, R7, 0x180, PT","71424"
"0x73ac1633df30","      BSSY B1, 0x73ac1633e910","71424"
"0x73ac1633df40","      ISETP.NE.AND P2, PT, R95, RZ, PT","71424"
"0x73ac1633df50","@!P0  BRA 0x73ac1633e900","71424"
"0x73ac1633df60","      LEA R35, R32, 0x40, 0x6","71424"
"0x73ac1633df70","      IADD3 R11, R33, 0x80, RZ","71424"
"0x73ac1633df80","      IADD3 R18, R33, 0x100, RZ","71424"
"0x73ac1633df90","      SHF.R.S32.HI R10, RZ, 0x1f, R11","71424"
"0x73ac1633dfa0","      SHF.R.S32.HI R19, RZ, 0x1f, R18","71424"
"0x73ac1633dfb0","      LEA.HI R17, R10, R11, RZ, 0x3","71424"
"0x73ac1633dfc0","      SHF.R.S32.HI R10, RZ, 0x1f, R33","71424"
"0x73ac1633dfd0","      LOP3.LUT R16, R17, 0xfffffff8, RZ, 0xc0, !PT","71424"
"0x73ac1633dfe0","      IADD3 R38, R33, 0x180, RZ","71424"
"0x73ac1633dff0","      LEA.HI R10, R10, R33, RZ, 0x3","71424"
"0x73ac1633e000","      IMAD.IADD R20, R11, 0x1, -R16","71424"
"0x73ac1633e010","      LEA.HI R21, R19, R18, RZ, 0x3","71424"
"0x73ac1633e020","      SHF.R.S32.HI R19, RZ, 0x1f, R38","71424"
"0x73ac1633e030","      SHF.R.S32.HI R23, RZ, 0x3, R10","71424"
"0x73ac1633e040","      LOP3.LUT R16, R10, 0xfffffff8, RZ, 0xc0, !PT","71424"
"0x73ac1633e050","      LOP3.LUT R11, R21, 0xfffffff8, RZ, 0xc0, !PT","71424"
"0x73ac1633e060","      LEA.HI R22, R19, R38, RZ, 0x3","71424"
"0x73ac1633e070","      IMAD.IADD R19, R35, 0x1, R23","71424"
"0x73ac1633e080","      SHF.R.S32.HI R48, RZ, 0x3, R21","71424"
"0x73ac1633e090","      IMAD.IADD R16, R33, 0x1, -R16","71424"
"0x73ac1633e0a0","      IMAD.IADD R39, R18, 0x1, -R11","71424"
"0x73ac1633e0b0","      LOP3.LUT R11, R22, 0xfffffff8, RZ, 0xc0, !PT","71424"
"0x73ac1633e0c0","      IMAD R10, R16, 0x8, R5","71424"
"0x73ac1633e0d0","      SHF.R.S32.HI R36, RZ, 0x1f, R19","71424"
"0x73ac1633e0e0","      IMAD.IADD R51, R35, 0x1, R48","71424"
"0x73ac1633e0f0","      LOP3.LUT R18, R16, 0x7, R23, 0x78, !PT","71424"
"0x73ac1633e100","      IMAD.IADD R38, R38, 0x1, -R11","71424"
"0x73ac1633e110","      SHF.R.S32.HI R16, RZ, 0x3, R17","71424"
"0x73ac1633e120","      IMAD R36, R36, c[0x0][0x180], RZ","71424"
"0x73ac1633e130","      ISETP.GE.AND P0, PT, R10, c[0x0][0x180], PT","71424"
"0x73ac1633e140","      IMAD R23, R23, 0x8, R18","71424"
"0x73ac1633e150","      SHF.R.S32.HI R11, RZ, 0x1f, R10","71424"
"0x73ac1633e160","      IMAD R53, R19, UR6, R36","71424"
"0x73ac1633e170","      LOP3.LUT R17, R20, 0x7, R16, 0x78, !PT","71424"
"0x73ac1633e180","      IMAD.IADD R21, R35, 0x1, R16","71424"
"0x73ac1633e190","      ISETP.GE.OR P0, PT, R19, c[0x0][0x17c], P0","71424"
"0x73ac1633e1a0","      IMAD.WIDE.U32 R18, R19, c[0x0][0x180], R10","71424"
"0x73ac1633e1b0","      IADD3 R11, -R10, c[0x0][0x180], RZ","71424"
"0x73ac1633e1c0","      LOP3.LUT R37, R39, 0x7, R48, 0x78, !PT","71424"
"0x73ac1633e1d0","      IMAD R36, R16, 0x8, R17","71424"
"0x73ac1633e1e0","      IMNMX R17, R11, 0x8, PT","71424"
"0x73ac1633e1f0","      IMAD R10, R20, 0x8, R5","71424"
"0x73ac1633e200","      SHF.R.S32.HI R20, RZ, 0x1f, R21","71424"
"0x73ac1633e210","      IMAD R37, R48, 0x8, R37","71424"
"0x73ac1633e220","      SEL R48, R17, RZ, !P0","71424"
"0x73ac1633e230","      IMAD R16, R39, 0x8, R5","71424"
"0x73ac1633e240","      ISETP.GE.AND P1, PT, R10, c[0x0][0x180], PT","71424"
"0x73ac1633e250","      IMAD R20, R20, c[0x0][0x180], RZ","71424"
"0x73ac1633e260","      SHF.R.S32.HI R11, RZ, 0x1f, R10","71424"
"0x73ac1633e270","      IMAD.IADD R50, R19, 0x1, R53","71424"
"0x73ac1633e280","      SHF.R.S32.HI R39, RZ, 0x1f, R51","71424"
"0x73ac1633e290","      IMAD R49, R21, UR6, R20","71424"
"0x73ac1633e2a0","      ISETP.NE.AND P6, PT, R48, RZ, PT","71424"
"0x73ac1633e2b0","      IMAD.SHL.U32 R48, R48, 0x2, RZ","71424"
"0x73ac1633e2c0","      ISETP.GE.OR P1, PT, R21, c[0x0][0x17c], P1","71424"
"0x73ac1633e2d0","      IMAD.WIDE.U32 R20, R21, c[0x0][0x180], R10","71424"
"0x73ac1633e2e0","      SEL R11, R18, RZ, P6","71424"
"0x73ac1633e2f0","      SHF.R.S32.HI R17, RZ, 0x1f, R16","71424"
"0x73ac1633e300","      IMAD R52, R39, c[0x0][0x180], RZ","71424"
"0x73ac1633e310","      ISETP.GE.AND P0, PT, R16, c[0x0][0x180], PT","71424"
"0x73ac1633e320","      IMAD.IADD R49, R21, 0x1, R49","71424"
"0x73ac1633e330","      SEL R50, R50, RZ, P6","71424"
"0x73ac1633e340","      IMAD R39, R51, UR6, R52","71424"
"0x73ac1633e350","      LEA R52, P5, R11, c[0x0][0x168], 0x1","71424"
"0x73ac1633e360","      IMAD.WIDE.U32 R18, R51, c[0x0][0x180], R16","71424"
"0x73ac1633e370","      ISETP.GE.OR P0, PT, R51, c[0x0][0x17c], P0","71424"
"0x73ac1633e380","      LEA.HI.X R51, R11, c[0x0][0x16c], R50, 0x1, P5","71424"
"0x73ac1633e390","      IMAD.SHL.U32 R37, R37, 0x8, RZ","71424"
"0x73ac1633e3a0","      IADD3 R11, -R48, 0x10, RZ","71424"
"0x73ac1633e3b0","      SHF.R.S32.HI R50, RZ, 0x3, R22","71424"
"0x73ac1633e3c0","      IMAD R37, R37, 0x2, R34","71424"
"0x73ac1633e3d0","      IADD3 R10, -R10, c[0x0][0x180], RZ","71424"
"0x73ac1633e3e0","      LOP3.LUT R11, R11, 0xf, RZ, 0xc0, !PT","71424"
"0x73ac1633e3f0","      IMAD.IADD R53, R35, 0x1, R50","71424"
"0x73ac1633e400","      SEL R22, R52, c[0x0][0x168], P6","71424"
"0x73ac1633e410","      LOP3.LUT R17, R38, 0x7, R50, 0x78, !PT","71424"
"0x73ac1633e420","      IMNMX R10, R10, 0x8, PT","71424"
"0x73ac1633e430","      SEL R51, R51, c[0x0][0x16c], P6","71424"
"0x73ac1633e440","      IADD3 R22, P6, R11, R22, RZ","71424"
"0x73ac1633e450","      IMAD.SHL.U32 R11, R23, 0x8, RZ","71424"
"0x73ac1633e460","      ISETP.NE.U32.AND P5, PT, R48, RZ, PT","71424"
"0x73ac1633e470","      IMAD R48, R50, 0x8, R17","71424"
"0x73ac1633e480","      SEL R17, R10, RZ, !P1","71424"
"0x73ac1633e490","      IMAD.X R23, RZ, RZ, R51, P6","71424"
"0x73ac1633e4a0","      IMAD R51, R11, 0x2, R34","71424"
"0x73ac1633e4b0","      ISETP.NE.AND P1, PT, R17, RZ, PT","71424"
"0x73ac1633e4c0","      IMAD R10, R38, 0x8, R5","71424"
"0x73ac1633e4d0","      SHF.R.S32.HI R11, RZ, 0x1f, R53","71424"
"0x73ac1633e4e0","      SEL R50, R20, RZ, P1","71424"
"0x73ac1633e4f0","      IADD3 R38, -R16, c[0x0][0x180], RZ","71424"
"0x73ac1633e500","      IMAD R20, R11, c[0x0][0x180], RZ","71424"
"0x73ac1633e510","      SHF.R.S32.HI R11, RZ, 0x1f, R10","71424"
"0x73ac1633e520","@!PT  LDS RZ, [RZ]","71424"
"0x73ac1633e530","@!PT  LDS RZ, [RZ]","71424"
"0x73ac1633e540","@!PT  LDS RZ, [RZ]","71424"
"0x73ac1633e550","      LDGSTS.E.128.ZFILL P5, [R51][R22.64]","71424"
"0x73ac1633e560","      SEL R55, R49, RZ, P1","71424"
"0x73ac1633e570","      IMAD R21, R53, UR6, R20","71424"
"0x73ac1633e580","      IMNMX R38, R38, 0x8, PT","71424"
"0x73ac1633e590","      IMAD.SHL.U32 R20, R17, 0x2, RZ","71424"
"0x73ac1633e5a0","      LEA R49, P6, R50, c[0x0][0x168], 0x1","71424"
"0x73ac1633e5b0","      IMAD.WIDE.U32 R16, R53, c[0x0][0x180], R10","71424"
"0x73ac1633e5c0","      SEL R38, R38, RZ, !P0","71424"
"0x73ac1633e5d0","      IADD3 R11, -R20, 0x10, RZ","71424"
"0x73ac1633e5e0","      IMAD.IADD R21, R17, 0x1, R21","71424"
"0x73ac1633e5f0","      ISETP.GE.AND P5, PT, R10, c[0x0][0x180], PT","71424"
"0x73ac1633e600","      LEA.HI.X R23, R50, c[0x0][0x16c], R55, 0x1, P6","71424"
"0x73ac1633e610","      ISETP.NE.U32.AND P6, PT, R20, RZ, PT","71424"
"0x73ac1633e620","      LOP3.LUT R11, R11, 0xf, RZ, 0xc0, !PT","71424"
"0x73ac1633e630","      SEL R22, R49, c[0x0][0x168], P1","71424"
"0x73ac1633e640","      IADD3 R20, -R10, c[0x0][0x180], RZ","71424"
"0x73ac1633e650","      ISETP.NE.AND P0, PT, R38, RZ, PT","71424"
"0x73ac1633e660","      IMAD.SHL.U32 R38, R38, 0x2, RZ","71424"
"0x73ac1633e670","      SEL R49, R23, c[0x0][0x16c], P1","71424"
"0x73ac1633e680","      IMAD.IADD R23, R19, 0x1, R39","71424"
"0x73ac1633e690","      ISETP.GE.OR P5, PT, R53, c[0x0][0x17c], P5","71424"
"0x73ac1633e6a0","      IADD3 R10, P1, R11, R22, RZ","71424"
"0x73ac1633e6b0","      IMNMX R20, R20, 0x8, PT","71424"
"0x73ac1633e6c0","      SEL R22, R18, RZ, P0","71424"
"0x73ac1633e6d0","      IMAD.X R11, RZ, RZ, R49, P1","71424"
"0x73ac1633e6e0","      SEL R20, R20, RZ, !P5","71424"
"0x73ac1633e6f0","      IADD3 R18, -R38, 0x10, RZ","71424"
"0x73ac1633e700","      LEA R19, P5, R22, c[0x0][0x168], 0x1","71424"
"0x73ac1633e710","      SEL R23, R23, RZ, P0","71424"
"0x73ac1633e720","      ISETP.NE.AND P1, PT, R20, RZ, PT","71424"
"0x73ac1633e730","      IMAD.SHL.U32 R20, R20, 0x2, RZ","71424"
"0x73ac1633e740","      LOP3.LUT R18, R18, 0xf, RZ, 0xc0, !PT","71424"
"0x73ac1633e750","      SEL R19, R19, c[0x0][0x168], P0","71424"
"0x73ac1633e760","      LEA.HI.X R22, R22, c[0x0][0x16c], R23, 0x1, P5","71424"
"0x73ac1633e770","      IMAD.SHL.U32 R23, R48, 0x8, RZ","71424"
"0x73ac1633e780","      SEL R17, R16, RZ, P1","71424"
"0x73ac1633e790","      IADD3 R18, P5, R18, R19, RZ","71424"
"0x73ac1633e7a0","      IMAD R23, R23, 0x2, R34","71424"
"0x73ac1633e7b0","      SEL R16, R22, c[0x0][0x16c], P0","71424"
"0x73ac1633e7c0","      SEL R22, R21, RZ, P1","71424"
"0x73ac1633e7d0","      LEA R21, P0, R17, c[0x0][0x168], 0x1","71424"
"0x73ac1633e7e0","      IMAD.X R19, RZ, RZ, R16, P5","71424"
"0x73ac1633e7f0","      IADD3 R16, -R20, 0x10, RZ","71424"
"0x73ac1633e800","      LEA.HI.X R22, R17, c[0x0][0x16c], R22, 0x1, P0","71424"
"0x73ac1633e810","      IMAD.SHL.U32 R17, R36, 0x8, RZ","71424"
"0x73ac1633e820","      ISETP.NE.U32.AND P5, PT, R38, RZ, PT","71424"
"0x73ac1633e830","      LOP3.LUT R16, R16, 0xf, RZ, 0xc0, !PT","71424"
"0x73ac1633e840","      SEL R21, R21, c[0x0][0x168], P1","71424"
"0x73ac1633e850","      ISETP.NE.U32.AND P0, PT, R20, RZ, PT","71424"
"0x73ac1633e860","      SEL R20, R22, c[0x0][0x16c], P1","71424"
"0x73ac1633e870","      IADD3 R16, P1, R16, R21, RZ","71424"
"0x73ac1633e880","      IMAD R21, R17, 0x2, R34","71424"
"0x73ac1633e890","      IMAD.X R17, RZ, RZ, R20, P1","71424"
"0x73ac1633e8a0","      LDGSTS.E.128.ZFILL P6, [R21][R10.64]","71424"
"0x73ac1633e8b0","      LDGSTS.E.128.ZFILL P5, [R37][R18.64]","71424"
"0x73ac1633e8c0","      LDGSTS.E.128.ZFILL P0, [R23][R16.64]","71424"
"0x73ac1633e8d0","      ISETP.GE.AND P0, PT, R33, RZ, PT","71424"
"0x73ac1633e8e0","      IADD3 R33, R33, 0x200, RZ","71424"
"0x73ac1633e8f0","@!P0  BRA 0x73ac1633df70","71424"
"0x73ac1633e900","      BSYNC B1","71424"
"0x73ac1633e910","      BSSY B1, 0x73ac1633ef40","71424"
"0x73ac1633e920","      LEA R36, R32, 0x40, 0x6","71424"
"0x73ac1633e930","      IMAD.MOV.U32 R35, RZ, RZ, R0","71424"
"0x73ac1633e940","@!P2  BRA 0x73ac1633ef30","71424"
"0x73ac1633e950","      IMAD R10, R93, 0x8, R6","0"
"0x73ac1633e960","      IMAD.IADD R17, R92, 0x1, R36","0"
"0x73ac1633e970","      IMAD.MOV.U32 R35, RZ, RZ, R88","0"
"0x73ac1633e980","      ISETP.GE.AND P0, PT, R10, c[0x0][0x184], PT","0"
"0x73ac1633e990","      IADD3 R16, -R10, c[0x0][0x184], RZ","0"
"0x73ac1633e9a0","      SHF.R.S32.HI R18, RZ, 0x1f, R17","0"
"0x73ac1633e9b0","      ISETP.GE.OR P0, PT, R17, c[0x0][0x17c], P0","0"
"0x73ac1633e9c0","      IMNMX R16, R16, 0x8, PT","0"
"0x73ac1633e9d0","      IMAD R18, R18, c[0x0][0x184], RZ","0"
"0x73ac1633e9e0","      SHF.R.S32.HI R11, RZ, 0x1f, R10","0"
"0x73ac1633e9f0","      SEL R16, R16, RZ, !P0","0"
"0x73ac1633ea00","      IMAD R19, R17, UR5, R18","0"
"0x73ac1633ea10","      IMAD.WIDE.U32 R10, R17, c[0x0][0x184], R10","0"
"0x73ac1633ea20","      ISETP.NE.AND P0, PT, R16, RZ, PT","0"
"0x73ac1633ea30","      IMAD.SHL.U32 R16, R16, 0x2, RZ","0"
"0x73ac1633ea40","      SEL R17, R10, RZ, P0","0"
"0x73ac1633ea50","      IMAD.IADD R18, R11, 0x1, R19","0"
"0x73ac1633ea60","      IADD3 R10, -R16, 0x10, RZ","0"
"0x73ac1633ea70","      LEA R11, P1, R17, c[0x0][0x170], 0x1","0"
"0x73ac1633ea80","      SEL R18, R18, RZ, P0","0"
"0x73ac1633ea90","      LOP3.LUT R10, R10, 0xf, RZ, 0xc0, !PT","0"
"0x73ac1633eaa0","      SEL R11, R11, c[0x0][0x170], P0","0"
"0x73ac1633eab0","      LEA.HI.X R17, R17, c[0x0][0x174], R18, 0x1, P1","0"
"0x73ac1633eac0","      ISETP.NE.U32.AND P1, PT, R16, RZ, PT","0"
"0x73ac1633ead0","      IADD3 R10, P2, R10, R11, RZ","0"
"0x73ac1633eae0","      SEL R11, R17, c[0x0][0x174], P0","0"
"0x73ac1633eaf0","      IMAD R17, R91, 0x2, R34","0"
"0x73ac1633eb00","      ISETP.NE.AND P0, PT, R95, 0x1, PT","0"
"0x73ac1633eb10","      IMAD.X R11, RZ, RZ, R11, P2","0"
"0x73ac1633eb20","@!PT  LDS RZ, [RZ]","0"
"0x73ac1633eb30","@!PT  LDS RZ, [RZ]","0"
"0x73ac1633eb40","@!PT  LDS RZ, [RZ]","0"
"0x73ac1633eb50","      LDGSTS.E.128.ZFILL P1, [R17+0x4000][R10.64]","0"
"0x73ac1633eb60","@!P0  BRA 0x73ac1633ef30","0"
"0x73ac1633eb70","      IMAD R10, R86, 0x8, R6","0"
"0x73ac1633eb80","      IMAD.IADD R17, R87, 0x1, R36","0"
"0x73ac1633eb90","      IMAD.MOV.U32 R35, RZ, RZ, R82","0"
"0x73ac1633eba0","      ISETP.GE.AND P0, PT, R10, c[0x0][0x184], PT","0"
"0x73ac1633ebb0","      IADD3 R16, -R10, c[0x0][0x184], RZ","0"
"0x73ac1633ebc0","      SHF.R.S32.HI R18, RZ, 0x1f, R17","0"
"0x73ac1633ebd0","      ISETP.GE.OR P0, PT, R17, c[0x0][0x17c], P0","0"
"0x73ac1633ebe0","      IMNMX R16, R16, 0x8, PT","0"
"0x73ac1633ebf0","      IMAD R18, R18, c[0x0][0x184], RZ","0"
"0x73ac1633ec00","      SHF.R.S32.HI R11, RZ, 0x1f, R10","0"
"0x73ac1633ec10","      SEL R16, R16, RZ, !P0","0"
"0x73ac1633ec20","      IMAD R19, R17, UR5, R18","0"
"0x73ac1633ec30","      IMAD.WIDE.U32 R10, R17, c[0x0][0x184], R10","0"
"0x73ac1633ec40","      ISETP.NE.AND P0, PT, R16, RZ, PT","0"
"0x73ac1633ec50","      IMAD.SHL.U32 R16, R16, 0x2, RZ","0"
"0x73ac1633ec60","      SEL R17, R10, RZ, P0","0"
"0x73ac1633ec70","      IMAD.IADD R18, R11, 0x1, R19","0"
"0x73ac1633ec80","      IADD3 R10, -R16, 0x10, RZ","0"
"0x73ac1633ec90","      LEA R11, P1, R17, c[0x0][0x170], 0x1","0"
"0x73ac1633eca0","      SEL R18, R18, RZ, P0","0"
"0x73ac1633ecb0","      LOP3.LUT R10, R10, 0xf, RZ, 0xc0, !PT","0"
"0x73ac1633ecc0","      SEL R11, R11, c[0x0][0x170], P0","0"
"0x73ac1633ecd0","      LEA.HI.X R17, R17, c[0x0][0x174], R18, 0x1, P1","0"
"0x73ac1633ece0","      ISETP.NE.U32.AND P1, PT, R16, RZ, PT","0"
"0x73ac1633ecf0","      IADD3 R10, P2, R10, R11, RZ","0"
"0x73ac1633ed00","      SEL R11, R17, c[0x0][0x174], P0","0"
"0x73ac1633ed10","      IMAD R17, R85, 0x2, R34","0"
"0x73ac1633ed20","      ISETP.NE.AND P0, PT, R95, 0x2, PT","0"
"0x73ac1633ed30","      IMAD.X R11, RZ, RZ, R11, P2","0"
"0x73ac1633ed40","      LDGSTS.E.128.ZFILL P1, [R17+0x4000][R10.64]","0"
"0x73ac1633ed50","@!P0  BRA 0x73ac1633ef30","0"
"0x73ac1633ed60","      IMAD R10, R80, 0x8, R6","0"
"0x73ac1633ed70","      IMAD.IADD R17, R81, 0x1, R36","0"
"0x73ac1633ed80","      IMAD.MOV.U32 R35, RZ, RZ, R78","0"
"0x73ac1633ed90","      ISETP.GE.AND P0, PT, R10, c[0x0][0x184], PT","0"
"0x73ac1633eda0","      IADD3 R16, -R10, c[0x0][0x184], RZ","0"
"0x73ac1633edb0","      SHF.R.S32.HI R18, RZ, 0x1f, R17","0"
"0x73ac1633edc0","      ISETP.GE.OR P0, PT, R17, c[0x0][0x17c], P0","0"
"0x73ac1633edd0","      IMNMX R16, R16, 0x8, PT","0"
"0x73ac1633ede0","      IMAD R18, R18, c[0x0][0x184], RZ","0"
"0x73ac1633edf0","      SHF.R.S32.HI R11, RZ, 0x1f, R10","0"
"0x73ac1633ee00","      SEL R16, R16, RZ, !P0","0"
"0x73ac1633ee10","      IMAD R19, R17, UR5, R18","0"
"0x73ac1633ee20","      IMAD.WIDE.U32 R10, R17, c[0x0][0x184], R10","0"
"0x73ac1633ee30","      ISETP.NE.AND P0, PT, R16, RZ, PT","0"
"0x73ac1633ee40","      IMAD.SHL.U32 R16, R16, 0x2, RZ","0"
"0x73ac1633ee50","      SEL R17, R10, RZ, P0","0"
"0x73ac1633ee60","      IMAD.IADD R18, R11, 0x1, R19","0"
"0x73ac1633ee70","      IADD3 R10, -R16, 0x10, RZ","0"
"0x73ac1633ee80","      LEA R11, P1, R17, c[0x0][0x170], 0x1","0"
"0x73ac1633ee90","      SEL R18, R18, RZ, P0","0"
"0x73ac1633eea0","      LOP3.LUT R10, R10, 0xf, RZ, 0xc0, !PT","0"
"0x73ac1633eeb0","      SEL R11, R11, c[0x0][0x170], P0","0"
"0x73ac1633eec0","      LEA.HI.X R17, R17, c[0x0][0x174], R18, 0x1, P1","0"
"0x73ac1633eed0","      ISETP.NE.U32.AND P1, PT, R16, RZ, PT","0"
"0x73ac1633eee0","      IADD3 R10, P2, R10, R11, RZ","0"
"0x73ac1633eef0","      SEL R11, R17, c[0x0][0x174], P0","0"
"0x73ac1633ef00","      IMAD R17, R79, 0x2, R34","0"
"0x73ac1633ef10","      IMAD.X R11, RZ, RZ, R11, P2","0"
"0x73ac1633ef20","      LDGSTS.E.128.ZFILL P1, [R17+0x4000][R10.64]","0"
"0x73ac1633ef30","      BSYNC B1","71424"
"0x73ac1633ef40","      ISETP.GE.U32.AND P0, PT, R7, 0x180, PT","71424"
"0x73ac1633ef50","@!P0  BRA 0x73ac1633f8f0","71424"
"0x73ac1633ef60","      IADD3 R11, R35, 0x80, RZ","71424"
"0x73ac1633ef70","      IADD3 R19, R35, 0x100, RZ","71424"
"0x73ac1633ef80","      SHF.R.S32.HI R10, RZ, 0x1f, R11","71424"
"0x73ac1633ef90","      SHF.R.S32.HI R18, RZ, 0x1f, R19","71424"
"0x73ac1633efa0","      LEA.HI R17, R10, R11, RZ, 0x3","71424"
"0x73ac1633efb0","      SHF.R.S32.HI R10, RZ, 0x1f, R35","71424"
"0x73ac1633efc0","      LOP3.LUT R16, R17, 0xfffffff8, RZ, 0xc0, !PT","71424"
"0x73ac1633efd0","      LEA.HI R10, R10, R35, RZ, 0x3","71424"
"0x73ac1633efe0","      LEA.HI R20, R18, R19, RZ, 0x3","71424"
"0x73ac1633eff0","      IMAD.IADD R18, R11, 0x1, -R16","71424"
"0x73ac1633f000","      LOP3.LUT R16, R10, 0xfffffff8, RZ, 0xc0, !PT","71424"
"0x73ac1633f010","      SHF.R.S32.HI R39, RZ, 0x3, R10","71424"
"0x73ac1633f020","      IADD3 R51, R35, 0x180, RZ","71424"
"0x73ac1633f030","      IMAD.IADD R11, R35, 0x1, -R16","71424"
"0x73ac1633f040","      LOP3.LUT R22, R20, 0xfffffff8, RZ, 0xc0, !PT","71424"
"0x73ac1633f050","      IMAD.IADD R33, R36, 0x1, R39","71424"
"0x73ac1633f060","      SHF.R.S32.HI R32, RZ, 0x1f, R51","71424"
"0x73ac1633f070","      IMAD R10, R11, 0x8, R6","71424"
"0x73ac1633f080","      LOP3.LUT R16, R11, 0x7, R39, 0x78, !PT","71424"
"0x73ac1633f090","      IMAD.IADD R22, R19, 0x1, -R22","71424"
"0x73ac1633f0a0","      SHF.R.S32.HI R17, RZ, 0x3, R17","71424"
"0x73ac1633f0b0","      SHF.R.S32.HI R11, RZ, 0x1f, R33","71424"
"0x73ac1633f0c0","      IMAD R39, R39, 0x8, R16","71424"
"0x73ac1633f0d0","      LEA.HI R21, R32, R51, RZ, 0x3","71424"
"0x73ac1633f0e0","      IMAD.IADD R23, R36, 0x1, R17","71424"
"0x73ac1633f0f0","      LOP3.LUT R38, R18, 0x7, R17, 0x78, !PT","71424"
"0x73ac1633f100","      IMAD R16, R11, c[0x0][0x184], RZ","71424"
"0x73ac1633f110","      SHF.R.S32.HI R19, RZ, 0x3, R20","71424"
"0x73ac1633f120","      IMAD.SHL.U32 R39, R39, 0x8, RZ","71424"
"0x73ac1633f130","      LOP3.LUT R32, R21, 0xfffffff8, RZ, 0xc0, !PT","71424"
"0x73ac1633f140","      IMAD R38, R17, 0x8, R38","71424"
"0x73ac1633f150","      ISETP.GE.AND P0, PT, R10, c[0x0][0x184], PT","71424"
"0x73ac1633f160","      IMAD R55, R33, UR5, R16","71424"
"0x73ac1633f170","      SHF.R.S32.HI R11, RZ, 0x1f, R10","71424"
"0x73ac1633f180","      IMAD R16, R18, 0x8, R6","71424"
"0x73ac1633f190","      LOP3.LUT R20, R22, 0x7, R19, 0x78, !PT","71424"
"0x73ac1633f1a0","      IMAD.IADD R51, R51, 0x1, -R32","71424"
"0x73ac1633f1b0","      SHF.R.S32.HI R17, RZ, 0x1f, R23","71424"
"0x73ac1633f1c0","      IMAD R18, R22, 0x8, R6","71424"
"0x73ac1633f1d0","      ISETP.GE.OR P1, PT, R33, c[0x0][0x17c], P0","71424"
"0x73ac1633f1e0","      IMAD.WIDE.U32 R32, R33, c[0x0][0x184], R10","71424"
"0x73ac1633f1f0","      IADD3 R10, -R10, c[0x0][0x184], RZ","71424"
"0x73ac1633f200","      SHF.R.S32.HI R11, RZ, 0x3, R21","71424"
"0x73ac1633f210","      IMAD R37, R19, 0x8, R20","71424"
"0x73ac1633f220","      ISETP.GE.AND P0, PT, R16, c[0x0][0x184], PT","71424"
"0x73ac1633f230","      IMAD R20, R17, c[0x0][0x184], RZ","71424"
"0x73ac1633f240","      SHF.R.S32.HI R17, RZ, 0x1f, R16","71424"
"0x73ac1633f250","      IMAD.IADD R21, R36, 0x1, R19","71424"
"0x73ac1633f260","      IMNMX R10, R10, 0x8, PT","71424"
"0x73ac1633f270","      IMAD R53, R23, UR5, R20","71424"
"0x73ac1633f280","      ISETP.GE.OR P0, PT, R23, c[0x0][0x17c], P0","71424"
"0x73ac1633f290","      IMAD.WIDE.U32 R22, R23, c[0x0][0x184], R16","71424"
"0x73ac1633f2a0","      LOP3.LUT R48, R51, 0x7, R11, 0x78, !PT","71424"
"0x73ac1633f2b0","      SEL R17, R10, RZ, !P1","71424"
"0x73ac1633f2c0","      IMAD.IADD R65, R36, 0x1, R11","71424"
"0x73ac1633f2d0","      SHF.R.S32.HI R19, RZ, 0x1f, R21","71424"
"0x73ac1633f2e0","      IMAD R48, R11, 0x8, R48","71424"
"0x73ac1633f2f0","      ISETP.NE.AND P5, PT, R17, RZ, PT","71424"
"0x73ac1633f300","      IMAD R10, R51, 0x8, R6","71424"
"0x73ac1633f310","      SHF.R.S32.HI R11, RZ, 0x1f, R65","71424"
"0x73ac1633f320","      IMAD R20, R19, c[0x0][0x184], RZ","71424"
"0x73ac1633f330","      ISETP.GE.AND P2, PT, R18, c[0x0][0x184], PT","71424"
"0x73ac1633f340","      IMAD.IADD R54, R33, 0x1, R55","71424"
"0x73ac1633f350","      SHF.R.S32.HI R19, RZ, 0x1f, R18","71424"
"0x73ac1633f360","      IMAD R49, R21, UR5, R20","71424"
"0x73ac1633f370","      SEL R51, R32, RZ, P5","71424"
"0x73ac1633f380","      IMAD R32, R11, c[0x0][0x184], RZ","71424"
"0x73ac1633f390","      ISETP.GE.OR P1, PT, R21, c[0x0][0x17c], P2","71424"
"0x73ac1633f3a0","      IMAD.WIDE.U32 R20, R21, c[0x0][0x184], R18","71424"
"0x73ac1633f3b0","      IADD3 R16, -R16, c[0x0][0x184], RZ","71424"
"0x73ac1633f3c0","      SHF.R.S32.HI R11, RZ, 0x1f, R10","71424"
"0x73ac1633f3d0","      IMAD R19, R65, UR5, R32","71424"
"0x73ac1633f3e0","      SEL R54, R54, RZ, P5","71424"
"0x73ac1633f3f0","      IMAD.SHL.U32 R32, R17, 0x2, RZ","71424"
"0x73ac1633f400","      LEA R52, P6, R51, c[0x0][0x170], 0x1","71424"
"0x73ac1633f410","      IMAD R39, R39, 0x2, R34","71424"
"0x73ac1633f420","      IMNMX R50, R16, 0x8, PT","71424"
"0x73ac1633f430","      IMAD.WIDE.U32 R16, R65, c[0x0][0x184], R10","71424"
"0x73ac1633f440","      IADD3 R33, -R32, 0x10, RZ","71424"
"0x73ac1633f450","      LEA.HI.X R11, R51, c[0x0][0x174], R54, 0x1, P6","71424"
"0x73ac1633f460","      IMAD.IADD R51, R23, 0x1, R53","71424"
"0x73ac1633f470","      LOP3.LUT R33, R33, 0xf, RZ, 0xc0, !PT","71424"
"0x73ac1633f480","      IMAD.IADD R49, R21, 0x1, R49","71424"
"0x73ac1633f490","      SEL R52, R52, c[0x0][0x170], P5","71424"
"0x73ac1633f4a0","      IMAD.IADD R19, R17, 0x1, R19","71424"
"0x73ac1633f4b0","      ISETP.NE.U32.AND P6, PT, R32, RZ, PT","71424"
"0x73ac1633f4c0","      IMAD.SHL.U32 R37, R37, 0x8, RZ","71424"
"0x73ac1633f4d0","      SEL R50, R50, RZ, !P0","71424"
"0x73ac1633f4e0","      SEL R11, R11, c[0x0][0x174], P5","71424"
"0x73ac1633f4f0","      IMAD R37, R37, 0x2, R34","71424"
"0x73ac1633f500","      IADD3 R32, P5, R33, R52, RZ","71424"
"0x73ac1633f510","      IADD3 R18, -R18, c[0x0][0x184], RZ","71424"
"0x73ac1633f520","      ISETP.NE.AND P0, PT, R50, RZ, PT","71424"
"0x73ac1633f530","      IMAD.X R33, RZ, RZ, R11, P5","71424"
"0x73ac1633f540","      IMNMX R18, R18, 0x8, PT","71424"
"0x73ac1633f550","      IMAD.SHL.U32 R50, R50, 0x2, RZ","71424"
"0x73ac1633f560","      SEL R22, R22, RZ, P0","71424"
"0x73ac1633f570","      ISETP.GE.AND P2, PT, R10, c[0x0][0x184], PT","71424"
"0x73ac1633f580","@!PT  LDS RZ, [RZ]","71424"
"0x73ac1633f590","@!PT  LDS RZ, [RZ]","71424"
"0x73ac1633f5a0","@!PT  LDS RZ, [RZ]","71424"
"0x73ac1633f5b0","      LDGSTS.E.128.ZFILL P6, [R39+0x4000][R32.64]","71424"
"0x73ac1633f5c0","      SEL R18, R18, RZ, !P1","71424"
"0x73ac1633f5d0","      IADD3 R10, -R10, c[0x0][0x184], RZ","71424"
"0x73ac1633f5e0","      ISETP.NE.U32.AND P5, PT, R50, RZ, PT","71424"
"0x73ac1633f5f0","      IADD3 R50, -R50, 0x10, RZ","71424"
"0x73ac1633f600","      LEA R23, P6, R22, c[0x0][0x170], 0x1","71424"
"0x73ac1633f610","      SEL R51, R51, RZ, P0","71424"
"0x73ac1633f620","      ISETP.NE.AND P1, PT, R18, RZ, PT","71424"
"0x73ac1633f630","      IMAD.SHL.U32 R18, R18, 0x2, RZ","71424"
"0x73ac1633f640","      ISETP.GE.OR P2, PT, R65, c[0x0][0x17c], P2","71424"
"0x73ac1633f650","      IMNMX R11, R10, 0x8, PT","71424"
"0x73ac1633f660","      LOP3.LUT R50, R50, 0xf, RZ, 0xc0, !PT","71424"
"0x73ac1633f670","      SEL R23, R23, c[0x0][0x170], P0","71424"
"0x73ac1633f680","      LEA.HI.X R21, R22, c[0x0][0x174], R51, 0x1, P6","71424"
"0x73ac1633f690","      SEL R32, R20, RZ, P1","71424"
"0x73ac1633f6a0","      SEL R20, R11, RZ, !P2","71424"
"0x73ac1633f6b0","      IADD3 R10, P6, R50, R23, RZ","71424"
"0x73ac1633f6c0","      SEL R11, R21, c[0x0][0x174], P0","71424"
"0x73ac1633f6d0","      SEL R17, R49, RZ, P1","71424"
"0x73ac1633f6e0","      ISETP.NE.U32.AND P0, PT, R18, RZ, PT","71424"
"0x73ac1633f6f0","      IMAD.X R11, RZ, RZ, R11, P6","71424"
"0x73ac1633f700","      LEA R23, P6, R32, c[0x0][0x170], 0x1","71424"
"0x73ac1633f710","      IADD3 R18, -R18, 0x10, RZ","71424"
"0x73ac1633f720","      ISETP.NE.AND P2, PT, R20, RZ, PT","71424"
"0x73ac1633f730","      IMAD.SHL.U32 R20, R20, 0x2, RZ","71424"
"0x73ac1633f740","      LEA.HI.X R32, R32, c[0x0][0x174], R17, 0x1, P6","71424"
"0x73ac1633f750","      LOP3.LUT R18, R18, 0xf, RZ, 0xc0, !PT","71424"
"0x73ac1633f760","      SEL R23, R23, c[0x0][0x170], P1","71424"
"0x73ac1633f770","      SEL R21, R16, RZ, P2","71424"
"0x73ac1633f780","      SEL R32, R32, c[0x0][0x174], P1","71424"
"0x73ac1633f790","      IADD3 R18, P1, R18, R23, RZ","71424"
"0x73ac1633f7a0","      IADD3 R16, -R20, 0x10, RZ","71424"
"0x73ac1633f7b0","      LEA R17, P6, R21, c[0x0][0x170], 0x1","71424"
"0x73ac1633f7c0","      SEL R22, R19, RZ, P2","71424"
"0x73ac1633f7d0","      IMAD.X R19, RZ, RZ, R32, P1","71424"
"0x73ac1633f7e0","      LOP3.LUT R16, R16, 0xf, RZ, 0xc0, !PT","71424"
"0x73ac1633f7f0","      SEL R17, R17, c[0x0][0x170], P2","71424"
"0x73ac1633f800","      ISETP.NE.U32.AND P1, PT, R20, RZ, PT","71424"
"0x73ac1633f810","      LEA.HI.X R20, R21, c[0x0][0x174], R22, 0x1, P6","71424"
"0x73ac1633f820","      IMAD.SHL.U32 R21, R48, 0x8, RZ","71424"
"0x73ac1633f830","      IADD3 R16, P6, R16, R17, RZ","71424"
"0x73ac1633f840","      IMAD.SHL.U32 R17, R38, 0x8, RZ","71424"
"0x73ac1633f850","      SEL R20, R20, c[0x0][0x174], P2","71424"
"0x73ac1633f860","      IMAD R21, R21, 0x2, R34","71424"
"0x73ac1633f870","      IMAD R23, R17, 0x2, R34","71424"
"0x73ac1633f880","      IMAD.X R17, RZ, RZ, R20, P6","71424"
"0x73ac1633f890","      LDGSTS.E.128.ZFILL P5, [R23+0x4000][R10.64]","71424"
"0x73ac1633f8a0","      LDGSTS.E.128.ZFILL P0, [R37+0x4000][R18.64]","71424"
"0x73ac1633f8b0","      ISETP.GE.AND P0, PT, R35, RZ, PT","71424"
"0x73ac1633f8c0","      IADD3 R35, R35, 0x200, RZ","71424"
"0x73ac1633f8d0","      LDGSTS.E.128.ZFILL P1, [R21+0x4000][R16.64]","71424"
"0x73ac1633f8e0","@!P0  BRA 0x73ac1633ef60","71424"
"0x73ac1633f8f0","      BSYNC B0","71424"
"0x73ac1633f900","      LDGDEPBAR","71424"
"0x73ac1633f910","      BRA 0x73ac16340fd0","71424"
"0x73ac1633f920","      ISETP.GT.AND P0, PT, R0, 0xfff, PT","0"
"0x73ac1633f930","      BSSY B0, 0x73ac16340fd0","0"
"0x73ac1633f940","@P0   BRA 0x73ac16340fc0","0"
"0x73ac1633f950","      ISETP.NE.AND P0, PT, R96, RZ, PT","0"
"0x73ac1633f960","      BSSY B1, 0x73ac1633fde0","0"
"0x73ac1633f970","      LEA R33, R32, 0x40, 0x6","0"
"0x73ac1633f980","      IMAD.MOV.U32 R34, RZ, RZ, R0","0"
"0x73ac1633f990","@!P0  BRA 0x73ac1633fdd0","0"
"0x73ac1633f9a0","      IMAD.IADD R16, R5, 0x1, R94","0"
"0x73ac1633f9b0","      BSSY B2, 0x73ac1633fad0","0"
"0x73ac1633f9c0","      IMAD.IADD R11, R90, 0x1, R33","0"
"0x73ac1633f9d0","      IMAD R19, R18, 0x1000, R89","0"
"0x73ac1633f9e0","      ISETP.GE.AND P0, PT, R16, c[0x0][0x180], PT","0"
"0x73ac1633f9f0","      IMAD.SHL.U32 R19, R19, 0x2, RZ","0"
"0x73ac1633fa00","      ISETP.LT.AND P0, PT, R11, c[0x0][0x17c], !P0","0"
"0x73ac1633fa10","@!P0  PRMT R10, RZ, 0x7610, R10","0"
"0x73ac1633fa20","@!P0  BRA 0x73ac1633fac0","0"
"0x73ac1633fa30","      SHF.R.S32.HI R10, RZ, 0x1f, R11","0"
"0x73ac1633fa40","      SHF.R.S32.HI R17, RZ, 0x1f, R16","0"
"0x73ac1633fa50","      IMAD R10, R10, c[0x0][0x180], RZ","0"
"0x73ac1633fa60","      IMAD.WIDE.U32 R16, R11, c[0x0][0x180], R16","0"
"0x73ac1633fa70","      IMAD R11, R11, UR6, R10","0"
"0x73ac1633fa80","      LEA R10, P0, R16, c[0x0][0x168], 0x1","0"
"0x73ac1633fa90","      IMAD.IADD R11, R17, 0x1, R11","0"
"0x73ac1633faa0","      LEA.HI.X R11, R16, c[0x0][0x16c], R11, 0x1, P0","0"
"0x73ac1633fab0","      LDG.E.U16 R10, [R10.64]","0"
"0x73ac1633fac0","      BSYNC B2","0"
"0x73ac1633fad0","      STS.U16 [R19], R10","0"
"0x73ac1633fae0","      ISETP.NE.AND P0, PT, R96, 0x1, PT","0"
"0x73ac1633faf0","      IMAD.MOV.U32 R34, RZ, RZ, R88","0"
"0x73ac1633fb00","@!P0  BRA 0x73ac1633fdd0","0"
"0x73ac1633fb10","      IMAD.IADD R16, R5, 0x1, R83","0"
"0x73ac1633fb20","      BSSY B2, 0x73ac1633fc40","0"
"0x73ac1633fb30","      IMAD.IADD R11, R84, 0x1, R33","0"
"0x73ac1633fb40","      IMAD R19, R18, 0x1000, R77","0"
"0x73ac1633fb50","      ISETP.GE.AND P0, PT, R16, c[0x0][0x180], PT","0"
"0x73ac1633fb60","      IMAD.SHL.U32 R19, R19, 0x2, RZ","0"
"0x73ac1633fb70","      ISETP.LT.AND P0, PT, R11, c[0x0][0x17c], !P0","0"
"0x73ac1633fb80","@!P0  PRMT R10, RZ, 0x7610, R10","0"
"0x73ac1633fb90","@!P0  BRA 0x73ac1633fc30","0"
"0x73ac1633fba0","      SHF.R.S32.HI R10, RZ, 0x1f, R11","0"
"0x73ac1633fbb0","      SHF.R.S32.HI R17, RZ, 0x1f, R16","0"
"0x73ac1633fbc0","      IMAD R10, R10, c[0x0][0x180], RZ","0"
"0x73ac1633fbd0","      IMAD.WIDE.U32 R16, R11, c[0x0][0x180], R16","0"
"0x73ac1633fbe0","      IMAD R11, R11, UR6, R10","0"
"0x73ac1633fbf0","      LEA R10, P0, R16, c[0x0][0x168], 0x1","0"
"0x73ac1633fc00","      IMAD.IADD R11, R17, 0x1, R11","0"
"0x73ac1633fc10","      LEA.HI.X R11, R16, c[0x0][0x16c], R11, 0x1, P0","0"
"0x73ac1633fc20","      LDG.E.U16 R10, [R10.64]","0"
"0x73ac1633fc30","      BSYNC B2","0"
"0x73ac1633fc40","      STS.U16 [R19], R10","0"
"0x73ac1633fc50","      ISETP.NE.AND P0, PT, R96, 0x2, PT","0"
"0x73ac1633fc60","      IMAD.MOV.U32 R34, RZ, RZ, R82","0"
"0x73ac1633fc70","@!P0  BRA 0x73ac1633fdd0","0"
"0x73ac1633fc80","      IMAD.IADD R16, R5, 0x1, R9","0"
"0x73ac1633fc90","      BSSY B2, 0x73ac1633fdb0","0"
"0x73ac1633fca0","      IMAD.IADD R11, R76, 0x1, R33","0"
"0x73ac1633fcb0","      IMAD R19, R18, 0x1000, R4","0"
"0x73ac1633fcc0","      ISETP.GE.AND P0, PT, R16, c[0x0][0x180], PT","0"
"0x73ac1633fcd0","      IMAD.SHL.U32 R19, R19, 0x2, RZ","0"
"0x73ac1633fce0","      ISETP.LT.AND P0, PT, R11, c[0x0][0x17c], !P0","0"
"0x73ac1633fcf0","@!P0  PRMT R10, RZ, 0x7610, R10","0"
"0x73ac1633fd00","@!P0  BRA 0x73ac1633fda0","0"
"0x73ac1633fd10","      SHF.R.S32.HI R10, RZ, 0x1f, R11","0"
"0x73ac1633fd20","      SHF.R.S32.HI R17, RZ, 0x1f, R16","0"
"0x73ac1633fd30","      IMAD R10, R10, c[0x0][0x180], RZ","0"
"0x73ac1633fd40","      IMAD.WIDE.U32 R16, R11, c[0x0][0x180], R16","0"
"0x73ac1633fd50","      IMAD R11, R11, UR6, R10","0"
"0x73ac1633fd60","      LEA R10, P0, R16, c[0x0][0x168], 0x1","0"
"0x73ac1633fd70","      IMAD.IADD R11, R17, 0x1, R11","0"
"0x73ac1633fd80","      LEA.HI.X R11, R16, c[0x0][0x16c], R11, 0x1, P0","0"
"0x73ac1633fd90","      LDG.E.U16 R10, [R10.64]","0"
"0x73ac1633fda0","      BSYNC B2","0"
"0x73ac1633fdb0","      STS.U16 [R19], R10","0"
"0x73ac1633fdc0","      IMAD.MOV.U32 R34, RZ, RZ, R78","0"
"0x73ac1633fdd0","      BSYNC B1","0"
"0x73ac1633fde0","      ISETP.GE.U32.AND P0, PT, R8, 0x180, PT","0"
"0x73ac1633fdf0","      BSSY B1, 0x73ac163404c0","0"
"0x73ac1633fe00","      ISETP.NE.AND P5, PT, R96, RZ, PT","0"
"0x73ac1633fe10","@!P0  BRA 0x73ac163404b0","0"
"0x73ac1633fe20","      LOP3.LUT R35, R2, 0x1, RZ, 0x3c, !PT","0"
"0x73ac1633fe30","      SHF.R.S32.HI R11, RZ, 0x1f, R34","0"
"0x73ac1633fe40","      IADD3 R39, R34, 0x80, RZ","0"
"0x73ac1633fe50","      LEA.HI R54, R11, R34, RZ, 0x6","0"
"0x73ac1633fe60","      SHF.R.S32.HI R36, RZ, 0x1f, R39","0"
"0x73ac1633fe70","      LOP3.LUT R37, R54, 0xffffffc0, RZ, 0xc0, !PT","0"
"0x73ac1633fe80","      LEA.HI.SX32 R19, R54, R33, 0x1a","0"
"0x73ac1633fe90","      IADD3 R22, R5, R34, -R37","0"
"0x73ac1633fea0","      IADD3 R52, R34, 0x100, RZ","0"
"0x73ac1633feb0","      ISETP.GE.AND P0, PT, R22, c[0x0][0x180], PT","0"
"0x73ac1633fec0","      LEA.HI R36, R36, R39, RZ, 0x6","0"
"0x73ac1633fed0","      ISETP.LT.AND P0, PT, R19, c[0x0][0x17c], !P0","0"
"0x73ac1633fee0","      SHF.R.S32.HI R11, RZ, 0x1f, R52","0"
"0x73ac1633fef0","      IADD3 R50, R34, 0x180, RZ","0"
"0x73ac1633ff00","      LOP3.LUT R48, R36, 0xffffffc0, RZ, 0xc0, !PT","0"
"0x73ac1633ff10","      LEA.HI R38, R11, R52, RZ, 0x6","0"
"0x73ac1633ff20","      SHF.R.S32.HI R17, RZ, 0x1f, R50","0"
"0x73ac1633ff30","      IADD3 R18, R5, R39, -R48","0"
"0x73ac1633ff40","@P0   SHF.R.S32.HI R10, RZ, 0x1f, R19","0"
"0x73ac1633ff50","@P0   SHF.R.S32.HI R23, RZ, 0x1f, R22","0"
"0x73ac1633ff60","      LOP3.LUT R49, R38, 0xffffffc0, RZ, 0xc0, !PT","0"
"0x73ac1633ff70","@P0   IMAD R10, R10, c[0x0][0x180], RZ","0"
"0x73ac1633ff80","      LEA.HI R64, R17, R50, RZ, 0x6","0"
"0x73ac1633ff90","@P0   IMAD.WIDE.U32 R22, R19, c[0x0][0x180], R22","0"
"0x73ac1633ffa0","      LEA.HI.SX32 R55, R36, R33, 0x1a","0"
"0x73ac1633ffb0","      ISETP.GE.AND P1, PT, R18, c[0x0][0x180], PT","0"
"0x73ac1633ffc0","@P0   IMAD R11, R19, UR6, R10","0"
"0x73ac1633ffd0","      IADD3 R16, R5, R52, -R49","0"
"0x73ac1633ffe0","      LOP3.LUT R51, R64, 0xffffffc0, RZ, 0xc0, !PT","0"
"0x73ac1633fff0","@P0   IMAD.IADD R11, R23, 0x1, R11","0"
"0x73ac16340000","      ISETP.LT.AND P1, PT, R55, c[0x0][0x17c], !P1","0"
"0x73ac16340010","      LEA.HI.SX32 R65, R38, R33, 0x1a","0"
"0x73ac16340020","      ISETP.GE.AND P2, PT, R16, c[0x0][0x180], PT","0"
"0x73ac16340030","@P0   LEA R20, P6, R22, c[0x0][0x168], 0x1","0"
"0x73ac16340040","      IADD3 R10, R5, R50, -R51","0"
"0x73ac16340050","      ISETP.LT.AND P2, PT, R65, c[0x0][0x17c], !P2","0"
"0x73ac16340060","@P0   LEA.HI.X R21, R22, c[0x0][0x16c], R11, 0x1, P6","0"
"0x73ac16340070","      LEA.HI.SX32 R23, R64, R33, 0x1a","0"
"0x73ac16340080","      ISETP.GE.AND P6, PT, R10, c[0x0][0x180], PT","0"
"0x73ac16340090","@P1   SHF.R.S32.HI R11, RZ, 0x1f, R55","0"
"0x73ac163400a0","      ISETP.LT.AND P6, PT, R23, c[0x0][0x17c], !P6","0"
"0x73ac163400b0","@P1   SHF.R.S32.HI R19, RZ, 0x1f, R18","0"
"0x73ac163400c0","@P1   IMAD R22, R11, c[0x0][0x180], RZ","0"
"0x73ac163400d0","@P2   SHF.R.S32.HI R11, RZ, 0x1f, R65","0"
"0x73ac163400e0","@P2   SHF.R.S32.HI R17, RZ, 0x1f, R16","0"
"0x73ac163400f0","@P1   IMAD.WIDE.U32 R18, R55, c[0x0][0x180], R18","0"
"0x73ac16340100","@!P0  PRMT R53, RZ, 0x7610, R53","0"
"0x73ac16340110","@P1   IMAD R55, R55, UR6, R22","0"
"0x73ac16340120","@P2   IMAD R11, R11, c[0x0][0x180], RZ","0"
"0x73ac16340130","@P6   SHF.R.S32.HI R22, RZ, 0x1f, R23","0"
"0x73ac16340140","@P2   IMAD.WIDE.U32 R16, R65, c[0x0][0x180], R16","0"
"0x73ac16340150","@P0   LDG.E.U16 R53, [R20.64]","0"
"0x73ac16340160","@P2   IMAD R65, R65, UR6, R11","0"
"0x73ac16340170","@P6   SHF.R.S32.HI R11, RZ, 0x1f, R10","0"
"0x73ac16340180","@P6   IMAD R66, R22, c[0x0][0x180], RZ","0"
"0x73ac16340190","@P1   LEA R22, P0, R18, c[0x0][0x168], 0x1","0"
"0x73ac163401a0","@P1   IMAD.IADD R19, R19, 0x1, R55","0"
"0x73ac163401b0","@P6   IMAD.WIDE.U32 R10, R23, c[0x0][0x180], R10","0"
"0x73ac163401c0","@P6   IMAD R55, R23, UR6, R66","0"
"0x73ac163401d0","@P1   LEA.HI.X R23, R18, c[0x0][0x16c], R19, 0x1, P0","0"
"0x73ac163401e0","@P2   IMAD.IADD R17, R17, 0x1, R65","0"
"0x73ac163401f0","@P2   LEA R18, P0, R16, c[0x0][0x168], 0x1","0"
"0x73ac16340200","@P2   LEA.HI.X R19, R16, c[0x0][0x16c], R17, 0x1, P0","0"
"0x73ac16340210","@P6   IMAD.IADD R17, R11, 0x1, R55","0"
"0x73ac16340220","@P6   LEA R16, P0, R10, c[0x0][0x168], 0x1","0"
"0x73ac16340230","@!P1  PRMT R11, RZ, 0x7610, R11","0"
"0x73ac16340240","@P6   LEA.HI.X R17, R10, c[0x0][0x16c], R17, 0x1, P0","0"
"0x73ac16340250","@!P2  PRMT R20, RZ, 0x7610, R20","0"
"0x73ac16340260","@!P6  PRMT R10, RZ, 0x7610, R10","0"
"0x73ac16340270","@P1   LDG.E.U16 R11, [R22.64]","0"
"0x73ac16340280","@P2   LDG.E.U16 R20, [R18.64]","0"
"0x73ac16340290","@P6   LDG.E.U16 R10, [R16.64]","0"
"0x73ac163402a0","      SHF.R.S32.HI R54, RZ, 0x6, R54","0"
"0x73ac163402b0","      SHF.R.S32.HI R36, RZ, 0x6, R36","0"
"0x73ac163402c0","      SHF.R.S32.HI R38, RZ, 0x6, R38","0"
"0x73ac163402d0","      SHF.R.S32.HI R64, RZ, 0x6, R64","0"
"0x73ac163402e0","      IMAD.IADD R37, R34, 0x1, -R37","0"
"0x73ac163402f0","      IMAD.SHL.U32 R66, R54, 0x8, RZ","0"
"0x73ac16340300","      IMAD.IADD R39, R39, 0x1, -R48","0"
"0x73ac16340310","      IMAD.SHL.U32 R16, R36, 0x8, RZ","0"
"0x73ac16340320","      IMAD.IADD R49, R52, 0x1, -R49","0"
"0x73ac16340330","      IMAD.SHL.U32 R22, R38, 0x8, RZ","0"
"0x73ac16340340","      IMAD.IADD R50, R50, 0x1, -R51","0"
"0x73ac16340350","      IMAD.SHL.U32 R17, R64, 0x8, RZ","0"
"0x73ac16340360","      LOP3.LUT R37, R37, 0x38, R66, 0x78, !PT","0"
"0x73ac16340370","      IMAD.MOV.U32 R18, RZ, RZ, R35","0"
"0x73ac16340380","      LOP3.LUT R39, R39, 0x38, R16, 0x78, !PT","0"
"0x73ac16340390","      LOP3.LUT R49, R49, 0x38, R22, 0x78, !PT","0"
"0x73ac163403a0","      LOP3.LUT R17, R50, 0x38, R17, 0x78, !PT","0"
"0x73ac163403b0","      IMAD R37, R54, 0x40, R37","0"
"0x73ac163403c0","      IMAD.SHL.U32 R48, R18, 0x2000, RZ","0"
"0x73ac163403d0","      IMAD R39, R36, 0x40, R39","0"
"0x73ac163403e0","      IMAD R49, R38, 0x40, R49","0"
"0x73ac163403f0","      IMAD R17, R64, 0x40, R17","0"
"0x73ac16340400","      IMAD R16, R37, 0x2, R48","0"
"0x73ac16340410","      IMAD R22, R39, 0x2, R48","0"
"0x73ac16340420","      IMAD R49, R49, 0x2, R48","0"
"0x73ac16340430","      IMAD R17, R17, 0x2, R48","0"
"0x73ac16340440","      ISETP.GE.AND P0, PT, R34, 0xe00, PT","0"
"0x73ac16340450","      IADD3 R34, R34, 0x200, RZ","0"
"0x73ac16340460","      STS.U16 [R16], R53","0"
"0x73ac16340470","      STS.U16 [R22], R11","0"
"0x73ac16340480","      STS.U16 [R49], R20","0"
"0x73ac16340490","      STS.U16 [R17], R10","0"
"0x73ac163404a0","@!P0  BRA 0x73ac1633fe30","0"
"0x73ac163404b0","      BSYNC B1","0"
"0x73ac163404c0","      BSSY B1, 0x73ac16340920","0"
"0x73ac163404d0","      LEA R33, R32, 0x40, 0x6","0"
"0x73ac163404e0","      IMAD.MOV.U32 R35, RZ, RZ, R0","0"
"0x73ac163404f0","@!P5  BRA 0x73ac16340910","0"
"0x73ac16340500","      IMAD.IADD R16, R6, 0x1, R94","0"
"0x73ac16340510","      LEA R18, R18, 0x4000, 0xd","0"
"0x73ac16340520","      IMAD.IADD R11, R90, 0x1, R33","0"
"0x73ac16340530","      BSSY B2, 0x73ac16340630","0"
"0x73ac16340540","      ISETP.GE.AND P0, PT, R16, c[0x0][0x184], PT","0"
"0x73ac16340550","      IMAD R19, R89, 0x2, R18","0"
"0x73ac16340560","      ISETP.LT.AND P0, PT, R11, c[0x0][0x17c], !P0","0"
"0x73ac16340570","@!P0  PRMT R10, RZ, 0x7610, R10","0"
"0x73ac16340580","@!P0  BRA 0x73ac16340620","0"
"0x73ac16340590","      SHF.R.S32.HI R10, RZ, 0x1f, R11","0"
"0x73ac163405a0","      SHF.R.S32.HI R17, RZ, 0x1f, R16","0"
"0x73ac163405b0","      IMAD R10, R10, c[0x0][0x184], RZ","0"
"0x73ac163405c0","      IMAD.WIDE.U32 R16, R11, c[0x0][0x184], R16","0"
"0x73ac163405d0","      IMAD R11, R11, UR5, R10","0"
"0x73ac163405e0","      LEA R10, P0, R16, c[0x0][0x170], 0x1","0"
"0x73ac163405f0","      IMAD.IADD R11, R17, 0x1, R11","0"
"0x73ac16340600","      LEA.HI.X R11, R16, c[0x0][0x174], R11, 0x1, P0","0"
"0x73ac16340610","      LDG.E.U16 R10, [R10.64]","0"
"0x73ac16340620","      BSYNC B2","0"
"0x73ac16340630","      STS.U16 [R19], R10","0"
"0x73ac16340640","      ISETP.NE.AND P0, PT, R96, 0x1, PT","0"
"0x73ac16340650","      IMAD.MOV.U32 R35, RZ, RZ, R88","0"
"0x73ac16340660","@!P0  BRA 0x73ac16340910","0"
"0x73ac16340670","      IMAD.IADD R16, R6, 0x1, R83","0"
"0x73ac16340680","      BSSY B2, 0x73ac16340790","0"
"0x73ac16340690","      IMAD.IADD R11, R84, 0x1, R33","0"
"0x73ac163406a0","      IMAD R19, R77, 0x2, R18","0"
"0x73ac163406b0","      ISETP.GE.AND P0, PT, R16, c[0x0][0x184], PT","0"
"0x73ac163406c0","      ISETP.LT.AND P0, PT, R11, c[0x0][0x17c], !P0","0"
"0x73ac163406d0","@!P0  PRMT R10, RZ, 0x7610, R10","0"
"0x73ac163406e0","@!P0  BRA 0x73ac16340780","0"
"0x73ac163406f0","      SHF.R.S32.HI R10, RZ, 0x1f, R11","0"
"0x73ac16340700","      SHF.R.S32.HI R17, RZ, 0x1f, R16","0"
"0x73ac16340710","      IMAD R10, R10, c[0x0][0x184], RZ","0"
"0x73ac16340720","      IMAD.WIDE.U32 R16, R11, c[0x0][0x184], R16","0"
"0x73ac16340730","      IMAD R11, R11, UR5, R10","0"
"0x73ac16340740","      LEA R10, P0, R16, c[0x0][0x170], 0x1","0"
"0x73ac16340750","      IMAD.IADD R11, R17, 0x1, R11","0"
"0x73ac16340760","      LEA.HI.X R11, R16, c[0x0][0x174], R11, 0x1, P0","0"
"0x73ac16340770","      LDG.E.U16 R10, [R10.64]","0"
"0x73ac16340780","      BSYNC B2","0"
"0x73ac16340790","      STS.U16 [R19], R10","0"
"0x73ac163407a0","      ISETP.NE.AND P0, PT, R96, 0x2, PT","0"
"0x73ac163407b0","      IMAD.MOV.U32 R35, RZ, RZ, R82","0"
"0x73ac163407c0","@!P0  BRA 0x73ac16340910","0"
"0x73ac163407d0","      IMAD.IADD R16, R6, 0x1, R9","0"
"0x73ac163407e0","      BSSY B2, 0x73ac163408f0","0"
"0x73ac163407f0","      IMAD.IADD R11, R76, 0x1, R33","0"
"0x73ac16340800","      IMAD R19, R4, 0x2, R18","0"
"0x73ac16340810","      ISETP.GE.AND P0, PT, R16, c[0x0][0x184], PT","0"
"0x73ac16340820","      ISETP.LT.AND P0, PT, R11, c[0x0][0x17c], !P0","0"
"0x73ac16340830","@!P0  PRMT R10, RZ, 0x7610, R10","0"
"0x73ac16340840","@!P0  BRA 0x73ac163408e0","0"
"0x73ac16340850","      SHF.R.S32.HI R10, RZ, 0x1f, R11","0"
"0x73ac16340860","      SHF.R.S32.HI R17, RZ, 0x1f, R16","0"
"0x73ac16340870","      IMAD R10, R10, c[0x0][0x184], RZ","0"
"0x73ac16340880","      IMAD.WIDE.U32 R16, R11, c[0x0][0x184], R16","0"
"0x73ac16340890","      IMAD R11, R11, UR5, R10","0"
"0x73ac163408a0","      LEA R10, P0, R16, c[0x0][0x170], 0x1","0"
"0x73ac163408b0","      IMAD.IADD R11, R17, 0x1, R11","0"
"0x73ac163408c0","      LEA.HI.X R11, R16, c[0x0][0x174], R11, 0x1, P0","0"
"0x73ac163408d0","      LDG.E.U16 R10, [R10.64]","0"
"0x73ac163408e0","      BSYNC B2","0"
"0x73ac163408f0","      STS.U16 [R19], R10","0"
"0x73ac16340900","      IMAD.MOV.U32 R35, RZ, RZ, R78","0"
"0x73ac16340910","      BSYNC B1","0"
"0x73ac16340920","      ISETP.GE.U32.AND P0, PT, R8, 0x180, PT","0"
"0x73ac16340930","@!P0  BRA 0x73ac16340fc0","0"
"0x73ac16340940","      IADD3 R52, R35, 0x80, RZ","0"
"0x73ac16340950","      SHF.R.S32.HI R54, RZ, 0x1f, R35","0"
"0x73ac16340960","      SHF.R.S32.HI R11, RZ, 0x1f, R52","0"
"0x73ac16340970","      LEA.HI R54, R54, R35, RZ, 0x6","0"
"0x73ac16340980","      IADD3 R50, R35, 0x100, RZ","0"
"0x73ac16340990","      LEA.HI R32, R11, R52, RZ, 0x6","0"
"0x73ac163409a0","      LOP3.LUT R38, R54, 0xffffffc0, RZ, 0xc0, !PT","0"
"0x73ac163409b0","      SHF.R.S32.HI R17, RZ, 0x1f, R50","0"
"0x73ac163409c0","      LOP3.LUT R49, R32, 0xffffffc0, RZ, 0xc0, !PT","0"
"0x73ac163409d0","      IADD3 R48, R35, 0x180, RZ","0"
"0x73ac163409e0","      IADD3 R20, R6, R35, -R38","0"
"0x73ac163409f0","      LEA.HI R34, R17, R50, RZ, 0x6","0"
"0x73ac16340a00","      IADD3 R18, R6, R52, -R49","0"
"0x73ac16340a10","      SHF.R.S32.HI R19, RZ, 0x1f, R48","0"
"0x73ac16340a20","      LEA.HI.SX32 R23, R54, R33, 0x1a","0"
"0x73ac16340a30","      ISETP.GE.AND P0, PT, R20, c[0x0][0x184], PT","0"
"0x73ac16340a40","      LOP3.LUT R37, R34, 0xffffffc0, RZ, 0xc0, !PT","0"
"0x73ac16340a50","      LEA.HI.SX32 R55, R32, R33, 0x1a","0"
"0x73ac16340a60","      ISETP.GE.AND P1, PT, R18, c[0x0][0x184], PT","0"
"0x73ac16340a70","      LEA.HI R36, R19, R48, RZ, 0x6","0"
"0x73ac16340a80","      ISETP.LT.AND P0, PT, R23, c[0x0][0x17c], !P0","0"
"0x73ac16340a90","      IADD3 R10, R6, R50, -R37","0"
"0x73ac16340aa0","      ISETP.LT.AND P1, PT, R55, c[0x0][0x17c], !P1","0"
"0x73ac16340ab0","      LOP3.LUT R39, R36, 0xffffffc0, RZ, 0xc0, !PT","0"
"0x73ac16340ac0","      LEA.HI.SX32 R17, R34, R33, 0x1a","0"
"0x73ac16340ad0","      ISETP.GE.AND P2, PT, R10, c[0x0][0x184], PT","0"
"0x73ac16340ae0","      IADD3 R16, R6, R48, -R39","0"
"0x73ac16340af0","      ISETP.LT.AND P2, PT, R17, c[0x0][0x17c], !P2","0"
"0x73ac16340b00","      LEA.HI.SX32 R51, R36, R33, 0x1a","0"
"0x73ac16340b10","      ISETP.GE.AND P5, PT, R16, c[0x0][0x184], PT","0"
"0x73ac16340b20","@P0   SHF.R.S32.HI R11, RZ, 0x1f, R23","0"
"0x73ac16340b30","@P1   SHF.R.S32.HI R22, RZ, 0x1f, R55","0"
"0x73ac16340b40","@P0   SHF.R.S32.HI R21, RZ, 0x1f, R20","0"
"0x73ac16340b50","@P0   IMAD R11, R11, c[0x0][0x184], RZ","0"
"0x73ac16340b60","      ISETP.LT.AND P5, PT, R51, c[0x0][0x17c], !P5","0"
"0x73ac16340b70","@P1   IMAD R53, R22, c[0x0][0x184], RZ","0"
"0x73ac16340b80","@P1   SHF.R.S32.HI R19, RZ, 0x1f, R18","0"
"0x73ac16340b90","@P0   IMAD.WIDE.U32 R20, R23, c[0x0][0x184], R20","0"
"0x73ac16340ba0","@P2   SHF.R.S32.HI R22, RZ, 0x1f, R17","0"
"0x73ac16340bb0","@P0   IMAD R23, R23, UR5, R11","0"
"0x73ac16340bc0","@P2   SHF.R.S32.HI R11, RZ, 0x1f, R10","0"
"0x73ac16340bd0","@P1   IMAD.WIDE.U32 R18, R55, c[0x0][0x184], R18","0"
"0x73ac16340be0","@P2   IMAD R64, R22, c[0x0][0x184], RZ","0"
"0x73ac16340bf0","@P0   LEA R22, P6, R20, c[0x0][0x170], 0x1","0"
"0x73ac16340c00","@P0   IMAD.IADD R21, R21, 0x1, R23","0"
"0x73ac16340c10","@P1   IMAD R55, R55, UR5, R53","0"
"0x73ac16340c20","@P5   SHF.R.S32.HI R53, RZ, 0x1f, R51","0"
"0x73ac16340c30","@P2   IMAD.WIDE.U32 R10, R17, c[0x0][0x184], R10","0"
"0x73ac16340c40","@P0   LEA.HI.X R23, R20, c[0x0][0x174], R21, 0x1, P6","0"
"0x73ac16340c50","@P1   LEA R20, P6, R18, c[0x0][0x170], 0x1","0"
"0x73ac16340c60","@P2   IMAD R65, R17, UR5, R64","0"
"0x73ac16340c70","@P5   SHF.R.S32.HI R17, RZ, 0x1f, R16","0"
"0x73ac16340c80","@P1   IMAD.IADD R19, R19, 0x1, R55","0"
"0x73ac16340c90","@P5   IMAD R64, R53, c[0x0][0x184], RZ","0"
"0x73ac16340ca0","@P2   IMAD.IADD R11, R11, 0x1, R65","0"
"0x73ac16340cb0","@P1   LEA.HI.X R21, R18, c[0x0][0x174], R19, 0x1, P6","0"
"0x73ac16340cc0","@P5   IMAD.WIDE.U32 R16, R51, c[0x0][0x184], R16","0"
"0x73ac16340cd0","@P2   LEA R18, P6, R10, c[0x0][0x170], 0x1","0"
"0x73ac16340ce0","@P5   IMAD R51, R51, UR5, R64","0"
"0x73ac16340cf0","@P2   LEA.HI.X R19, R10, c[0x0][0x174], R11, 0x1, P6","0"
"0x73ac16340d00","@P5   LEA R10, P6, R16, c[0x0][0x170], 0x1","0"
"0x73ac16340d10","@P5   IMAD.IADD R11, R17, 0x1, R51","0"
"0x73ac16340d20","@!P0  PRMT R17, RZ, 0x7610, R17","0"
"0x73ac16340d30","@!P2  PRMT R53, RZ, 0x7610, R53","0"
"0x73ac16340d40","@P5   LEA.HI.X R11, R16, c[0x0][0x174], R11, 0x1, P6","0"
"0x73ac16340d50","@!P1  PRMT R16, RZ, 0x7610, R16","0"
"0x73ac16340d60","@P0   LDG.E.U16 R17, [R22.64]","0"
"0x73ac16340d70","@!P5  PRMT R51, RZ, 0x7610, R51","0"
"0x73ac16340d80","@P2   LDG.E.U16 R53, [R18.64]","0"
"0x73ac16340d90","@P1   LDG.E.U16 R16, [R20.64]","0"
"0x73ac16340da0","@P5   LDG.E.U16 R51, [R10.64]","0"
"0x73ac16340db0","      SHF.R.S32.HI R54, RZ, 0x6, R54","0"
"0x73ac16340dc0","      SHF.R.S32.HI R32, RZ, 0x6, R32","0"
"0x73ac16340dd0","      SHF.R.S32.HI R34, RZ, 0x6, R34","0"
"0x73ac16340de0","      SHF.R.S32.HI R36, RZ, 0x6, R36","0"
"0x73ac16340df0","      IMAD.IADD R38, R35, 0x1, -R38","0"
"0x73ac16340e00","      IMAD.SHL.U32 R55, R54, 0x8, RZ","0"
"0x73ac16340e10","      IMAD.IADD R49, R52, 0x1, -R49","0"
"0x73ac16340e20","      IMAD.SHL.U32 R10, R32, 0x8, RZ","0"
"0x73ac16340e30","      IMAD.IADD R37, R50, 0x1, -R37","0"
"0x73ac16340e40","      IMAD.SHL.U32 R18, R34, 0x8, RZ","0"
"0x73ac16340e50","      IMAD.IADD R39, R48, 0x1, -R39","0"
"0x73ac16340e60","      IMAD.SHL.U32 R20, R36, 0x8, RZ","0"
"0x73ac16340e70","      LOP3.LUT R55, R38, 0x38, R55, 0x78, !PT","0"
"0x73ac16340e80","      LOP3.LUT R11, R2, 0x1, RZ, 0x3c, !PT","0"
"0x73ac16340e90","      LOP3.LUT R49, R49, 0x38, R10, 0x78, !PT","0"
"0x73ac16340ea0","      LOP3.LUT R37, R37, 0x38, R18, 0x78, !PT","0"
"0x73ac16340eb0","      LOP3.LUT R39, R39, 0x38, R20, 0x78, !PT","0"
"0x73ac16340ec0","      IMAD R55, R54, 0x40, R55","0"
"0x73ac16340ed0","      LEA R20, R11, 0x4000, 0xd","0"
"0x73ac16340ee0","      IMAD R49, R32, 0x40, R49","0"
"0x73ac16340ef0","      IMAD R37, R34, 0x40, R37","0"
"0x73ac16340f00","      IMAD R39, R36, 0x40, R39","0"
"0x73ac16340f10","      IMAD R10, R55, 0x2, R20","0"
"0x73ac16340f20","      IMAD R49, R49, 0x2, R20","0"
"0x73ac16340f30","      IMAD R18, R37, 0x2, R20","0"
"0x73ac16340f40","      IMAD R20, R39, 0x2, R20","0"
"0x73ac16340f50","      ISETP.GE.AND P0, PT, R35, 0xe00, PT","0"
"0x73ac16340f60","      IADD3 R35, R35, 0x200, RZ","0"
"0x73ac16340f70","      STS.U16 [R10], R17","0"
"0x73ac16340f80","      STS.U16 [R49], R16","0"
"0x73ac16340f90","      STS.U16 [R18], R53","0"
"0x73ac16340fa0","      STS.U16 [R20], R51","0"
"0x73ac16340fb0","@!P0  BRA 0x73ac16340940","0"
"0x73ac16340fc0","      BSYNC B0","0"
"0x73ac16340fd0","      IMAD.SHL.U32 R121, R2, 0x2000, RZ","73728"
"0x73ac16340fe0","      LOP3.LUT R2, R2, 0x1, RZ, 0x3c, !PT","73728"
"0x73ac16340ff0","      IMAD R52, R116, 0x2, R121","73728"
"0x73ac16341000","      IMAD R68, R114, 0x2, R121","73728"
"0x73ac16341010","      IMAD R38, R113, 0x2, R121","73728"
"0x73ac16341020","      IMAD R16, R112, 0x2, R121","73728"
"0x73ac16341030","      LDSM.16.MT88.4 R52, [R52]","73728"
"0x73ac16341040","      IMAD R48, R115, 0x2, R121","73728"
"0x73ac16341050","      IMAD R10, R111, 0x2, R121","73728"
"0x73ac16341060","      LDSM.16.MT88.2 R68, [R68+0x4000]","73728"
"0x73ac16341070","      IMAD R36, R108, 0x2, R121","73728"
"0x73ac16341080","      IMAD R120, R110, 0x2, R121","73728"
"0x73ac16341090","      LDSM.16.MT88.2 R38, [R38+0x4000]","73728"
"0x73ac163410a0","      IMAD R22, R107, 0x2, R121","73728"
"0x73ac163410b0","      IMAD R20, R106, 0x2, R121","73728"
"0x73ac163410c0","      LDSM.16.MT88.2 R16, [R16+0x4000]","73728"
"0x73ac163410d0","      IMAD R18, R105, 0x2, R121","73728"
"0x73ac163410e0","      IMAD R119, R109, 0x2, R121","73728"
"0x73ac163410f0","      LDSM.16.MT88.4 R48, [R48]","73728"
"0x73ac16341100","      IMAD R122, R100, 0x2, R121","73728"
"0x73ac16341110","      LDSM.16.MT88.2 R10, [R10+0x4000]","73728"
"0x73ac16341120","      LDSM.16.MT88.2 R36, [R36+0x4000]","73728"
"0x73ac16341130","      LDSM.16.MT88.4 R32, [R120]","73728"
"0x73ac16341140","      LDSM.16.MT88.2 R22, [R22+0x4000]","73728"
"0x73ac16341150","      LDSM.16.MT88.2 R20, [R20+0x4000]","73728"
"0x73ac16341160","      LDSM.16.MT88.4 R64, [R119]","73728"
"0x73ac16341170","      LDSM.16.MT88.2 R18, [R18+0x4000]","73728"
"0x73ac16341180","      HMMA.16816.F32 R44, R52, R68, R44","73728"
"0x73ac16341190","      HMMA.16816.F32 R40, R52, R38, R40","73728"
"0x73ac163411a0","      HMMA.16816.F32 R28, R52, R16, R28","73728"
"0x73ac163411b0","      HMMA.16816.F32 R68, R48, R68, R24","73728"
"0x73ac163411c0","      HMMA.16816.F32 R56, R48, R38, R56","73728"
"0x73ac163411d0","      HMMA.16816.F32 R60, R48, R16, R60","73728"
"0x73ac163411e0","      IMAD R16, R104, 0x2, R121","73728"
"0x73ac163411f0","      HMMA.16816.F32 R72, R52, R10, R72","73728"
"0x73ac16341200","      LDSM.16.MT88.4 R52, [R120+0x800]","73728"
"0x73ac16341210","      LDSM.16.MT88.2 R16, [R16+0x4000]","73728"
"0x73ac16341220","      HMMA.16816.F32 R24, R48, R10, R12","73728"
"0x73ac16341230","      LDSM.16.MT88.4 R48, [R119+0x800]","73728"
"0x73ac16341240","      IMAD R14, R103, 0x2, R121","73728"
"0x73ac16341250","      HMMA.16816.F32 R44, R32, R36, R44","73728"
"0x73ac16341260","      IMAD R12, R102, 0x2, R121","73728"
"0x73ac16341270","      IMAD R10, R101, 0x2, R121","73728"
"0x73ac16341280","      LDSM.16.MT88.2 R14, [R14+0x4000]","73728"
"0x73ac16341290","      HMMA.16816.F32 R40, R32, R22, R40","73728"
"0x73ac163412a0","      LDSM.16.MT88.2 R12, [R12+0x4000]","73728"
"0x73ac163412b0","      LDSM.16.MT88.2 R10, [R10+0x4000]","73728"
"0x73ac163412c0","      HMMA.16816.F32 R28, R32, R20, R28","73728"
"0x73ac163412d0","      HMMA.16816.F32 R36, R64, R36, R68","73728"
"0x73ac163412e0","      LDSM.16.MT88.4 R68, [R119+0x1000]","73728"
"0x73ac163412f0","      HMMA.16816.F32 R56, R64, R22, R56","73728"
"0x73ac16341300","      IMAD R22, R99, 0x2, R121","73728"
"0x73ac16341310","      HMMA.16816.F32 R60, R64, R20, R60","73728"
"0x73ac16341320","      LDSM.16.MT88.2 R22, [R22+0x4000]","73728"
"0x73ac16341330","      IMAD R20, R97, 0x2, R121","73728"
"0x73ac16341340","      HMMA.16816.F32 R32, R32, R18, R72","73728"
"0x73ac16341350","      LDSM.16.MT88.4 R72, [R120+0x1000]","73728"
"0x73ac16341360","      LDSM.16.MT88.2 R20, [R20+0x4000]","73728"
"0x73ac16341370","      HMMA.16816.F32 R64, R64, R18, R24","73728"
"0x73ac16341380","      LDSM.16.MT88.2 R24, [R122+0x4000]","73728"
"0x73ac16341390","      IMAD R18, R98, 0x2, R121","73728"
"0x73ac163413a0","      HMMA.16816.F32 R44, R52, R16, R44","73728"
"0x73ac163413b0","      LDSM.16.MT88.2 R18, [R18+0x4000]","73728"
"0x73ac163413c0","      HMMA.16816.F32 R40, R52, R14, R40","73728"
"0x73ac163413d0","      HMMA.16816.F32 R28, R52, R12, R28","73728"
"0x73ac163413e0","      HMMA.16816.F32 R32, R52, R10, R32","73728"
"0x73ac163413f0","      HMMA.16816.F32 R36, R48, R16, R36","73728"
"0x73ac16341400","      HMMA.16816.F32 R56, R48, R14, R56","73728"
"0x73ac16341410","      HMMA.16816.F32 R60, R48, R12, R60","73728"
"0x73ac16341420","      HMMA.16816.F32 R64, R48, R10, R64","73728"
"0x73ac16341430","      HMMA.16816.F32 R44, R72, R24, R44","73728"
"0x73ac16341440","      HMMA.16816.F32 R40, R72, R22, R40","73728"
"0x73ac16341450","      HMMA.16816.F32 R28, R72, R18, R28","73728"
"0x73ac16341460","      HMMA.16816.F32 R72, R72, R20, R32","73728"
"0x73ac16341470","      HMMA.16816.F32 R24, R68, R24, R36","73728"
"0x73ac16341480","      HMMA.16816.F32 R56, R68, R22, R56","73728"
"0x73ac16341490","      HMMA.16816.F32 R60, R68, R18, R60","73728"
"0x73ac163414a0","      HMMA.16816.F32 R12, R68, R20, R64","73728"
"0x73ac163414b0","@P4   CALL.REL.NOINC 0x73ac163414e0","73728"
"0x73ac163414c0","      NOP","71424"
"0x73ac163414d0","      BRA 0x73ac1633d810","71424"
"0x73ac163414e0","      S2R R3, SR_TID.X","2304"
"0x73ac163414f0","      IMAD.SHL.U32 R0, R3, 0x2, RZ","2304"
"0x73ac16341500","      SHF.R.U32.HI R4, RZ, 0x1, R3","2304"
"0x73ac16341510","      LOP3.LUT R2, R3, 0x1f, RZ, 0xc0, !PT","2304"
"0x73ac16341520","      LOP3.LUT R0, R0, 0x6, RZ, 0xc0, !PT","2304"
"0x73ac16341530","      LOP3.LUT R5, R4, 0x7fffffe0, RZ, 0xc0, !PT","2304"
"0x73ac16341540","      LOP3.LUT R0, R0, 0x20, R3, 0xf8, !PT","2304"
"0x73ac16341550","      LEA.HI R3, R2, R5, RZ, 0x1e","2304"
"0x73ac16341560","      IMAD R2, R117, 0x40, R0","2304"
"0x73ac16341570","      IMAD R11, R118, 0x40, R3","2304"
"0x73ac16341580","      SHF.R.S32.HI R3, RZ, 0x1f, R2","2304"
"0x73ac16341590","      ISETP.GE.AND P1, PT, R11, c[0x0][0x180], PT","2304"
"0x73ac163415a0","      IADD3 R32, R2, 0x1, RZ","2304"
"0x73ac163415b0","      IMAD.WIDE R4, R11, c[0x0][0x184], R2","2304"
"0x73ac163415c0","      ISETP.GE.OR P4, PT, R2, c[0x0][0x184], P1","2304"
"0x73ac163415d0","      ISETP.GE.OR P2, PT, R32, c[0x0][0x184], P1","2304"
"0x73ac163415e0","      LEA R6, P0, R4, c[0x0][0x160], 0x2","2304"
"0x73ac163415f0","      LEA.HI.X R7, R4, c[0x0][0x164], R5, 0x2, P0","2304"
"0x73ac16341600","@!P4  LDG.E R5, [R6.64]","2304"
"0x73ac16341610","@!P2  LDG.E R0, [R6.64+0x4]","2304"
"0x73ac16341620","      IADD3 R17, R11, 0x8, RZ","2304"
"0x73ac16341630","      ULDC UR4, c[0x0][0x184]","2304"
"0x73ac16341640","      USHF.R.S32.HI UR4, URZ, 0x1f, UR4","2304"
"0x73ac16341650","      SHF.R.S32.HI R4, RZ, 0x1f, R17","2304"
"0x73ac16341660","      IMAD.WIDE.U32 R8, R17, c[0x0][0x184], R2","2304"
"0x73ac16341670","      ISETP.GE.AND P0, PT, R17, c[0x0][0x180], PT","2304"
"0x73ac16341680","      IMAD R4, R4, c[0x0][0x184], RZ","2304"
"0x73ac16341690","      ISETP.GE.OR P3, PT, R2, c[0x0][0x184], P0","2304"
"0x73ac163416a0","      ISETP.GE.OR P5, PT, R32, c[0x0][0x184], P0","2304"
"0x73ac163416b0","      IMAD R17, R17, UR4, R4","2304"
"0x73ac163416c0","      LEA R4, P6, R8, c[0x0][0x160], 0x2","2304"
"0x73ac163416d0","      IMAD.IADD R17, R9, 0x1, R17","2304"
"0x73ac163416e0","@!P4  FFMA R9, R44, c[0x0][0x178], R5","2304"
"0x73ac163416f0","      LEA.HI.X R5, R8, c[0x0][0x164], R17, 0x2, P6","2304"
"0x73ac16341700","@!P2  FFMA R45, R45, c[0x0][0x178], R0","2304"
"0x73ac16341710","@!P4  STG.E [R6.64], R9","2304"
"0x73ac16341720","@!P2  STG.E [R6.64+0x4], R45","2304"
"0x73ac16341730","@!P3  LDG.E R17, [R4.64]","2304"
"0x73ac16341740","@!P5  LDG.E R0, [R4.64+0x4]","2304"
"0x73ac16341750","      IADD3 R10, R2, 0x8, RZ","2304"
"0x73ac16341760","      IADD3 R16, R2, 0x9, RZ","2304"
"0x73ac16341770","      ISETP.GE.OR P2, PT, R10, c[0x0][0x184], P1","2304"
"0x73ac16341780","      ISETP.GE.OR P4, PT, R16, c[0x0][0x184], P1","2304"
"0x73ac16341790","@!P3  FFMA R17, R46, c[0x0][0x178], R17","2304"
"0x73ac163417a0","@!P5  FFMA R47, R47, c[0x0][0x178], R0","2304"
"0x73ac163417b0","@!P3  STG.E [R4.64], R17","2304"
"0x73ac163417c0","@!P5  STG.E [R4.64+0x4], R47","2304"
"0x73ac163417d0","@!P2  LDG.E R9, [R6.64+0x20]","2304"
"0x73ac163417e0","@!P4  LDG.E R0, [R6.64+0x24]","2304"
"0x73ac163417f0","      ISETP.GE.OR P3, PT, R10, c[0x0][0x184], P0","2304"
"0x73ac16341800","      ISETP.GE.OR P5, PT, R16, c[0x0][0x184], P0","2304"
"0x73ac16341810","@!P2  FFMA R9, R40, c[0x0][0x178], R9","2304"
"0x73ac16341820","@!P4  FFMA R41, R41, c[0x0][0x178], R0","2304"
"0x73ac16341830","@!P2  STG.E [R6.64+0x20], R9","2304"
"0x73ac16341840","@!P4  STG.E [R6.64+0x24], R41","2304"
"0x73ac16341850","@!P3  LDG.E R19, [R4.64+0x20]","2304"
"0x73ac16341860","@!P5  LDG.E R0, [R4.64+0x24]","2304"
"0x73ac16341870","      IADD3 R17, R2, 0x10, RZ","2304"
"0x73ac16341880","      IADD3 R18, R2, 0x11, RZ","2304"
"0x73ac16341890","      ISETP.GE.OR P2, PT, R17, c[0x0][0x184], P1","2304"
"0x73ac163418a0","      ISETP.GE.OR P4, PT, R18, c[0x0][0x184], P1","2304"
"0x73ac163418b0","@!P3  FFMA R19, R42, c[0x0][0x178], R19","2304"
"0x73ac163418c0","@!P5  FFMA R43, R43, c[0x0][0x178], R0","2304"
"0x73ac163418d0","@!P3  STG.E [R4.64+0x20], R19","2304"
"0x73ac163418e0","@!P5  STG.E [R4.64+0x24], R43","2304"
"0x73ac163418f0","@!P2  LDG.E R9, [R6.64+0x40]","2304"
"0x73ac16341900","@!P4  LDG.E R0, [R6.64+0x44]","2304"
"0x73ac16341910","      ISETP.GE.OR P3, PT, R17, c[0x0][0x184], P0","2304"
"0x73ac16341920","      ISETP.GE.OR P5, PT, R18, c[0x0][0x184], P0","2304"
"0x73ac16341930","@!P2  FFMA R9, R28, c[0x0][0x178], R9","2304"
"0x73ac16341940","@!P4  FFMA R29, R29, c[0x0][0x178], R0","2304"
"0x73ac16341950","@!P2  STG.E [R6.64+0x40], R9","2304"
"0x73ac16341960","@!P4  STG.E [R6.64+0x44], R29","2304"
"0x73ac16341970","@!P3  LDG.E R21, [R4.64+0x40]","2304"
"0x73ac16341980","@!P5  LDG.E R0, [R4.64+0x44]","2304"
"0x73ac16341990","      IADD3 R19, R2, 0x18, RZ","2304"
"0x73ac163419a0","      IADD3 R20, R2, 0x19, RZ","2304"
"0x73ac163419b0","      ISETP.GE.OR P4, PT, R19, c[0x0][0x184], P1","2304"
"0x73ac163419c0","      ISETP.GE.OR P2, PT, R20, c[0x0][0x184], P1","2304"
"0x73ac163419d0","@!P3  FFMA R21, R30, c[0x0][0x178], R21","2304"
"0x73ac163419e0","@!P5  FFMA R31, R31, c[0x0][0x178], R0","2304"
"0x73ac163419f0","@!P3  STG.E [R4.64+0x40], R21","2304"
"0x73ac16341a00","@!P5  STG.E [R4.64+0x44], R31","2304"
"0x73ac16341a10","@!P4  LDG.E R9, [R6.64+0x60]","2304"
"0x73ac16341a20","@!P2  LDG.E R0, [R6.64+0x64]","2304"
"0x73ac16341a30","      ISETP.GE.OR P3, PT, R19, c[0x0][0x184], P0","2304"
"0x73ac16341a40","      ISETP.GE.OR P1, PT, R20, c[0x0][0x184], P0","2304"
"0x73ac16341a50","      IADD3 R21, R11, 0x10, RZ","2304"
"0x73ac16341a60","@!P4  FFMA R23, R72, c[0x0][0x178], R9","2304"
"0x73ac16341a70","@!P2  FFMA R73, R73, c[0x0][0x178], R0","2304"
"0x73ac16341a80","@!P4  STG.E [R6.64+0x60], R23","2304"
"0x73ac16341a90","@!P2  STG.E [R6.64+0x64], R73","2304"
"0x73ac16341aa0","@!P3  LDG.E R29, [R4.64+0x60]","2304"
"0x73ac16341ab0","@!P1  LDG.E R0, [R4.64+0x64]","2304"
"0x73ac16341ac0","      SHF.R.S32.HI R8, RZ, 0x1f, R21","2304"
"0x73ac16341ad0","      ISETP.GE.AND P0, PT, R21, c[0x0][0x180], PT","2304"
"0x73ac16341ae0","      IMAD R22, R8, c[0x0][0x184], RZ","2304"
"0x73ac16341af0","      ISETP.GE.OR P4, PT, R2, c[0x0][0x184], P0","2304"
"0x73ac16341b00","      IMAD.WIDE.U32 R8, R21, c[0x0][0x184], R2","2304"
"0x73ac16341b10","      ISETP.GE.OR P2, PT, R32, c[0x0][0x184], P0","2304"
"0x73ac16341b20","      IMAD R21, R21, UR4, R22","2304"
"0x73ac16341b30","      LEA R6, P5, R8, c[0x0][0x160], 0x2","2304"
"0x73ac16341b40","      IMAD.IADD R7, R9, 0x1, R21","2304"
"0x73ac16341b50","      LEA.HI.X R7, R8, c[0x0][0x164], R7, 0x2, P5","2304"
"0x73ac16341b60","@!P3  FFMA R29, R74, c[0x0][0x178], R29","2304"
"0x73ac16341b70","@!P1  FFMA R75, R75, c[0x0][0x178], R0","2304"
"0x73ac16341b80","@!P3  STG.E [R4.64+0x60], R29","2304"
"0x73ac16341b90","@!P1  STG.E [R4.64+0x64], R75","2304"
"0x73ac16341ba0","@!P4  LDG.E R21, [R6.64]","2304"
"0x73ac16341bb0","@!P2  LDG.E R0, [R6.64+0x4]","2304"
"0x73ac16341bc0","      IADD3 R11, R11, 0x18, RZ","2304"
"0x73ac16341bd0","      SHF.R.S32.HI R8, RZ, 0x1f, R11","2304"
"0x73ac16341be0","      ISETP.GE.AND P1, PT, R11, c[0x0][0x180], PT","2304"
"0x73ac16341bf0","      IMAD R22, R8, c[0x0][0x184], RZ","2304"
"0x73ac16341c00","      ISETP.GE.OR P3, PT, R2, c[0x0][0x184], P1","2304"
"0x73ac16341c10","      IMAD.WIDE.U32 R8, R11, c[0x0][0x184], R2","2304"
"0x73ac16341c20","      ISETP.GE.OR P5, PT, R32, c[0x0][0x184], P1","2304"
"0x73ac16341c30","      IMAD R3, R11, UR4, R22","2304"
"0x73ac16341c40","      LEA R2, P6, R8, c[0x0][0x160], 0x2","2304"
"0x73ac16341c50","      IMAD.IADD R3, R9, 0x1, R3","2304"
"0x73ac16341c60","      LEA.HI.X R3, R8, c[0x0][0x164], R3, 0x2, P6","2304"
"0x73ac16341c70","@!P4  FFMA R21, R24, c[0x0][0x178], R21","2304"
"0x73ac16341c80","@!P2  FFMA R25, R25, c[0x0][0x178], R0","2304"
"0x73ac16341c90","@!P4  STG.E [R6.64], R21","2304"
"0x73ac16341ca0","@!P2  STG.E [R6.64+0x4], R25","2304"
"0x73ac16341cb0","@!P3  LDG.E R5, [R2.64]","2304"
"0x73ac16341cc0","@!P5  LDG.E R0, [R2.64+0x4]","2304"
"0x73ac16341cd0","      ISETP.GE.OR P4, PT, R10, c[0x0][0x184], P0","2304"
"0x73ac16341ce0","      ISETP.GE.OR P2, PT, R16, c[0x0][0x184], P0","2304"
"0x73ac16341cf0","@!P3  FFMA R5, R26, c[0x0][0x178], R5","2304"
"0x73ac16341d00","@!P5  FFMA R27, R27, c[0x0][0x178], R0","2304"
"0x73ac16341d10","@!P3  STG.E [R2.64], R5","2304"
"0x73ac16341d20","@!P5  STG.E [R2.64+0x4], R27","2304"
"0x73ac16341d30","@!P4  LDG.E R9, [R6.64+0x20]","2304"
"0x73ac16341d40","@!P2  LDG.E R0, [R6.64+0x24]","2304"
"0x73ac16341d50","      ISETP.GE.OR P3, PT, R10, c[0x0][0x184], P1","2304"
"0x73ac16341d60","      ISETP.GE.OR P5, PT, R16, c[0x0][0x184], P1","2304"
"0x73ac16341d70","@!P4  FFMA R9, R56, c[0x0][0x178], R9","2304"
"0x73ac16341d80","@!P2  FFMA R57, R57, c[0x0][0x178], R0","2304"
"0x73ac16341d90","@!P4  STG.E [R6.64+0x20], R9","2304"
"0x73ac16341da0","@!P2  STG.E [R6.64+0x24], R57","2304"
"0x73ac16341db0","@!P3  LDG.E R11, [R2.64+0x20]","2304"
"0x73ac16341dc0","@!P5  LDG.E R0, [R2.64+0x24]","2304"
"0x73ac16341dd0","      ISETP.GE.OR P4, PT, R17, c[0x0][0x184], P0","2304"
"0x73ac16341de0","      ISETP.GE.OR P2, PT, R18, c[0x0][0x184], P0","2304"
"0x73ac16341df0","@!P3  FFMA R11, R58, c[0x0][0x178], R11","2304"
"0x73ac16341e00","@!P5  FFMA R59, R59, c[0x0][0x178], R0","2304"
"0x73ac16341e10","@!P3  STG.E [R2.64+0x20], R11","2304"
"0x73ac16341e20","@!P5  STG.E [R2.64+0x24], R59","2304"
"0x73ac16341e30","@!P4  LDG.E R5, [R6.64+0x40]","2304"
"0x73ac16341e40","@!P2  LDG.E R0, [R6.64+0x44]","2304"
"0x73ac16341e50","      ISETP.GE.OR P3, PT, R17, c[0x0][0x184], P1","2304"
"0x73ac16341e60","      ISETP.GE.OR P5, PT, R18, c[0x0][0x184], P1","2304"
"0x73ac16341e70","@!P4  FFMA R5, R60, c[0x0][0x178], R5","2304"
"0x73ac16341e80","@!P2  FFMA R61, R61, c[0x0][0x178], R0","2304"
"0x73ac16341e90","@!P4  STG.E [R6.64+0x40], R5","2304"
"0x73ac16341ea0","@!P2  STG.E [R6.64+0x44], R61","2304"
"0x73ac16341eb0","@!P3  LDG.E R9, [R2.64+0x40]","2304"
"0x73ac16341ec0","@!P5  LDG.E R0, [R2.64+0x44]","2304"
"0x73ac16341ed0","      ISETP.GE.OR P2, PT, R19, c[0x0][0x184], P0","2304"
"0x73ac16341ee0","      ISETP.GE.OR P0, PT, R20, c[0x0][0x184], P0","2304"
"0x73ac16341ef0","@!P3  FFMA R9, R62, c[0x0][0x178], R9","2304"
"0x73ac16341f00","@!P5  FFMA R63, R63, c[0x0][0x178], R0","2304"
"0x73ac16341f10","@!P3  STG.E [R2.64+0x40], R9","2304"
"0x73ac16341f20","@!P5  STG.E [R2.64+0x44], R63","2304"
"0x73ac16341f30","@!P2  LDG.E R11, [R6.64+0x60]","2304"
"0x73ac16341f40","@!P0  LDG.E R0, [R6.64+0x64]","2304"
"0x73ac16341f50","      ISETP.GE.OR P3, PT, R19, c[0x0][0x184], P1","2304"
"0x73ac16341f60","      BSSY B0, 0x73ac16342010","2304"
"0x73ac16341f70","      ISETP.GE.OR P1, PT, R20, c[0x0][0x184], P1","2304"
"0x73ac16341f80","@!P2  FFMA R11, R12, c[0x0][0x178], R11","2304"
"0x73ac16341f90","@!P0  FFMA R13, R13, c[0x0][0x178], R0","2304"
"0x73ac16341fa0","@!P2  STG.E [R6.64+0x60], R11","2304"
"0x73ac16341fb0","@!P0  STG.E [R6.64+0x64], R13","2304"
"0x73ac16341fc0","@P3   BRA 0x73ac16342000","2304"
"0x73ac16341fd0","      LDG.E R5, [R2.64+0x60]","2304"
"0x73ac16341fe0","      FFMA R5, R14, c[0x0][0x178], R5","2304"
"0x73ac16341ff0","      STG.E [R2.64+0x60], R5","2304"
"0x73ac16342000","      BSYNC B0","2304"
"0x73ac16342010","@P1   EXIT","2304"
"0x73ac16342020","      LDG.E R0, [R2.64+0x64]","2304"
"0x73ac16342030","      FFMA R15, R15, c[0x0][0x178], R0","2304"
"0x73ac16342040","      STG.E [R2.64+0x64], R15","2304"
"0x73ac16342050","      EXIT","2304"
"0x73ac16342060","      BRA `(.L_x_0) 0x73ac16342060","0"
"0x73ac16342070","      NOP","0"
"0x73ac16342080","      NOP","0"
"0x73ac16342090","      NOP","0"
"0x73ac163420a0","      NOP","0"
"0x73ac163420b0","      NOP","0"
"0x73ac163420c0","      NOP","0"
"0x73ac163420d0","      NOP","0"
"0x73ac163420e0","      NOP","0"
"0x73ac163420f0","      NOP","0"
