"Kernel Name","void cutlass::Kernel2<cutlass_80_tensorop_s1688gemm_256x128_16x3_nn_align4>(T1::Params)",
"Address","Source","Warp Stall Sampling (All Samples)","Warp Stall Sampling (Not-issued Samples)","# Samples","Instructions Executed","Thread Instructions Executed","Predicated-On Thread Instructions Executed","Avg. Threads Executed","Avg. Predicated-On Threads Executed","Derivative Avg. Predicated-On Threads Executed","Avg. Predicated-On Threads Unexecuted","Divergent Branches","Address Space","Access Operation","Access Size","L1 Tag Requests Global","L1 Conflicts Shared N-Way","L1 Wavefronts Shared Excessive","L1 Wavefronts Shared","L1 Wavefronts Shared Ideal","L2 Theoretical Sectors Global Excessive","L2 Theoretical Sectors Global","L2 Theoretical Sectors Global Ideal","stall_barrier","stall_branch_resolving","stall_dispatch","stall_drain","stall_imc","stall_lg","stall_long_sb","stall_math","stall_membar","stall_mio","stall_misc","stall_no_inst","stall_not_selected","stall_selected","stall_short_sb","stall_sleep","stall_tex","stall_wait","stall_barrier (Not Issued)","stall_branch_resolving (Not Issued)","stall_dispatch (Not Issued)","stall_drain (Not Issued)","stall_imc (Not Issued)","stall_lg (Not Issued)","stall_long_sb (Not Issued)","stall_math (Not Issued)","stall_membar (Not Issued)","stall_mio (Not Issued)","stall_misc (Not Issued)","stall_no_inst (Not Issued)","stall_not_selected (Not Issued)","stall_selected (Not Issued)","stall_short_sb (Not Issued)","stall_sleeping (Not Issued)","stall_tex (Not Issued)","stall_wait (Not Issued)"
"0x711772305700","      MOV R1, c[0x0][0x28]","5","5","5","4736","151552","151552","32","32","0","0","0","-","-","-","0","0","0","0","0","0","0","0","0","0","0","0","0","0","0","0","0","0","0","5","0","0","0","0","0","0","0","0","0","0","0","0","0","0","0","0","0","5","0","0","0","0","0","0"
"0x711772305710","      S2R R2, SR_CTAID.Y","0","0","0","4736","151552","151552","32","32","0","0","0","-","-","-","0","0","0","0","0","0","0","0","0","0","0","0","0","0","0","0","0","0","0","0","0","0","0","0","0","0","0","0","0","0","0","0","0","0","0","0","0","0","0","0","0","0","0","0"
"0x711772305720","      IMAD.MOV.U32 R0, RZ, RZ, -0x1","0","0","0","4736","151552","151552","32","32","0","0","0","-","-","-","0","0","0","0","0","0","0","0","0","0","0","0","0","0","0","0","0","0","0","0","0","0","0","0","0","0","0","0","0","0","0","0","0","0","0","0","0","0","0","0","0","0","0","0"
"0x711772305730","      S2R R12, SR_CTAID.X","1","1","1","4736","151552","151552","32","32","0","0","0","-","-","-","0","0","0","0","0","0","0","0","0","0","0","0","0","0","0","0","0","0","0","0","0","0","0","0","0","1","0","0","0","0","0","0","0","0","0","0","0","0","0","0","0","0","0","1"
"0x711772305740","      SHF.L.U32 R3, R0, c[0x0][0x178], RZ","0","0","0","4736","151552","151552","32","32","0","0","0","-","-","-","0","0","0","0","0","0","0","0","0","0","0","0","0","0","0","0","0","0","0","0","0","0","0","0","0","0","0","0","0","0","0","0","0","0","0","0","0","0","0","0","0","0","0","0"
"0x711772305750","      SHF.L.U32 R2, R2, c[0x0][0x178], RZ","5","2","5","4736","151552","151552","32","32","0","0","0","-","-","-","0","0","0","0","0","0","0","0","0","0","0","0","0","0","0","0","0","0","0","0","0","0","5","0","0","0","0","0","0","0","0","0","0","0","0","0","0","0","0","0","2","0","0","0"
"0x711772305760","      LOP3.LUT R3, R12, R3, RZ, 0x30, !PT","0","0","0","4736","151552","151552","32","32","0","0","0","-","-","-","0","0","0","0","0","0","0","0","0","0","0","0","0","0","0","0","0","0","0","0","0","0","0","0","0","0","0","0","0","0","0","0","0","0","0","0","0","0","0","0","0","0","0","0"
"0x711772305770","      SHF.R.S32.HI R12, RZ, c[0x0][0x178], R12","0","0","0","4736","151552","151552","32","32","0","0","0","-","-","-","0","0","0","0","0","0","0","0","0","0","0","0","0","0","0","0","0","0","0","0","0","0","0","0","0","0","0","0","0","0","0","0","0","0","0","0","0","0","0","0","0","0","0","0"
"0x711772305780","      IMAD.IADD R14, R2, 0x1, R3","0","0","0","4736","151552","151552","32","32","0","0","0","-","-","-","0","0","0","0","0","0","0","0","0","0","0","0","0","0","0","0","0","0","0","0","0","0","0","0","0","0","0","0","0","0","0","0","0","0","0","0","0","0","0","0","0","0","0","0"
"0x711772305790","      ISETP.GE.AND P0, PT, R14, c[0x0][0x170], PT","0","0","0","4736","151552","151552","32","32","0","0","0","-","-","-","0","0","0","0","0","0","0","0","0","0","0","0","0","0","0","0","0","0","0","0","0","0","0","0","0","0","0","0","0","0","0","0","0","0","0","0","0","0","0","0","0","0","0","0"
"0x7117723057a0","      ISETP.GE.OR P0, PT, R12, c[0x0][0x16c], P0","1","1","1","4736","151552","151552","32","32","0","0","0","-","-","-","0","0","0","0","0","0","0","0","0","0","0","0","0","0","0","0","0","0","0","0","0","0","0","0","0","1","0","0","0","0","0","0","0","0","0","0","0","0","0","0","0","0","0","1"
"0x7117723057b0","@P0   EXIT","6","2","6","4736","151552","66304","32","14","18","18","0","-","-","-","0","0","0","0","0","0","0","0","0","0","0","0","0","0","0","0","0","0","0","0","0","0","0","0","0","6","0","0","0","0","0","0","0","0","0","0","0","0","0","0","0","0","0","2"
"0x7117723057c0","      S2R R182, SR_CTAID.Z","2","2","2","2664","85248","85248","32","32","18","0","0","-","-","-","0","0","0","0","0","0","0","0","0","1","0","1","0","0","0","0","0","0","0","0","0","0","0","0","0","0","0","1","0","1","0","0","0","0","0","0","0","0","0","0","0","0","0","0"
"0x7117723057d0","      IMAD.MOV.U32 R0, RZ, RZ, c[0x0][0x17c]","0","0","0","2664","85248","85248","32","32","0","0","0","-","-","-","0","0","0","0","0","0","0","0","0","0","0","0","0","0","0","0","0","0","0","0","0","0","0","0","0","0","0","0","0","0","0","0","0","0","0","0","0","0","0","0","0","0","0","0"
"0x7117723057e0","      MOV R6, c[0x0][0x278]","0","0","0","2664","85248","85248","32","32","0","0","0","-","-","-","0","0","0","0","0","0","0","0","0","0","0","0","0","0","0","0","0","0","0","0","0","0","0","0","0","0","0","0","0","0","0","0","0","0","0","0","0","0","0","0","0","0","0","0"
"0x7117723057f0","      IMAD.MOV.U32 R7, RZ, RZ, c[0x0][0x27c]","0","0","0","2664","85248","85248","32","32","0","0","0","-","-","-","0","0","0","0","0","0","0","0","0","0","0","0","0","0","0","0","0","0","0","0","0","0","0","0","0","0","0","0","0","0","0","0","0","0","0","0","0","0","0","0","0","0","0","0"
"0x711772305800","      MOV R2, c[0x0][0x280]","0","0","0","2664","85248","85248","32","32","0","0","0","-","-","-","0","0","0","0","0","0","0","0","0","0","0","0","0","0","0","0","0","0","0","0","0","0","0","0","0","0","0","0","0","0","0","0","0","0","0","0","0","0","0","0","0","0","0","0"
"0x711772305810","      IMAD.MOV.U32 R3, RZ, RZ, c[0x0][0x284]","0","0","0","2664","85248","85248","32","32","0","0","0","-","-","-","0","0","0","0","0","0","0","0","0","0","0","0","0","0","0","0","0","0","0","0","0","0","0","0","0","0","0","0","0","0","0","0","0","0","0","0","0","0","0","0","0","0","0","0"
"0x711772305820","      ISETP.GE.U32.AND P0, PT, R0, 0x2, PT","0","0","0","2664","85248","85248","32","32","0","0","0","-","-","-","0","0","0","0","0","0","0","0","0","0","0","0","0","0","0","0","0","0","0","0","0","0","0","0","0","0","0","0","0","0","0","0","0","0","0","0","0","0","0","0","0","0","0","0"
"0x711772305830","@!P0  BRA 0x7117723059e0","2","2","2","2664","85248","85248","32","32","0","0","0","-","-","-","0","0","0","0","0","0","0","0","0","0","0","0","0","0","0","0","0","0","0","0","0","0","0","0","0","2","0","0","0","0","0","0","0","0","0","0","0","0","0","0","0","0","0","2"
"0x711772305840","      ISETP.NE.AND P0, PT, R0, 0x2, PT","0","0","0","0","0","0","0","0","32","32","0","-","-","-","0","0","0","0","0","0","0","0","0","0","0","0","0","0","0","0","0","0","0","0","0","0","0","0","0","0","0","0","0","0","0","0","0","0","0","0","0","0","0","0","0","0","0","0"
"0x711772305850","      IMAD.MOV.U32 R9, RZ, RZ, c[0x0][0x168]","0","0","0","0","0","0","0","0","0","32","0","-","-","-","0","0","0","0","0","0","0","0","0","0","0","0","0","0","0","0","0","0","0","0","0","0","0","0","0","0","0","0","0","0","0","0","0","0","0","0","0","0","0","0","0","0","0","0"
"0x711772305860","      MOV R8, RZ","0","0","0","0","0","0","0","0","0","32","0","-","-","-","0","0","0","0","0","0","0","0","0","0","0","0","0","0","0","0","0","0","0","0","0","0","0","0","0","0","0","0","0","0","0","0","0","0","0","0","0","0","0","0","0","0","0","0"
"0x711772305870","@!P0  BRA 0x711772305900","0","0","0","0","0","0","0","0","0","32","0","-","-","-","0","0","0","0","0","0","0","0","0","0","0","0","0","0","0","0","0","0","0","0","0","0","0","0","0","0","0","0","0","0","0","0","0","0","0","0","0","0","0","0","0","0","0","0"
"0x711772305880","      ISETP.NE.AND P0, PT, R0, 0x3, PT","0","0","0","0","0","0","0","0","0","32","0","-","-","-","0","0","0","0","0","0","0","0","0","0","0","0","0","0","0","0","0","0","0","0","0","0","0","0","0","0","0","0","0","0","0","0","0","0","0","0","0","0","0","0","0","0","0","0"
"0x711772305890","@P0   BRA 0x711772305a30","0","0","0","0","0","0","0","0","0","32","0","-","-","-","0","0","0","0","0","0","0","0","0","0","0","0","0","0","0","0","0","0","0","0","0","0","0","0","0","0","0","0","0","0","0","0","0","0","0","0","0","0","0","0","0","0","0","0"
"0x7117723058a0","      MOV R3, 0x8","0","0","0","0","0","0","0","0","0","32","0","-","-","-","0","0","0","0","0","0","0","0","0","0","0","0","0","0","0","0","0","0","0","0","0","0","0","0","0","0","0","0","0","0","0","0","0","0","0","0","0","0","0","0","0","0","0","0"
"0x7117723058b0","      IMAD.WIDE R6, R182, R3, c[0x0][0x278]","0","0","0","0","0","0","0","0","0","32","0","-","-","-","0","0","0","0","0","0","0","0","0","0","0","0","0","0","0","0","0","0","0","0","0","0","0","0","0","0","0","0","0","0","0","0","0","0","0","0","0","0","0","0","0","0","0","0"
"0x7117723058c0","      IMAD.WIDE R2, R182, R3, c[0x0][0x280]","0","0","0","0","0","0","0","0","0","32","0","-","-","-","0","0","0","0","0","0","0","0","0","0","0","0","0","0","0","0","0","0","0","0","0","0","0","0","0","0","0","0","0","0","0","0","0","0","0","0","0","0","0","0","0","0","0","0"
"0x7117723058d0","      LDG.E.64 R6, [R6]","0","0","0","0","0","0","0","0","0","32","0","","","","0","0","0","0","0","0","0","0","0","0","0","0","0","0","0","0","0","0","0","0","0","0","0","0","0","0","0","0","0","0","0","0","0","0","0","0","0","0","0","0","0","0","0","0"
"0x7117723058e0","      LDG.E.64 R2, [R2]","0","0","0","0","0","0","0","0","0","32","0","","","","0","0","0","0","0","0","0","0","0","0","0","0","0","0","0","0","0","0","0","0","0","0","0","0","0","0","0","0","0","0","0","0","0","0","0","0","0","0","0","0","0","0","0","0"
"0x7117723058f0","      BRA 0x711772305a30","0","0","0","0","0","0","0","0","0","32","0","-","-","-","0","0","0","0","0","0","0","0","0","0","0","0","0","0","0","0","0","0","0","0","0","0","0","0","0","0","0","0","0","0","0","0","0","0","0","0","0","0","0","0","0","0","0","0"
"0x711772305900","      SHF.R.S32.HI R3, RZ, 0x1f, R182","0","0","0","0","0","0","0","0","0","32","0","-","-","-","0","0","0","0","0","0","0","0","0","0","0","0","0","0","0","0","0","0","0","0","0","0","0","0","0","0","0","0","0","0","0","0","0","0","0","0","0","0","0","0","0","0","0","0"
"0x711772305910","      IMAD.WIDE.U32 R10, R182, c[0x0][0x298], RZ","0","0","0","0","0","0","0","0","0","32","0","-","-","-","0","0","0","0","0","0","0","0","0","0","0","0","0","0","0","0","0","0","0","0","0","0","0","0","0","0","0","0","0","0","0","0","0","0","0","0","0","0","0","0","0","0","0","0"
"0x711772305920","      IMAD R7, R3, c[0x0][0x298], RZ","0","0","0","0","0","0","0","0","0","32","0","-","-","-","0","0","0","0","0","0","0","0","0","0","0","0","0","0","0","0","0","0","0","0","0","0","0","0","0","0","0","0","0","0","0","0","0","0","0","0","0","0","0","0","0","0","0","0"
"0x711772305930","      LEA R6, P1, R10, c[0x0][0x278], 0x2","0","0","0","0","0","0","0","0","0","32","0","-","-","-","0","0","0","0","0","0","0","0","0","0","0","0","0","0","0","0","0","0","0","0","0","0","0","0","0","0","0","0","0","0","0","0","0","0","0","0","0","0","0","0","0","0","0","0"
"0x711772305940","      IMAD R3, R3, c[0x0][0x2a0], RZ","0","0","0","0","0","0","0","0","0","32","0","-","-","-","0","0","0","0","0","0","0","0","0","0","0","0","0","0","0","0","0","0","0","0","0","0","0","0","0","0","0","0","0","0","0","0","0","0","0","0","0","0","0","0","0","0","0","0"
"0x711772305950","      IMAD.WIDE.U32 R4, R182, c[0x0][0x2a0], RZ","0","0","0","0","0","0","0","0","0","32","0","-","-","-","0","0","0","0","0","0","0","0","0","0","0","0","0","0","0","0","0","0","0","0","0","0","0","0","0","0","0","0","0","0","0","0","0","0","0","0","0","0","0","0","0","0","0","0"
"0x711772305960","      IMAD R7, R182, c[0x0][0x29c], R7","0","0","0","0","0","0","0","0","0","32","0","-","-","-","0","0","0","0","0","0","0","0","0","0","0","0","0","0","0","0","0","0","0","0","0","0","0","0","0","0","0","0","0","0","0","0","0","0","0","0","0","0","0","0","0","0","0","0"
"0x711772305970","      LEA R2, P0, R4, c[0x0][0x280], 0x2","0","0","0","0","0","0","0","0","0","32","0","-","-","-","0","0","0","0","0","0","0","0","0","0","0","0","0","0","0","0","0","0","0","0","0","0","0","0","0","0","0","0","0","0","0","0","0","0","0","0","0","0","0","0","0","0","0","0"
"0x711772305980","      IMAD R3, R182, c[0x0][0x2a4], R3","0","0","0","0","0","0","0","0","0","32","0","-","-","-","0","0","0","0","0","0","0","0","0","0","0","0","0","0","0","0","0","0","0","0","0","0","0","0","0","0","0","0","0","0","0","0","0","0","0","0","0","0","0","0","0","0","0","0"
"0x711772305990","      IADD3 R7, R11, R7, RZ","0","0","0","0","0","0","0","0","0","32","0","-","-","-","0","0","0","0","0","0","0","0","0","0","0","0","0","0","0","0","0","0","0","0","0","0","0","0","0","0","0","0","0","0","0","0","0","0","0","0","0","0","0","0","0","0","0","0"
"0x7117723059a0","      IADD3 R3, R5, R3, RZ","0","0","0","0","0","0","0","0","0","32","0","-","-","-","0","0","0","0","0","0","0","0","0","0","0","0","0","0","0","0","0","0","0","0","0","0","0","0","0","0","0","0","0","0","0","0","0","0","0","0","0","0","0","0","0","0","0","0"
"0x7117723059b0","      LEA.HI.X R7, R10, c[0x0][0x27c], R7, 0x2, P1","0","0","0","0","0","0","0","0","0","32","0","-","-","-","0","0","0","0","0","0","0","0","0","0","0","0","0","0","0","0","0","0","0","0","0","0","0","0","0","0","0","0","0","0","0","0","0","0","0","0","0","0","0","0","0","0","0","0"
"0x7117723059c0","      LEA.HI.X R3, R4, c[0x0][0x284], R3, 0x2, P0","0","0","0","0","0","0","0","0","0","32","0","-","-","-","0","0","0","0","0","0","0","0","0","0","0","0","0","0","0","0","0","0","0","0","0","0","0","0","0","0","0","0","0","0","0","0","0","0","0","0","0","0","0","0","0","0","0","0"
"0x7117723059d0","      BRA 0x711772305a30","0","0","0","0","0","0","0","0","0","32","0","-","-","-","0","0","0","0","0","0","0","0","0","0","0","0","0","0","0","0","0","0","0","0","0","0","0","0","0","0","0","0","0","0","0","0","0","0","0","0","0","0","0","0","0","0","0","0"
"0x7117723059e0","      IADD3 R9, R182, 0x1, RZ","4","2","4","2664","85248","85248","32","32","32","0","0","-","-","-","0","0","0","0","0","0","0","0","0","0","0","0","0","0","0","1","0","0","0","3","0","0","0","0","0","0","0","0","0","0","0","0","0","0","0","0","0","2","0","0","0","0","0","0"
"0x7117723059f0","      IMAD R8, R182, c[0x0][0x184], RZ","0","0","0","2664","85248","85248","32","32","0","0","0","-","-","-","0","0","0","0","0","0","0","0","0","0","0","0","0","0","0","0","0","0","0","0","0","0","0","0","0","0","0","0","0","0","0","0","0","0","0","0","0","0","0","0","0","0","0","0"
"0x711772305a00","      ISETP.GE.AND P0, PT, R9, c[0x0][0x174], PT","1","0","1","2664","85248","85248","32","32","0","0","0","-","-","-","0","0","0","0","0","0","0","0","0","0","0","0","0","0","0","0","0","0","0","0","0","1","0","0","0","0","0","0","0","0","0","0","0","0","0","0","0","0","0","0","0","0","0","0"
"0x711772305a10","      IMAD R9, R9, c[0x0][0x184], RZ","1","0","1","2664","85248","85248","32","32","0","0","0","-","-","-","0","0","0","0","0","0","0","0","0","0","0","0","0","0","0","0","0","0","0","0","0","1","0","0","0","0","0","0","0","0","0","0","0","0","0","0","0","0","0","0","0","0","0","0"
"0x711772305a20","      SEL R9, R9, c[0x0][0x168], !P0","10","2","10","2664","85248","85248","32","32","0","0","0","-","-","-","0","0","0","0","0","0","0","0","0","0","0","0","0","0","0","7","0","0","0","0","3","0","0","0","0","0","0","0","0","0","0","0","0","2","0","0","0","0","0","0","0","0","0","0"
"0x711772305a30","      S2R R0, SR_TID.X","1","0","1","2664","85248","85248","32","32","0","0","0","-","-","-","0","0","0","0","0","0","0","0","0","0","0","0","0","0","0","0","0","0","0","0","0","1","0","0","0","0","0","0","0","0","0","0","0","0","0","0","0","0","0","0","0","0","0","0"
"0x711772305a40","      IMAD.IADD R4, R9, 0x1, -R8","1","0","1","2664","85248","85248","32","32","0","0","0","-","-","-","0","0","0","0","0","0","0","0","0","0","0","0","0","0","0","0","0","0","0","0","0","1","0","0","0","0","0","0","0","0","0","0","0","0","0","0","0","0","0","0","0","0","0","0"
"0x711772305a50","      ULDC.64 UR4, c[0x0][0x1a0]","0","0","0","2664","85248","85248","32","32","0","0","0","-","-","-","0","0","0","0","0","0","0","0","0","0","0","0","0","0","0","0","0","0","0","0","0","0","0","0","0","0","0","0","0","0","0","0","0","0","0","0","0","0","0","0","0","0","0","0"
"0x711772305a60","      CS2R R102, SRZ","0","0","0","2664","85248","85248","32","32","0","0","0","-","-","-","0","0","0","0","0","0","0","0","0","0","0","0","0","0","0","0","0","0","0","0","0","0","0","0","0","0","0","0","0","0","0","0","0","0","0","0","0","0","0","0","0","0","0","0"
"0x711772305a70","      BAR.SYNC.DEFER_BLOCKING 0x0","0","0","0","2664","85248","85248","32","32","0","0","0","-","-","-","0","0","0","0","0","0","0","0","0","0","0","0","0","0","0","0","0","0","0","0","0","0","0","0","0","0","0","0","0","0","0","0","0","0","0","0","0","0","0","0","0","0","0","0"
"0x711772305a80","      CS2R R100, SRZ","0","0","0","2664","85248","85248","32","32","0","0","0","-","-","-","0","0","0","0","0","0","0","0","0","0","0","0","0","0","0","0","0","0","0","0","0","0","0","0","0","0","0","0","0","0","0","0","0","0","0","0","0","0","0","0","0","0","0","0"
"0x711772305a90","      SHF.R.S32.HI R5, RZ, 0x1f, R4","1","0","1","2664","85248","85248","32","32","0","0","0","-","-","-","0","0","0","0","0","0","0","0","0","0","0","0","0","0","0","0","0","0","0","0","1","0","0","0","0","0","0","0","0","0","0","0","0","0","0","0","0","0","0","0","0","0","0","0"
"0x711772305aa0","      CS2R R98, SRZ","0","0","0","2664","85248","85248","32","32","0","0","0","-","-","-","0","0","0","0","0","0","0","0","0","0","0","0","0","0","0","0","0","0","0","0","0","0","0","0","0","0","0","0","0","0","0","0","0","0","0","0","0","0","0","0","0","0","0","0"
"0x711772305ab0","      CS2R R96, SRZ","1","1","1","2664","85248","85248","32","32","0","0","0","-","-","-","0","0","0","0","0","0","0","0","0","0","0","0","0","0","0","1","0","0","0","0","0","0","0","0","0","0","0","0","0","0","0","0","0","1","0","0","0","0","0","0","0","0","0","0"
"0x711772305ac0","      CS2R R38, SRZ","0","0","0","2664","85248","85248","32","32","0","0","0","-","-","-","0","0","0","0","0","0","0","0","0","0","0","0","0","0","0","0","0","0","0","0","0","0","0","0","0","0","0","0","0","0","0","0","0","0","0","0","0","0","0","0","0","0","0","0"
"0x711772305ad0","      LEA.HI R5, R5, R4, RZ, 0x4","0","0","0","2664","85248","85248","32","32","0","0","0","-","-","-","0","0","0","0","0","0","0","0","0","0","0","0","0","0","0","0","0","0","0","0","0","0","0","0","0","0","0","0","0","0","0","0","0","0","0","0","0","0","0","0","0","0","0","0"
"0x711772305ae0","      CS2R R36, SRZ","0","0","0","2664","85248","85248","32","32","0","0","0","-","-","-","0","0","0","0","0","0","0","0","0","0","0","0","0","0","0","0","0","0","0","0","0","0","0","0","0","0","0","0","0","0","0","0","0","0","0","0","0","0","0","0","0","0","0","0"
"0x711772305af0","      CS2R R34, SRZ","1","1","1","2664","85248","85248","32","32","0","0","0","-","-","-","0","0","0","0","0","0","0","0","0","0","0","0","0","0","0","1","0","0","0","0","0","0","0","0","0","0","0","0","0","0","0","0","0","1","0","0","0","0","0","0","0","0","0","0"
"0x711772305b00","      CS2R R32, SRZ","1","0","1","2664","85248","85248","32","32","0","0","0","-","-","-","0","0","0","0","0","0","0","0","0","0","0","0","0","0","0","0","0","0","0","0","0","1","0","0","0","0","0","0","0","0","0","0","0","0","0","0","0","0","0","0","0","0","0","0"
"0x711772305b10","      LOP3.LUT R5, R5, 0xfffffff0, RZ, 0xc0, !PT","0","0","0","2664","85248","85248","32","32","0","0","0","-","-","-","0","0","0","0","0","0","0","0","0","0","0","0","0","0","0","0","0","0","0","0","0","0","0","0","0","0","0","0","0","0","0","0","0","0","0","0","0","0","0","0","0","0","0","0"
"0x711772305b20","      CS2R R106, SRZ","0","0","0","2664","85248","85248","32","32","0","0","0","-","-","-","0","0","0","0","0","0","0","0","0","0","0","0","0","0","0","0","0","0","0","0","0","0","0","0","0","0","0","0","0","0","0","0","0","0","0","0","0","0","0","0","0","0","0","0"
"0x711772305b30","      CS2R R104, SRZ","0","0","0","2664","85248","85248","32","32","0","0","0","-","-","-","0","0","0","0","0","0","0","0","0","0","0","0","0","0","0","0","0","0","0","0","0","0","0","0","0","0","0","0","0","0","0","0","0","0","0","0","0","0","0","0","0","0","0","0"
"0x711772305b40","      CS2R R94, SRZ","1","0","1","2664","85248","85248","32","32","0","0","0","-","-","-","0","0","0","0","0","0","0","0","0","0","0","0","0","0","0","0","0","0","0","0","1","0","0","0","0","0","0","0","0","0","0","0","0","0","0","0","0","0","0","0","0","0","0","0"
"0x711772305b50","      CS2R R92, SRZ","0","0","0","2664","85248","85248","32","32","0","0","0","-","-","-","0","0","0","0","0","0","0","0","0","0","0","0","0","0","0","0","0","0","0","0","0","0","0","0","0","0","0","0","0","0","0","0","0","0","0","0","0","0","0","0","0","0","0","0"
"0x711772305b60","      IMAD.IADD R5, R4, 0x1, -R5","0","0","0","2664","85248","85248","32","32","0","0","0","-","-","-","0","0","0","0","0","0","0","0","0","0","0","0","0","0","0","0","0","0","0","0","0","0","0","0","0","0","0","0","0","0","0","0","0","0","0","0","0","0","0","0","0","0","0","0"
"0x711772305b70","      IADD3 R4, R9, 0xf, -R8","2","0","2","2664","85248","85248","32","32","0","0","0","-","-","-","0","0","0","0","0","0","0","0","0","0","0","0","0","0","0","0","0","0","0","0","0","2","0","0","0","0","0","0","0","0","0","0","0","0","0","0","0","0","0","0","0","0","0","0"
"0x711772305b80","      CS2R R42, SRZ","0","0","0","2664","85248","85248","32","32","0","0","0","-","-","-","0","0","0","0","0","0","0","0","0","0","0","0","0","0","0","0","0","0","0","0","0","0","0","0","0","0","0","0","0","0","0","0","0","0","0","0","0","0","0","0","0","0","0","0"
"0x711772305b90","      CS2R R40, SRZ","0","0","0","2664","85248","85248","32","32","0","0","0","-","-","-","0","0","0","0","0","0","0","0","0","0","0","0","0","0","0","0","0","0","0","0","0","0","0","0","0","0","0","0","0","0","0","0","0","0","0","0","0","0","0","0","0","0","0","0"
"0x711772305ba0","      CS2R R110, SRZ","1","0","1","2664","85248","85248","32","32","0","0","0","-","-","-","0","0","0","0","0","0","0","0","0","0","0","0","0","0","0","0","0","0","0","0","0","1","0","0","0","0","0","0","0","0","0","0","0","0","0","0","0","0","0","0","0","0","0","0"
"0x711772305bb0","      SHF.R.S32.HI R15, RZ, 0x1f, R0","0","0","0","2664","85248","85248","32","32","0","0","0","-","-","-","0","0","0","0","0","0","0","0","0","0","0","0","0","0","0","0","0","0","0","0","0","0","0","0","0","0","0","0","0","0","0","0","0","0","0","0","0","0","0","0","0","0","0","0"
"0x711772305bc0","      IMAD.SHL.U32 R212, R0, 0x100, RZ","0","0","0","2664","85248","85248","32","32","0","0","0","-","-","-","0","0","0","0","0","0","0","0","0","0","0","0","0","0","0","0","0","0","0","0","0","0","0","0","0","0","0","0","0","0","0","0","0","0","0","0","0","0","0","0","0","0","0","0"
"0x711772305bd0","      ISETP.NE.AND P0, PT, R5, RZ, PT","0","0","0","2664","85248","85248","32","32","0","0","0","-","-","-","0","0","0","0","0","0","0","0","0","0","0","0","0","0","0","0","0","0","0","0","0","0","0","0","0","0","0","0","0","0","0","0","0","0","0","0","0","0","0","0","0","0","0","0"
"0x711772305be0","      CS2R R108, SRZ","2","2","2","2664","85248","85248","32","32","0","0","0","-","-","-","0","0","0","0","0","0","0","0","0","0","0","0","0","0","0","2","0","0","0","0","0","0","0","0","0","0","0","0","0","0","0","0","0","2","0","0","0","0","0","0","0","0","0","0"
"0x711772305bf0","      LEA.HI R31, R15, R0, RZ, 0x5","0","0","0","2664","85248","85248","32","32","0","0","0","-","-","-","0","0","0","0","0","0","0","0","0","0","0","0","0","0","0","0","0","0","0","0","0","0","0","0","0","0","0","0","0","0","0","0","0","0","0","0","0","0","0","0","0","0","0","0"
"0x711772305c00","      CS2R R90, SRZ","0","0","0","2664","85248","85248","32","32","0","0","0","-","-","-","0","0","0","0","0","0","0","0","0","0","0","0","0","0","0","0","0","0","0","0","0","0","0","0","0","0","0","0","0","0","0","0","0","0","0","0","0","0","0","0","0","0","0","0"
"0x711772305c10","      SEL R5, R5, 0x10, P0","0","0","0","2664","85248","85248","32","32","0","0","0","-","-","-","0","0","0","0","0","0","0","0","0","0","0","0","0","0","0","0","0","0","0","0","0","0","0","0","0","0","0","0","0","0","0","0","0","0","0","0","0","0","0","0","0","0","0","0"
"0x711772305c20","      CS2R R88, SRZ","0","0","0","2664","85248","85248","32","32","0","0","0","-","-","-","0","0","0","0","0","0","0","0","0","0","0","0","0","0","0","0","0","0","0","0","0","0","0","0","0","0","0","0","0","0","0","0","0","0","0","0","0","0","0","0","0","0","0","0"
"0x711772305c30","      LOP3.LUT R17, R31, 0xffffffe0, RZ, 0xc0, !PT","0","0","0","2664","85248","85248","32","32","0","0","0","-","-","-","0","0","0","0","0","0","0","0","0","0","0","0","0","0","0","0","0","0","0","0","0","0","0","0","0","0","0","0","0","0","0","0","0","0","0","0","0","0","0","0","0","0","0","0"
"0x711772305c40","      CS2R R46, SRZ","0","0","0","2664","85248","85248","32","32","0","0","0","-","-","-","0","0","0","0","0","0","0","0","0","0","0","0","0","0","0","0","0","0","0","0","0","0","0","0","0","0","0","0","0","0","0","0","0","0","0","0","0","0","0","0","0","0","0","0"
"0x711772305c50","      SHF.R.S32.HI R18, RZ, 0x5, R31","0","0","0","2664","85248","85248","32","32","0","0","0","-","-","-","0","0","0","0","0","0","0","0","0","0","0","0","0","0","0","0","0","0","0","0","0","0","0","0","0","0","0","0","0","0","0","0","0","0","0","0","0","0","0","0","0","0","0","0"
"0x711772305c60","      IMAD.IADD R16, R5, 0x1, R8","0","0","0","2664","85248","85248","32","32","0","0","0","-","-","-","0","0","0","0","0","0","0","0","0","0","0","0","0","0","0","0","0","0","0","0","0","0","0","0","0","0","0","0","0","0","0","0","0","0","0","0","0","0","0","0","0","0","0","0"
"0x711772305c70","      LEA.HI R26, R15, R0, RZ, 0x6","0","0","0","2664","85248","85248","32","32","0","0","0","-","-","-","0","0","0","0","0","0","0","0","0","0","0","0","0","0","0","0","0","0","0","0","0","0","0","0","0","0","0","0","0","0","0","0","0","0","0","0","0","0","0","0","0","0","0","0"
"0x711772305c80","      IMAD.IADD R17, R0, 0x1, -R17","0","0","0","2664","85248","85248","32","32","0","0","0","-","-","-","0","0","0","0","0","0","0","0","0","0","0","0","0","0","0","0","0","0","0","0","0","0","0","0","0","0","0","0","0","0","0","0","0","0","0","0","0","0","0","0","0","0","0","0"
"0x711772305c90","      LEA.HI R31, R31, R18, RZ, 0x1","0","0","0","2664","85248","85248","32","32","0","0","0","-","-","-","0","0","0","0","0","0","0","0","0","0","0","0","0","0","0","0","0","0","0","0","0","0","0","0","0","0","0","0","0","0","0","0","0","0","0","0","0","0","0","0","0","0","0","0"
"0x711772305ca0","      IMAD.SHL.U32 R19, R18, 0x10, RZ","0","0","0","2664","85248","85248","32","32","0","0","0","-","-","-","0","0","0","0","0","0","0","0","0","0","0","0","0","0","0","0","0","0","0","0","0","0","0","0","0","0","0","0","0","0","0","0","0","0","0","0","0","0","0","0","0","0","0","0"
"0x711772305cb0","      IMNMX R16, R16, R9, PT","0","0","0","2664","85248","85248","32","32","0","0","0","-","-","-","0","0","0","0","0","0","0","0","0","0","0","0","0","0","0","0","0","0","0","0","0","0","0","0","0","0","0","0","0","0","0","0","0","0","0","0","0","0","0","0","0","0","0","0"
"0x711772305cc0","      CS2R R44, SRZ","0","0","0","2664","85248","85248","32","32","0","0","0","-","-","-","0","0","0","0","0","0","0","0","0","0","0","0","0","0","0","0","0","0","0","0","0","0","0","0","0","0","0","0","0","0","0","0","0","0","0","0","0","0","0","0","0","0","0","0"
"0x711772305cd0","      SHF.R.S32.HI R10, RZ, 0x1f, R17","0","0","0","2664","85248","85248","32","32","0","0","0","-","-","-","0","0","0","0","0","0","0","0","0","0","0","0","0","0","0","0","0","0","0","0","0","0","0","0","0","0","0","0","0","0","0","0","0","0","0","0","0","0","0","0","0","0","0","0"
"0x711772305ce0","      CS2R R114, SRZ","0","0","0","2664","85248","85248","32","32","0","0","0","-","-","-","0","0","0","0","0","0","0","0","0","0","0","0","0","0","0","0","0","0","0","0","0","0","0","0","0","0","0","0","0","0","0","0","0","0","0","0","0","0","0","0","0","0","0","0"
"0x711772305cf0","      IADD3 R9, R4, 0xf, RZ","0","0","0","2664","85248","85248","32","32","0","0","0","-","-","-","0","0","0","0","0","0","0","0","0","0","0","0","0","0","0","0","0","0","0","0","0","0","0","0","0","0","0","0","0","0","0","0","0","0","0","0","0","0","0","0","0","0","0","0"
"0x711772305d00","      CS2R R112, SRZ","0","0","0","2664","85248","85248","32","32","0","0","0","-","-","-","0","0","0","0","0","0","0","0","0","0","0","0","0","0","0","0","0","0","0","0","0","0","0","0","0","0","0","0","0","0","0","0","0","0","0","0","0","0","0","0","0","0","0","0"
"0x711772305d10","      LEA.HI R20, R10, R17, RZ, 0x2","0","0","0","2664","85248","85248","32","32","0","0","0","-","-","-","0","0","0","0","0","0","0","0","0","0","0","0","0","0","0","0","0","0","0","0","0","0","0","0","0","0","0","0","0","0","0","0","0","0","0","0","0","0","0","0","0","0","0","0"
"0x711772305d20","      CS2R R86, SRZ","0","0","0","2664","85248","85248","32","32","0","0","0","-","-","-","0","0","0","0","0","0","0","0","0","0","0","0","0","0","0","0","0","0","0","0","0","0","0","0","0","0","0","0","0","0","0","0","0","0","0","0","0","0","0","0","0","0","0","0"
"0x711772305d30","      LEA.HI R15, R10, R17, RZ, 0x3","0","0","0","2664","85248","85248","32","32","0","0","0","-","-","-","0","0","0","0","0","0","0","0","0","0","0","0","0","0","0","0","0","0","0","0","0","0","0","0","0","0","0","0","0","0","0","0","0","0","0","0","0","0","0","0","0","0","0","0"
"0x711772305d40","      CS2R R84, SRZ","0","0","0","2664","85248","85248","32","32","0","0","0","-","-","-","0","0","0","0","0","0","0","0","0","0","0","0","0","0","0","0","0","0","0","0","0","0","0","0","0","0","0","0","0","0","0","0","0","0","0","0","0","0","0","0","0","0","0","0"
"0x711772305d50","      LEA.HI.SX32 R19, R20, R19, 0x1e","0","0","0","2664","85248","85248","32","32","0","0","0","-","-","-","0","0","0","0","0","0","0","0","0","0","0","0","0","0","0","0","0","0","0","0","0","0","0","0","0","0","0","0","0","0","0","0","0","0","0","0","0","0","0","0","0","0","0","0"
"0x711772305d60","      CS2R R50, SRZ","1","0","1","2664","85248","85248","32","32","0","0","0","-","-","-","0","0","0","0","0","0","0","0","0","0","0","0","0","0","0","0","0","0","0","0","0","1","0","0","0","0","0","0","0","0","0","0","0","0","0","0","0","0","0","0","0","0","0","0"
"0x711772305d70","      LOP3.LUT R20, R20, 0xfffffffc, RZ, 0xc0, !PT","1","1","1","2664","85248","85248","32","32","0","0","0","-","-","-","0","0","0","0","0","0","0","0","0","0","0","0","0","0","0","1","0","0","0","0","0","0","0","0","0","0","0","0","0","0","0","0","0","1","0","0","0","0","0","0","0","0","0","0"
"0x711772305d80","      CS2R R48, SRZ","1","1","1","2664","85248","85248","32","32","0","0","0","-","-","-","0","0","0","0","0","0","0","0","0","0","0","0","0","0","0","1","0","0","0","0","0","0","0","0","0","0","0","0","0","0","0","0","0","1","0","0","0","0","0","0","0","0","0","0"
"0x711772305d90","      SHF.R.S32.HI R26, RZ, 0x6, R26","1","0","1","2664","85248","85248","32","32","0","0","0","-","-","-","0","0","0","0","0","0","0","0","0","0","0","0","0","0","0","0","0","0","0","0","0","1","0","0","0","0","0","0","0","0","0","0","0","0","0","0","0","0","0","0","0","0","0","0"
"0x711772305da0","      IMAD R12, R12, 0x80, R19","0","0","0","2664","85248","85248","32","32","0","0","0","-","-","-","0","0","0","0","0","0","0","0","0","0","0","0","0","0","0","0","0","0","0","0","0","0","0","0","0","0","0","0","0","0","0","0","0","0","0","0","0","0","0","0","0","0","0","0"
"0x711772305db0","      LOP3.LUT R10, R15, 0xfffffff8, RZ, 0xc0, !PT","0","0","0","2664","85248","85248","32","32","0","0","0","-","-","-","0","0","0","0","0","0","0","0","0","0","0","0","0","0","0","0","0","0","0","0","0","0","0","0","0","0","0","0","0","0","0","0","0","0","0","0","0","0","0","0","0","0","0","0"
"0x711772305dc0","      IMAD.IADD R13, R17, 0x1, -R20","0","0","0","2664","85248","85248","32","32","0","0","0","-","-","-","0","0","0","0","0","0","0","0","0","0","0","0","0","0","0","0","0","0","0","0","0","0","0","0","0","0","0","0","0","0","0","0","0","0","0","0","0","0","0","0","0","0","0","0"
"0x711772305dd0","      LOP3.LUT R31, R31, 0x7fffffe, RZ, 0xc0, !PT","0","0","0","2664","85248","85248","32","32","0","0","0","-","-","-","0","0","0","0","0","0","0","0","0","0","0","0","0","0","0","0","0","0","0","0","0","0","0","0","0","0","0","0","0","0","0","0","0","0","0","0","0","0","0","0","0","0","0","0"
"0x711772305de0","      IMAD.SHL.U32 R26, R26, 0x4, RZ","0","0","0","2664","85248","85248","32","32","0","0","0","-","-","-","0","0","0","0","0","0","0","0","0","0","0","0","0","0","0","0","0","0","0","0","0","0","0","0","0","0","0","0","0","0","0","0","0","0","0","0","0","0","0","0","0","0","0","0"
"0x711772305df0","      IADD3 R11, R12, 0x8, RZ","0","0","0","2664","85248","85248","32","32","0","0","0","-","-","-","0","0","0","0","0","0","0","0","0","0","0","0","0","0","0","0","0","0","0","0","0","0","0","0","0","0","0","0","0","0","0","0","0","0","0","0","0","0","0","0","0","0","0","0"
"0x711772305e00","      IMAD R20, R13, 0x4, R8","0","0","0","2664","85248","85248","32","32","0","0","0","-","-","-","0","0","0","0","0","0","0","0","0","0","0","0","0","0","0","0","0","0","0","0","0","0","0","0","0","0","0","0","0","0","0","0","0","0","0","0","0","0","0","0","0","0","0","0"
"0x711772305e10","      ISETP.GE.AND P5, PT, R12, c[0x0][0x160], PT","0","0","0","2664","85248","85248","32","32","0","0","0","-","-","-","0","0","0","0","0","0","0","0","0","0","0","0","0","0","0","0","0","0","0","0","0","0","0","0","0","0","0","0","0","0","0","0","0","0","0","0","0","0","0","0","0","0","0","0"
"0x711772305e20","      IMAD.IADD R10, R17, 0x1, -R10","0","0","0","2664","85248","85248","32","32","0","0","0","-","-","-","0","0","0","0","0","0","0","0","0","0","0","0","0","0","0","0","0","0","0","0","0","0","0","0","0","0","0","0","0","0","0","0","0","0","0","0","0","0","0","0","0","0","0","0"
"0x711772305e30","      ISETP.GE.AND P1, PT, R11, c[0x0][0x160], PT","0","0","0","2664","85248","85248","32","32","0","0","0","-","-","-","0","0","0","0","0","0","0","0","0","0","0","0","0","0","0","0","0","0","0","0","0","0","0","0","0","0","0","0","0","0","0","0","0","0","0","0","0","0","0","0","0","0","0","0"
"0x711772305e40","      IMAD.IADD R31, R18, 0x1, -R31","1","0","1","2664","85248","85248","32","32","0","0","0","-","-","-","0","0","0","0","0","0","0","0","0","0","0","0","0","0","0","0","0","0","0","0","0","1","0","0","0","0","0","0","0","0","0","0","0","0","0","0","0","0","0","0","0","0","0","0"
"0x711772305e50","      IADD3 R17, R19, 0x8, RZ","0","0","0","2664","85248","85248","32","32","0","0","0","-","-","-","0","0","0","0","0","0","0","0","0","0","0","0","0","0","0","0","0","0","0","0","0","0","0","0","0","0","0","0","0","0","0","0","0","0","0","0","0","0","0","0","0","0","0","0"
"0x711772305e60","      CS2R R118, SRZ","0","0","0","2664","85248","85248","32","32","0","0","0","-","-","-","0","0","0","0","0","0","0","0","0","0","0","0","0","0","0","0","0","0","0","0","0","0","0","0","0","0","0","0","0","0","0","0","0","0","0","0","0","0","0","0","0","0","0","0"
"0x711772305e70","      R2P PR, RZ, 0xc","0","0","0","2664","85248","85248","32","32","0","0","0","-","-","-","0","0","0","0","0","0","0","0","0","0","0","0","0","0","0","0","0","0","0","0","0","0","0","0","0","0","0","0","0","0","0","0","0","0","0","0","0","0","0","0","0","0","0","0"
"0x711772305e80","      IMAD R31, R31, 0x20, R10","0","0","0","2664","85248","85248","32","32","0","0","0","-","-","-","0","0","0","0","0","0","0","0","0","0","0","0","0","0","0","0","0","0","0","0","0","0","0","0","0","0","0","0","0","0","0","0","0","0","0","0","0","0","0","0","0","0","0","0"
"0x711772305e90","      ISETP.LT.AND P0, PT, R20, R16, !P5","0","0","0","2664","85248","85248","32","32","0","0","0","-","-","-","0","0","0","0","0","0","0","0","0","0","0","0","0","0","0","0","0","0","0","0","0","0","0","0","0","0","0","0","0","0","0","0","0","0","0","0","0","0","0","0","0","0","0","0"
"0x711772305ea0","      CS2R R116, SRZ","0","0","0","2664","85248","85248","32","32","0","0","0","-","-","-","0","0","0","0","0","0","0","0","0","0","0","0","0","0","0","0","0","0","0","0","0","0","0","0","0","0","0","0","0","0","0","0","0","0","0","0","0","0","0","0","0","0","0","0"
"0x711772305eb0","      ISETP.GE.U32.AND P4, PT, R9, 0x1f, PT","0","0","0","2664","85248","85248","32","32","0","0","0","-","-","-","0","0","0","0","0","0","0","0","0","0","0","0","0","0","0","0","0","0","0","0","0","0","0","0","0","0","0","0","0","0","0","0","0","0","0","0","0","0","0","0","0","0","0","0"
"0x711772305ec0","      CS2R R82, SRZ","0","0","0","2664","85248","85248","32","32","0","0","0","-","-","-","0","0","0","0","0","0","0","0","0","0","0","0","0","0","0","0","0","0","0","0","0","0","0","0","0","0","0","0","0","0","0","0","0","0","0","0","0","0","0","0","0","0","0","0"
"0x711772305ed0","      ISETP.GT.U32.AND P5, PT, R9, 0x1e, PT","0","0","0","2664","85248","85248","32","32","0","0","0","-","-","-","0","0","0","0","0","0","0","0","0","0","0","0","0","0","0","0","0","0","0","0","0","0","0","0","0","0","0","0","0","0","0","0","0","0","0","0","0","0","0","0","0","0","0","0"
"0x711772305ee0","      CS2R R80, SRZ","0","0","0","2664","85248","85248","32","32","0","0","0","-","-","-","0","0","0","0","0","0","0","0","0","0","0","0","0","0","0","0","0","0","0","0","0","0","0","0","0","0","0","0","0","0","0","0","0","0","0","0","0","0","0","0","0","0","0","0"
"0x711772305ef0","      SHF.R.S32.HI R9, RZ, 0x1f, R12","0","0","0","2664","85248","85248","32","32","0","0","0","-","-","-","0","0","0","0","0","0","0","0","0","0","0","0","0","0","0","0","0","0","0","0","0","0","0","0","0","0","0","0","0","0","0","0","0","0","0","0","0","0","0","0","0","0","0","0"
"0x711772305f00","      CS2R R54, SRZ","0","0","0","2664","85248","85248","32","32","0","0","0","-","-","-","0","0","0","0","0","0","0","0","0","0","0","0","0","0","0","0","0","0","0","0","0","0","0","0","0","0","0","0","0","0","0","0","0","0","0","0","0","0","0","0","0","0","0","0"
"0x711772305f10","      LEA.HI.SX32 R26, R15, R26, 0x1d","0","0","0","2664","85248","85248","32","32","0","0","0","-","-","-","0","0","0","0","0","0","0","0","0","0","0","0","0","0","0","0","0","0","0","0","0","0","0","0","0","0","0","0","0","0","0","0","0","0","0","0","0","0","0","0","0","0","0","0"
"0x711772305f20","      CS2R R52, SRZ","0","0","0","2664","85248","85248","32","32","0","0","0","-","-","-","0","0","0","0","0","0","0","0","0","0","0","0","0","0","0","0","0","0","0","0","0","0","0","0","0","0","0","0","0","0","0","0","0","0","0","0","0","0","0","0","0","0","0","0"
"0x711772305f30","      LEA.HI R18, R17, R17, RZ, 0x1","0","0","0","2664","85248","85248","32","32","0","0","0","-","-","-","0","0","0","0","0","0","0","0","0","0","0","0","0","0","0","0","0","0","0","0","0","0","0","0","0","0","0","0","0","0","0","0","0","0","0","0","0","0","0","0","0","0","0","0"
"0x711772305f40","      IMAD R9, R9, c[0x0][0x198], RZ","0","0","0","2664","85248","85248","32","32","0","0","0","-","-","-","0","0","0","0","0","0","0","0","0","0","0","0","0","0","0","0","0","0","0","0","0","0","0","0","0","0","0","0","0","0","0","0","0","0","0","0","0","0","0","0","0","0","0","0"
"0x711772305f50","      SHF.R.S32.HI R21, RZ, 0x1f, R20","0","0","0","2664","85248","85248","32","32","0","0","0","-","-","-","0","0","0","0","0","0","0","0","0","0","0","0","0","0","0","0","0","0","0","0","0","0","0","0","0","0","0","0","0","0","0","0","0","0","0","0","0","0","0","0","0","0","0","0"
"0x711772305f60","      IMAD.IADD R29, R26, 0x1, R8","0","0","0","2664","85248","85248","32","32","0","0","0","-","-","-","0","0","0","0","0","0","0","0","0","0","0","0","0","0","0","0","0","0","0","0","0","0","0","0","0","0","0","0","0","0","0","0","0","0","0","0","0","0","0","0","0","0","0","0"
"0x711772305f70","      SHF.R.S32.HI R23, RZ, 0x1f, R26","0","0","0","2664","85248","85248","32","32","0","0","0","-","-","-","0","0","0","0","0","0","0","0","0","0","0","0","0","0","0","0","0","0","0","0","0","0","0","0","0","0","0","0","0","0","0","0","0","0","0","0","0","0","0","0","0","0","0","0"
"0x711772305f80","      IMAD R15, R12, c[0x0][0x19c], R9","1","0","1","2664","85248","85248","32","32","0","0","0","-","-","-","0","0","0","0","0","0","0","0","0","0","0","0","0","0","0","0","0","0","0","0","0","1","0","0","0","0","0","0","0","0","0","0","0","0","0","0","0","0","0","0","0","0","0","0"
"0x711772305f90","      LEA.HI R9, R19, R19, RZ, 0x1","0","0","0","2664","85248","85248","32","32","0","0","0","-","-","-","0","0","0","0","0","0","0","0","0","0","0","0","0","0","0","0","0","0","0","0","0","0","0","0","0","0","0","0","0","0","0","0","0","0","0","0","0","0","0","0","0","0","0","0"
"0x711772305fa0","      CS2R R122, SRZ","0","0","0","2664","85248","85248","32","32","0","0","0","-","-","-","0","0","0","0","0","0","0","0","0","0","0","0","0","0","0","0","0","0","0","0","0","0","0","0","0","0","0","0","0","0","0","0","0","0","0","0","0","0","0","0","0","0","0","0"
"0x711772305fb0","      ISETP.LT.AND P1, PT, R20, R16, !P1","0","0","0","2664","85248","85248","32","32","0","0","0","-","-","-","0","0","0","0","0","0","0","0","0","0","0","0","0","0","0","0","0","0","0","0","0","0","0","0","0","0","0","0","0","0","0","0","0","0","0","0","0","0","0","0","0","0","0","0"
"0x711772305fc0","      IMAD.WIDE.U32 R20, R12, c[0x0][0x198], R20","0","0","0","2664","85248","85248","32","32","0","0","0","-","-","-","0","0","0","0","0","0","0","0","0","0","0","0","0","0","0","0","0","0","0","0","0","0","0","0","0","0","0","0","0","0","0","0","0","0","0","0","0","0","0","0","0","0","0","0"
"0x711772305fd0","      LOP3.LUT R10, R9, 0x3ffffffe, RZ, 0xc0, !PT","0","0","0","2664","85248","85248","32","32","0","0","0","-","-","-","0","0","0","0","0","0","0","0","0","0","0","0","0","0","0","0","0","0","0","0","0","0","0","0","0","0","0","0","0","0","0","0","0","0","0","0","0","0","0","0","0","0","0","0"
"0x711772305fe0","      CS2R R120, SRZ","0","0","0","2664","85248","85248","32","32","0","0","0","-","-","-","0","0","0","0","0","0","0","0","0","0","0","0","0","0","0","0","0","0","0","0","0","0","0","0","0","0","0","0","0","0","0","0","0","0","0","0","0","0","0","0","0","0","0","0"
"0x711772305ff0","      LOP3.LUT R8, R18, 0x3ffffffe, RZ, 0xc0, !PT","0","0","0","2664","85248","85248","32","32","0","0","0","-","-","-","0","0","0","0","0","0","0","0","0","0","0","0","0","0","0","0","0","0","0","0","0","0","0","0","0","0","0","0","0","0","0","0","0","0","0","0","0","0","0","0","0","0","0","0"
"0x711772306000","      CS2R R78, SRZ","0","0","0","2664","85248","85248","32","32","0","0","0","-","-","-","0","0","0","0","0","0","0","0","0","0","0","0","0","0","0","0","0","0","0","0","0","0","0","0","0","0","0","0","0","0","0","0","0","0","0","0","0","0","0","0","0","0","0","0"
"0x711772306010","      LEA.HI R24, R23, R26, RZ, 0x2","0","0","0","2664","85248","85248","32","32","0","0","0","-","-","-","0","0","0","0","0","0","0","0","0","0","0","0","0","0","0","0","0","0","0","0","0","0","0","0","0","0","0","0","0","0","0","0","0","0","0","0","0","0","0","0","0","0","0","0"
"0x711772306020","      IMAD.IADD R10, R19, 0x1, -R10","0","0","0","2664","85248","85248","32","32","0","0","0","-","-","-","0","0","0","0","0","0","0","0","0","0","0","0","0","0","0","0","0","0","0","0","0","0","0","0","0","0","0","0","0","0","0","0","0","0","0","0","0","0","0","0","0","0","0","0"
"0x711772306030","      P2R R22, PR, RZ, 0xf","0","0","0","2664","85248","85248","32","32","0","0","0","-","-","-","0","0","0","0","0","0","0","0","0","0","0","0","0","0","0","0","0","0","0","0","0","0","0","0","0","0","0","0","0","0","0","0","0","0","0","0","0","0","0","0","0","0","0","0"
"0x711772306040","      IMAD.IADD R8, R17, 0x1, -R8","0","0","0","2664","85248","85248","32","32","0","0","0","-","-","-","0","0","0","0","0","0","0","0","0","0","0","0","0","0","0","0","0","0","0","0","0","0","0","0","0","0","0","0","0","0","0","0","0","0","0","0","0","0","0","0","0","0","0","0"
"0x711772306050","      ISETP.GE.AND P3, PT, R29, R16, PT","0","0","0","2664","85248","85248","32","32","0","0","0","-","-","-","0","0","0","0","0","0","0","0","0","0","0","0","0","0","0","0","0","0","0","0","0","0","0","0","0","0","0","0","0","0","0","0","0","0","0","0","0","0","0","0","0","0","0","0"
"0x711772306060","      IMAD.IADD R16, R21, 0x1, R15","0","0","0","2664","85248","85248","32","32","0","0","0","-","-","-","0","0","0","0","0","0","0","0","0","0","0","0","0","0","0","0","0","0","0","0","0","0","0","0","0","0","0","0","0","0","0","0","0","0","0","0","0","0","0","0","0","0","0","0"
"0x711772306070","      LOP3.LUT R23, R24, 0xfffffffc, RZ, 0xc0, !PT","0","0","0","2664","85248","85248","32","32","0","0","0","-","-","-","0","0","0","0","0","0","0","0","0","0","0","0","0","0","0","0","0","0","0","0","0","0","0","0","0","0","0","0","0","0","0","0","0","0","0","0","0","0","0","0","0","0","0","0"
"0x711772306080","      IMAD R10, R10, 0x4, R13","0","0","0","2664","85248","85248","32","32","0","0","0","-","-","-","0","0","0","0","0","0","0","0","0","0","0","0","0","0","0","0","0","0","0","0","0","0","0","0","0","0","0","0","0","0","0","0","0","0","0","0","0","0","0","0","0","0","0","0"
"0x711772306090","      LEA R6, P0, R20, R6, 0x2","0","0","0","2664","85248","85248","32","32","0","0","0","-","-","-","0","0","0","0","0","0","0","0","0","0","0","0","0","0","0","0","0","0","0","0","0","0","0","0","0","0","0","0","0","0","0","0","0","0","0","0","0","0","0","0","0","0","0","0"
"0x7117723060a0","      IMAD R8, R8, 0x4, R13","1","0","1","2664","85248","85248","32","32","0","0","0","-","-","-","0","0","0","0","0","0","0","0","0","0","0","0","0","0","0","0","0","0","0","0","0","1","0","0","0","0","0","0","0","0","0","0","0","0","0","0","0","0","0","0","0","0","0","0"
"0x7117723060b0","      SHF.R.S32.HI R25, RZ, 0x1, R18","0","0","0","2664","85248","85248","32","32","0","0","0","-","-","-","0","0","0","0","0","0","0","0","0","0","0","0","0","0","0","0","0","0","0","0","0","0","0","0","0","0","0","0","0","0","0","0","0","0","0","0","0","0","0","0","0","0","0","0"
"0x7117723060c0","      IMAD.IADD R23, R26, 0x1, -R23","1","0","1","2664","85248","85248","32","32","0","0","0","-","-","-","0","0","0","0","0","0","0","0","0","0","0","0","0","0","0","0","0","0","0","0","0","1","0","0","0","0","0","0","0","0","0","0","0","0","0","0","0","0","0","0","0","0","0","0"
"0x7117723060d0","      LEA.HI.X R7, R20, R7, R16, 0x2, P0","0","0","0","2664","85248","85248","32","32","0","0","0","-","-","-","0","0","0","0","0","0","0","0","0","0","0","0","0","0","0","0","0","0","0","0","0","0","0","0","0","0","0","0","0","0","0","0","0","0","0","0","0","0","0","0","0","0","0","0"
"0x7117723060e0","      IMAD.SHL.U32 R24, R24, 0x40, RZ","0","0","0","2664","85248","85248","32","32","0","0","0","-","-","-","0","0","0","0","0","0","0","0","0","0","0","0","0","0","0","0","0","0","0","0","0","0","0","0","0","0","0","0","0","0","0","0","0","0","0","0","0","0","0","0","0","0","0","0"
"0x7117723060f0","      SHF.R.S32.HI R16, RZ, 0x1f, R31","0","0","0","2664","85248","85248","32","32","0","0","0","-","-","-","0","0","0","0","0","0","0","0","0","0","0","0","0","0","0","0","0","0","0","0","0","0","0","0","0","0","0","0","0","0","0","0","0","0","0","0","0","0","0","0","0","0","0","0"
"0x711772306100","      CS2R R76, SRZ","0","0","0","2664","85248","85248","32","32","0","0","0","-","-","-","0","0","0","0","0","0","0","0","0","0","0","0","0","0","0","0","0","0","0","0","0","0","0","0","0","0","0","0","0","0","0","0","0","0","0","0","0","0","0","0","0","0","0","0"
"0x711772306110","      SHF.R.S32.HI R26, RZ, 0x1, R9","0","0","0","2664","85248","85248","32","32","0","0","0","-","-","-","0","0","0","0","0","0","0","0","0","0","0","0","0","0","0","0","0","0","0","0","0","0","0","0","0","0","0","0","0","0","0","0","0","0","0","0","0","0","0","0","0","0","0","0"
"0x711772306120","      CS2R R58, SRZ","0","0","0","2664","85248","85248","32","32","0","0","0","-","-","-","0","0","0","0","0","0","0","0","0","0","0","0","0","0","0","0","0","0","0","0","0","0","0","0","0","0","0","0","0","0","0","0","0","0","0","0","0","0","0","0","0","0","0","0"
"0x711772306130","      SHF.R.S32.HI R9, RZ, 0x1f, R9","0","0","0","2664","85248","85248","32","32","0","0","0","-","-","-","0","0","0","0","0","0","0","0","0","0","0","0","0","0","0","0","0","0","0","0","0","0","0","0","0","0","0","0","0","0","0","0","0","0","0","0","0","0","0","0","0","0","0","0"
"0x711772306140","      CS2R R56, SRZ","0","0","0","2664","85248","85248","32","32","0","0","0","-","-","-","0","0","0","0","0","0","0","0","0","0","0","0","0","0","0","0","0","0","0","0","0","0","0","0","0","0","0","0","0","0","0","0","0","0","0","0","0","0","0","0","0","0","0","0"
"0x711772306150","      SHF.R.S32.HI R18, RZ, 0x1f, R18","1","0","1","2664","85248","85248","32","32","0","0","0","-","-","-","0","0","0","0","0","0","0","0","0","0","0","0","0","0","0","0","0","0","0","0","0","1","0","0","0","0","0","0","0","0","0","0","0","0","0","0","0","0","0","0","0","0","0","0"
"0x711772306160","      CS2R R126, SRZ","0","0","0","2664","85248","85248","32","32","0","0","0","-","-","-","0","0","0","0","0","0","0","0","0","0","0","0","0","0","0","0","0","0","0","0","0","0","0","0","0","0","0","0","0","0","0","0","0","0","0","0","0","0","0","0","0","0","0","0"
"0x711772306170","      SHF.R.S32.HI R21, RZ, 0x1f, R10","0","0","0","2664","85248","85248","32","32","0","0","0","-","-","-","0","0","0","0","0","0","0","0","0","0","0","0","0","0","0","0","0","0","0","0","0","0","0","0","0","0","0","0","0","0","0","0","0","0","0","0","0","0","0","0","0","0","0","0"
"0x711772306180","      CS2R R124, SRZ","0","0","0","2664","85248","85248","32","32","0","0","0","-","-","-","0","0","0","0","0","0","0","0","0","0","0","0","0","0","0","0","0","0","0","0","0","0","0","0","0","0","0","0","0","0","0","0","0","0","0","0","0","0","0","0","0","0","0","0"
"0x711772306190","      SHF.R.S32.HI R19, RZ, 0x1f, R8","0","0","0","2664","85248","85248","32","32","0","0","0","-","-","-","0","0","0","0","0","0","0","0","0","0","0","0","0","0","0","0","0","0","0","0","0","0","0","0","0","0","0","0","0","0","0","0","0","0","0","0","0","0","0","0","0","0","0","0"
"0x7117723061a0","      CS2R R74, SRZ","0","0","0","2664","85248","85248","32","32","0","0","0","-","-","-","0","0","0","0","0","0","0","0","0","0","0","0","0","0","0","0","0","0","0","0","0","0","0","0","0","0","0","0","0","0","0","0","0","0","0","0","0","0","0","0","0","0","0","0"
"0x7117723061b0","      SHF.R.S32.HI R20, RZ, 0x1f, R29","0","0","0","2664","85248","85248","32","32","0","0","0","-","-","-","0","0","0","0","0","0","0","0","0","0","0","0","0","0","0","0","0","0","0","0","0","0","0","0","0","0","0","0","0","0","0","0","0","0","0","0","0","0","0","0","0","0","0","0"
"0x7117723061c0","      CS2R R72, SRZ","0","0","0","2664","85248","85248","32","32","0","0","0","-","-","-","0","0","0","0","0","0","0","0","0","0","0","0","0","0","0","0","0","0","0","0","0","0","0","0","0","0","0","0","0","0","0","0","0","0","0","0","0","0","0","0","0","0","0","0"
"0x7117723061d0","      LEA.HI R17, R16, R31, RZ, 0x3","0","0","0","2664","85248","85248","32","32","0","0","0","-","-","-","0","0","0","0","0","0","0","0","0","0","0","0","0","0","0","0","0","0","0","0","0","0","0","0","0","0","0","0","0","0","0","0","0","0","0","0","0","0","0","0","0","0","0","0"
"0x7117723061e0","      IMAD.SHL.U32 R31, R31, 0x4, RZ","0","0","0","2664","85248","85248","32","32","0","0","0","-","-","-","0","0","0","0","0","0","0","0","0","0","0","0","0","0","0","0","0","0","0","0","0","0","0","0","0","0","0","0","0","0","0","0","0","0","0","0","0","0","0","0","0","0","0","0"
"0x7117723061f0","      LEA.HI R9, R9, R26, RZ, 0x2","0","0","0","2664","85248","85248","32","32","0","0","0","-","-","-","0","0","0","0","0","0","0","0","0","0","0","0","0","0","0","0","0","0","0","0","0","0","0","0","0","0","0","0","0","0","0","0","0","0","0","0","0","0","0","0","0","0","0","0"
"0x711772306200","      IMAD R20, R20, c[0x0][0x1b8], RZ","0","0","0","2664","85248","85248","32","32","0","0","0","-","-","-","0","0","0","0","0","0","0","0","0","0","0","0","0","0","0","0","0","0","0","0","0","0","0","0","0","0","0","0","0","0","0","0","0","0","0","0","0","0","0","0","0","0","0","0"
"0x711772306210","      LEA.HI R18, R18, R25, RZ, 0x2","0","0","0","2664","85248","85248","32","32","0","0","0","-","-","-","0","0","0","0","0","0","0","0","0","0","0","0","0","0","0","0","0","0","0","0","0","0","0","0","0","0","0","0","0","0","0","0","0","0","0","0","0","0","0","0","0","0","0","0"
"0x711772306220","      IMAD R14, R14, 0x100, R31","0","0","0","2664","85248","85248","32","32","0","0","0","-","-","-","0","0","0","0","0","0","0","0","0","0","0","0","0","0","0","0","0","0","0","0","0","0","0","0","0","0","0","0","0","0","0","0","0","0","0","0","0","0","0","0","0","0","0","0"
"0x711772306230","      LEA.HI R21, R21, R10, RZ, 0x2","0","0","0","2664","85248","85248","32","32","0","0","0","-","-","-","0","0","0","0","0","0","0","0","0","0","0","0","0","0","0","0","0","0","0","0","0","0","0","0","0","0","0","0","0","0","0","0","0","0","0","0","0","0","0","0","0","0","0","0"
"0x711772306240","      IMAD R13, R29, c[0x0][0x1bc], R20","0","0","0","2664","85248","85248","32","32","0","0","0","-","-","-","0","0","0","0","0","0","0","0","0","0","0","0","0","0","0","0","0","0","0","0","0","0","0","0","0","0","0","0","0","0","0","0","0","0","0","0","0","0","0","0","0","0","0","0"
"0x711772306250","      LEA.HI R19, R19, R8, RZ, 0x2","0","0","0","2664","85248","85248","32","32","0","0","0","-","-","-","0","0","0","0","0","0","0","0","0","0","0","0","0","0","0","0","0","0","0","0","0","0","0","0","0","0","0","0","0","0","0","0","0","0","0","0","0","0","0","0","0","0","0","0"
"0x711772306260","      IMAD.SHL.U32 R17, R17, 0x4, RZ","0","0","0","2664","85248","85248","32","32","0","0","0","-","-","-","0","0","0","0","0","0","0","0","0","0","0","0","0","0","0","0","0","0","0","0","0","0","0","0","0","0","0","0","0","0","0","0","0","0","0","0","0","0","0","0","0","0","0","0"
"0x711772306270","      LOP3.LUT R9, R9, 0x3ffffffc, RZ, 0xc0, !PT","0","0","0","2664","85248","85248","32","32","0","0","0","-","-","-","0","0","0","0","0","0","0","0","0","0","0","0","0","0","0","0","0","0","0","0","0","0","0","0","0","0","0","0","0","0","0","0","0","0","0","0","0","0","0","0","0","0","0","0"
"0x711772306280","      CS2R R62, SRZ","0","0","0","2664","85248","85248","32","32","0","0","0","-","-","-","0","0","0","0","0","0","0","0","0","0","0","0","0","0","0","0","0","0","0","0","0","0","0","0","0","0","0","0","0","0","0","0","0","0","0","0","0","0","0","0","0","0","0","0"
"0x711772306290","      SHF.R.S32.HI R16, RZ, 0x1f, R31","1","1","1","2664","85248","85248","32","32","0","0","0","-","-","-","0","0","0","0","0","0","0","0","0","0","0","0","0","0","0","1","0","0","0","0","0","0","0","0","0","0","0","0","0","0","0","0","0","1","0","0","0","0","0","0","0","0","0","0"
"0x7117723062a0","      CS2R R60, SRZ","0","0","0","2664","85248","85248","32","32","0","0","0","-","-","-","0","0","0","0","0","0","0","0","0","0","0","0","0","0","0","0","0","0","0","0","0","0","0","0","0","0","0","0","0","0","0","0","0","0","0","0","0","0","0","0","0","0","0","0"
"0x7117723062b0","      LOP3.LUT R18, R18, 0x3ffffffc, RZ, 0xc0, !PT","0","0","0","2664","85248","85248","32","32","0","0","0","-","-","-","0","0","0","0","0","0","0","0","0","0","0","0","0","0","0","0","0","0","0","0","0","0","0","0","0","0","0","0","0","0","0","0","0","0","0","0","0","0","0","0","0","0","0","0"
"0x7117723062c0","      IMAD.IADD R20, R26, 0x1, -R9","0","0","0","2664","85248","85248","32","32","0","0","0","-","-","-","0","0","0","0","0","0","0","0","0","0","0","0","0","0","0","0","0","0","0","0","0","0","0","0","0","0","0","0","0","0","0","0","0","0","0","0","0","0","0","0","0","0","0","0"
"0x7117723062d0","      LOP3.LUT R21, R21, 0xfffffffc, RZ, 0xc0, !PT","0","0","0","2664","85248","85248","32","32","0","0","0","-","-","-","0","0","0","0","0","0","0","0","0","0","0","0","0","0","0","0","0","0","0","0","0","0","0","0","0","0","0","0","0","0","0","0","0","0","0","0","0","0","0","0","0","0","0","0"
"0x7117723062e0","      CS2R R130, SRZ","0","0","0","2664","85248","85248","32","32","0","0","0","-","-","-","0","0","0","0","0","0","0","0","0","0","0","0","0","0","0","0","0","0","0","0","0","0","0","0","0","0","0","0","0","0","0","0","0","0","0","0","0","0","0","0","0","0","0","0"
"0x7117723062f0","      LOP3.LUT R19, R19, 0xfffffffc, RZ, 0xc0, !PT","0","0","0","2664","85248","85248","32","32","0","0","0","-","-","-","0","0","0","0","0","0","0","0","0","0","0","0","0","0","0","0","0","0","0","0","0","0","0","0","0","0","0","0","0","0","0","0","0","0","0","0","0","0","0","0","0","0","0","0"
"0x711772306300","      IMAD.IADD R18, R25, 0x1, -R18","0","0","0","2664","85248","85248","32","32","0","0","0","-","-","-","0","0","0","0","0","0","0","0","0","0","0","0","0","0","0","0","0","0","0","0","0","0","0","0","0","0","0","0","0","0","0","0","0","0","0","0","0","0","0","0","0","0","0","0"
"0x711772306310","      LEA.HI R16, R16, R31, RZ, 0x5","0","0","0","2664","85248","85248","32","32","0","0","0","-","-","-","0","0","0","0","0","0","0","0","0","0","0","0","0","0","0","0","0","0","0","0","0","0","0","0","0","0","0","0","0","0","0","0","0","0","0","0","0","0","0","0","0","0","0","0"
"0x711772306320","      IMAD.IADD R27, R10, 0x1, -R21","0","0","0","2664","85248","85248","32","32","0","0","0","-","-","-","0","0","0","0","0","0","0","0","0","0","0","0","0","0","0","0","0","0","0","0","0","0","0","0","0","0","0","0","0","0","0","0","0","0","0","0","0","0","0","0","0","0","0","0"
"0x711772306330","      SHF.R.S32.HI R15, RZ, 0x1f, R14","0","0","0","2664","85248","85248","32","32","0","0","0","-","-","-","0","0","0","0","0","0","0","0","0","0","0","0","0","0","0","0","0","0","0","0","0","0","0","0","0","0","0","0","0","0","0","0","0","0","0","0","0","0","0","0","0","0","0","0"
"0x711772306340","      IMAD.IADD R9, R8, 0x1, -R19","0","0","0","2664","85248","85248","32","32","0","0","0","-","-","-","0","0","0","0","0","0","0","0","0","0","0","0","0","0","0","0","0","0","0","0","0","0","0","0","0","0","0","0","0","0","0","0","0","0","0","0","0","0","0","0","0","0","0","0"
"0x711772306350","      LOP3.LUT R16, R16, 0xffffffe0, RZ, 0xc0, !PT","0","0","0","2664","85248","85248","32","32","0","0","0","-","-","-","0","0","0","0","0","0","0","0","0","0","0","0","0","0","0","0","0","0","0","0","0","0","0","0","0","0","0","0","0","0","0","0","0","0","0","0","0","0","0","0","0","0","0","0"
"0x711772306360","      CS2R R128, SRZ","0","0","0","2664","85248","85248","32","32","0","0","0","-","-","-","0","0","0","0","0","0","0","0","0","0","0","0","0","0","0","0","0","0","0","0","0","0","0","0","0","0","0","0","0","0","0","0","0","0","0","0","0","0","0","0","0","0","0","0"
"0x711772306370","      LOP3.LUT R20, R27, R20, RZ, 0x3c, !PT","0","0","0","2664","85248","85248","32","32","0","0","0","-","-","-","0","0","0","0","0","0","0","0","0","0","0","0","0","0","0","0","0","0","0","0","0","0","0","0","0","0","0","0","0","0","0","0","0","0","0","0","0","0","0","0","0","0","0","0"
"0x711772306380","      IMAD.WIDE.U32 R28, R29, c[0x0][0x1b8], R14","0","0","0","2664","85248","85248","32","32","0","0","0","-","-","-","0","0","0","0","0","0","0","0","0","0","0","0","0","0","0","0","0","0","0","0","0","0","0","0","0","0","0","0","0","0","0","0","0","0","0","0","0","0","0","0","0","0","0","0"
"0x711772306390","      LOP3.LUT R18, R9, R18, RZ, 0x3c, !PT","0","0","0","2664","85248","85248","32","32","0","0","0","-","-","-","0","0","0","0","0","0","0","0","0","0","0","0","0","0","0","0","0","0","0","0","0","0","0","0","0","0","0","0","0","0","0","0","0","0","0","0","0","0","0","0","0","0","0","0"
"0x7117723063a0","      CS2R R70, SRZ","0","0","0","2664","85248","85248","32","32","0","0","0","-","-","-","0","0","0","0","0","0","0","0","0","0","0","0","0","0","0","0","0","0","0","0","0","0","0","0","0","0","0","0","0","0","0","0","0","0","0","0","0","0","0","0","0","0","0","0"
"0x7117723063b0","      IADD3 R10, R14, 0x20, RZ","0","0","0","2664","85248","85248","32","32","0","0","0","-","-","-","0","0","0","0","0","0","0","0","0","0","0","0","0","0","0","0","0","0","0","0","0","0","0","0","0","0","0","0","0","0","0","0","0","0","0","0","0","0","0","0","0","0","0","0"
"0x7117723063c0","      IMAD.IADD R16, R31, 0x1, -R16","0","0","0","2664","85248","85248","32","32","0","0","0","-","-","-","0","0","0","0","0","0","0","0","0","0","0","0","0","0","0","0","0","0","0","0","0","0","0","0","0","0","0","0","0","0","0","0","0","0","0","0","0","0","0","0","0","0","0","0"
"0x7117723063d0","      IADD3 R9, R14, 0x40, RZ","0","0","0","2664","85248","85248","32","32","0","0","0","-","-","-","0","0","0","0","0","0","0","0","0","0","0","0","0","0","0","0","0","0","0","0","0","0","0","0","0","0","0","0","0","0","0","0","0","0","0","0","0","0","0","0","0","0","0","0"
"0x7117723063e0","      IMAD.IADD R21, R21, 0x1, R20","1","0","1","2664","85248","85248","32","32","0","0","0","-","-","-","0","0","0","0","0","0","0","0","0","0","0","0","0","0","0","0","0","0","0","0","0","1","0","0","0","0","0","0","0","0","0","0","0","0","0","0","0","0","0","0","0","0","0","0"
"0x7117723063f0","      IADD3 R8, R14, 0x60, RZ","0","0","0","2664","85248","85248","32","32","0","0","0","-","-","-","0","0","0","0","0","0","0","0","0","0","0","0","0","0","0","0","0","0","0","0","0","0","0","0","0","0","0","0","0","0","0","0","0","0","0","0","0","0","0","0","0","0","0","0"
"0x711772306400","      IMAD.IADD R18, R19, 0x1, R18","0","0","0","2664","85248","85248","32","32","0","0","0","-","-","-","0","0","0","0","0","0","0","0","0","0","0","0","0","0","0","0","0","0","0","0","0","0","0","0","0","0","0","0","0","0","0","0","0","0","0","0","0","0","0","0","0","0","0","0"
"0x711772306410","      ISETP.LT.AND P0, PT, R14, c[0x0][0x164], !P3","0","0","0","2664","85248","85248","32","32","0","0","0","-","-","-","0","0","0","0","0","0","0","0","0","0","0","0","0","0","0","0","0","0","0","0","0","0","0","0","0","0","0","0","0","0","0","0","0","0","0","0","0","0","0","0","0","0","0","0"
"0x711772306420","      IMAD R21, R26, 0x18, R21","0","0","0","2664","85248","85248","32","32","0","0","0","-","-","-","0","0","0","0","0","0","0","0","0","0","0","0","0","0","0","0","0","0","0","0","0","0","0","0","0","0","0","0","0","0","0","0","0","0","0","0","0","0","0","0","0","0","0","0"
"0x711772306430","      ISETP.LT.AND P1, PT, R10, c[0x0][0x164], !P3","0","0","0","2664","85248","85248","32","32","0","0","0","-","-","-","0","0","0","0","0","0","0","0","0","0","0","0","0","0","0","0","0","0","0","0","0","0","0","0","0","0","0","0","0","0","0","0","0","0","0","0","0","0","0","0","0","0","0","0"
"0x711772306440","      IMAD R18, R25, 0x18, R18","0","0","0","2664","85248","85248","32","32","0","0","0","-","-","-","0","0","0","0","0","0","0","0","0","0","0","0","0","0","0","0","0","0","0","0","0","0","0","0","0","0","0","0","0","0","0","0","0","0","0","0","0","0","0","0","0","0","0","0"
"0x711772306450","      SHF.R.S32.HI R15, RZ, 0x1f, R16","0","0","0","2664","85248","85248","32","32","0","0","0","-","-","-","0","0","0","0","0","0","0","0","0","0","0","0","0","0","0","0","0","0","0","0","0","0","0","0","0","0","0","0","0","0","0","0","0","0","0","0","0","0","0","0","0","0","0","0"
"0x711772306460","      IMAD.SHL.U32 R21, R21, 0x4, RZ","0","0","0","2664","85248","85248","32","32","0","0","0","-","-","-","0","0","0","0","0","0","0","0","0","0","0","0","0","0","0","0","0","0","0","0","0","0","0","0","0","0","0","0","0","0","0","0","0","0","0","0","0","0","0","0","0","0","0","0"
"0x711772306470","      ISETP.LT.AND P2, PT, R9, c[0x0][0x164], !P3","0","0","0","2664","85248","85248","32","32","0","0","0","-","-","-","0","0","0","0","0","0","0","0","0","0","0","0","0","0","0","0","0","0","0","0","0","0","0","0","0","0","0","0","0","0","0","0","0","0","0","0","0","0","0","0","0","0","0","0"
"0x711772306480","      IMAD.SHL.U32 R18, R18, 0x4, RZ","0","0","0","2664","85248","85248","32","32","0","0","0","-","-","-","0","0","0","0","0","0","0","0","0","0","0","0","0","0","0","0","0","0","0","0","0","0","0","0","0","0","0","0","0","0","0","0","0","0","0","0","0","0","0","0","0","0","0","0"
"0x711772306490","      ISETP.LT.AND P3, PT, R8, c[0x0][0x164], !P3","0","0","0","2664","85248","85248","32","32","0","0","0","-","-","-","0","0","0","0","0","0","0","0","0","0","0","0","0","0","0","0","0","0","0","0","0","0","0","0","0","0","0","0","0","0","0","0","0","0","0","0","0","0","0","0","0","0","0","0"
"0x7117723064a0","      IMAD.SHL.U32 R19, R23, 0x2, RZ","0","0","0","2664","85248","85248","32","32","0","0","0","-","-","-","0","0","0","0","0","0","0","0","0","0","0","0","0","0","0","0","0","0","0","0","0","0","0","0","0","0","0","0","0","0","0","0","0","0","0","0","0","0","0","0","0","0","0","0"
"0x7117723064b0","      SEL R22, R22, RZ, P4","0","0","0","2664","85248","85248","32","32","0","0","0","-","-","-","0","0","0","0","0","0","0","0","0","0","0","0","0","0","0","0","0","0","0","0","0","0","0","0","0","0","0","0","0","0","0","0","0","0","0","0","0","0","0","0","0","0","0","0"
"0x7117723064c0","      IMAD.SHL.U32 R21, R21, 0x4, RZ","0","0","0","2664","85248","85248","32","32","0","0","0","-","-","-","0","0","0","0","0","0","0","0","0","0","0","0","0","0","0","0","0","0","0","0","0","0","0","0","0","0","0","0","0","0","0","0","0","0","0","0","0","0","0","0","0","0","0","0"
"0x7117723064d0","      LEA.HI R15, R15, R16, RZ, 0x2","0","0","0","2664","85248","85248","32","32","0","0","0","-","-","-","0","0","0","0","0","0","0","0","0","0","0","0","0","0","0","0","0","0","0","0","0","0","0","0","0","0","0","0","0","0","0","0","0","0","0","0","0","0","0","0","0","0","0","0"
"0x7117723064e0","      IMAD.SHL.U32 R18, R18, 0x4, RZ","0","0","0","2664","85248","85248","32","32","0","0","0","-","-","-","0","0","0","0","0","0","0","0","0","0","0","0","0","0","0","0","0","0","0","0","0","0","0","0","0","0","0","0","0","0","0","0","0","0","0","0","0","0","0","0","0","0","0","0"
"0x7117723064f0","      P2R R16, PR, RZ, 0xf","0","0","0","2664","85248","85248","32","32","0","0","0","-","-","-","0","0","0","0","0","0","0","0","0","0","0","0","0","0","0","0","0","0","0","0","0","0","0","0","0","0","0","0","0","0","0","0","0","0","0","0","0","0","0","0","0","0","0","0"
"0x711772306500","@!P5  IMAD.MOV.U32 R16, RZ, RZ, RZ","0","0","0","2664","85248","0","32","0","32","32","0","-","-","-","0","0","0","0","0","0","0","0","0","0","0","0","0","0","0","0","0","0","0","0","0","0","0","0","0","0","0","0","0","0","0","0","0","0","0","0","0","0","0","0","0","0","0","0"
"0x711772306510","      R2P PR, R22, 0x3","0","0","0","2664","85248","85248","32","32","32","0","0","-","-","-","0","0","0","0","0","0","0","0","0","0","0","0","0","0","0","0","0","0","0","0","0","0","0","0","0","0","0","0","0","0","0","0","0","0","0","0","0","0","0","0","0","0","0","0"
"0x711772306520","      IMAD.IADD R13, R29, 0x1, R13","0","0","0","2664","85248","85248","32","32","0","0","0","-","-","-","0","0","0","0","0","0","0","0","0","0","0","0","0","0","0","0","0","0","0","0","0","0","0","0","0","0","0","0","0","0","0","0","0","0","0","0","0","0","0","0","0","0","0","0"
"0x711772306530","      SHF.R.U32.HI R20, RZ, 0x2, R15","0","0","0","2664","85248","85248","32","32","0","0","0","-","-","-","0","0","0","0","0","0","0","0","0","0","0","0","0","0","0","0","0","0","0","0","0","0","0","0","0","0","0","0","0","0","0","0","0","0","0","0","0","0","0","0","0","0","0","0"
"0x711772306540","      CS2R R30, SRZ","0","0","0","2664","85248","85248","32","32","0","0","0","-","-","-","0","0","0","0","0","0","0","0","0","0","0","0","0","0","0","0","0","0","0","0","0","0","0","0","0","0","0","0","0","0","0","0","0","0","0","0","0","0","0","0","0","0","0","0"
"0x711772306550","      LOP3.LUT R200, R21, 0xfffffff0, RZ, 0xc0, !PT","0","0","0","2664","85248","85248","32","32","0","0","0","-","-","-","0","0","0","0","0","0","0","0","0","0","0","0","0","0","0","0","0","0","0","0","0","0","0","0","0","0","0","0","0","0","0","0","0","0","0","0","0","0","0","0","0","0","0","0"
"0x711772306560","      CS2R R26, SRZ","0","0","0","2664","85248","85248","32","32","0","0","0","-","-","-","0","0","0","0","0","0","0","0","0","0","0","0","0","0","0","0","0","0","0","0","0","0","0","0","0","0","0","0","0","0","0","0","0","0","0","0","0","0","0","0","0","0","0","0"
"0x711772306570","      LOP3.LUT R19, R19, R20, RZ, 0x3c, !PT","0","0","0","2664","85248","85248","32","32","0","0","0","-","-","-","0","0","0","0","0","0","0","0","0","0","0","0","0","0","0","0","0","0","0","0","0","0","0","0","0","0","0","0","0","0","0","0","0","0","0","0","0","0","0","0","0","0","0","0"
"0x711772306580","      CS2R R68, SRZ","0","0","0","2664","85248","85248","32","32","0","0","0","-","-","-","0","0","0","0","0","0","0","0","0","0","0","0","0","0","0","0","0","0","0","0","0","0","0","0","0","0","0","0","0","0","0","0","0","0","0","0","0","0","0","0","0","0","0","0"
"0x711772306590","      LOP3.LUT R199, R18, 0xfffffff0, RZ, 0xc0, !PT","0","0","0","2664","85248","85248","32","32","0","0","0","-","-","-","0","0","0","0","0","0","0","0","0","0","0","0","0","0","0","0","0","0","0","0","0","0","0","0","0","0","0","0","0","0","0","0","0","0","0","0","0","0","0","0","0","0","0","0"
"0x7117723065a0","      CS2R R66, SRZ","0","0","0","2664","85248","85248","32","32","0","0","0","-","-","-","0","0","0","0","0","0","0","0","0","0","0","0","0","0","0","0","0","0","0","0","0","0","0","0","0","0","0","0","0","0","0","0","0","0","0","0","0","0","0","0","0","0","0","0"
"0x7117723065b0","      LOP3.LUT R20, R17, 0x3fffffe0, RZ, 0xc0, !PT","0","0","0","2664","85248","85248","32","32","0","0","0","-","-","-","0","0","0","0","0","0","0","0","0","0","0","0","0","0","0","0","0","0","0","0","0","0","0","0","0","0","0","0","0","0","0","0","0","0","0","0","0","0","0","0","0","0","0","0"
"0x7117723065c0","      CS2R R64, SRZ","0","0","0","2664","85248","85248","32","32","0","0","0","-","-","-","0","0","0","0","0","0","0","0","0","0","0","0","0","0","0","0","0","0","0","0","0","0","0","0","0","0","0","0","0","0","0","0","0","0","0","0","0","0","0","0","0","0","0","0"
"0x7117723065d0","      LOP3.LUT R24, R24, 0xfffff00, RZ, 0xc0, !PT","0","0","0","2664","85248","85248","32","32","0","0","0","-","-","-","0","0","0","0","0","0","0","0","0","0","0","0","0","0","0","0","0","0","0","0","0","0","0","0","0","0","0","0","0","0","0","0","0","0","0","0","0","0","0","0","0","0","0","0"
"0x7117723065e0","      LDGSTS.E.BYPASS.LTC128B.128 P0, [R200], [R6.64]","0","0","0","2664","85248","85248","32","32","0","0","0","Global,Shared","Load,Store","128","20808","7","10400","21056","10656","0","41440","41440","0","0","0","0","0","0","0","0","0","0","0","0","0","0","0","0","0","0","0","0","0","0","0","0","0","0","0","0","0","0","0","0","0","0","0","0"
"0x7117723065f0","      LOP3.LUT R183, R0, 0x1f, RZ, 0xc0, !PT","0","0","0","2664","85248","85248","32","32","0","0","0","-","-","-","0","0","0","0","0","0","0","0","0","0","0","0","0","0","0","0","0","0","0","0","0","0","0","0","0","0","0","0","0","0","0","0","0","0","0","0","0","0","0","0","0","0","0","0"
"0x711772306600","      IMAD R20, R23, 0x100, R20","0","0","0","2664","85248","85248","32","32","0","0","0","-","-","-","0","0","0","0","0","0","0","0","0","0","0","0","0","0","0","0","0","0","0","0","0","0","0","0","0","0","0","0","0","0","0","0","0","0","0","0","0","0","0","0","0","0","0","0"
"0x711772306610","      LOP3.LUT R212, R212, 0x300, RZ, 0xc0, !PT","0","0","0","2664","85248","85248","32","32","0","0","0","-","-","-","0","0","0","0","0","0","0","0","0","0","0","0","0","0","0","0","0","0","0","0","0","0","0","0","0","0","0","0","0","0","0","0","0","0","0","0","0","0","0","0","0","0","0","0"
"0x711772306620","      LDGSTS.E.BYPASS.LTC128B.128 P1, [R199], [R6.64+UR4]","0","0","0","2664","85248","85248","32","32","0","0","0","Global,Shared","Load,Store","128","20781","7","10404","21087","10683","0","41562","41562","0","0","0","0","0","0","0","0","0","0","0","0","0","0","0","0","0","0","0","0","0","0","0","0","0","0","0","0","0","0","0","0","0","0","0","0"
"0x711772306630","      IMAD.IADD R19, R24, 0x1, R19","0","0","0","2664","85248","85248","32","32","0","0","0","-","-","-","0","0","0","0","0","0","0","0","0","0","0","0","0","0","0","0","0","0","0","0","0","0","0","0","0","0","0","0","0","0","0","0","0","0","0","0","0","0","0","0","0","0","0","0"
"0x711772306640","      R2P PR, R16, 0xf","1","0","1","2664","85248","85248","32","32","0","0","0","-","-","-","0","0","0","0","0","0","0","0","0","0","0","0","0","0","0","0","0","0","0","0","0","1","0","0","0","0","0","0","0","0","0","0","0","0","0","0","0","0","0","0","0","0","0","0"
"0x711772306650","      CS2R R24, SRZ","0","0","0","2664","85248","85248","32","32","0","0","0","-","-","-","0","0","0","0","0","0","0","0","0","0","0","0","0","0","0","0","0","0","0","0","0","0","0","0","0","0","0","0","0","0","0","0","0","0","0","0","0","0","0","0","0","0","0","0"
"0x711772306660","      LEA R2, P4, R28, R2, 0x2","0","0","0","2664","85248","85248","32","32","0","0","0","-","-","-","0","0","0","0","0","0","0","0","0","0","0","0","0","0","0","0","0","0","0","0","0","0","0","0","0","0","0","0","0","0","0","0","0","0","0","0","0","0","0","0","0","0","0","0"
"0x711772306670","      IMAD R19, R19, 0x4, R20","0","0","0","2664","85248","85248","32","32","0","0","0","-","-","-","0","0","0","0","0","0","0","0","0","0","0","0","0","0","0","0","0","0","0","0","0","0","0","0","0","0","0","0","0","0","0","0","0","0","0","0","0","0","0","0","0","0","0","0"
"0x711772306680","      ISETP.LT.AND P5, PT, R14, c[0x0][0x164], PT","0","0","0","2664","85248","85248","32","32","0","0","0","-","-","-","0","0","0","0","0","0","0","0","0","0","0","0","0","0","0","0","0","0","0","0","0","0","0","0","0","0","0","0","0","0","0","0","0","0","0","0","0","0","0","0","0","0","0","0"
"0x711772306690","      IMAD.MOV.U32 R14, RZ, RZ, c[0x0][0x1a8]","0","0","0","2664","85248","85248","32","32","0","0","0","-","-","-","0","0","0","0","0","0","0","0","0","0","0","0","0","0","0","0","0","0","0","0","0","0","0","0","0","0","0","0","0","0","0","0","0","0","0","0","0","0","0","0","0","0","0","0"
"0x7117723066a0","      LEA.HI.X R3, R28, R3, R13, 0x2, P4","0","0","0","2664","85248","85248","32","32","0","0","0","-","-","-","0","0","0","0","0","0","0","0","0","0","0","0","0","0","0","0","0","0","0","0","0","0","0","0","0","0","0","0","0","0","0","0","0","0","0","0","0","0","0","0","0","0","0","0"
"0x7117723066b0","      IMAD.SHL.U32 R198, R19, 0x4, RZ","0","0","0","2664","85248","85248","32","32","0","0","0","-","-","-","0","0","0","0","0","0","0","0","0","0","0","0","0","0","0","0","0","0","0","0","0","0","0","0","0","0","0","0","0","0","0","0","0","0","0","0","0","0","0","0","0","0","0","0"
"0x7117723066c0","      ISETP.LT.AND P4, PT, R10, c[0x0][0x164], PT","0","0","0","2664","85248","85248","32","32","0","0","0","-","-","-","0","0","0","0","0","0","0","0","0","0","0","0","0","0","0","0","0","0","0","0","0","0","0","0","0","0","0","0","0","0","0","0","0","0","0","0","0","0","0","0","0","0","0","0"
"0x7117723066d0","      IMAD.MOV.U32 R13, RZ, RZ, c[0x0][0x1ac]","0","0","0","2664","85248","85248","32","32","0","0","0","-","-","-","0","0","0","0","0","0","0","0","0","0","0","0","0","0","0","0","0","0","0","0","0","0","0","0","0","0","0","0","0","0","0","0","0","0","0","0","0","0","0","0","0","0","0","0"
"0x7117723066e0","      SHF.R.U32.HI R10, RZ, 0x5, R0","0","0","0","2664","85248","85248","32","32","0","0","0","-","-","-","0","0","0","0","0","0","0","0","0","0","0","0","0","0","0","0","0","0","0","0","0","0","0","0","0","0","0","0","0","0","0","0","0","0","0","0","0","0","0","0","0","0","0","0"
"0x7117723066f0","      CS2R R28, SRZ","0","0","0","2664","85248","85248","32","32","0","0","0","-","-","-","0","0","0","0","0","0","0","0","0","0","0","0","0","0","0","0","0","0","0","0","0","0","0","0","0","0","0","0","0","0","0","0","0","0","0","0","0","0","0","0","0","0","0","0"
"0x711772306700","      CS2R R22, SRZ","0","0","0","2664","85248","85248","32","32","0","0","0","-","-","-","0","0","0","0","0","0","0","0","0","0","0","0","0","0","0","0","0","0","0","0","0","0","0","0","0","0","0","0","0","0","0","0","0","0","0","0","0","0","0","0","0","0","0","0"
"0x711772306710","      LDGSTS.E.BYPASS.LTC128B.128 P0, [R198+0x6000], [R2.64]","0","0","0","2664","85248","85248","32","32","0","0","0","Global,Shared","Load,Store","128","10656","4","0","10656","10656","0","42592","42592","0","0","0","0","0","0","0","0","0","0","0","0","0","0","0","0","0","0","0","0","0","0","0","0","0","0","0","0","0","0","0","0","0","0","0","0"
"0x711772306720","      IADD3 R14, P0, R14, -c[0x0][0x1b0], RZ","0","0","0","2664","85248","85248","32","32","0","0","0","-","-","-","0","0","0","0","0","0","0","0","0","0","0","0","0","0","0","0","0","0","0","0","0","0","0","0","0","0","0","0","0","0","0","0","0","0","0","0","0","0","0","0","0","0","0","0"
"0x711772306730","      CS2R R20, SRZ","0","0","0","2664","85248","85248","32","32","0","0","0","-","-","-","0","0","0","0","0","0","0","0","0","0","0","0","0","0","0","0","0","0","0","0","0","0","0","0","0","0","0","0","0","0","0","0","0","0","0","0","0","0","0","0","0","0","0","0"
"0x711772306740","      CS2R R18, SRZ","0","0","0","2664","85248","85248","32","32","0","0","0","-","-","-","0","0","0","0","0","0","0","0","0","0","0","0","0","0","0","0","0","0","0","0","0","0","0","0","0","0","0","0","0","0","0","0","0","0","0","0","0","0","0","0","0","0","0","0"
"0x711772306750","      LDGSTS.E.BYPASS.LTC128B.128 P2, [R198+0x6100], [R2.64+0x100]","0","0","0","2664","85248","85248","32","32","0","0","0","Global,Shared","Load,Store","128","10656","4","0","10656","10656","0","42624","42624","0","0","0","0","0","0","0","0","0","0","0","0","0","0","0","0","0","0","0","0","0","0","0","0","0","0","0","0","0","0","0","0","0","0","0","0"
"0x711772306760","      ISETP.GE.AND P2, PT, R12, c[0x0][0x160], PT","0","0","0","2664","85248","85248","32","32","0","0","0","-","-","-","0","0","0","0","0","0","0","0","0","0","0","0","0","0","0","0","0","0","0","0","0","0","0","0","0","0","0","0","0","0","0","0","0","0","0","0","0","0","0","0","0","0","0","0"
"0x711772306770","      IADD3.X R13, R13, ~c[0x0][0x1b4], RZ, P0, !PT","9","2","9","2664","85248","85248","32","32","0","0","0","-","-","-","0","0","0","0","0","0","0","0","0","0","0","0","0","0","0","2","0","0","0","0","7","0","0","0","0","0","0","0","0","0","0","0","0","2","0","0","0","0","0","0","0","0","0","0"
"0x711772306780","      LDGSTS.E.BYPASS.LTC128B.128 P1, [R198+0x6080], [R2.64+0x80]","2","2","2","2664","85248","85248","32","32","0","0","0","Global,Shared","Load,Store","128","10656","4","0","10656","10656","0","42624","42624","0","0","0","0","0","0","0","0","0","2","0","0","0","0","0","0","0","0","0","0","0","0","0","0","0","0","0","2","0","0","0","0","0","0","0","0"
"0x711772306790","      IADD3 R12, P6, R14, c[0x0][0x1a0], RZ","0","0","0","2664","85248","85248","32","32","0","0","0","-","-","-","0","0","0","0","0","0","0","0","0","0","0","0","0","0","0","0","0","0","0","0","0","0","0","0","0","0","0","0","0","0","0","0","0","0","0","0","0","0","0","0","0","0","0","0"
"0x7117723067a0","      IMAD.WIDE.U32 R14, R5, c[0x0][0x1b8], RZ","0","0","0","2664","85248","85248","32","32","0","0","0","-","-","-","0","0","0","0","0","0","0","0","0","0","0","0","0","0","0","0","0","0","0","0","0","0","0","0","0","0","0","0","0","0","0","0","0","0","0","0","0","0","0","0","0","0","0","0"
"0x7117723067b0","      ISETP.GE.AND P1, PT, R11, c[0x0][0x160], PT","0","0","0","2664","85248","85248","32","32","0","0","0","-","-","-","0","0","0","0","0","0","0","0","0","0","0","0","0","0","0","0","0","0","0","0","0","0","0","0","0","0","0","0","0","0","0","0","0","0","0","0","0","0","0","0","0","0","0","0"
"0x7117723067c0","      LDGSTS.E.BYPASS.LTC128B.128 P3, [R198+0x6180], [R2.64+0x180]","3","3","3","2664","85248","85248","32","32","0","0","0","Global,Shared","Load,Store","128","10656","4","0","10656","10656","0","42624","42624","0","0","0","0","0","3","0","0","0","0","0","0","0","0","0","0","0","0","0","0","0","0","0","3","0","0","0","0","0","0","0","0","0","0","0","0"
"0x7117723067d0","      PLOP3.LUT P0, PT, P2, PT, PT, 0x8, 0x0","0","0","0","2664","85248","85248","32","32","0","0","0","-","-","-","0","0","0","0","0","0","0","0","0","0","0","0","0","0","0","0","0","0","0","0","0","0","0","0","0","0","0","0","0","0","0","0","0","0","0","0","0","0","0","0","0","0","0","0"
"0x7117723067e0","      IADD3.X R13, R13, c[0x0][0x1a4], RZ, P6, !PT","1","0","1","2664","85248","85248","32","32","0","0","0","-","-","-","0","0","0","0","0","0","0","0","0","0","0","0","0","0","0","0","0","0","0","0","0","1","0","0","0","0","0","0","0","0","0","0","0","0","0","0","0","0","0","0","0","0","0","0"
"0x7117723067f0","      SHFL.IDX PT, R10, R10, RZ, 0x1f","5","5","5","2664","85248","85248","32","32","0","0","0","-","-","-","0","0","0","0","0","0","0","0","0","0","0","0","0","0","0","0","0","5","0","0","0","0","0","0","0","0","0","0","0","0","0","0","0","0","0","5","0","0","0","0","0","0","0","0"
"0x711772306800","      R2P PR, RZ, 0xc","0","0","0","2664","85248","85248","32","32","0","0","0","-","-","-","0","0","0","0","0","0","0","0","0","0","0","0","0","0","0","0","0","0","0","0","0","0","0","0","0","0","0","0","0","0","0","0","0","0","0","0","0","0","0","0","0","0","0","0"
"0x711772306810","      PLOP3.LUT P1, PT, P1, PT, PT, 0x8, 0x0","0","0","0","2664","85248","85248","32","32","0","0","0","-","-","-","0","0","0","0","0","0","0","0","0","0","0","0","0","0","0","0","0","0","0","0","0","0","0","0","0","0","0","0","0","0","0","0","0","0","0","0","0","0","0","0","0","0","0","0"
"0x711772306820","      IMAD.WIDE R12, R5, 0x4, R12","0","0","0","2664","85248","85248","32","32","0","0","0","-","-","-","0","0","0","0","0","0","0","0","0","0","0","0","0","0","0","0","0","0","0","0","0","0","0","0","0","0","0","0","0","0","0","0","0","0","0","0","0","0","0","0","0","0","0","0"
"0x711772306830","      ISETP.LT.AND P6, PT, R9, c[0x0][0x164], PT","0","0","0","2664","85248","85248","32","32","0","0","0","-","-","-","0","0","0","0","0","0","0","0","0","0","0","0","0","0","0","0","0","0","0","0","0","0","0","0","0","0","0","0","0","0","0","0","0","0","0","0","0","0","0","0","0","0","0","0"
"0x711772306840","      LDGDEPBAR","8","7","8","2664","85248","85248","32","32","0","0","0","-","-","-","0","0","0","0","0","0","0","0","0","0","0","0","0","0","0","0","0","8","0","0","0","0","0","0","0","0","0","0","0","0","0","0","0","0","0","7","0","0","0","0","0","0","0","0"
"0x711772306850","      LOP3.LUT R9, R4, 0xfffffff0, RZ, 0xc0, !PT","0","0","0","2664","85248","85248","32","32","0","0","0","-","-","-","0","0","0","0","0","0","0","0","0","0","0","0","0","0","0","0","0","0","0","0","0","0","0","0","0","0","0","0","0","0","0","0","0","0","0","0","0","0","0","0","0","0","0","0"
"0x711772306860","      P2R R207, PR, RZ, 0xf","0","0","0","2664","85248","85248","32","32","0","0","0","-","-","-","0","0","0","0","0","0","0","0","0","0","0","0","0","0","0","0","0","0","0","0","0","0","0","0","0","0","0","0","0","0","0","0","0","0","0","0","0","0","0","0","0","0","0","0"
"0x711772306870","      PLOP3.LUT P0, PT, P5, PT, PT, 0x80, 0x0","1","1","1","2664","85248","85248","32","32","0","0","0","-","-","-","0","0","0","0","0","0","0","0","0","0","0","0","0","0","0","0","0","0","0","0","0","0","0","0","0","1","0","0","0","0","0","0","0","0","0","0","0","0","0","0","0","0","0","1"
"0x711772306880","      ISETP.NE.AND P5, PT, R9, 0x10, PT","0","0","0","2664","85248","85248","32","32","0","0","0","-","-","-","0","0","0","0","0","0","0","0","0","0","0","0","0","0","0","0","0","0","0","0","0","0","0","0","0","0","0","0","0","0","0","0","0","0","0","0","0","0","0","0","0","0","0","0"
"0x711772306890","      ISETP.LT.AND P3, PT, R8, c[0x0][0x164], PT","0","0","0","2664","85248","85248","32","32","0","0","0","-","-","-","0","0","0","0","0","0","0","0","0","0","0","0","0","0","0","0","0","0","0","0","0","0","0","0","0","0","0","0","0","0","0","0","0","0","0","0","0","0","0","0","0","0","0","0"
"0x7117723068a0","      PLOP3.LUT P1, PT, P4, PT, PT, 0x80, 0x0","0","0","0","2664","85248","85248","32","32","0","0","0","-","-","-","0","0","0","0","0","0","0","0","0","0","0","0","0","0","0","0","0","0","0","0","0","0","0","0","0","0","0","0","0","0","0","0","0","0","0","0","0","0","0","0","0","0","0","0"
"0x7117723068b0","      PLOP3.LUT P2, PT, P6, PT, PT, 0x80, 0x0","1","1","1","2664","85248","85248","32","32","0","0","0","-","-","-","0","0","0","0","0","0","0","0","0","0","0","0","0","0","0","0","0","0","0","0","0","0","0","0","0","1","0","0","0","0","0","0","0","0","0","0","0","0","0","0","0","0","0","1"
"0x7117723068c0","      SEL R207, R207, RZ, P5","0","0","0","2664","85248","85248","32","32","0","0","0","-","-","-","0","0","0","0","0","0","0","0","0","0","0","0","0","0","0","0","0","0","0","0","0","0","0","0","0","0","0","0","0","0","0","0","0","0","0","0","0","0","0","0","0","0","0","0"
"0x7117723068d0","      P2R R197, PR, RZ, 0xf","0","0","0","2664","85248","85248","32","32","0","0","0","-","-","-","0","0","0","0","0","0","0","0","0","0","0","0","0","0","0","0","0","0","0","0","0","0","0","0","0","0","0","0","0","0","0","0","0","0","0","0","0","0","0","0","0","0","0","0"
"0x7117723068e0","      R2UR UR4, R10","18","13","18","2664","85248","85248","32","32","0","0","0","-","-","-","0","0","0","0","0","0","0","0","0","0","0","0","0","0","0","0","0","0","0","0","1","0","17","0","0","0","0","0","0","0","0","0","0","0","0","0","0","0","0","0","13","0","0","0"
"0x7117723068f0","      R2P PR, R207, 0x3","0","0","0","2664","85248","85248","32","32","0","0","0","-","-","-","0","0","0","0","0","0","0","0","0","0","0","0","0","0","0","0","0","0","0","0","0","0","0","0","0","0","0","0","0","0","0","0","0","0","0","0","0","0","0","0","0","0","0","0"
"0x711772306900","      LOP3.LUT R8, R0, 0x6, RZ, 0xc0, !PT","1","0","1","2664","85248","85248","32","32","0","0","0","-","-","-","0","0","0","0","0","0","0","0","0","0","0","0","0","0","0","0","0","0","0","0","0","1","0","0","0","0","0","0","0","0","0","0","0","0","0","0","0","0","0","0","0","0","0","0"
"0x711772306910","      IADD3 R16, P2, R12, R6, RZ","0","0","0","2664","85248","85248","32","32","0","0","0","-","-","-","0","0","0","0","0","0","0","0","0","0","0","0","0","0","0","0","0","0","0","0","0","0","0","0","0","0","0","0","0","0","0","0","0","0","0","0","0","0","0","0","0","0","0","0"
"0x711772306920","      ISETP.NE.AND P3, PT, R9, 0x10, PT","0","0","0","2664","85248","85248","32","32","0","0","0","-","-","-","0","0","0","0","0","0","0","0","0","0","0","0","0","0","0","0","0","0","0","0","0","0","0","0","0","0","0","0","0","0","0","0","0","0","0","0","0","0","0","0","0","0","0","0"
"0x711772306930","      SHF.R.U32.HI R6, RZ, 0x1, R8","0","0","0","2664","85248","85248","32","32","0","0","0","-","-","-","0","0","0","0","0","0","0","0","0","0","0","0","0","0","0","0","0","0","0","0","0","0","0","0","0","0","0","0","0","0","0","0","0","0","0","0","0","0","0","0","0","0","0","0"
"0x711772306940","      IMAD.X R17, R13, 0x1, R7, P2","0","0","0","2664","85248","85248","32","32","0","0","0","-","-","-","0","0","0","0","0","0","0","0","0","0","0","0","0","0","0","0","0","0","0","0","0","0","0","0","0","0","0","0","0","0","0","0","0","0","0","0","0","0","0","0","0","0","0","0"
"0x711772306950","      SHF.R.S32.HI R8, RZ, 0x1f, R5","0","0","0","2664","85248","85248","32","32","0","0","0","-","-","-","0","0","0","0","0","0","0","0","0","0","0","0","0","0","0","0","0","0","0","0","0","0","0","0","0","0","0","0","0","0","0","0","0","0","0","0","0","0","0","0","0","0","0","0"
"0x711772306960","      IMAD.MOV.U32 R13, RZ, RZ, c[0x0][0x1c8]","2","1","2","2664","85248","85248","32","32","0","0","0","-","-","-","0","0","0","0","0","0","0","0","0","0","0","0","1","0","0","0","0","0","0","0","0","1","0","0","0","0","0","0","0","0","1","0","0","0","0","0","0","0","0","0","0","0","0","0"
"0x711772306970","      SHF.R.U32.HI R11, RZ, 0x4, R183","0","0","0","2664","85248","85248","32","32","0","0","0","-","-","-","0","0","0","0","0","0","0","0","0","0","0","0","0","0","0","0","0","0","0","0","0","0","0","0","0","0","0","0","0","0","0","0","0","0","0","0","0","0","0","0","0","0","0","0"
"0x711772306980","      LDGSTS.E.BYPASS.LTC128B.128 P0, [R200+0x80], [R16.64]","0","0","0","2664","85248","85248","32","32","0","0","0","Global,Shared","Load,Store","128","20808","7","10396","21052","10656","0","41440","41440","0","0","0","0","0","0","0","0","0","0","0","0","0","0","0","0","0","0","0","0","0","0","0","0","0","0","0","0","0","0","0","0","0","0","0","0"
"0x711772306990","      IMAD R8, R8, c[0x0][0x1b8], RZ","0","0","0","2664","85248","85248","32","32","0","0","0","-","-","-","0","0","0","0","0","0","0","0","0","0","0","0","0","0","0","0","0","0","0","0","0","0","0","0","0","0","0","0","0","0","0","0","0","0","0","0","0","0","0","0","0","0","0","0"
"0x7117723069a0","      LOP3.LUT R9, R11, R6, RZ, 0x3c, !PT","1","0","1","2664","85248","85248","32","32","0","0","0","-","-","-","0","0","0","0","0","0","0","0","0","0","0","0","0","0","0","0","0","0","0","0","0","1","0","0","0","0","0","0","0","0","0","0","0","0","0","0","0","0","0","0","0","0","0","0"
"0x7117723069b0","      IMAD.MOV.U32 R11, RZ, RZ, c[0x0][0x1cc]","0","0","0","2664","85248","85248","32","32","0","0","0","-","-","-","0","0","0","0","0","0","0","0","0","0","0","0","0","0","0","0","0","0","0","0","0","0","0","0","0","0","0","0","0","0","0","0","0","0","0","0","0","0","0","0","0","0","0","0"
"0x7117723069c0","      IADD3 R6, P2, R16, c[0x0][0x1a0], RZ","0","0","0","2664","85248","85248","32","32","0","0","0","-","-","-","0","0","0","0","0","0","0","0","0","0","0","0","0","0","0","0","0","0","0","0","0","0","0","0","0","0","0","0","0","0","0","0","0","0","0","0","0","0","0","0","0","0","0","0"
"0x7117723069d0","      IMAD R8, R5, c[0x0][0x1bc], R8","0","0","0","2664","85248","85248","32","32","0","0","0","-","-","-","0","0","0","0","0","0","0","0","0","0","0","0","0","0","0","0","0","0","0","0","0","0","0","0","0","0","0","0","0","0","0","0","0","0","0","0","0","0","0","0","0","0","0","0"
"0x7117723069e0","      IADD3 R13, P0, R13, -c[0x0][0x1d0], RZ","0","0","0","2664","85248","85248","32","32","0","0","0","-","-","-","0","0","0","0","0","0","0","0","0","0","0","0","0","0","0","0","0","0","0","0","0","0","0","0","0","0","0","0","0","0","0","0","0","0","0","0","0","0","0","0","0","0","0","0"
"0x7117723069f0","@!P3  IMAD.MOV.U32 R197, RZ, RZ, RZ","0","0","0","2664","85248","0","32","0","32","32","0","-","-","-","0","0","0","0","0","0","0","0","0","0","0","0","0","0","0","0","0","0","0","0","0","0","0","0","0","0","0","0","0","0","0","0","0","0","0","0","0","0","0","0","0","0","0","0"
"0x711772306a00","      IADD3.X R7, R17, c[0x0][0x1a4], RZ, P2, !PT","0","0","0","2664","85248","85248","32","32","32","0","0","-","-","-","0","0","0","0","0","0","0","0","0","0","0","0","0","0","0","0","0","0","0","0","0","0","0","0","0","0","0","0","0","0","0","0","0","0","0","0","0","0","0","0","0","0","0","0"
"0x711772306a10","      IMAD.IADD R8, R15, 0x1, R8","0","0","0","2664","85248","85248","32","32","0","0","0","-","-","-","0","0","0","0","0","0","0","0","0","0","0","0","0","0","0","0","0","0","0","0","0","0","0","0","0","0","0","0","0","0","0","0","0","0","0","0","0","0","0","0","0","0","0","0"
"0x711772306a20","      LEA R13, P4, R14, R13, 0x2","0","0","0","2664","85248","85248","32","32","0","0","0","-","-","-","0","0","0","0","0","0","0","0","0","0","0","0","0","0","0","0","0","0","0","0","0","0","0","0","0","0","0","0","0","0","0","0","0","0","0","0","0","0","0","0","0","0","0","0"
"0x711772306a30","      IMAD.SHL.U32 R10, R0, 0x4, RZ","0","0","0","2664","85248","85248","32","32","0","0","0","-","-","-","0","0","0","0","0","0","0","0","0","0","0","0","0","0","0","0","0","0","0","0","0","0","0","0","0","0","0","0","0","0","0","0","0","0","0","0","0","0","0","0","0","0","0","0"
"0x711772306a40","      IADD3.X R11, R11, ~c[0x0][0x1d4], RZ, P0, !PT","0","0","0","2664","85248","85248","32","32","0","0","0","-","-","-","0","0","0","0","0","0","0","0","0","0","0","0","0","0","0","0","0","0","0","0","0","0","0","0","0","0","0","0","0","0","0","0","0","0","0","0","0","0","0","0","0","0","0","0"
"0x711772306a50","      LDGSTS.E.BYPASS.LTC128B.128 P1, [R199+0x80], [R6.64]","0","0","0","2664","85248","85248","32","32","0","0","0","Global,Shared","Load,Store","128","20781","7","10404","21087","10683","0","41562","41562","0","0","0","0","0","0","0","0","0","0","0","0","0","0","0","0","0","0","0","0","0","0","0","0","0","0","0","0","0","0","0","0","0","0","0","0"
"0x711772306a60","      R2P PR, R197, 0xf","0","0","0","2664","85248","85248","32","32","0","0","0","-","-","-","0","0","0","0","0","0","0","0","0","0","0","0","0","0","0","0","0","0","0","0","0","0","0","0","0","0","0","0","0","0","0","0","0","0","0","0","0","0","0","0","0","0","0","0"
"0x711772306a70","      USHF.R.S32.HI UR16, URZ, 0x1f, UR4","0","0","0","2664","85248","85248","32","32","0","0","0","-","-","-","0","0","0","0","0","0","0","0","0","0","0","0","0","0","0","0","0","0","0","0","0","0","0","0","0","0","0","0","0","0","0","0","0","0","0","0","0","0","0","0","0","0","0","0"
"0x711772306a80","      LEA.HI.X R11, R14, R11, R8, 0x2, P4","1","0","1","2664","85248","85248","32","32","0","0","0","-","-","-","0","0","0","0","0","0","0","0","0","0","0","0","0","0","0","0","0","0","0","0","0","1","0","0","0","0","0","0","0","0","0","0","0","0","0","0","0","0","0","0","0","0","0","0"
"0x711772306a90","      IADD3 R8, P4, R13, R2, RZ","2","0","2","2664","85248","85248","32","32","0","0","0","-","-","-","0","0","0","0","0","0","0","0","0","0","0","0","0","0","0","2","0","0","0","0","0","0","0","0","0","0","0","0","0","0","0","0","0","0","0","0","0","0","0","0","0","0","0","0"
"0x711772306aa0","      ULEA.HI UR16, UR16, UR4, URZ, 0x3","0","0","0","2664","85248","85248","32","32","0","0","0","-","-","-","0","0","0","0","0","0","0","0","0","0","0","0","0","0","0","0","0","0","0","0","0","0","0","0","0","0","0","0","0","0","0","0","0","0","0","0","0","0","0","0","0","0","0","0"
"0x711772306ab0","      LOP3.LUT R10, R9, 0x4, R10, 0xf8, !PT","0","0","0","2664","85248","85248","32","32","0","0","0","-","-","-","0","0","0","0","0","0","0","0","0","0","0","0","0","0","0","0","0","0","0","0","0","0","0","0","0","0","0","0","0","0","0","0","0","0","0","0","0","0","0","0","0","0","0","0"
"0x711772306ac0","      IMAD.SHL.U32 R2, R0, 0x8, RZ","0","0","0","2664","85248","85248","32","32","0","0","0","-","-","-","0","0","0","0","0","0","0","0","0","0","0","0","0","0","0","0","0","0","0","0","0","0","0","0","0","0","0","0","0","0","0","0","0","0","0","0","0","0","0","0","0","0","0","0"
"0x711772306ad0","      LOP3.LUT R5, R0, 0xe, RZ, 0xc0, !PT","0","0","0","2664","85248","85248","32","32","0","0","0","-","-","-","0","0","0","0","0","0","0","0","0","0","0","0","0","0","0","0","0","0","0","0","0","0","0","0","0","0","0","0","0","0","0","0","0","0","0","0","0","0","0","0","0","0","0","0"
"0x711772306ae0","      IMAD.X R9, R11, 0x1, R3, P4","0","0","0","2664","85248","85248","32","32","0","0","0","-","-","-","0","0","0","0","0","0","0","0","0","0","0","0","0","0","0","0","0","0","0","0","0","0","0","0","0","0","0","0","0","0","0","0","0","0","0","0","0","0","0","0","0","0","0","0"
"0x711772306af0","      ULOP3.LUT UR13, UR16, 0xfffffff8, URZ, 0xc0, !UPT","0","0","0","2664","85248","85248","32","32","0","0","0","-","-","-","0","0","0","0","0","0","0","0","0","0","0","0","0","0","0","0","0","0","0","0","0","0","0","0","0","0","0","0","0","0","0","0","0","0","0","0","0","0","0","0","0","0","0","0"
"0x711772306b00","      SHF.R.S32.HI R3, RZ, 0x1f, R4","0","0","0","2664","85248","85248","32","32","0","0","0","-","-","-","0","0","0","0","0","0","0","0","0","0","0","0","0","0","0","0","0","0","0","0","0","0","0","0","0","0","0","0","0","0","0","0","0","0","0","0","0","0","0","0","0","0","0","0"
"0x711772306b10","      USHF.R.S32.HI UR16, URZ, 0x3, UR16","0","0","0","2664","85248","85248","32","32","0","0","0","-","-","-","0","0","0","0","0","0","0","0","0","0","0","0","0","0","0","0","0","0","0","0","0","0","0","0","0","0","0","0","0","0","0","0","0","0","0","0","0","0","0","0","0","0","0","0"
"0x711772306b20","      SHF.R.U32.HI R5, RZ, 0x1, R5","1","0","1","2664","85248","85248","32","32","0","0","0","-","-","-","0","0","0","0","0","0","0","0","0","0","0","0","0","0","0","0","0","0","0","0","0","1","0","0","0","0","0","0","0","0","0","0","0","0","0","0","0","0","0","0","0","0","0","0"
"0x711772306b30","      LDGSTS.E.BYPASS.LTC128B.128 P0, [R198+0xa000], [R8.64]","4","3","4","2664","85248","85248","32","32","0","0","0","Global,Shared","Load,Store","128","10656","4","0","10656","10656","0","42496","42496","0","0","0","0","0","3","0","0","0","1","0","0","0","0","0","0","0","0","0","0","0","0","0","2","0","0","0","1","0","0","0","0","0","0","0","0"
"0x711772306b40","      UIADD3 UR4, UR4, -UR13, URZ","1","0","1","2664","85248","85248","32","32","0","0","0","-","-","-","0","0","0","0","0","0","0","0","0","0","0","0","0","0","0","0","0","0","0","0","0","1","0","0","0","0","0","0","0","0","0","0","0","0","0","0","0","0","0","0","0","0","0","0"
"0x711772306b50","      LEA.HI R208, R3, R4, RZ, 0x4","0","0","0","2664","85248","85248","32","32","0","0","0","-","-","-","0","0","0","0","0","0","0","0","0","0","0","0","0","0","0","0","0","0","0","0","0","0","0","0","0","0","0","0","0","0","0","0","0","0","0","0","0","0","0","0","0","0","0","0"
"0x711772306b60","      IMAD.MOV.U32 R17, RZ, RZ, RZ","2","1","2","2664","85248","85248","32","32","0","0","0","-","-","-","0","0","0","0","0","0","0","0","0","0","0","0","0","0","2","0","0","0","0","0","0","0","0","0","0","0","0","0","0","0","0","0","1","0","0","0","0","0","0","0","0","0","0","0"
"0x711772306b70","      LDGSTS.E.BYPASS.LTC128B.128 P1, [R198+0xa080], [R8.64+0x80]","2","2","2","2664","85248","85248","32","32","0","0","0","Global,Shared","Load,Store","128","10656","4","0","10656","10656","0","42624","42624","0","0","0","0","0","2","0","0","0","0","0","0","0","0","0","0","0","0","0","0","0","0","0","2","0","0","0","0","0","0","0","0","0","0","0","0"
"0x711772306b80","      ULEA.HI UR15, UR4, UR4, URZ, 0x1","0","0","0","2664","85248","85248","32","32","0","0","0","-","-","-","0","0","0","0","0","0","0","0","0","0","0","0","0","0","0","0","0","0","0","0","0","0","0","0","0","0","0","0","0","0","0","0","0","0","0","0","0","0","0","0","0","0","0","0"
"0x711772306b90","      IADD3 R204, P0, R8, c[0x0][0x1c8], RZ","0","0","0","2664","85248","85248","32","32","0","0","0","-","-","-","0","0","0","0","0","0","0","0","0","0","0","0","0","0","0","0","0","0","0","0","0","0","0","0","0","0","0","0","0","0","0","0","0","0","0","0","0","0","0","0","0","0","0","0"
"0x711772306ba0","      IMAD R5, R5, 0x18, R10","0","0","0","2664","85248","85248","32","32","0","0","0","-","-","-","0","0","0","0","0","0","0","0","0","0","0","0","0","0","0","0","0","0","0","0","0","0","0","0","0","0","0","0","0","0","0","0","0","0","0","0","0","0","0","0","0","0","0","0"
"0x711772306bb0","      LDGSTS.E.BYPASS.LTC128B.128 P2, [R198+0xa100], [R8.64+0x100]","1","1","1","2664","85248","85248","32","32","0","0","0","Global,Shared","Load,Store","128","10656","4","0","10656","10656","0","42624","42624","0","0","0","0","0","1","0","0","0","0","0","0","0","0","0","0","0","0","0","0","0","0","0","1","0","0","0","0","0","0","0","0","0","0","0","0"
"0x711772306bc0","      ULOP3.LUT UR14, UR15, 0xfffffffe, URZ, 0xc0, !UPT","0","0","0","2664","85248","85248","32","32","0","0","0","-","-","-","0","0","0","0","0","0","0","0","0","0","0","0","0","0","0","0","0","0","0","0","0","0","0","0","0","0","0","0","0","0","0","0","0","0","0","0","0","0","0","0","0","0","0","0"
"0x711772306bd0","      LEA.HI.SX32 R208, R208, 0xfffffffe, 0x1c","0","0","0","2664","85248","85248","32","32","0","0","0","-","-","-","0","0","0","0","0","0","0","0","0","0","0","0","0","0","0","0","0","0","0","0","0","0","0","0","0","0","0","0","0","0","0","0","0","0","0","0","0","0","0","0","0","0","0","0"
"0x711772306be0","      IMAD.SHL.U32 R196, R5, 0x10, RZ","1","0","1","2664","85248","85248","32","32","0","0","0","-","-","-","0","0","0","0","0","0","0","0","0","0","0","0","0","0","0","0","0","0","0","0","0","1","0","0","0","0","0","0","0","0","0","0","0","0","0","0","0","0","0","0","0","0","0","0"
"0x711772306bf0","      LDGSTS.E.BYPASS.LTC128B.128 P3, [R198+0xa180], [R8.64+0x180]","4","4","4","2664","85248","85248","32","32","0","0","0","Global,Shared","Load,Store","128","10656","4","0","10656","10656","0","42624","42624","0","0","0","0","0","4","0","0","0","0","0","0","0","0","0","0","0","0","0","0","0","0","0","4","0","0","0","0","0","0","0","0","0","0","0","0"
"0x711772306c00","      UIADD3 UR14, UR4, -UR14, URZ","1","0","1","2664","85248","85248","32","32","0","0","0","-","-","-","0","0","0","0","0","0","0","0","0","0","0","0","0","0","0","0","0","0","0","0","1","0","0","0","0","0","0","0","0","0","0","0","0","0","0","0","0","0","0","0","0","0","0","0"
"0x711772306c10","      IADD3.X R203, R9, c[0x0][0x1cc], RZ, P0, !PT","0","0","0","2664","85248","85248","32","32","0","0","0","-","-","-","0","0","0","0","0","0","0","0","0","0","0","0","0","0","0","0","0","0","0","0","0","0","0","0","0","0","0","0","0","0","0","0","0","0","0","0","0","0","0","0","0","0","0","0"
"0x711772306c20","      USHF.R.S32.HI UR15, URZ, 0x1, UR15","0","0","0","2664","85248","85248","32","32","0","0","0","-","-","-","0","0","0","0","0","0","0","0","0","0","0","0","0","0","0","0","0","0","0","0","0","0","0","0","0","0","0","0","0","0","0","0","0","0","0","0","0","0","0","0","0","0","0","0"
"0x711772306c30","      LDGDEPBAR","4","4","4","2664","85248","85248","32","32","0","0","0","-","-","-","0","0","0","0","0","0","0","0","0","0","0","0","0","4","0","0","0","0","0","0","0","0","0","0","0","0","0","0","0","0","0","4","0","0","0","0","0","0","0","0","0","0","0","0"
"0x711772306c40","      UIMAD UR13, UR14, 0x300, UR13","0","0","0","2664","85248","85248","32","32","0","0","0","-","-","-","0","0","0","0","0","0","0","0","0","0","0","0","0","0","0","0","0","0","0","0","0","0","0","0","0","0","0","0","0","0","0","0","0","0","0","0","0","0","0","0","0","0","0","0"
"0x711772306c50","      ISETP.GE.AND P0, PT, R4, 0x10, PT","0","0","0","2664","85248","85248","32","32","0","0","0","-","-","-","0","0","0","0","0","0","0","0","0","0","0","0","0","0","0","0","0","0","0","0","0","0","0","0","0","0","0","0","0","0","0","0","0","0","0","0","0","0","0","0","0","0","0","0"
"0x711772306c60","      IMAD.MOV.U32 R16, RZ, RZ, RZ","0","0","0","2664","85248","85248","32","32","0","0","0","-","-","-","0","0","0","0","0","0","0","0","0","0","0","0","0","0","0","0","0","0","0","0","0","0","0","0","0","0","0","0","0","0","0","0","0","0","0","0","0","0","0","0","0","0","0","0"
"0x711772306c70","      SHF.R.U32.HI R183, RZ, 0x2, R183","0","0","0","2664","85248","85248","32","32","0","0","0","-","-","-","0","0","0","0","0","0","0","0","0","0","0","0","0","0","0","0","0","0","0","0","0","0","0","0","0","0","0","0","0","0","0","0","0","0","0","0","0","0","0","0","0","0","0","0"
"0x711772306c80","      CS2R R14, SRZ","0","0","0","2664","85248","85248","32","32","0","0","0","-","-","-","0","0","0","0","0","0","0","0","0","0","0","0","0","0","0","0","0","0","0","0","0","0","0","0","0","0","0","0","0","0","0","0","0","0","0","0","0","0","0","0","0","0","0","0"
"0x711772306c90","      LOP3.LUT R2, R2, 0x18, RZ, 0xe2, !PT","0","0","0","2664","85248","85248","32","32","0","0","0","-","-","-","0","0","0","0","0","0","0","0","0","0","0","0","0","0","0","0","0","0","0","0","0","0","0","0","0","0","0","0","0","0","0","0","0","0","0","0","0","0","0","0","0","0","0","0"
"0x711772306ca0","      CS2R R12, SRZ","0","0","0","2664","85248","85248","32","32","0","0","0","-","-","-","0","0","0","0","0","0","0","0","0","0","0","0","0","0","0","0","0","0","0","0","0","0","0","0","0","0","0","0","0","0","0","0","0","0","0","0","0","0","0","0","0","0","0","0"
"0x711772306cb0","      ISETP.NE.AND P2, PT, R208, RZ, PT","0","0","0","2664","85248","85248","32","32","0","0","0","-","-","-","0","0","0","0","0","0","0","0","0","0","0","0","0","0","0","0","0","0","0","0","0","0","0","0","0","0","0","0","0","0","0","0","0","0","0","0","0","0","0","0","0","0","0","0"
"0x711772306cc0","      IADD3 R5, R5, UR13, RZ","1","1","1","2664","85248","85248","32","32","0","0","0","-","-","-","0","0","0","0","0","0","0","0","0","0","0","0","0","0","0","0","0","0","0","0","0","0","0","0","0","1","0","0","0","0","0","0","0","0","0","0","0","0","0","0","0","0","0","1"
"0x711772306cd0","      USHF.L.U32 UR13, UR13, 0x4, URZ","0","0","0","2664","85248","85248","32","32","0","0","0","-","-","-","0","0","0","0","0","0","0","0","0","0","0","0","0","0","0","0","0","0","0","0","0","0","0","0","0","0","0","0","0","0","0","0","0","0","0","0","0","0","0","0","0","0","0","0"
"0x711772306ce0","      LOP3.LUT R151, R183, 0x8, R2, 0xf6, !PT","0","0","0","2664","85248","85248","32","32","0","0","0","-","-","-","0","0","0","0","0","0","0","0","0","0","0","0","0","0","0","0","0","0","0","0","0","0","0","0","0","0","0","0","0","0","0","0","0","0","0","0","0","0","0","0","0","0","0","0"
"0x711772306cf0","      LOP3.LUT R11, R183, 0x10, R2, 0xf6, !PT","1","1","1","2664","85248","85248","32","32","0","0","0","-","-","-","0","0","0","0","0","0","0","0","0","0","0","0","0","0","0","0","0","0","0","0","0","0","0","0","0","1","0","0","0","0","0","0","0","0","0","0","0","0","0","0","0","0","0","1"
"0x711772306d00","      IMAD.SHL.U32 R5, R5, 0x10, RZ","1","0","1","2664","85248","85248","32","32","0","0","0","-","-","-","0","0","0","0","0","0","0","0","0","0","0","0","0","0","0","0","0","0","0","0","0","1","0","0","0","0","0","0","0","0","0","0","0","0","0","0","0","0","0","0","0","0","0","0"
"0x711772306d10","      LOP3.LUT R3, R183, 0x18, R2, 0xf6, !PT","0","0","0","2664","85248","85248","32","32","0","0","0","-","-","-","0","0","0","0","0","0","0","0","0","0","0","0","0","0","0","0","0","0","0","0","0","0","0","0","0","0","0","0","0","0","0","0","0","0","0","0","0","0","0","0","0","0","0","0"
"0x711772306d20","      IMAD.IADD R151, R212, 0x1, R151","0","0","0","2664","85248","85248","32","32","0","0","0","-","-","-","0","0","0","0","0","0","0","0","0","0","0","0","0","0","0","0","0","0","0","0","0","0","0","0","0","0","0","0","0","0","0","0","0","0","0","0","0","0","0","0","0","0","0","0"
"0x711772306d30","      IADD3 R150, R212, R2, R183","0","0","0","2664","85248","85248","32","32","0","0","0","-","-","-","0","0","0","0","0","0","0","0","0","0","0","0","0","0","0","0","0","0","0","0","0","0","0","0","0","0","0","0","0","0","0","0","0","0","0","0","0","0","0","0","0","0","0","0"
"0x711772306d40","      IMAD.IADD R2, R212, 0x1, R11","0","0","0","2664","85248","85248","32","32","0","0","0","-","-","-","0","0","0","0","0","0","0","0","0","0","0","0","0","0","0","0","0","0","0","0","0","0","0","0","0","0","0","0","0","0","0","0","0","0","0","0","0","0","0","0","0","0","0","0"
"0x711772306d50","      IADD3 R202, P1, R6, c[0x0][0x1a8], RZ","0","0","0","2664","85248","85248","32","32","0","0","0","-","-","-","0","0","0","0","0","0","0","0","0","0","0","0","0","0","0","0","0","0","0","0","0","0","0","0","0","0","0","0","0","0","0","0","0","0","0","0","0","0","0","0","0","0","0","0"
"0x711772306d60","      IMAD.IADD R3, R212, 0x1, R3","0","0","0","2664","85248","85248","32","32","0","0","0","-","-","-","0","0","0","0","0","0","0","0","0","0","0","0","0","0","0","0","0","0","0","0","0","0","0","0","0","0","0","0","0","0","0","0","0","0","0","0","0","0","0","0","0","0","0","0"
"0x711772306d70","      ISETP.NE.AND P3, PT, R208, RZ, PT","0","0","0","2664","85248","85248","32","32","0","0","0","-","-","-","0","0","0","0","0","0","0","0","0","0","0","0","0","0","0","0","0","0","0","0","0","0","0","0","0","0","0","0","0","0","0","0","0","0","0","0","0","0","0","0","0","0","0","0"
"0x711772306d80","@!P2  IMAD.MOV.U32 R197, RZ, RZ, RZ","0","0","0","2664","85248","0","32","0","32","32","0","-","-","-","0","0","0","0","0","0","0","0","0","0","0","0","0","0","0","0","0","0","0","0","0","0","0","0","0","0","0","0","0","0","0","0","0","0","0","0","0","0","0","0","0","0","0","0"
"0x711772306d90","      DEPBAR.LE SB0, 0x1","0","0","0","2664","85248","85248","32","32","32","0","0","-","-","-","0","0","0","0","0","0","0","0","0","0","0","0","0","0","0","0","0","0","0","0","0","0","0","0","0","0","0","0","0","0","0","0","0","0","0","0","0","0","0","0","0","0","0","0"
"0x711772306da0","      BAR.SYNC.DEFER_BLOCKING 0x0","112","110","112","2664","85248","85248","32","32","0","0","0","-","-","-","0","0","0","0","0","0","0","0","0","0","0","0","0","0","112","0","0","0","0","0","0","0","0","0","0","0","0","0","0","0","0","0","110","0","0","0","0","0","0","0","0","0","0","0"
"0x711772306db0","      IADD3.X R201, R7, c[0x0][0x1ac], RZ, P1, !PT","0","0","0","2664","85248","85248","32","32","0","0","0","-","-","-","0","0","0","0","0","0","0","0","0","0","0","0","0","0","0","0","0","0","0","0","0","0","0","0","0","0","0","0","0","0","0","0","0","0","0","0","0","0","0","0","0","0","0","0"
"0x711772306dc0","      CS2R R10, SRZ","0","0","0","2664","85248","85248","32","32","0","0","0","-","-","-","0","0","0","0","0","0","0","0","0","0","0","0","0","0","0","0","0","0","0","0","0","0","0","0","0","0","0","0","0","0","0","0","0","0","0","0","0","0","0","0","0","0","0","0"
"0x711772306dd0","      LEA R150, R150, 0x6000, 0x2","0","0","0","2664","85248","85248","32","32","0","0","0","-","-","-","0","0","0","0","0","0","0","0","0","0","0","0","0","0","0","0","0","0","0","0","0","0","0","0","0","0","0","0","0","0","0","0","0","0","0","0","0","0","0","0","0","0","0","0"
"0x711772306de0","      CS2R R8, SRZ","0","0","0","2664","85248","85248","32","32","0","0","0","-","-","-","0","0","0","0","0","0","0","0","0","0","0","0","0","0","0","0","0","0","0","0","0","0","0","0","0","0","0","0","0","0","0","0","0","0","0","0","0","0","0","0","0","0","0","0"
"0x711772306df0","      LEA R151, R151, 0x6000, 0x2","0","0","0","2664","85248","85248","32","32","0","0","0","-","-","-","0","0","0","0","0","0","0","0","0","0","0","0","0","0","0","0","0","0","0","0","0","0","0","0","0","0","0","0","0","0","0","0","0","0","0","0","0","0","0","0","0","0","0","0"
"0x711772306e00","      CS2R R6, SRZ","0","0","0","2664","85248","85248","32","32","0","0","0","-","-","-","0","0","0","0","0","0","0","0","0","0","0","0","0","0","0","0","0","0","0","0","0","0","0","0","0","0","0","0","0","0","0","0","0","0","0","0","0","0","0","0","0","0","0","0"
"0x711772306e10","      LEA R2, R2, 0x6000, 0x2","0","0","0","2664","85248","85248","32","32","0","0","0","-","-","-","0","0","0","0","0","0","0","0","0","0","0","0","0","0","0","0","0","0","0","0","0","0","0","0","0","0","0","0","0","0","0","0","0","0","0","0","0","0","0","0","0","0","0","0"
"0x711772306e20","      LEA R3, R3, 0x6000, 0x2","0","0","0","2664","85248","85248","32","32","0","0","0","-","-","-","0","0","0","0","0","0","0","0","0","0","0","0","0","0","0","0","0","0","0","0","0","0","0","0","0","0","0","0","0","0","0","0","0","0","0","0","0","0","0","0","0","0","0","0"
"0x711772306e30","      SEL R207, R207, RZ, P3","0","0","0","2664","85248","85248","32","32","0","0","0","-","-","-","0","0","0","0","0","0","0","0","0","0","0","0","0","0","0","0","0","0","0","0","0","0","0","0","0","0","0","0","0","0","0","0","0","0","0","0","0","0","0","0","0","0","0","0"
"0x711772306e40","      LDSM.16.M88.4 R152, [R5+0xc00]","11","11","11","2664","85248","85248","32","32","0","0","0","Shared","Load","128","0","4","0","10656","10656","0","0","0","11","0","0","0","0","0","0","0","0","0","0","0","0","0","0","0","0","0","11","0","0","0","0","0","0","0","0","0","0","0","0","0","0","0","0","0"
"0x711772306e50","      LDSM.16.M88.4 R156, [R5+0x1800]","0","0","0","2664","85248","85248","32","32","0","0","0","Shared","Load","128","0","4","0","10656","10656","0","0","0","0","0","0","0","0","0","0","0","0","0","0","0","0","0","0","0","0","0","0","0","0","0","0","0","0","0","0","0","0","0","0","0","0","0","0","0"
"0x711772306e60","      LDSM.16.M88.4 R160, [R5+0x2400]","0","0","0","2664","85248","85248","32","32","0","0","0","Shared","Load","128","0","4","0","10656","10656","0","0","0","0","0","0","0","0","0","0","0","0","0","0","0","0","0","0","0","0","0","0","0","0","0","0","0","0","0","0","0","0","0","0","0","0","0","0","0"
"0x711772306e70","      LDSM.16.M88.4 R132, [R196+UR13]","2","2","2","2664","85248","85248","32","32","0","0","0","Shared","Load","128","0","4","0","10656","10656","0","0","0","0","0","0","0","0","0","0","0","0","1","0","0","0","0","0","0","0","1","0","0","0","0","0","0","0","0","0","1","0","0","0","0","0","0","0","1"
"0x711772306e80","      CS2R R4, SRZ","2","1","2","2664","85248","85248","32","32","0","0","0","-","-","-","0","0","0","0","0","0","0","0","0","0","0","0","0","0","0","0","0","0","0","0","0","1","1","0","0","0","0","0","0","0","0","0","0","0","0","0","0","0","0","0","1","0","0","0"
"0x711772306e90","@!P0  BRA 0x711772308690","0","0","0","2664","85248","0","32","0","32","32","0","-","-","-","0","0","0","0","0","0","0","0","0","0","0","0","0","0","0","0","0","0","0","0","0","0","0","0","0","0","0","0","0","0","0","0","0","0","0","0","0","0","0","0","0","0","0","0"
"0x711772306ea0","      ULEA UR4, UR16, UR15, 0x6","0","0","0","2664","85248","85248","32","32","32","0","0","-","-","-","0","0","0","0","0","0","0","0","0","0","0","0","0","0","0","0","0","0","0","0","0","0","0","0","0","0","0","0","0","0","0","0","0","0","0","0","0","0","0","0","0","0","0","0"
"0x711772306eb0","      FSETP.GEU.AND P0, PT, |R163|, +INF , PT","4","2","4","2664","85248","85248","32","32","0","0","0","-","-","-","0","0","0","0","0","0","0","0","0","0","0","0","0","0","0","0","0","0","0","0","2","0","2","0","0","0","0","0","0","0","0","0","0","0","0","0","0","0","0","0","2","0","0","0"
"0x711772306ec0","      IMAD.MOV.U32 R103, RZ, RZ, 0x1000","0","0","0","2664","85248","85248","32","32","0","0","0","-","-","-","0","0","0","0","0","0","0","0","0","0","0","0","0","0","0","0","0","0","0","0","0","0","0","0","0","0","0","0","0","0","0","0","0","0","0","0","0","0","0","0","0","0","0","0"
"0x711772306ed0","      FSETP.GEU.AND P1, PT, |R162|, +INF , PT","0","0","0","2664","85248","85248","32","32","0","0","0","-","-","-","0","0","0","0","0","0","0","0","0","0","0","0","0","0","0","0","0","0","0","0","0","0","0","0","0","0","0","0","0","0","0","0","0","0","0","0","0","0","0","0","0","0","0","0"
"0x711772306ee0","      USHF.L.U32 UR4, UR4, 0x6, URZ","0","0","0","2664","85248","85248","32","32","0","0","0","-","-","-","0","0","0","0","0","0","0","0","0","0","0","0","0","0","0","0","0","0","0","0","0","0","0","0","0","0","0","0","0","0","0","0","0","0","0","0","0","0","0","0","0","0","0","0"
"0x711772306ef0","      FSETP.GEU.AND P4, PT, |R161|, +INF , PT","0","0","0","2664","85248","85248","32","32","0","0","0","-","-","-","0","0","0","0","0","0","0","0","0","0","0","0","0","0","0","0","0","0","0","0","0","0","0","0","0","0","0","0","0","0","0","0","0","0","0","0","0","0","0","0","0","0","0","0"
"0x711772306f00","      UMOV UR6, 0x2","0","0","0","2664","85248","85248","32","32","0","0","0","-","-","-","0","0","0","0","0","0","0","0","0","0","0","0","0","0","0","0","0","0","0","0","0","0","0","0","0","0","0","0","0","0","0","0","0","0","0","0","0","0","0","0","0","0","0","0"
"0x711772306f10","      FSETP.GEU.AND P3, PT, |R160|, +INF , PT","0","0","0","2664","85248","85248","32","32","0","0","0","-","-","-","0","0","0","0","0","0","0","0","0","0","0","0","0","0","0","0","0","0","0","0","0","0","0","0","0","0","0","0","0","0","0","0","0","0","0","0","0","0","0","0","0","0","0","0"
"0x711772306f20","      USHF.L.U32 UR12, UR4, 0x2, URZ","0","0","0","2664","85248","85248","32","32","0","0","0","-","-","-","0","0","0","0","0","0","0","0","0","0","0","0","0","0","0","0","0","0","0","0","0","0","0","0","0","0","0","0","0","0","0","0","0","0","0","0","0","0","0","0","0","0","0","0"
"0x711772306f30","      FSETP.GEU.AND P6, PT, |R159|, +INF , PT","0","0","0","2664","85248","85248","32","32","0","0","0","-","-","-","0","0","0","0","0","0","0","0","0","0","0","0","0","0","0","0","0","0","0","0","0","0","0","0","0","0","0","0","0","0","0","0","0","0","0","0","0","0","0","0","0","0","0","0"
"0x711772306f40","      UMOV UR11, 0x100","0","0","0","2664","85248","85248","32","32","0","0","0","-","-","-","0","0","0","0","0","0","0","0","0","0","0","0","0","0","0","0","0","0","0","0","0","0","0","0","0","0","0","0","0","0","0","0","0","0","0","0","0","0","0","0","0","0","0","0"
"0x711772306f50","      FSETP.GEU.AND P5, PT, |R158|, +INF , PT","0","0","0","2664","85248","85248","32","32","0","0","0","-","-","-","0","0","0","0","0","0","0","0","0","0","0","0","0","0","0","0","0","0","0","0","0","0","0","0","0","0","0","0","0","0","0","0","0","0","0","0","0","0","0","0","0","0","0","0"
"0x711772306f60","      UMOV UR10, 0x8000","0","0","0","2664","85248","85248","32","32","0","0","0","-","-","-","0","0","0","0","0","0","0","0","0","0","0","0","0","0","0","0","0","0","0","0","0","0","0","0","0","0","0","0","0","0","0","0","0","0","0","0","0","0","0","0","0","0","0","0"
"0x711772306f70","      FSETP.GEU.AND P2, PT, |R157|, +INF , PT","1","0","1","2664","85248","85248","32","32","0","0","0","-","-","-","0","0","0","0","0","0","0","0","0","0","0","0","0","0","0","0","0","0","0","0","0","1","0","0","0","0","0","0","0","0","0","0","0","0","0","0","0","0","0","0","0","0","0","0"
"0x711772306f80","@!P0  IMAD.IADD.U32 R163, R163, 0x1, R103","0","0","0","2664","85248","85248","32","32","0","0","0","-","-","-","0","0","0","0","0","0","0","0","0","0","0","0","0","0","0","0","0","0","0","0","0","0","0","0","0","0","0","0","0","0","0","0","0","0","0","0","0","0","0","0","0","0","0","0"
"0x711772306f90","      FSETP.GEU.AND P0, PT, |R156|, +INF , PT","0","0","0","2664","85248","85248","32","32","0","0","0","-","-","-","0","0","0","0","0","0","0","0","0","0","0","0","0","0","0","0","0","0","0","0","0","0","0","0","0","0","0","0","0","0","0","0","0","0","0","0","0","0","0","0","0","0","0","0"
"0x711772306fa0","@!P1  IMAD.IADD.U32 R162, R162, 0x1, R103","0","0","0","2664","85248","85248","32","32","0","0","0","-","-","-","0","0","0","0","0","0","0","0","0","0","0","0","0","0","0","0","0","0","0","0","0","0","0","0","0","0","0","0","0","0","0","0","0","0","0","0","0","0","0","0","0","0","0","0"
"0x711772306fb0","      LDS R149, [R3+UR12+0x1080]","0","0","0","2664","85248","85248","32","32","0","0","0","Shared","Load","32","0","1","0","2664","2664","0","0","0","0","0","0","0","0","0","0","0","0","0","0","0","0","0","0","0","0","0","0","0","0","0","0","0","0","0","0","0","0","0","0","0","0","0","0","0"
"0x711772306fc0","@!P4  IMAD.IADD.U32 R161, R161, 0x1, R103","0","0","0","2664","85248","85248","32","32","0","0","0","-","-","-","0","0","0","0","0","0","0","0","0","0","0","0","0","0","0","0","0","0","0","0","0","0","0","0","0","0","0","0","0","0","0","0","0","0","0","0","0","0","0","0","0","0","0","0"
"0x711772306fd0","      FSETP.GEU.AND P1, PT, |R155|, +INF , PT","0","0","0","2664","85248","85248","32","32","0","0","0","-","-","-","0","0","0","0","0","0","0","0","0","0","0","0","0","0","0","0","0","0","0","0","0","0","0","0","0","0","0","0","0","0","0","0","0","0","0","0","0","0","0","0","0","0","0","0"
"0x711772306fe0","@!P3  IMAD.IADD.U32 R160, R160, 0x1, R103","0","0","0","2664","85248","85248","32","32","0","0","0","-","-","-","0","0","0","0","0","0","0","0","0","0","0","0","0","0","0","0","0","0","0","0","0","0","0","0","0","0","0","0","0","0","0","0","0","0","0","0","0","0","0","0","0","0","0","0"
"0x711772306ff0","      LDS R148, [R3+UR12+0x80]","0","0","0","2664","85248","85248","32","32","0","0","0","Shared","Load","32","0","1","0","2664","2664","0","0","0","0","0","0","0","0","0","0","0","0","0","0","0","0","0","0","0","0","0","0","0","0","0","0","0","0","0","0","0","0","0","0","0","0","0","0","0"
"0x711772307000","      FSETP.GEU.AND P4, PT, |R154|, +INF , PT","1","0","1","2664","85248","85248","32","32","0","0","0","-","-","-","0","0","0","0","0","0","0","0","0","0","0","0","0","0","0","0","0","0","0","0","1","0","0","0","0","0","0","0","0","0","0","0","0","0","0","0","0","0","0","0","0","0","0","0"
"0x711772307010","@!P6  IMAD.IADD.U32 R159, R159, 0x1, R103","0","0","0","2664","85248","85248","32","32","0","0","0","-","-","-","0","0","0","0","0","0","0","0","0","0","0","0","0","0","0","0","0","0","0","0","0","0","0","0","0","0","0","0","0","0","0","0","0","0","0","0","0","0","0","0","0","0","0","0"
"0x711772307020","      FSETP.GEU.AND P3, PT, |R153|, +INF , PT","0","0","0","2664","85248","85248","32","32","0","0","0","-","-","-","0","0","0","0","0","0","0","0","0","0","0","0","0","0","0","0","0","0","0","0","0","0","0","0","0","0","0","0","0","0","0","0","0","0","0","0","0","0","0","0","0","0","0","0"
"0x711772307030","      LDS R147, [R2+UR12+0x1080]","1","0","1","2664","85248","85248","32","32","0","0","0","Shared","Load","32","0","1","0","2664","2664","0","0","0","0","0","0","0","0","0","0","0","0","0","0","0","0","1","0","0","0","0","0","0","0","0","0","0","0","0","0","0","0","0","0","0","0","0","0","0"
"0x711772307040","@!P5  IMAD.IADD.U32 R158, R158, 0x1, R103","0","0","0","2664","85248","85248","32","32","0","0","0","-","-","-","0","0","0","0","0","0","0","0","0","0","0","0","0","0","0","0","0","0","0","0","0","0","0","0","0","0","0","0","0","0","0","0","0","0","0","0","0","0","0","0","0","0","0","0"
"0x711772307050","      FSETP.GEU.AND P6, PT, |R152|, +INF , PT","0","0","0","2664","85248","85248","32","32","0","0","0","-","-","-","0","0","0","0","0","0","0","0","0","0","0","0","0","0","0","0","0","0","0","0","0","0","0","0","0","0","0","0","0","0","0","0","0","0","0","0","0","0","0","0","0","0","0","0"
"0x711772307060","@!P2  IMAD.IADD.U32 R157, R157, 0x1, R103","0","0","0","2664","85248","85248","32","32","0","0","0","-","-","-","0","0","0","0","0","0","0","0","0","0","0","0","0","0","0","0","0","0","0","0","0","0","0","0","0","0","0","0","0","0","0","0","0","0","0","0","0","0","0","0","0","0","0","0"
"0x711772307070","      LDS R146, [R2+UR12+0x80]","1","0","1","2664","85248","85248","32","32","0","0","0","Shared","Load","32","0","1","0","2664","2664","0","0","0","0","0","0","0","0","0","0","0","0","0","0","0","0","1","0","0","0","0","0","0","0","0","0","0","0","0","0","0","0","0","0","0","0","0","0","0"
"0x711772307080","@!P0  IMAD.IADD.U32 R156, R156, 0x1, R103","0","0","0","2664","85248","85248","32","32","0","0","0","-","-","-","0","0","0","0","0","0","0","0","0","0","0","0","0","0","0","0","0","0","0","0","0","0","0","0","0","0","0","0","0","0","0","0","0","0","0","0","0","0","0","0","0","0","0","0"
"0x711772307090","      FSETP.GEU.AND P5, PT, |R135|, +INF , PT","0","0","0","2664","85248","85248","32","32","0","0","0","-","-","-","0","0","0","0","0","0","0","0","0","0","0","0","0","0","0","0","0","0","0","0","0","0","0","0","0","0","0","0","0","0","0","0","0","0","0","0","0","0","0","0","0","0","0","0"
"0x7117723070a0","@!P1  IMAD.IADD.U32 R155, R155, 0x1, R103","1","0","1","2664","85248","85248","32","32","0","0","0","-","-","-","0","0","0","0","0","0","0","0","0","0","0","0","0","0","0","0","0","0","0","0","0","1","0","0","0","0","0","0","0","0","0","0","0","0","0","0","0","0","0","0","0","0","0","0"
"0x7117723070b0","      LDS R144, [R151+UR12+0x80]","0","0","0","2664","85248","85248","32","32","0","0","0","Shared","Load","32","0","1","0","2664","2664","0","0","0","0","0","0","0","0","0","0","0","0","0","0","0","0","0","0","0","0","0","0","0","0","0","0","0","0","0","0","0","0","0","0","0","0","0","0","0"
"0x7117723070c0","      FSETP.GEU.AND P2, PT, |R134|, +INF , PT","0","0","0","2664","85248","85248","32","32","0","0","0","-","-","-","0","0","0","0","0","0","0","0","0","0","0","0","0","0","0","0","0","0","0","0","0","0","0","0","0","0","0","0","0","0","0","0","0","0","0","0","0","0","0","0","0","0","0","0"
"0x7117723070d0","@!P4  IMAD.IADD.U32 R154, R154, 0x1, R103","1","0","1","2664","85248","85248","32","32","0","0","0","-","-","-","0","0","0","0","0","0","0","0","0","0","0","0","0","0","0","0","0","0","0","0","0","1","0","0","0","0","0","0","0","0","0","0","0","0","0","0","0","0","0","0","0","0","0","0"
"0x7117723070e0","      FSETP.GEU.AND P0, PT, |R133|, +INF , PT","0","0","0","2664","85248","85248","32","32","0","0","0","-","-","-","0","0","0","0","0","0","0","0","0","0","0","0","0","0","0","0","0","0","0","0","0","0","0","0","0","0","0","0","0","0","0","0","0","0","0","0","0","0","0","0","0","0","0","0"
"0x7117723070f0","      LDS R141, [R3+UR12+0x1000]","0","0","0","2664","85248","85248","32","32","0","0","0","Shared","Load","32","0","1","0","2664","2664","0","0","0","0","0","0","0","0","0","0","0","0","0","0","0","0","0","0","0","0","0","0","0","0","0","0","0","0","0","0","0","0","0","0","0","0","0","0","0"
"0x711772307100","@!P3  IMAD.IADD.U32 R153, R153, 0x1, R103","0","0","0","2664","85248","85248","32","32","0","0","0","-","-","-","0","0","0","0","0","0","0","0","0","0","0","0","0","0","0","0","0","0","0","0","0","0","0","0","0","0","0","0","0","0","0","0","0","0","0","0","0","0","0","0","0","0","0","0"
"0x711772307110","      LOP3.LUT R206, R196, 0x20, RZ, 0x3c, !PT","0","0","0","2664","85248","85248","32","32","0","0","0","-","-","-","0","0","0","0","0","0","0","0","0","0","0","0","0","0","0","0","0","0","0","0","0","0","0","0","0","0","0","0","0","0","0","0","0","0","0","0","0","0","0","0","0","0","0","0"
"0x711772307120","@!P6  IMAD.IADD.U32 R152, R152, 0x1, R103","0","0","0","2664","85248","85248","32","32","0","0","0","-","-","-","0","0","0","0","0","0","0","0","0","0","0","0","0","0","0","0","0","0","0","0","0","0","0","0","0","0","0","0","0","0","0","0","0","0","0","0","0","0","0","0","0","0","0","0"
"0x711772307130","      LDS R140, [R3+UR12]","0","0","0","2664","85248","85248","32","32","0","0","0","Shared","Load","32","0","1","0","2664","2664","0","0","0","0","0","0","0","0","0","0","0","0","0","0","0","0","0","0","0","0","0","0","0","0","0","0","0","0","0","0","0","0","0","0","0","0","0","0","0"
"0x711772307140","      UMOV UR9, URZ","0","0","0","2664","85248","85248","32","32","0","0","0","-","-","-","0","0","0","0","0","0","0","0","0","0","0","0","0","0","0","0","0","0","0","0","0","0","0","0","0","0","0","0","0","0","0","0","0","0","0","0","0","0","0","0","0","0","0","0"
"0x711772307150","@!P5  IMAD.IADD.U32 R135, R135, 0x1, R103","2","0","2","2664","85248","85248","32","32","0","0","0","-","-","-","0","0","0","0","0","0","0","0","0","0","0","0","0","0","0","0","0","0","0","0","1","1","0","0","0","0","0","0","0","0","0","0","0","0","0","0","0","0","0","0","0","0","0","0"
"0x711772307160","      LDS R139, [R2+UR12+0x1000]","0","0","0","2664","85248","85248","32","32","0","0","0","Shared","Load","32","0","1","0","2664","2664","0","0","0","0","0","0","0","0","0","0","0","0","0","0","0","0","0","0","0","0","0","0","0","0","0","0","0","0","0","0","0","0","0","0","0","0","0","0","0"
"0x711772307170","@!P2  IMAD.IADD.U32 R134, R134, 0x1, R103","0","0","0","2664","85248","85248","32","32","0","0","0","-","-","-","0","0","0","0","0","0","0","0","0","0","0","0","0","0","0","0","0","0","0","0","0","0","0","0","0","0","0","0","0","0","0","0","0","0","0","0","0","0","0","0","0","0","0","0"
"0x711772307180","      LDS R138, [R2+UR12]","1","0","1","2664","85248","85248","32","32","0","0","0","Shared","Load","32","0","1","0","2664","2664","0","0","0","0","0","0","0","0","0","0","0","0","0","0","0","0","1","0","0","0","0","0","0","0","0","0","0","0","0","0","0","0","0","0","0","0","0","0","0"
"0x711772307190","@!P0  IMAD.IADD.U32 R133, R133, 0x1, R103","0","0","0","2664","85248","85248","32","32","0","0","0","-","-","-","0","0","0","0","0","0","0","0","0","0","0","0","0","0","0","0","0","0","0","0","0","0","0","0","0","0","0","0","0","0","0","0","0","0","0","0","0","0","0","0","0","0","0","0"
"0x7117723071a0","      LDS R137, [R151+UR12+0x1000]","1","1","1","2664","85248","85248","32","32","0","0","0","Shared","Load","32","0","1","0","2664","2664","0","0","0","0","0","0","0","0","0","0","0","0","1","0","0","0","0","0","0","0","0","0","0","0","0","0","0","0","0","0","1","0","0","0","0","0","0","0","0"
"0x7117723071b0","      LDS R136, [R151+UR12]","0","0","0","2664","85248","85248","32","32","0","0","0","Shared","Load","32","0","1","0","2664","2664","0","0","0","0","0","0","0","0","0","0","0","0","0","0","0","0","0","0","0","0","0","0","0","0","0","0","0","0","0","0","0","0","0","0","0","0","0","0","0"
"0x7117723071c0","      FSETP.GEU.AND P1, PT, |R149|, +INF , PT","0","0","0","2664","85248","85248","32","32","0","0","0","-","-","-","0","0","0","0","0","0","0","0","0","0","0","0","0","0","0","0","0","0","0","0","0","0","0","0","0","0","0","0","0","0","0","0","0","0","0","0","0","0","0","0","0","0","0","0"
"0x7117723071d0","      LDS R145, [R151+UR12+0x1080]","0","0","0","2664","85248","85248","32","32","0","0","0","Shared","Load","32","0","1","0","2664","2664","0","0","0","0","0","0","0","0","0","0","0","0","0","0","0","0","0","0","0","0","0","0","0","0","0","0","0","0","0","0","0","0","0","0","0","0","0","0","0"
"0x7117723071e0","      FSETP.GEU.AND P4, PT, |R148|, +INF , PT","0","0","0","2664","85248","85248","32","32","0","0","0","-","-","-","0","0","0","0","0","0","0","0","0","0","0","0","0","0","0","0","0","0","0","0","0","0","0","0","0","0","0","0","0","0","0","0","0","0","0","0","0","0","0","0","0","0","0","0"
"0x7117723071f0","      LDS R2, [R150+UR12]","0","0","0","2664","85248","85248","32","32","0","0","0","Shared","Load","32","0","1","0","2664","2664","0","0","0","0","0","0","0","0","0","0","0","0","0","0","0","0","0","0","0","0","0","0","0","0","0","0","0","0","0","0","0","0","0","0","0","0","0","0","0"
"0x711772307200","      FSETP.GEU.AND P3, PT, |R147|, +INF , PT","0","0","0","2664","85248","85248","32","32","0","0","0","-","-","-","0","0","0","0","0","0","0","0","0","0","0","0","0","0","0","0","0","0","0","0","0","0","0","0","0","0","0","0","0","0","0","0","0","0","0","0","0","0","0","0","0","0","0","0"
"0x711772307210","      LDS R3, [R150+UR12+0x1000]","1","1","1","2664","85248","85248","32","32","0","0","0","Shared","Load","32","0","1","0","2664","2664","0","0","0","0","0","0","0","0","0","0","0","0","1","0","0","0","0","0","0","0","0","0","0","0","0","0","0","0","0","0","1","0","0","0","0","0","0","0","0"
"0x711772307220","      FSETP.GEU.AND P6, PT, |R146|, +INF , PT","1","0","1","2664","85248","85248","32","32","0","0","0","-","-","-","0","0","0","0","0","0","0","0","0","0","0","0","0","0","0","0","0","0","0","0","0","0","1","0","0","0","0","0","0","0","0","0","0","0","0","0","0","0","0","0","0","0","0","0"
"0x711772307230","@!P1  IMAD.IADD.U32 R149, R149, 0x1, R103","0","0","0","2664","85248","85248","32","32","0","0","0","-","-","-","0","0","0","0","0","0","0","0","0","0","0","0","0","0","0","0","0","0","0","0","0","0","0","0","0","0","0","0","0","0","0","0","0","0","0","0","0","0","0","0","0","0","0","0"
"0x711772307240","      LDS R142, [R150+UR12+0x80]","0","0","0","2664","85248","85248","32","32","0","0","0","Shared","Load","32","0","1","0","2664","2664","0","0","0","0","0","0","0","0","0","0","0","0","0","0","0","0","0","0","0","0","0","0","0","0","0","0","0","0","0","0","0","0","0","0","0","0","0","0","0"
"0x711772307250","      FSETP.GEU.AND P2, PT, |R144|, +INF , PT","0","0","0","2664","85248","85248","32","32","0","0","0","-","-","-","0","0","0","0","0","0","0","0","0","0","0","0","0","0","0","0","0","0","0","0","0","0","0","0","0","0","0","0","0","0","0","0","0","0","0","0","0","0","0","0","0","0","0","0"
"0x711772307260","@!P4  IMAD.IADD.U32 R148, R148, 0x1, R103","0","0","0","2664","85248","85248","32","32","0","0","0","-","-","-","0","0","0","0","0","0","0","0","0","0","0","0","0","0","0","0","0","0","0","0","0","0","0","0","0","0","0","0","0","0","0","0","0","0","0","0","0","0","0","0","0","0","0","0"
"0x711772307270","      LDS R143, [R150+UR12+0x1080]","0","0","0","2664","85248","85248","32","32","0","0","0","Shared","Load","32","0","1","0","2664","2664","0","0","0","0","0","0","0","0","0","0","0","0","0","0","0","0","0","0","0","0","0","0","0","0","0","0","0","0","0","0","0","0","0","0","0","0","0","0","0"
"0x711772307280","      FSETP.GEU.AND P5, PT, |R141|, +INF , PT","1","0","1","2664","85248","85248","32","32","0","0","0","-","-","-","0","0","0","0","0","0","0","0","0","0","0","0","0","0","0","0","0","0","0","0","0","1","0","0","0","0","0","0","0","0","0","0","0","0","0","0","0","0","0","0","0","0","0","0"
"0x711772307290","@!P3  IMAD.IADD.U32 R147, R147, 0x1, R103","0","0","0","2664","85248","85248","32","32","0","0","0","-","-","-","0","0","0","0","0","0","0","0","0","0","0","0","0","0","0","0","0","0","0","0","0","0","0","0","0","0","0","0","0","0","0","0","0","0","0","0","0","0","0","0","0","0","0","0"
"0x7117723072a0","      FSETP.GEU.AND P0, PT, |R140|, +INF , PT","0","0","0","2664","85248","85248","32","32","0","0","0","-","-","-","0","0","0","0","0","0","0","0","0","0","0","0","0","0","0","0","0","0","0","0","0","0","0","0","0","0","0","0","0","0","0","0","0","0","0","0","0","0","0","0","0","0","0","0"
"0x7117723072b0","@!P6  IMAD.IADD.U32 R146, R146, 0x1, R103","1","1","1","2664","85248","85248","32","32","0","0","0","-","-","-","0","0","0","0","0","0","0","0","0","0","0","0","0","0","0","1","0","0","0","0","0","0","0","0","0","0","0","0","0","0","0","0","0","1","0","0","0","0","0","0","0","0","0","0"
"0x7117723072c0","      FSETP.GEU.AND P6, PT, |R132|, +INF , PT","0","0","0","2664","85248","85248","32","32","0","0","0","-","-","-","0","0","0","0","0","0","0","0","0","0","0","0","0","0","0","0","0","0","0","0","0","0","0","0","0","0","0","0","0","0","0","0","0","0","0","0","0","0","0","0","0","0","0","0"
"0x7117723072d0","      IMAD.SHL.U32 R151, R0, 0x8, RZ","0","0","0","2664","85248","85248","32","32","0","0","0","-","-","-","0","0","0","0","0","0","0","0","0","0","0","0","0","0","0","0","0","0","0","0","0","0","0","0","0","0","0","0","0","0","0","0","0","0","0","0","0","0","0","0","0","0","0","0"
"0x7117723072e0","      FSETP.GEU.AND P1, PT, |R139|, +INF , PT","0","0","0","2664","85248","85248","32","32","0","0","0","-","-","-","0","0","0","0","0","0","0","0","0","0","0","0","0","0","0","0","0","0","0","0","0","0","0","0","0","0","0","0","0","0","0","0","0","0","0","0","0","0","0","0","0","0","0","0"
"0x7117723072f0","@!P2  IMAD.IADD.U32 R144, R144, 0x1, R103","0","0","0","2664","85248","85248","32","32","0","0","0","-","-","-","0","0","0","0","0","0","0","0","0","0","0","0","0","0","0","0","0","0","0","0","0","0","0","0","0","0","0","0","0","0","0","0","0","0","0","0","0","0","0","0","0","0","0","0"
"0x711772307300","      FSETP.GEU.AND P4, PT, |R138|, +INF , PT","0","0","0","2664","85248","85248","32","32","0","0","0","-","-","-","0","0","0","0","0","0","0","0","0","0","0","0","0","0","0","0","0","0","0","0","0","0","0","0","0","0","0","0","0","0","0","0","0","0","0","0","0","0","0","0","0","0","0","0"
"0x711772307310","@!P5  IMAD.IADD.U32 R141, R141, 0x1, R103","0","0","0","2664","85248","85248","32","32","0","0","0","-","-","-","0","0","0","0","0","0","0","0","0","0","0","0","0","0","0","0","0","0","0","0","0","0","0","0","0","0","0","0","0","0","0","0","0","0","0","0","0","0","0","0","0","0","0","0"
"0x711772307320","      FSETP.GEU.AND P3, PT, |R137|, +INF , PT","0","0","0","2664","85248","85248","32","32","0","0","0","-","-","-","0","0","0","0","0","0","0","0","0","0","0","0","0","0","0","0","0","0","0","0","0","0","0","0","0","0","0","0","0","0","0","0","0","0","0","0","0","0","0","0","0","0","0","0"
"0x711772307330","@!P0  IMAD.IADD.U32 R140, R140, 0x1, R103","0","0","0","2664","85248","85248","32","32","0","0","0","-","-","-","0","0","0","0","0","0","0","0","0","0","0","0","0","0","0","0","0","0","0","0","0","0","0","0","0","0","0","0","0","0","0","0","0","0","0","0","0","0","0","0","0","0","0","0"
"0x711772307340","      FSETP.GEU.AND P2, PT, |R136|, +INF , PT","0","0","0","2664","85248","85248","32","32","0","0","0","-","-","-","0","0","0","0","0","0","0","0","0","0","0","0","0","0","0","0","0","0","0","0","0","0","0","0","0","0","0","0","0","0","0","0","0","0","0","0","0","0","0","0","0","0","0","0"
"0x711772307350","@!P6  IMAD.IADD.U32 R132, R132, 0x1, R103","0","0","0","2664","85248","85248","32","32","0","0","0","-","-","-","0","0","0","0","0","0","0","0","0","0","0","0","0","0","0","0","0","0","0","0","0","0","0","0","0","0","0","0","0","0","0","0","0","0","0","0","0","0","0","0","0","0","0","0"
"0x711772307360","@!P1  IMAD.IADD.U32 R139, R139, 0x1, R103","0","0","0","2664","85248","85248","32","32","0","0","0","-","-","-","0","0","0","0","0","0","0","0","0","0","0","0","0","0","0","0","0","0","0","0","0","0","0","0","0","0","0","0","0","0","0","0","0","0","0","0","0","0","0","0","0","0","0","0"
"0x711772307370","      FSETP.GEU.AND P5, PT, |R145|, +INF , PT","0","0","0","2664","85248","85248","32","32","0","0","0","-","-","-","0","0","0","0","0","0","0","0","0","0","0","0","0","0","0","0","0","0","0","0","0","0","0","0","0","0","0","0","0","0","0","0","0","0","0","0","0","0","0","0","0","0","0","0"
"0x711772307380","@!P4  IMAD.IADD.U32 R138, R138, 0x1, R103","0","0","0","2664","85248","85248","32","32","0","0","0","-","-","-","0","0","0","0","0","0","0","0","0","0","0","0","0","0","0","0","0","0","0","0","0","0","0","0","0","0","0","0","0","0","0","0","0","0","0","0","0","0","0","0","0","0","0","0"
"0x711772307390","      LOP3.LUT R150, R151, 0x18, RZ, 0xc0, !PT","1","0","1","2664","85248","85248","32","32","0","0","0","-","-","-","0","0","0","0","0","0","0","0","0","0","0","0","0","0","0","0","0","0","0","0","0","0","1","0","0","0","0","0","0","0","0","0","0","0","0","0","0","0","0","0","0","0","0","0"
"0x7117723073a0","      FSETP.GEU.AND P0, PT, |R2|, +INF , PT","0","0","0","2664","85248","85248","32","32","0","0","0","-","-","-","0","0","0","0","0","0","0","0","0","0","0","0","0","0","0","0","0","0","0","0","0","0","0","0","0","0","0","0","0","0","0","0","0","0","0","0","0","0","0","0","0","0","0","0"
"0x7117723073b0","@!P3  IMAD.IADD.U32 R137, R137, 0x1, R103","0","0","0","2664","85248","85248","32","32","0","0","0","-","-","-","0","0","0","0","0","0","0","0","0","0","0","0","0","0","0","0","0","0","0","0","0","0","0","0","0","0","0","0","0","0","0","0","0","0","0","0","0","0","0","0","0","0","0","0"
"0x7117723073c0","      LOP3.LUT R165, R183, 0x18, R150, 0xf6, !PT","0","0","0","2664","85248","85248","32","32","0","0","0","-","-","-","0","0","0","0","0","0","0","0","0","0","0","0","0","0","0","0","0","0","0","0","0","0","0","0","0","0","0","0","0","0","0","0","0","0","0","0","0","0","0","0","0","0","0","0"
"0x7117723073d0","      FSETP.GEU.AND P1, PT, |R3|, +INF , PT","0","0","0","2664","85248","85248","32","32","0","0","0","-","-","-","0","0","0","0","0","0","0","0","0","0","0","0","0","0","0","0","0","0","0","0","0","0","0","0","0","0","0","0","0","0","0","0","0","0","0","0","0","0","0","0","0","0","0","0"
"0x7117723073e0","@!P2  IMAD.IADD.U32 R136, R136, 0x1, R103","0","0","0","2664","85248","85248","32","32","0","0","0","-","-","-","0","0","0","0","0","0","0","0","0","0","0","0","0","0","0","0","0","0","0","0","0","0","0","0","0","0","0","0","0","0","0","0","0","0","0","0","0","0","0","0","0","0","0","0"
"0x7117723073f0","      LOP3.LUT R213, R183, 0x10, R150, 0xf6, !PT","0","0","0","2664","85248","85248","32","32","0","0","0","-","-","-","0","0","0","0","0","0","0","0","0","0","0","0","0","0","0","0","0","0","0","0","0","0","0","0","0","0","0","0","0","0","0","0","0","0","0","0","0","0","0","0","0","0","0","0"
"0x711772307400","      FSETP.GEU.AND P4, PT, |R142|, +INF , PT","0","0","0","2664","85248","85248","32","32","0","0","0","-","-","-","0","0","0","0","0","0","0","0","0","0","0","0","0","0","0","0","0","0","0","0","0","0","0","0","0","0","0","0","0","0","0","0","0","0","0","0","0","0","0","0","0","0","0","0"
"0x711772307410","@!P5  IMAD.IADD.U32 R145, R145, 0x1, R103","0","0","0","2664","85248","85248","32","32","0","0","0","-","-","-","0","0","0","0","0","0","0","0","0","0","0","0","0","0","0","0","0","0","0","0","0","0","0","0","0","0","0","0","0","0","0","0","0","0","0","0","0","0","0","0","0","0","0","0"
"0x711772307420","      LOP3.LUT R151, R183, 0x8, R150, 0xf6, !PT","0","0","0","2664","85248","85248","32","32","0","0","0","-","-","-","0","0","0","0","0","0","0","0","0","0","0","0","0","0","0","0","0","0","0","0","0","0","0","0","0","0","0","0","0","0","0","0","0","0","0","0","0","0","0","0","0","0","0","0"
"0x711772307430","      FSETP.GEU.AND P3, PT, |R143|, +INF , PT","0","0","0","2664","85248","85248","32","32","0","0","0","-","-","-","0","0","0","0","0","0","0","0","0","0","0","0","0","0","0","0","0","0","0","0","0","0","0","0","0","0","0","0","0","0","0","0","0","0","0","0","0","0","0","0","0","0","0","0"
"0x711772307440","@!P0  IMAD.IADD.U32 R2, R2, 0x1, R103","0","0","0","2664","85248","85248","32","32","0","0","0","-","-","-","0","0","0","0","0","0","0","0","0","0","0","0","0","0","0","0","0","0","0","0","0","0","0","0","0","0","0","0","0","0","0","0","0","0","0","0","0","0","0","0","0","0","0","0"
"0x711772307450","      LOP3.LUT R211, R212, R150, R183, 0xfe, !PT","0","0","0","2664","85248","85248","32","32","0","0","0","-","-","-","0","0","0","0","0","0","0","0","0","0","0","0","0","0","0","0","0","0","0","0","0","0","0","0","0","0","0","0","0","0","0","0","0","0","0","0","0","0","0","0","0","0","0","0"
"0x711772307460","      LOP3.LUT R214, R212, R165, RZ, 0xfc, !PT","0","0","0","2664","85248","85248","32","32","0","0","0","-","-","-","0","0","0","0","0","0","0","0","0","0","0","0","0","0","0","0","0","0","0","0","0","0","0","0","0","0","0","0","0","0","0","0","0","0","0","0","0","0","0","0","0","0","0","0"
"0x711772307470","@!P1  IMAD.IADD.U32 R3, R3, 0x1, R103","0","0","0","2664","85248","85248","32","32","0","0","0","-","-","-","0","0","0","0","0","0","0","0","0","0","0","0","0","0","0","0","0","0","0","0","0","0","0","0","0","0","0","0","0","0","0","0","0","0","0","0","0","0","0","0","0","0","0","0"
"0x711772307480","      LOP3.LUT R213, R212, R213, RZ, 0xfc, !PT","2","0","2","2664","85248","85248","32","32","0","0","0","-","-","-","0","0","0","0","0","0","0","0","0","0","0","0","0","0","0","0","0","0","0","0","0","2","0","0","0","0","0","0","0","0","0","0","0","0","0","0","0","0","0","0","0","0","0","0"
"0x711772307490","      LOP3.LUT R212, R212, R151, RZ, 0xfc, !PT","0","0","0","2664","85248","85248","32","32","0","0","0","-","-","-","0","0","0","0","0","0","0","0","0","0","0","0","0","0","0","0","0","0","0","0","0","0","0","0","0","0","0","0","0","0","0","0","0","0","0","0","0","0","0","0","0","0","0","0"
"0x7117723074a0","@!P4  IMAD.IADD.U32 R142, R142, 0x1, R103","0","0","0","2664","85248","85248","32","32","0","0","0","-","-","-","0","0","0","0","0","0","0","0","0","0","0","0","0","0","0","0","0","0","0","0","0","0","0","0","0","0","0","0","0","0","0","0","0","0","0","0","0","0","0","0","0","0","0","0"
"0x7117723074b0","      LEA R211, R211, 0x6000, 0x2","0","0","0","2664","85248","85248","32","32","0","0","0","-","-","-","0","0","0","0","0","0","0","0","0","0","0","0","0","0","0","0","0","0","0","0","0","0","0","0","0","0","0","0","0","0","0","0","0","0","0","0","0","0","0","0","0","0","0","0"
"0x7117723074c0","      LEA R214, R214, 0x6000, 0x2","0","0","0","2664","85248","85248","32","32","0","0","0","-","-","-","0","0","0","0","0","0","0","0","0","0","0","0","0","0","0","0","0","0","0","0","0","0","0","0","0","0","0","0","0","0","0","0","0","0","0","0","0","0","0","0","0","0","0","0"
"0x7117723074d0","@!P3  IMAD.IADD.U32 R143, R143, 0x1, R103","0","0","0","2664","85248","85248","32","32","0","0","0","-","-","-","0","0","0","0","0","0","0","0","0","0","0","0","0","0","0","0","0","0","0","0","0","0","0","0","0","0","0","0","0","0","0","0","0","0","0","0","0","0","0","0","0","0","0","0"
"0x7117723074e0","      LEA R213, R213, 0x6000, 0x2","0","0","0","2664","85248","85248","32","32","0","0","0","-","-","-","0","0","0","0","0","0","0","0","0","0","0","0","0","0","0","0","0","0","0","0","0","0","0","0","0","0","0","0","0","0","0","0","0","0","0","0","0","0","0","0","0","0","0","0"
"0x7117723074f0","      IMAD.MOV.U32 R103, RZ, RZ, RZ","0","0","0","2664","85248","85248","32","32","0","0","0","-","-","-","0","0","0","0","0","0","0","0","0","0","0","0","0","0","0","0","0","0","0","0","0","0","0","0","0","0","0","0","0","0","0","0","0","0","0","0","0","0","0","0","0","0","0","0"
"0x711772307500","      LEA R212, R212, 0x6000, 0x2","0","0","0","2664","85248","85248","32","32","0","0","0","-","-","-","0","0","0","0","0","0","0","0","0","0","0","0","0","0","0","0","0","0","0","0","0","0","0","0","0","0","0","0","0","0","0","0","0","0","0","0","0","0","0","0","0","0","0","0"
"0x711772307510","      MOV R209, 0x1000","1","1","1","2664","85248","85248","32","32","0","0","0","-","-","-","0","0","0","0","0","0","0","0","0","0","0","0","0","0","0","1","0","0","0","0","0","0","0","0","0","0","0","0","0","0","0","0","0","1","0","0","0","0","0","0","0","0","0","0"
"0x711772307520","      HMMA.1688.F32.TF32 R4, R132, R2, R4","2278","1678","2278","127872","4091904","4091904","32","32","0","0","0","-","-","-","0","0","0","0","0","0","0","0","0","10","0","0","0","0","0","2089","0","0","0","44","134","0","0","0","0","1","0","0","0","0","0","0","0","1650","0","0","0","28","0","0","0","0","0","0"
"0x711772307530","      LDS R150, [R211+UR12+0x2000]","3","0","3","127872","4091904","4091904","32","32","0","0","0","Shared","Load","32","0","1","0","127872","127872","0","0","0","0","0","0","0","0","0","0","0","0","0","0","0","0","3","0","0","0","0","0","0","0","0","0","0","0","0","0","0","0","0","0","0","0","0","0","0"
"0x711772307540","      UIADD3 UR7, UR12, 0x4000, URZ","4","0","4","127872","4091904","4091904","32","32","0","0","0","-","-","-","0","0","0","0","0","0","0","0","0","0","0","0","0","0","0","0","0","0","0","0","0","4","0","0","0","0","0","0","0","0","0","0","0","0","0","0","0","0","0","0","0","0","0","0"
"0x711772307550","      UIADD3 UR8, UR13, 0x80, URZ","7","5","7","127872","4091904","4091904","32","32","0","0","0","-","-","-","0","0","0","0","0","0","0","0","0","0","0","0","0","0","0","0","0","0","0","0","1","1","0","0","0","5","0","0","0","0","0","0","0","0","0","0","0","0","0","0","0","0","0","5"
"0x711772307560","      LDS R151, [R211+UR12+0x3000]","2","0","2","127872","4091904","4091904","32","32","0","0","0","Shared","Load","32","0","1","0","127872","127872","0","0","0","0","0","0","0","0","0","0","0","0","0","0","0","0","2","0","0","0","0","0","0","0","0","0","0","0","0","0","0","0","0","0","0","0","0","0","0"
"0x711772307570","      R2P PR, R207, 0x1","5","0","5","127872","4091904","4091904","32","32","0","0","0","-","-","-","0","0","0","0","0","0","0","0","0","0","0","0","0","0","0","0","0","0","0","0","0","5","0","0","0","0","0","0","0","0","0","0","0","0","0","0","0","0","0","0","0","0","0","0"
"0x711772307580","      IMAD.MOV.U32 R205, RZ, RZ, R203","5","0","5","127872","4091904","4091904","32","32","0","0","0","-","-","-","0","0","0","0","0","0","0","0","0","0","0","0","0","0","0","0","0","0","0","0","0","5","0","0","0","0","0","0","0","0","0","0","0","0","0","0","0","0","0","0","0","0","0","0"
"0x711772307590","      HMMA.1688.F32.TF32 R8, R132, R136, R8","44","39","44","127872","4091904","4091904","32","32","0","0","0","-","-","-","0","0","0","0","0","0","0","0","0","0","0","0","0","0","0","39","0","0","0","0","0","5","0","0","0","0","0","0","0","0","0","0","0","39","0","0","0","0","0","0","0","0","0","0"
"0x7117723075a0","      LDSM.16.M88.4 R164, [R206+UR13]","1","0","1","127872","4091904","4091904","32","32","0","0","0","Shared","Load","128","0","4","0","511488","511488","0","0","0","0","0","0","0","0","0","0","0","0","0","0","0","0","1","0","0","0","0","0","0","0","0","0","0","0","0","0","0","0","0","0","0","0","0","0","0"
"0x7117723075b0","      UIADD3 UR9, UR9, 0x1, URZ","1","0","1","127872","4091904","4091904","32","32","0","0","0","-","-","-","0","0","0","0","0","0","0","0","0","0","0","0","0","0","0","0","0","0","0","0","0","1","0","0","0","0","0","0","0","0","0","0","0","0","0","0","0","0","0","0","0","0","0","0"
"0x7117723075c0","      UIADD3 UR6, UR6, 0x1, URZ","11","4","11","127872","4091904","4091904","32","32","0","0","0","-","-","-","0","0","0","0","0","0","0","0","0","0","0","0","0","0","0","0","0","0","0","0","0","7","0","0","0","4","0","0","0","0","0","0","0","0","0","0","0","0","0","0","0","0","0","4"
"0x7117723075d0","      IADD3 R210, R208, -0x1, RZ","6","0","6","127872","4091904","4091904","32","32","0","0","0","-","-","-","0","0","0","0","0","0","0","0","0","0","0","0","0","0","0","0","0","0","0","0","0","6","0","0","0","0","0","0","0","0","0","0","0","0","0","0","0","0","0","0","0","0","0","0"
"0x7117723075e0","      UISETP.NE.AND UP1, UPT, UR9, 0x3, UPT","3","0","3","127872","4091904","4091904","32","32","0","0","0","-","-","-","0","0","0","0","0","0","0","0","0","0","0","0","0","0","0","0","0","0","0","0","0","3","0","0","0","0","0","0","0","0","0","0","0","0","0","0","0","0","0","0","0","0","0","0"
"0x7117723075f0","      HMMA.1688.F32.TF32 R12, R132, R138, R12","37","35","37","127872","4091904","4091904","32","32","0","0","0","-","-","-","0","0","0","0","0","0","0","0","0","0","0","0","0","0","0","32","0","0","0","0","0","2","0","0","0","3","0","0","0","0","0","0","0","32","0","0","0","0","0","0","0","0","0","3"
"0x711772307600","      LDS R168, [R212+UR12+0x2000]","4","0","4","127872","4091904","4091904","32","32","0","0","0","Shared","Load","32","0","1","0","127872","127872","0","0","0","0","0","0","0","0","0","0","0","0","0","0","0","0","4","0","0","0","0","0","0","0","0","0","0","0","0","0","0","0","0","0","0","0","0","0","0"
"0x711772307610","      UISETP.NE.AND UP0, UPT, UR6, 0x3, UPT","5","0","5","127872","4091904","4091904","32","32","0","0","0","-","-","-","0","0","0","0","0","0","0","0","0","0","0","0","0","0","0","0","0","0","0","0","0","5","0","0","0","0","0","0","0","0","0","0","0","0","0","0","0","0","0","0","0","0","0","0"
"0x711772307620","@P0   IMAD.MOV.U32 R203, RZ, RZ, R201","5","1","5","127872","4091904","3828672","32","29","3","3","0","-","-","-","0","0","0","0","0","0","0","0","0","0","0","0","0","0","0","0","0","0","0","0","0","4","0","0","0","1","0","0","0","0","0","0","0","0","0","0","0","0","0","0","0","0","0","1"
"0x711772307630","      LDS R169, [R212+UR12+0x3000]","3","0","3","127872","4091904","4091904","32","32","3","0","0","Shared","Load","32","0","1","0","127872","127872","0","0","0","0","0","0","0","0","0","0","0","0","0","0","0","0","3","0","0","0","0","0","0","0","0","0","0","0","0","0","0","0","0","0","0","0","0","0","0"
"0x711772307640","      UIADD3 UR5, UR10, -0x8000, URZ","3","0","3","127872","4091904","4091904","32","32","0","0","0","-","-","-","0","0","0","0","0","0","0","0","0","0","0","0","0","0","0","0","0","0","0","0","0","3","0","0","0","0","0","0","0","0","0","0","0","0","0","0","0","0","0","0","0","0","0","0"
"0x711772307650","      HMMA.1688.F32.TF32 R16, R132, R140, R16","37","36","37","127872","4091904","4091904","32","32","0","0","0","-","-","-","0","0","0","0","0","0","0","0","0","0","0","0","0","0","0","33","0","0","0","0","0","1","0","0","0","3","0","0","0","0","0","0","0","33","0","0","0","0","0","0","0","0","0","3"
"0x711772307660","      LDS R170, [R213+UR12+0x2000]","5","0","5","127872","4091904","4091904","32","32","0","0","0","Shared","Load","32","0","1","0","127872","127872","0","0","0","0","0","0","0","0","0","0","0","0","0","0","0","0","5","0","0","0","0","0","0","0","0","0","0","0","0","0","0","0","0","0","0","0","0","0","0"
"0x711772307670","@!UP1 UIADD3 UR7, UR12, -0x8000, URZ","4","0","4","127872","4091904","1363968","32","10","22","22","0","-","-","-","0","0","0","0","0","0","0","0","0","0","0","0","0","0","0","0","0","0","0","0","0","4","0","0","0","0","0","0","0","0","0","0","0","0","0","0","0","0","0","0","0","0","0","0"
"0x711772307680","@!UP1 UIADD3 UR8, UR13, -0x100, URZ","13","6","13","127872","4091904","1363968","32","10","0","22","0","-","-","-","0","0","0","0","0","0","0","0","0","0","0","0","0","0","0","0","0","0","0","0","0","7","0","0","0","6","0","0","0","0","0","0","0","0","0","0","0","0","0","0","0","0","0","6"
"0x711772307690","      LDS R171, [R213+UR12+0x3000]","3","0","3","127872","4091904","4091904","32","32","22","0","0","Shared","Load","32","0","1","0","127872","127872","0","0","0","0","0","0","0","0","0","0","0","0","0","0","0","0","3","0","0","0","0","0","0","0","0","0","0","0","0","0","0","0","0","0","0","0","0","0","0"
"0x7117723076a0","      UIADD3 UR4, UR11, -0x100, URZ","4","0","4","127872","4091904","4091904","32","32","0","0","0","-","-","-","0","0","0","0","0","0","0","0","0","0","0","0","0","0","0","0","0","0","0","0","0","4","0","0","0","0","0","0","0","0","0","0","0","0","0","0","0","0","0","0","0","0","0","0"
"0x7117723076b0","      HMMA.1688.F32.TF32 R20, R132, R142, R20","41","38","41","127872","4091904","4091904","32","32","0","0","0","-","-","-","0","0","0","0","0","0","0","0","0","0","0","0","0","0","0","33","0","0","0","0","0","3","0","0","0","5","0","0","0","0","0","0","0","33","0","0","0","0","0","0","0","0","0","5"
"0x7117723076c0","      LDS R172, [R214+UR12+0x2000]","5","0","5","127872","4091904","4091904","32","32","0","0","0","Shared","Load","32","0","1","0","127872","127872","0","0","0","0","0","0","0","0","0","0","0","0","0","0","0","0","5","0","0","0","0","0","0","0","0","0","0","0","0","0","0","0","0","0","0","0","0","0","0"
"0x7117723076d0","@UP0  UIADD3 UR5, UR10, 0x4000, URZ","8","0","8","127872","4091904","2727936","32","21","11","11","0","-","-","-","0","0","0","0","0","0","0","0","0","0","0","0","0","0","0","0","0","0","0","0","0","8","0","0","0","0","0","0","0","0","0","0","0","0","0","0","0","0","0","0","0","0","0","0"
"0x7117723076e0","@UP0  UIADD3 UR4, UR11, 0x80, URZ","9","5","9","127872","4091904","2727936","32","21","0","11","0","-","-","-","0","0","0","0","0","0","0","0","0","0","0","0","0","0","0","0","0","0","0","0","0","4","0","0","0","5","0","0","0","0","0","0","0","0","0","0","0","0","0","0","0","0","0","5"
"0x7117723076f0","      LDS R173, [R214+UR12+0x3000]","9","0","9","127872","4091904","4091904","32","32","11","0","0","Shared","Load","32","0","1","0","127872","127872","0","0","0","0","0","0","0","0","0","0","0","0","0","0","0","0","9","0","0","0","0","0","0","0","0","0","0","0","0","0","0","0","0","0","0","0","0","0","0"
"0x711772307700","@!UP1 UMOV UR9, URZ","1","0","1","127872","4091904","1363968","32","10","22","22","0","-","-","-","0","0","0","0","0","0","0","0","0","0","0","0","0","0","0","0","0","0","0","0","0","1","0","0","0","0","0","0","0","0","0","0","0","0","0","0","0","0","0","0","0","0","0","0"
"0x711772307710","      HMMA.1688.F32.TF32 R24, R132, R144, R24","48","42","48","127872","4091904","4091904","32","32","22","0","0","-","-","-","0","0","0","0","0","0","0","0","0","0","0","0","0","0","0","39","0","0","0","0","0","5","0","0","0","4","0","0","0","0","0","0","0","38","0","0","0","0","0","0","0","0","0","4"
"0x711772307720","      LDS R174, [R211+UR12+0x2080]","5","0","5","127872","4091904","4091904","32","32","0","0","0","Shared","Load","32","0","1","0","127872","127872","0","0","0","0","0","0","0","0","0","0","0","0","0","0","0","0","5","0","0","0","0","0","0","0","0","0","0","0","0","0","0","0","0","0","0","0","0","0","0"
"0x711772307730","      USEL UR6, UR6, URZ, UP0","7","0","7","127872","4091904","4091904","32","32","0","0","0","-","-","-","0","0","0","0","0","0","0","0","0","0","0","0","0","0","0","0","0","0","0","0","0","7","0","0","0","0","0","0","0","0","0","0","0","0","0","0","0","0","0","0","0","0","0","0"
"0x711772307740","      LDS R175, [R211+UR12+0x3080]","6","3","6","127872","4091904","4091904","32","32","0","0","0","Shared","Load","32","0","1","0","127872","127872","0","0","0","0","0","0","0","0","0","0","0","0","0","0","0","0","3","0","0","0","3","0","0","0","0","0","0","0","0","0","0","0","0","0","0","0","0","0","3"
"0x711772307750","      HMMA.1688.F32.TF32 R28, R132, R146, R28","43","41","43","127872","4091904","4091904","32","32","0","0","0","-","-","-","0","0","0","0","0","0","0","0","0","0","0","0","0","0","0","35","0","0","0","0","0","2","0","0","0","6","0","0","0","0","0","0","0","35","0","0","0","0","0","0","0","0","0","6"
"0x711772307760","      LDS R176, [R212+UR12+0x2080]","3","0","3","127872","4091904","4091904","32","32","0","0","0","Shared","Load","32","0","1","0","127872","127872","0","0","0","0","0","0","0","0","0","0","0","0","0","0","0","0","3","0","0","0","0","0","0","0","0","0","0","0","0","0","0","0","0","0","0","0","0","0","0"
"0x711772307770","      LDS R177, [R212+UR12+0x3080]","21","14","21","127872","4091904","4091904","32","32","0","0","0","Shared","Load","32","0","1","0","127872","127872","0","0","0","0","0","0","0","0","0","0","0","0","2","0","0","0","6","0","0","0","13","0","0","0","0","0","0","0","0","0","1","0","0","0","0","0","0","0","13"
"0x711772307780","      HMMA.1688.F32.TF32 R32, R132, R148, R32","39","35","39","127872","4091904","4091904","32","32","0","0","0","-","-","-","0","0","0","0","0","0","0","0","0","0","0","0","0","0","0","28","0","0","0","0","0","4","0","0","0","7","0","0","0","0","0","0","0","28","0","0","0","0","0","0","0","0","0","7"
"0x711772307790","      LDS R178, [R213+UR12+0x2080]","7","0","7","127872","4091904","4091904","32","32","0","0","0","Shared","Load","32","0","1","0","127872","127872","0","0","0","0","0","0","0","0","0","0","0","0","0","0","0","0","7","0","0","0","0","0","0","0","0","0","0","0","0","0","0","0","0","0","0","0","0","0","0"
"0x7117723077a0","      LDS R179, [R213+UR12+0x3080]","11","8","11","127872","4091904","4091904","32","32","0","0","0","Shared","Load","32","0","1","0","127872","127872","0","0","0","0","0","0","0","0","0","0","0","0","0","0","0","0","3","0","0","0","8","0","0","0","0","0","0","0","0","0","0","0","0","0","0","0","0","0","8"
"0x7117723077b0","      HMMA.1688.F32.TF32 R36, R152, R148, R36","38","35","38","127872","4091904","4091904","32","32","0","0","0","-","-","-","0","0","0","0","0","0","0","0","0","0","0","0","0","0","0","26","0","0","0","0","0","3","0","0","0","9","0","0","0","0","0","0","0","26","0","0","0","0","0","0","0","0","0","9"
"0x7117723077c0","      LDS R180, [R214+UR12+0x2080]","6","0","6","127872","4091904","4091904","32","32","0","0","0","Shared","Load","32","0","1","0","127872","127872","0","0","0","0","0","0","0","0","0","0","0","0","0","0","0","0","6","0","0","0","0","0","0","0","0","0","0","0","0","0","0","0","0","0","0","0","0","0","0"
"0x7117723077d0","      LDS R181, [R214+UR12+0x3080]","15","10","15","127872","4091904","4091904","32","32","0","0","0","Shared","Load","32","0","1","0","127872","127872","0","0","0","0","0","0","0","0","0","0","0","0","0","0","0","0","5","0","0","0","10","0","0","0","0","0","0","0","0","0","0","0","0","0","0","0","0","0","10"
"0x7117723077e0","      UMOV UR12, UR7","3","0","3","127872","4091904","4091904","32","32","0","0","0","-","-","-","0","0","0","0","0","0","0","0","0","0","0","0","0","0","0","0","0","0","0","0","0","3","0","0","0","0","0","0","0","0","0","0","0","0","0","0","0","0","0","0","0","0","0","0"
"0x7117723077f0","      HMMA.1688.F32.TF32 R40, R152, R146, R40","35","31","35","127872","4091904","4091904","32","32","0","0","0","-","-","-","0","0","0","0","0","0","0","0","0","0","0","0","0","0","0","31","0","0","0","0","0","4","0","0","0","0","0","0","0","0","0","0","0","31","0","0","0","0","0","0","0","0","0","0"
"0x711772307800","      LDSM.16.M88.4 R184, [R206+UR13+0xc00]","6","0","6","127872","4091904","4091904","32","32","0","0","0","Shared","Load","128","0","4","0","511488","511488","0","0","0","0","0","0","0","0","0","0","0","0","0","0","0","0","6","0","0","0","0","0","0","0","0","0","0","0","0","0","0","0","0","0","0","0","0","0","0"
"0x711772307810","      HMMA.1688.F32.TF32 R44, R152, R144, R44","68","64","68","127872","4091904","4091904","32","32","0","0","0","-","-","-","0","0","0","0","0","0","0","0","0","0","0","0","0","0","0","34","0","0","0","0","0","4","0","0","0","30","0","0","0","0","0","0","0","34","0","0","0","0","0","0","0","0","0","30"
"0x711772307820","      LDSM.16.M88.4 R188, [R206+UR13+0x1800]","4","0","4","127872","4091904","4091904","32","32","0","0","0","Shared","Load","128","0","4","0","511488","511488","0","0","0","0","0","0","0","0","0","0","0","0","0","0","0","0","4","0","0","0","0","0","0","0","0","0","0","0","0","0","0","0","0","0","0","0","0","0","0"
"0x711772307830","      HMMA.1688.F32.TF32 R48, R152, R142, R48","52","52","52","127872","4091904","4091904","32","32","0","0","0","-","-","-","0","0","0","0","0","0","0","0","0","0","0","0","0","0","0","30","0","0","0","0","0","0","0","0","0","22","0","0","0","0","0","0","0","30","0","0","0","0","0","0","0","0","0","22"
"0x711772307840","      LDSM.16.M88.4 R192, [R206+UR13+0x2400]","3","0","3","127872","4091904","4091904","32","32","0","0","0","Shared","Load","128","0","4","0","511488","511488","0","0","0","0","0","0","0","0","0","0","0","0","0","0","0","0","3","0","0","0","0","0","0","0","0","0","0","0","0","0","0","0","0","0","0","0","0","0","0"
"0x711772307850","      UMOV UR13, UR8","4","0","4","127872","4091904","4091904","32","32","0","0","0","-","-","-","0","0","0","0","0","0","0","0","0","0","0","0","0","0","0","0","0","0","0","0","0","4","0","0","0","0","0","0","0","0","0","0","0","0","0","0","0","0","0","0","0","0","0","0"
"0x711772307860","      HMMA.1688.F32.TF32 R52, R152, R140, R52","51","39","51","127872","4091904","4091904","32","32","0","0","0","-","-","-","0","0","0","0","0","0","0","0","0","0","0","0","0","0","0","23","0","0","0","0","0","12","0","0","0","16","0","0","0","0","0","0","0","23","0","0","0","0","0","0","0","0","0","16"
"0x711772307870","@P0   LDGSTS.E.BYPASS.LTC128B.128 [R200+UR11], [R202.64]","1","0","1","127872","4091904","3828672","32","29","3","3","0","Global,Shared","Load,Store","128","957168","0","0","0","0","0","0","0","0","0","0","0","0","0","0","0","0","0","0","0","0","1","0","0","0","0","0","0","0","0","0","0","0","0","0","0","0","0","0","0","0","0","0","0"
"0x711772307880","      R2P PR, R197, 0x3","6","3","6","127872","4091904","4091904","32","32","3","0","0","-","-","-","0","0","0","0","0","0","0","0","0","0","0","0","0","0","0","0","0","0","0","0","0","3","0","0","0","3","0","0","0","0","0","0","0","0","0","0","0","0","0","0","0","0","0","3"
"0x711772307890","      HMMA.1688.F32.TF32 R56, R152, R138, R56","36","32","36","127872","4091904","4091904","32","32","0","0","0","-","-","-","0","0","0","0","0","0","0","0","0","0","0","0","0","0","0","23","0","0","0","0","0","3","0","0","0","10","0","0","0","0","0","0","0","22","0","0","0","0","0","0","0","0","0","10"
"0x7117723078a0","      HMMA.1688.F32.TF32 R60, R152, R136, R60","47","44","47","127872","4091904","4091904","32","32","0","0","0","-","-","-","0","0","0","0","0","0","0","0","0","0","0","0","0","0","0","25","0","0","0","0","0","3","0","0","0","19","0","0","0","0","0","0","0","25","0","0","0","0","0","0","0","0","0","19"
"0x7117723078b0","@P1   LDGSTS.E.BYPASS.LTC128B.128 [R198+UR10+0x6080], [R204.64+0x80]","6","0","6","127872","4091904","3921408","32","30","2","2","0","Global,Shared","Load,Store","128","490176","3","0","490176","490176","0","1960704","1960704","0","0","0","0","0","0","0","0","0","0","0","0","0","6","0","0","0","0","0","0","0","0","0","0","0","0","0","0","0","0","0","0","0","0","0","0"
"0x7117723078c0","      R2P PR, R207, 0x2","5","4","5","127872","4091904","4091904","32","32","2","0","0","-","-","-","0","0","0","0","0","0","0","0","0","0","0","0","0","0","0","0","0","0","0","0","0","1","0","0","0","4","0","0","0","0","0","0","0","0","0","0","0","0","0","0","0","0","0","4"
"0x7117723078d0","      IADD3 R216, P4, R202, c[0x0][0x1a0], RZ","8","6","8","127872","4091904","4091904","32","32","0","0","0","-","-","-","0","0","0","0","0","0","0","0","0","0","0","0","0","0","0","0","0","0","0","0","0","2","0","0","0","6","0","0","0","0","0","0","0","0","0","0","0","0","0","0","0","0","0","6"
"0x7117723078e0","      HMMA.1688.F32.TF32 R64, R152, R2, R64","51","49","51","127872","4091904","4091904","32","32","0","0","0","-","-","-","0","0","0","0","0","0","0","0","0","0","0","0","0","0","0","40","0","0","0","0","0","2","0","0","0","9","0","0","0","0","0","0","0","40","0","0","0","0","0","0","0","0","0","9"
"0x7117723078f0","@P0   LDGSTS.E.BYPASS.LTC128B.128 [R198+UR10+0x6000], [R204.64]","3","0","3","127872","4091904","3921408","32","30","2","2","0","Global,Shared","Load,Store","128","490176","0","0","0","0","0","0","0","0","0","0","0","0","0","0","0","0","0","0","0","0","3","0","0","0","0","0","0","0","0","0","0","0","0","0","0","0","0","0","0","0","0","0","0"
"0x711772307900","      R2P PR, R197, 0xc","5","2","5","127872","4091904","4091904","32","32","2","0","0","-","-","-","0","0","0","0","0","0","0","0","0","0","0","0","0","0","0","0","0","0","0","0","0","3","0","0","0","2","0","0","0","0","0","0","0","0","0","0","0","0","0","0","0","0","0","2"
"0x711772307910","      IADD3.X R217, R201, c[0x0][0x1a4], RZ, P4, !PT","6","4","6","127872","4091904","4091904","32","32","0","0","0","-","-","-","0","0","0","0","0","0","0","0","0","0","0","0","0","0","0","0","0","0","0","0","0","2","0","0","0","4","0","0","0","0","0","0","0","0","0","0","0","0","0","0","0","0","0","4"
"0x711772307920","      FSETP.GEU.AND P6, PT, |R150|, +INF , PT","14","9","14","127872","4091904","4091904","32","32","0","0","0","-","-","-","0","0","0","0","0","0","0","0","0","0","0","0","0","0","0","0","0","0","0","0","0","5","0","0","0","9","0","0","0","0","0","0","0","0","0","0","0","0","0","0","0","0","0","9"
"0x711772307930","      HMMA.1688.F32.TF32 R68, R156, R2, R68","30","24","30","127872","4091904","4091904","32","32","0","0","0","-","-","-","0","0","0","0","0","0","0","0","0","0","0","0","0","0","0","28","0","0","0","0","0","2","0","0","0","0","0","0","0","0","0","0","0","24","0","0","0","0","0","0","0","0","0","0"
"0x711772307940","@P1   LDGSTS.E.BYPASS.LTC128B.128 [R199+UR11], [R216.64]","5","2","5","127872","4091904","3823704","32","29","3","3","0","Global,Shared","Load,Store","128","980766","7","477756","955926","478170","0","1911852","1911852","0","0","0","0","0","0","0","0","0","0","0","0","0","3","0","0","0","2","0","0","0","0","0","0","0","0","0","0","0","0","0","0","0","0","0","2"
"0x711772307950","      UMOV UR11, UR4","3","0","3","127872","4091904","4091904","32","32","3","0","0","-","-","-","0","0","0","0","0","0","0","0","0","0","0","0","0","0","0","0","0","0","0","0","0","3","0","0","0","0","0","0","0","0","0","0","0","0","0","0","0","0","0","0","0","0","0","0"
"0x711772307960","      ISETP.NE.AND P1, PT, R210, RZ, PT","5","0","5","127872","4091904","4091904","32","32","0","0","0","-","-","-","0","0","0","0","0","0","0","0","0","0","0","0","0","0","0","0","0","0","0","0","0","5","0","0","0","0","0","0","0","0","0","0","0","0","0","0","0","0","0","0","0","0","0","0"
"0x711772307970","      FSETP.GEU.AND P5, PT, |R151|, +INF , PT","4","2","4","127872","4091904","4091904","32","32","0","0","0","-","-","-","0","0","0","0","0","0","0","0","0","0","0","0","0","0","0","0","0","0","0","0","0","2","0","0","0","2","0","0","0","0","0","0","0","0","0","0","0","0","0","0","0","0","0","2"
"0x711772307980","      HMMA.1688.F32.TF32 R72, R156, R136, R72","40","33","40","127872","4091904","4091904","32","32","0","0","0","-","-","-","0","0","0","0","0","0","0","0","0","0","0","0","0","0","0","29","0","0","0","0","0","7","0","0","0","4","0","0","0","0","0","0","0","29","0","0","0","0","0","0","0","0","0","4"
"0x711772307990","@P2   LDGSTS.E.BYPASS.LTC128B.128 [R198+UR10+0x6100], [R204.64+0x100]","6","5","6","127872","4091904","3921408","32","30","2","2","0","Global,Shared","Load,Store","128","490176","3","0","490196","490196","0","1960944","1960944","0","0","0","0","0","0","0","0","0","0","0","0","0","1","0","0","0","5","0","0","0","0","0","0","0","0","0","0","0","0","0","0","0","0","0","5"
"0x7117723079a0","      FSETP.GEU.AND P4, PT, |R164|, +INF , PT","3","0","3","127872","4091904","4091904","32","32","2","0","0","-","-","-","0","0","0","0","0","0","0","0","0","0","0","0","0","0","0","0","0","0","0","0","0","3","0","0","0","0","0","0","0","0","0","0","0","0","0","0","0","0","0","0","0","0","0","0"
"0x7117723079b0","@!P6  IMAD.IADD.U32 R150, R150, 0x1, R209","3","0","3","127872","4091904","4091904","32","32","0","0","0","-","-","-","0","0","0","0","0","0","0","0","0","0","0","0","0","0","0","0","0","0","0","0","0","3","0","0","0","0","0","0","0","0","0","0","0","0","0","0","0","0","0","0","0","0","0","0"
"0x7117723079c0","      FSETP.GEU.AND P6, PT, |R168|, +INF , PT","3","0","3","127872","4091904","4091904","32","32","0","0","0","-","-","-","0","0","0","0","0","0","0","0","0","0","0","0","0","0","0","0","0","0","0","0","0","3","0","0","0","0","0","0","0","0","0","0","0","0","0","0","0","0","0","0","0","0","0","0"
"0x7117723079d0","      ISETP.NE.AND P2, PT, R210, RZ, PT","9","4","9","127872","4091904","4091904","32","32","0","0","0","-","-","-","0","0","0","0","0","0","0","0","0","0","0","0","0","0","0","0","0","0","0","0","0","5","0","0","0","4","0","0","0","0","0","0","0","0","0","0","0","0","0","0","0","0","0","4"
"0x7117723079e0","      HMMA.1688.F32.TF32 R76, R156, R138, R76","30","26","30","127872","4091904","4091904","32","32","0","0","0","-","-","-","0","0","0","0","0","0","0","0","0","0","0","0","0","0","0","27","0","0","0","0","0","3","0","0","0","0","0","0","0","0","0","0","0","26","0","0","0","0","0","0","0","0","0","0"
"0x7117723079f0","@!P1  IMAD.MOV.U32 R197, RZ, RZ, RZ","4","0","4","127872","4091904","85248","32","0","32","32","0","-","-","-","0","0","0","0","0","0","0","0","0","0","0","0","0","0","0","0","0","0","0","0","0","4","0","0","0","0","0","0","0","0","0","0","0","0","0","0","0","0","0","0","0","0","0","0"
"0x711772307a00","@P3   LDGSTS.E.BYPASS.LTC128B.128 [R198+UR10+0x6180], [R204.64+0x180]","3","0","3","127872","4091904","3921408","32","30","30","2","0","Global,Shared","Load,Store","128","490176","3","0","490176","490176","0","1960704","1960704","0","0","0","0","0","0","0","0","0","0","0","0","0","3","0","0","0","0","0","0","0","0","0","0","0","0","0","0","0","0","0","0","0","0","0","0"
"0x711772307a10","      FSETP.GEU.AND P3, PT, |R165|, +INF , PT","3","0","3","127872","4091904","4091904","32","32","2","0","0","-","-","-","0","0","0","0","0","0","0","0","0","0","0","0","0","0","0","0","0","0","0","0","0","3","0","0","0","0","0","0","0","0","0","0","0","0","0","0","0","0","0","0","0","0","0","0"
"0x711772307a20","@!P5  IMAD.IADD.U32 R151, R151, 0x1, R209","2","0","2","127872","4091904","4091904","32","32","0","0","0","-","-","-","0","0","0","0","0","0","0","0","0","0","0","0","0","0","0","0","0","0","0","0","0","2","0","0","0","0","0","0","0","0","0","0","0","0","0","0","0","0","0","0","0","0","0","0"
"0x711772307a30","      FSETP.GEU.AND P1, PT, |R166|, +INF , PT","6","0","6","127872","4091904","4091904","32","32","0","0","0","-","-","-","0","0","0","0","0","0","0","0","0","0","0","0","0","0","0","0","0","0","0","0","0","6","0","0","0","0","0","0","0","0","0","0","0","0","0","0","0","0","0","0","0","0","0","0"
"0x711772307a40","      UMOV UR10, UR5","7","0","7","127872","4091904","4091904","32","32","0","0","0","-","-","-","0","0","0","0","0","0","0","0","0","0","1","0","0","0","0","0","0","0","0","0","0","6","0","0","0","0","0","0","0","0","0","0","0","0","0","0","0","0","0","0","0","0","0","0"
"0x711772307a50","      FSETP.GEU.AND P5, PT, |R169|, +INF , PT","3","0","3","127872","4091904","4091904","32","32","0","0","0","-","-","-","0","0","0","0","0","0","0","0","0","0","0","0","0","0","0","0","0","0","0","0","0","3","0","0","0","0","0","0","0","0","0","0","0","0","0","0","0","0","0","0","0","0","0","0"
"0x711772307a60","      HMMA.1688.F32.TF32 R80, R156, R140, R80","24","21","24","127872","4091904","4091904","32","32","0","0","0","-","-","-","0","0","0","0","0","0","0","0","0","0","0","0","0","0","0","23","0","0","0","0","0","1","0","0","0","0","0","0","0","0","0","0","0","21","0","0","0","0","0","0","0","0","0","0"
"0x711772307a70","      LDGDEPBAR","4","1","4","127872","4091904","4091904","32","32","0","0","0","-","-","-","0","0","0","0","0","0","0","0","0","0","0","0","0","0","0","0","0","0","0","0","0","3","0","0","0","1","0","0","0","0","0","0","0","0","0","0","0","0","0","0","0","0","0","1"
"0x711772307a80","@!P4  IMAD.IADD.U32 R164, R164, 0x1, R209","3","1","3","127872","4091904","4091904","32","32","0","0","0","-","-","-","0","0","0","0","0","0","0","0","0","0","0","0","0","0","0","0","0","0","0","0","0","2","0","0","0","1","0","0","0","0","0","0","0","0","0","0","0","0","0","0","0","0","0","1"
"0x711772307a90","      FSETP.GEU.AND P4, PT, |R170|, +INF , PT","2","0","2","127872","4091904","4091904","32","32","0","0","0","-","-","-","0","0","0","0","0","0","0","0","0","0","0","0","0","0","0","0","0","0","0","0","0","2","0","0","0","0","0","0","0","0","0","0","0","0","0","0","0","0","0","0","0","0","0","0"
"0x711772307aa0","@!P6  IMAD.IADD.U32 R168, R168, 0x1, R209","3","0","3","127872","4091904","4091904","32","32","0","0","0","-","-","-","0","0","0","0","0","0","0","0","0","0","0","0","0","0","0","0","0","0","0","0","0","3","0","0","0","0","0","0","0","0","0","0","0","0","0","0","0","0","0","0","0","0","0","0"
"0x711772307ab0","      FSETP.GEU.AND P6, PT, |R174|, +INF , PT","2","0","2","127872","4091904","4091904","32","32","0","0","0","-","-","-","0","0","0","0","0","0","0","0","0","0","0","0","0","0","0","0","0","0","0","0","0","2","0","0","0","0","0","0","0","0","0","0","0","0","0","0","0","0","0","0","0","0","0","0"
"0x711772307ac0","      HMMA.1688.F32.TF32 R84, R156, R142, R84","29","27","29","127872","4091904","4091904","32","32","0","0","0","-","-","-","0","0","0","0","0","0","0","0","0","0","0","0","0","0","0","27","0","0","0","0","0","2","0","0","0","0","0","0","0","0","0","0","0","27","0","0","0","0","0","0","0","0","0","0"
"0x711772307ad0","@!P3  IMAD.IADD.U32 R165, R165, 0x1, R209","11","8","11","127872","4091904","4091904","32","32","0","0","0","-","-","-","0","0","0","0","0","0","0","0","0","0","0","0","0","0","0","0","0","0","0","0","0","3","0","0","0","8","0","0","0","0","0","0","0","0","0","0","0","0","0","0","0","0","0","8"
"0x711772307ae0","      FSETP.GEU.AND P3, PT, |R171|, +INF , PT","4","0","4","127872","4091904","4091904","32","32","0","0","0","-","-","-","0","0","0","0","0","0","0","0","0","0","0","0","0","0","0","0","0","0","0","0","0","4","0","0","0","0","0","0","0","0","0","0","0","0","0","0","0","0","0","0","0","0","0","0"
"0x711772307af0","@!P1  IMAD.IADD.U32 R166, R166, 0x1, R209","5","0","5","127872","4091904","4091904","32","32","0","0","0","-","-","-","0","0","0","0","0","0","0","0","0","0","0","0","0","0","0","0","0","0","0","0","0","5","0","0","0","0","0","0","0","0","0","0","0","0","0","0","0","0","0","0","0","0","0","0"
"0x711772307b00","      FSETP.GEU.AND P1, PT, |R172|, +INF , PT","3","0","3","127872","4091904","4091904","32","32","0","0","0","-","-","-","0","0","0","0","0","0","0","0","0","0","0","0","0","0","0","0","0","0","0","0","0","3","0","0","0","0","0","0","0","0","0","0","0","0","0","0","0","0","0","0","0","0","0","0"
"0x711772307b10","      HMMA.1688.F32.TF32 R88, R156, R144, R88","34","33","34","127872","4091904","4091904","32","32","0","0","0","-","-","-","0","0","0","0","0","0","0","0","0","0","0","0","0","0","0","33","0","0","0","0","0","1","0","0","0","0","0","0","0","0","0","0","0","33","0","0","0","0","0","0","0","0","0","0"
"0x711772307b20","@!P5  IMAD.IADD.U32 R169, R169, 0x1, R209","11","9","11","127872","4091904","4091904","32","32","0","0","0","-","-","-","0","0","0","0","0","0","0","0","0","0","0","0","0","0","0","0","0","0","0","0","0","2","0","0","0","9","0","0","0","0","0","0","0","0","0","0","0","0","0","0","0","0","0","9"
"0x711772307b30","      IADD3 R204, P0, R204, c[0x0][0x1c8], RZ","8","0","8","127872","4091904","4091904","32","32","0","0","0","-","-","-","0","0","0","0","0","0","0","0","0","0","0","0","0","0","0","0","0","0","0","0","0","8","0","0","0","0","0","0","0","0","0","0","0","0","0","0","0","0","0","0","0","0","0","0"
"0x711772307b40","@!P4  IMAD.IADD.U32 R170, R170, 0x1, R209","3","0","3","127872","4091904","4091904","32","32","0","0","0","-","-","-","0","0","0","0","0","0","0","0","0","0","0","0","0","0","0","0","0","0","0","0","0","3","0","0","0","0","0","0","0","0","0","0","0","0","0","0","0","0","0","0","0","0","0","0"
"0x711772307b50","      FSETP.GEU.AND P5, PT, |R175|, +INF , PT","1","0","1","127872","4091904","4091904","32","32","0","0","0","-","-","-","0","0","0","0","0","0","0","0","0","0","0","0","0","0","0","0","0","0","0","0","0","1","0","0","0","0","0","0","0","0","0","0","0","0","0","0","0","0","0","0","0","0","0","0"
"0x711772307b60","      HMMA.1688.F32.TF32 R92, R156, R146, R92","26","26","26","127872","4091904","4091904","32","32","0","0","0","-","-","-","0","0","0","0","0","0","0","0","0","0","0","0","0","0","0","26","0","0","0","0","0","0","0","0","0","0","0","0","0","0","0","0","0","26","0","0","0","0","0","0","0","0","0","0"
"0x711772307b70","      DEPBAR.LE SB0, 0x1","5","0","5","127872","4091904","4091904","32","32","0","0","0","-","-","-","0","0","0","0","0","0","0","0","0","0","0","0","0","0","0","0","0","0","0","0","0","5","0","0","0","0","0","0","0","0","0","0","0","0","0","0","0","0","0","0","0","0","0","0"
"0x711772307b80","      BAR.SYNC.DEFER_BLOCKING 0x0","16","10","16","127872","4091904","4091904","32","32","0","0","0","-","-","-","0","0","0","0","0","0","0","0","0","0","0","0","0","0","0","0","0","0","0","0","0","6","0","0","0","10","0","0","0","0","0","0","0","0","0","0","0","0","0","0","0","0","0","10"
"0x711772307b90","      IADD3.X R203, R205, c[0x0][0x1cc], RZ, P0, !PT","4","0","4","127872","4091904","4091904","32","32","0","0","0","-","-","-","0","0","0","0","0","0","0","0","0","0","0","0","0","0","0","0","0","0","0","0","0","4","0","0","0","0","0","0","0","0","0","0","0","0","0","0","0","0","0","0","0","0","0","0"
"0x711772307ba0","      HMMA.1688.F32.TF32 R96, R156, R148, R96","38","37","38","127872","4091904","4091904","32","32","0","0","0","-","-","-","0","0","0","0","0","0","0","0","0","0","0","0","0","0","0","34","0","0","0","0","0","1","0","0","0","3","0","0","0","0","0","0","0","34","0","0","0","0","0","0","0","0","0","3"
"0x711772307bb0","      IADD3 R202, P0, R216, c[0x0][0x1a8], RZ","24","19","24","127872","4091904","4091904","32","32","0","0","0","-","-","-","0","0","0","0","0","0","0","0","0","0","0","0","0","0","0","0","0","0","0","0","0","5","0","0","0","19","0","0","0","0","0","0","0","0","0","0","0","0","0","0","0","0","0","19"
"0x711772307bc0","@!P3  IMAD.IADD.U32 R171, R171, 0x1, R209","1","0","1","127872","4091904","4091904","32","32","0","0","0","-","-","-","0","0","0","0","0","0","0","0","0","0","0","0","0","0","0","0","0","0","0","0","0","1","0","0","0","0","0","0","0","0","0","0","0","0","0","0","0","0","0","0","0","0","0","0"
"0x711772307bd0","      FSETP.GEU.AND P4, PT, |R176|, +INF , PT","4","0","4","127872","4091904","4091904","32","32","0","0","0","-","-","-","0","0","0","0","0","0","0","0","0","0","0","0","0","0","0","0","0","0","0","0","0","4","0","0","0","0","0","0","0","0","0","0","0","0","0","0","0","0","0","0","0","0","0","0"
"0x711772307be0","      HMMA.1688.F32.TF32 R100, R160, R148, R100","23","23","23","127872","4091904","4091904","32","32","0","0","0","-","-","-","0","0","0","0","0","0","0","0","0","0","0","0","0","0","0","23","0","0","0","0","0","0","0","0","0","0","0","0","0","0","0","0","0","23","0","0","0","0","0","0","0","0","0","0"
"0x711772307bf0","      IADD3.X R201, R217, c[0x0][0x1ac], RZ, P0, !PT","12","9","12","127872","4091904","4091904","32","32","0","0","0","-","-","-","0","0","0","0","0","0","0","0","0","0","0","0","0","0","0","0","0","0","0","0","0","3","0","0","0","9","0","0","0","0","0","0","0","0","0","0","0","0","0","0","0","0","0","9"
"0x711772307c00","@!P1  IMAD.IADD.U32 R172, R172, 0x1, R209","3","0","3","127872","4091904","4091904","32","32","0","0","0","-","-","-","0","0","0","0","0","0","0","0","0","0","0","0","0","0","0","0","0","0","0","0","0","3","0","0","0","0","0","0","0","0","0","0","0","0","0","0","0","0","0","0","0","0","0","0"
"0x711772307c10","      FSETP.GEU.AND P0, PT, |R167|, +INF , PT","3","0","3","127872","4091904","4091904","32","32","0","0","0","-","-","-","0","0","0","0","0","0","0","0","0","0","0","0","0","0","0","0","0","0","0","0","0","3","0","0","0","0","0","0","0","0","0","0","0","0","0","0","0","0","0","0","0","0","0","0"
"0x711772307c20","@!P6  IMAD.IADD.U32 R174, R174, 0x1, R209","6","0","6","127872","4091904","4091904","32","32","0","0","0","-","-","-","0","0","0","0","0","0","0","0","0","0","0","0","0","0","0","0","0","0","0","0","0","6","0","0","0","0","0","0","0","0","0","0","0","0","0","0","0","0","0","0","0","0","0","0"
"0x711772307c30","      HMMA.1688.F32.TF32 R104, R160, R146, R104","29","26","29","127872","4091904","4091904","32","32","0","0","0","-","-","-","0","0","0","0","0","0","0","0","0","0","0","0","0","0","0","26","0","0","0","0","0","3","0","0","0","0","0","0","0","0","0","0","0","26","0","0","0","0","0","0","0","0","0","0"
"0x711772307c40","      FSETP.GEU.AND P3, PT, |R177|, +INF , PT","7","6","7","127872","4091904","4091904","32","32","0","0","0","-","-","-","0","0","0","0","0","0","0","0","0","0","0","0","0","0","0","0","0","0","0","0","0","1","0","0","0","6","0","0","0","0","0","0","0","0","0","0","0","0","0","0","0","0","0","6"
"0x711772307c50","@!P5  IMAD.IADD.U32 R175, R175, 0x1, R209","2","0","2","127872","4091904","4091904","32","32","0","0","0","-","-","-","0","0","0","0","0","0","0","0","0","0","0","0","0","0","0","0","0","0","0","0","0","2","0","0","0","0","0","0","0","0","0","0","0","0","0","0","0","0","0","0","0","0","0","0"
"0x711772307c60","      FSETP.GEU.AND P1, PT, |R178|, +INF , PT","1","0","1","127872","4091904","4091904","32","32","0","0","0","-","-","-","0","0","0","0","0","0","0","0","0","0","0","0","0","0","0","0","0","0","0","0","0","1","0","0","0","0","0","0","0","0","0","0","0","0","0","0","0","0","0","0","0","0","0","0"
"0x711772307c70","@!P4  IMAD.IADD.U32 R176, R176, 0x1, R209","4","0","4","127872","4091904","4091904","32","32","0","0","0","-","-","-","0","0","0","0","0","0","0","0","0","0","0","0","0","0","0","0","0","0","0","0","0","4","0","0","0","0","0","0","0","0","0","0","0","0","0","0","0","0","0","0","0","0","0","0"
"0x711772307c80","      FSETP.GEU.AND P6, PT, |R180|, +INF , PT","4","0","4","127872","4091904","4091904","32","32","0","0","0","-","-","-","0","0","0","0","0","0","0","0","0","0","0","0","0","0","0","0","0","0","0","0","0","4","0","0","0","0","0","0","0","0","0","0","0","0","0","0","0","0","0","0","0","0","0","0"
"0x711772307c90","      HMMA.1688.F32.TF32 R108, R160, R144, R108","30","29","30","127872","4091904","4091904","32","32","0","0","0","-","-","-","0","0","0","0","0","0","0","0","0","0","0","0","0","0","0","29","0","0","0","0","0","1","0","0","0","0","0","0","0","0","0","0","0","29","0","0","0","0","0","0","0","0","0","0"
"0x711772307ca0","      FSETP.GEU.AND P5, PT, |R181|, +INF , PT","8","6","8","127872","4091904","4091904","32","32","0","0","0","-","-","-","0","0","0","0","0","0","0","0","0","0","0","0","0","0","0","0","0","0","0","0","0","2","0","0","0","6","0","0","0","0","0","0","0","0","0","0","0","0","0","0","0","0","0","6"
"0x711772307cb0","@!P0  IMAD.IADD.U32 R167, R167, 0x1, R209","4","0","4","127872","4091904","4091904","32","32","0","0","0","-","-","-","0","0","0","0","0","0","0","0","0","0","0","0","0","0","0","0","0","0","0","0","0","4","0","0","0","0","0","0","0","0","0","0","0","0","0","0","0","0","0","0","0","0","0","0"
"0x711772307cc0","      FSETP.GEU.AND P0, PT, |R173|, +INF , PT","4","0","4","127872","4091904","4091904","32","32","0","0","0","-","-","-","0","0","0","0","0","0","0","0","0","0","0","0","0","0","0","0","0","0","0","0","0","4","0","0","0","0","0","0","0","0","0","0","0","0","0","0","0","0","0","0","0","0","0","0"
"0x711772307cd0","      FSETP.GEU.AND P4, PT, |R184|, +INF , PT","2","1","2","127872","4091904","4091904","32","32","0","0","0","-","-","-","0","0","0","0","0","0","0","0","0","0","0","0","0","0","0","0","0","0","0","0","0","1","0","0","0","1","0","0","0","0","0","0","0","0","0","0","0","0","0","0","0","0","0","1"
"0x711772307ce0","      HMMA.1688.F32.TF32 R112, R160, R142, R112","21","18","21","127872","4091904","4091904","32","32","0","0","0","-","-","-","0","0","0","0","0","0","0","0","0","0","0","0","0","0","0","18","0","0","0","0","0","3","0","0","0","0","0","0","0","0","0","0","0","18","0","0","0","0","0","0","0","0","0","0"
"0x711772307cf0","@!P3  IMAD.IADD.U32 R177, R177, 0x1, R209","22","17","22","127872","4091904","4091904","32","32","0","0","0","-","-","-","0","0","0","0","0","0","0","0","0","0","0","0","0","0","0","0","0","0","0","0","0","5","0","0","0","17","0","0","0","0","0","0","0","0","0","0","0","0","0","0","0","0","0","17"
"0x711772307d00","      FSETP.GEU.AND P3, PT, |R185|, +INF , PT","1","0","1","127872","4091904","4091904","32","32","0","0","0","-","-","-","0","0","0","0","0","0","0","0","0","0","0","0","0","0","0","0","0","0","0","0","0","1","0","0","0","0","0","0","0","0","0","0","0","0","0","0","0","0","0","0","0","0","0","0"
"0x711772307d10","@!P1  IMAD.IADD.U32 R178, R178, 0x1, R209","5","0","5","127872","4091904","4091904","32","32","0","0","0","-","-","-","0","0","0","0","0","0","0","0","0","0","0","0","0","0","0","0","0","0","0","0","0","5","0","0","0","0","0","0","0","0","0","0","0","0","0","0","0","0","0","0","0","0","0","0"
"0x711772307d20","      FSETP.GEU.AND P1, PT, |R186|, +INF , PT","2","0","2","127872","4091904","4091904","32","32","0","0","0","-","-","-","0","0","0","0","0","0","0","0","0","0","0","0","0","0","0","0","0","0","0","0","0","2","0","0","0","0","0","0","0","0","0","0","0","0","0","0","0","0","0","0","0","0","0","0"
"0x711772307d30","      HMMA.1688.F32.TF32 R116, R160, R140, R116","23","20","23","127872","4091904","4091904","32","32","0","0","0","-","-","-","0","0","0","0","0","0","0","0","0","0","0","0","0","0","0","20","0","0","0","0","0","3","0","0","0","0","0","0","0","0","0","0","0","20","0","0","0","0","0","0","0","0","0","0"
"0x711772307d40","@!P0  IMAD.IADD.U32 R173, R173, 0x1, R209","17","15","17","127872","4091904","4091904","32","32","0","0","0","-","-","-","0","0","0","0","0","0","0","0","0","0","0","0","0","0","0","0","0","0","0","0","0","2","0","0","0","15","0","0","0","0","0","0","0","0","0","0","0","0","0","0","0","0","0","15"
"0x711772307d50","      FSETP.GEU.AND P0, PT, |R179|, +INF , PT","4","0","4","127872","4091904","4091904","32","32","0","0","0","-","-","-","0","0","0","0","0","0","0","0","0","0","0","0","0","0","0","0","0","0","0","0","0","4","0","0","0","0","0","0","0","0","0","0","0","0","0","0","0","0","0","0","0","0","0","0"
"0x711772307d60","@!P6  IMAD.IADD.U32 R180, R180, 0x1, R209","1","0","1","127872","4091904","4091904","32","32","0","0","0","-","-","-","0","0","0","0","0","0","0","0","0","0","0","0","0","0","0","0","0","0","0","0","0","1","0","0","0","0","0","0","0","0","0","0","0","0","0","0","0","0","0","0","0","0","0","0"
"0x711772307d70","      FSETP.GEU.AND P6, PT, |R190|, +INF , PT","5","0","5","127872","4091904","4091904","32","32","0","0","0","-","-","-","0","0","0","0","0","0","0","0","0","0","0","0","0","0","0","0","0","0","0","0","0","5","0","0","0","0","0","0","0","0","0","0","0","0","0","0","0","0","0","0","0","0","0","0"
"0x711772307d80","      HMMA.1688.F32.TF32 R120, R160, R138, R120","35","31","35","127872","4091904","4091904","32","32","0","0","0","-","-","-","0","0","0","0","0","0","0","0","0","0","0","0","0","0","0","31","0","0","0","0","0","4","0","0","0","0","0","0","0","0","0","0","0","31","0","0","0","0","0","0","0","0","0","0"
"0x711772307d90","@!P5  IMAD.IADD.U32 R181, R181, 0x1, R209","7","5","7","127872","4091904","4091904","32","32","0","0","0","-","-","-","0","0","0","0","0","0","0","0","0","0","0","0","0","0","0","0","0","0","0","0","0","2","0","0","0","5","0","0","0","0","0","0","0","0","0","0","0","0","0","0","0","0","0","5"
"0x711772307da0","      FSETP.GEU.AND P5, PT, |R191|, +INF , PT","5","0","5","127872","4091904","4091904","32","32","0","0","0","-","-","-","0","0","0","0","0","0","0","0","0","0","0","0","0","0","0","0","0","0","0","0","0","5","0","0","0","0","0","0","0","0","0","0","0","0","0","0","0","0","0","0","0","0","0","0"
"0x711772307db0","@!P4  IMAD.IADD.U32 R184, R184, 0x1, R209","2","0","2","127872","4091904","4091904","32","32","0","0","0","-","-","-","0","0","0","0","0","0","0","0","0","0","0","0","0","0","0","0","0","0","0","0","0","2","0","0","0","0","0","0","0","0","0","0","0","0","0","0","0","0","0","0","0","0","0","0"
"0x711772307dc0","      FSETP.GEU.AND P4, PT, |R192|, +INF , PT","3","0","3","127872","4091904","4091904","32","32","0","0","0","-","-","-","0","0","0","0","0","0","0","0","0","0","0","0","0","0","0","0","0","0","0","0","0","3","0","0","0","0","0","0","0","0","0","0","0","0","0","0","0","0","0","0","0","0","0","0"
"0x711772307dd0","      HMMA.1688.F32.TF32 R124, R160, R136, R124","34","27","34","127872","4091904","4091904","32","32","0","0","0","-","-","-","0","0","0","0","0","0","0","0","0","0","0","0","0","0","0","27","0","0","0","0","1","6","0","0","0","0","0","0","0","0","0","0","0","27","0","0","0","0","0","0","0","0","0","0"
"0x711772307de0","@!P0  IMAD.IADD.U32 R179, R179, 0x1, R209","9","6","9","127872","4091904","4091904","32","32","0","0","0","-","-","-","0","0","0","0","0","0","0","0","0","0","0","0","0","0","0","0","0","0","0","0","0","3","0","0","0","6","0","0","0","0","0","0","0","0","0","0","0","0","0","0","0","0","0","6"
"0x711772307df0","      FSETP.GEU.AND P0, PT, |R187|, +INF , PT","4","0","4","127872","4091904","4091904","32","32","0","0","0","-","-","-","0","0","0","0","0","0","0","0","0","0","0","0","0","0","0","0","0","0","0","0","0","4","0","0","0","0","0","0","0","0","0","0","0","0","0","0","0","0","0","0","0","0","0","0"
"0x711772307e00","@!P3  IMAD.IADD.U32 R185, R185, 0x1, R209","2","0","2","127872","4091904","4091904","32","32","0","0","0","-","-","-","0","0","0","0","0","0","0","0","0","0","0","0","0","0","0","0","0","0","0","0","0","2","0","0","0","0","0","0","0","0","0","0","0","0","0","0","0","0","0","0","0","0","0","0"
"0x711772307e10","      FSETP.GEU.AND P3, PT, |R193|, +INF , PT","5","0","5","127872","4091904","4091904","32","32","0","0","0","-","-","-","0","0","0","0","0","0","0","0","0","0","0","0","0","0","0","0","0","0","0","0","0","5","0","0","0","0","0","0","0","0","0","0","0","0","0","0","0","0","0","0","0","0","0","0"
"0x711772307e20","      HMMA.1688.F32.TF32 R128, R160, R2, R128","27","22","27","127872","4091904","4091904","32","32","0","0","0","-","-","-","0","0","0","0","0","0","0","0","0","0","0","0","0","0","0","22","0","0","0","0","0","5","0","0","0","0","0","0","0","0","0","0","0","22","0","0","0","0","0","0","0","0","0","0"
"0x711772307e30","@!P1  IMAD.IADD.U32 R186, R186, 0x1, R209","12","10","12","127872","4091904","4091904","32","32","0","0","0","-","-","-","0","0","0","0","0","0","0","0","0","0","0","0","0","0","0","0","0","0","0","0","0","2","0","0","0","10","0","0","0","0","0","0","0","0","0","0","0","0","0","0","0","0","0","10"
"0x711772307e40","      FSETP.GEU.AND P1, PT, |R188|, +INF , PT","4","0","4","127872","4091904","4091904","32","32","0","0","0","-","-","-","0","0","0","0","0","0","0","0","0","0","0","0","0","0","0","0","0","0","0","0","0","4","0","0","0","0","0","0","0","0","0","0","0","0","0","0","0","0","0","0","0","0","0","0"
"0x711772307e50","@!P6  IMAD.IADD.U32 R190, R190, 0x1, R209","2","0","2","127872","4091904","4091904","32","32","0","0","0","-","-","-","0","0","0","0","0","0","0","0","0","0","0","0","0","0","0","0","0","0","0","0","0","2","0","0","0","0","0","0","0","0","0","0","0","0","0","0","0","0","0","0","0","0","0","0"
"0x711772307e60","      SEL R207, R207, RZ, P2","2","0","2","127872","4091904","4091904","32","32","0","0","0","-","-","-","0","0","0","0","0","0","0","0","0","0","0","0","0","0","0","0","0","0","0","0","0","2","0","0","0","0","0","0","0","0","0","0","0","0","0","0","0","0","0","0","0","0","0","0"
"0x711772307e70","      HMMA.1688.F32.TF32 R4, R164, R150, R4","1616","1180","1616","127872","4091904","4091904","32","32","0","0","0","-","-","-","0","0","0","0","0","0","0","0","0","0","0","0","0","0","0","1500","0","0","3","0","110","3","0","0","0","0","0","0","0","0","0","0","0","1177","0","0","3","0","0","0","0","0","0","0"
"0x711772307e80","@!P0  IMAD.IADD.U32 R187, R187, 0x1, R209","18","12","18","127872","4091904","4091904","32","32","0","0","0","-","-","-","0","0","0","0","0","0","0","0","0","0","0","0","0","0","0","0","0","0","0","0","1","4","0","0","0","13","0","0","0","0","0","0","0","0","0","0","0","0","0","0","0","0","0","12"
"0x711772307e90","      FSETP.GEU.AND P0, PT, |R189|, +INF , PT","1","0","1","127872","4091904","4091904","32","32","0","0","0","-","-","-","0","0","0","0","0","0","0","0","0","0","0","0","0","0","0","0","0","0","0","0","0","1","0","0","0","0","0","0","0","0","0","0","0","0","0","0","0","0","0","0","0","0","0","0"
"0x711772307ea0","@!P5  IMAD.IADD.U32 R191, R191, 0x1, R209","8","0","8","127872","4091904","4091904","32","32","0","0","0","-","-","-","0","0","0","0","0","0","0","0","0","0","0","0","0","0","0","0","0","0","0","0","0","8","0","0","0","0","0","0","0","0","0","0","0","0","0","0","0","0","0","0","0","0","0","0"
"0x711772307eb0","      HMMA.1688.F32.TF32 R8, R164, R168, R8","34","31","34","127872","4091904","4091904","32","32","0","0","0","-","-","-","0","0","0","0","0","0","0","0","0","0","0","0","0","0","0","31","0","0","0","0","0","3","0","0","0","0","0","0","0","0","0","0","0","31","0","0","0","0","0","0","0","0","0","0"
"0x711772307ec0","      LDS R139, [R213+UR7+0x1000]","8","2","8","127872","4091904","4091904","32","32","0","0","0","Shared","Load","32","0","1","0","127872","127872","0","0","0","3","0","0","0","0","0","0","0","0","0","0","0","0","5","0","0","0","0","2","0","0","0","0","0","0","0","0","0","0","0","0","0","0","0","0","0"
"0x711772307ed0","@!P1  IMAD.IADD.U32 R188, R188, 0x1, R209","11","8","11","127872","4091904","4091904","32","32","0","0","0","-","-","-","0","0","0","0","0","0","0","0","0","0","0","0","0","0","0","0","0","0","0","0","0","3","0","0","0","8","0","0","0","0","0","0","0","0","0","0","0","0","0","0","0","0","0","8"
"0x711772307ee0","      LDS R138, [R213+UR7]","1","0","1","127872","4091904","4091904","32","32","0","0","0","Shared","Load","32","0","1","0","127872","127872","0","0","0","0","0","0","0","0","0","0","0","0","0","0","0","0","1","0","0","0","0","0","0","0","0","0","0","0","0","0","0","0","0","0","0","0","0","0","0"
"0x711772307ef0","      FSETP.GEU.AND P1, PT, |R194|, +INF , PT","3","0","3","127872","4091904","4091904","32","32","0","0","0","-","-","-","0","0","0","0","0","0","0","0","0","0","0","0","0","0","0","0","0","0","0","0","0","3","0","0","0","0","0","0","0","0","0","0","0","0","0","0","0","0","0","0","0","0","0","0"
"0x711772307f00","@!P4  IMAD.IADD.U32 R192, R192, 0x1, R209","1","0","1","127872","4091904","4091904","32","32","0","0","0","-","-","-","0","0","0","0","0","0","0","0","0","0","0","0","0","0","0","0","0","0","0","0","0","1","0","0","0","0","0","0","0","0","0","0","0","0","0","0","0","0","0","0","0","0","0","0"
"0x711772307f10","      HMMA.1688.F32.TF32 R12, R164, R170, R12","34","30","34","127872","4091904","4091904","32","32","0","0","0","-","-","-","0","0","0","0","0","0","0","0","0","0","0","0","0","0","0","30","0","0","0","0","0","4","0","0","0","0","0","0","0","0","0","0","0","30","0","0","0","0","0","0","0","0","0","0"
"0x711772307f20","      LDS R145, [R212+UR7+0x1080]","4","0","4","127872","4091904","4091904","32","32","0","0","0","Shared","Load","32","0","1","0","127872","127872","0","0","0","0","0","0","0","0","0","0","0","0","0","0","0","0","4","0","0","0","0","0","0","0","0","0","0","0","0","0","0","0","0","0","0","0","0","0","0"
"0x711772307f30","@!P0  IMAD.IADD.U32 R189, R189, 0x1, R209","7","5","7","127872","4091904","4091904","32","32","0","0","0","-","-","-","0","0","0","0","0","0","0","0","0","0","0","0","0","0","0","0","0","0","0","0","0","2","0","0","0","5","0","0","0","0","0","0","0","0","0","0","0","0","0","0","0","0","0","5"
"0x711772307f40","      LDS R2, [R211+UR7]","2","0","2","127872","4091904","4091904","32","32","0","0","0","Shared","Load","32","0","1","0","127872","127872","0","0","0","0","0","0","0","0","0","0","0","0","0","0","0","0","2","0","0","0","0","0","0","0","0","0","0","0","0","0","0","0","0","0","0","0","0","0","0"
"0x711772307f50","      FSETP.GEU.AND P0, PT, |R195|, +INF , PT","3","0","3","127872","4091904","4091904","32","32","0","0","0","-","-","-","0","0","0","0","0","0","0","0","0","0","0","0","0","0","0","0","0","0","0","0","0","3","0","0","0","0","0","0","0","0","0","0","0","0","0","0","0","0","0","0","0","0","0","0"
"0x711772307f60","@!P3  IMAD.IADD.U32 R193, R193, 0x1, R209","2","0","2","127872","4091904","4091904","32","32","0","0","0","-","-","-","0","0","0","0","0","0","0","0","0","0","0","0","0","0","0","0","0","0","0","0","0","2","0","0","0","0","0","0","0","0","0","0","0","0","0","0","0","0","0","0","0","0","0","0"
"0x711772307f70","      HMMA.1688.F32.TF32 R16, R164, R172, R16","43","37","43","127872","4091904","4091904","32","32","0","0","0","-","-","-","0","0","0","0","0","0","0","0","0","0","0","0","0","0","0","37","0","0","0","0","1","5","0","0","0","0","0","0","0","0","0","0","0","37","0","0","0","0","0","0","0","0","0","0"
"0x711772307f80","      LDS R3, [R211+UR7+0x1000]","0","0","0","127872","4091904","4091904","32","32","0","0","0","Shared","Load","32","0","1","0","127872","127872","0","0","0","0","0","0","0","0","0","0","0","0","0","0","0","0","0","0","0","0","0","0","0","0","0","0","0","0","0","0","0","0","0","0","0","0","0","0","0"
"0x711772307f90","@!P1  IMAD.IADD.U32 R194, R194, 0x1, R209","11","7","11","127872","4091904","4091904","32","32","0","0","0","-","-","-","0","0","0","0","0","0","0","0","0","0","0","0","0","0","0","0","0","0","0","0","0","4","0","0","0","7","0","0","0","0","0","0","0","0","0","0","0","0","0","0","0","0","0","7"
"0x711772307fa0","      LDS R136, [R212+UR7]","9","0","9","127872","4091904","4091904","32","32","0","0","0","Shared","Load","32","0","1","0","127872","127872","0","0","0","0","0","0","0","0","0","0","0","0","0","0","0","0","9","0","0","0","0","0","0","0","0","0","0","0","0","0","0","0","0","0","0","0","0","0","0"
"0x711772307fb0","      HMMA.1688.F32.TF32 R20, R164, R174, R20","38","36","38","127872","4091904","4091904","32","32","0","0","0","-","-","-","0","0","0","0","0","0","0","0","0","0","0","0","0","0","0","29","0","0","0","0","0","2","0","0","0","7","0","0","0","0","0","0","0","29","0","0","0","0","0","0","0","0","0","7"
"0x711772307fc0","      LDS R137, [R212+UR7+0x1000]","5","0","5","127872","4091904","4091904","32","32","0","0","0","Shared","Load","32","0","1","0","127872","127872","0","0","0","0","0","0","0","0","0","0","0","0","0","0","0","0","5","0","0","0","0","0","0","0","0","0","0","0","0","0","0","0","0","0","0","0","0","0","0"
"0x711772307fd0","@!P0  IMAD.IADD.U32 R195, R195, 0x1, R209","8","5","8","127872","4091904","4091904","32","32","0","0","0","-","-","-","0","0","0","0","0","0","0","0","0","0","0","0","0","0","0","0","0","0","0","0","0","3","0","0","0","5","0","0","0","0","0","0","0","0","0","0","0","0","0","0","0","0","0","5"
"0x711772307fe0","      LDS R144, [R212+UR7+0x80]","2","0","2","127872","4091904","4091904","32","32","0","0","0","Shared","Load","32","0","1","0","127872","127872","0","0","0","0","0","0","0","0","0","0","0","0","0","0","0","0","2","0","0","0","0","0","0","0","0","0","0","0","0","0","0","0","0","0","0","0","0","0","0"
"0x711772307ff0","      HMMA.1688.F32.TF32 R24, R164, R176, R24","37","36","37","127872","4091904","4091904","32","32","0","0","0","-","-","-","0","0","0","0","0","0","0","0","0","0","0","0","0","0","0","33","0","0","0","0","0","1","0","0","0","3","0","0","0","0","0","0","0","33","0","0","0","0","0","0","0","0","0","3"
"0x711772308000","      LDSM.16.M88.4 R132, [R196+UR8]","5","0","5","127872","4091904","4091904","32","32","0","0","0","Shared","Load","128","0","4","0","511488","511488","0","0","0","0","0","0","0","0","0","0","0","0","0","0","0","0","5","0","0","0","0","0","0","0","0","0","0","0","0","0","0","0","0","0","0","0","0","0","0"
"0x711772308010","      HMMA.1688.F32.TF32 R28, R164, R178, R28","65","60","65","127872","4091904","4091904","32","32","0","0","0","-","-","-","0","0","0","0","0","0","0","0","0","0","0","0","0","0","0","37","0","0","0","0","0","5","0","0","0","23","0","0","0","0","0","0","0","37","0","0","0","0","0","0","0","0","0","23"
"0x711772308020","      LDS R140, [R214+UR7]","1","0","1","127872","4091904","4091904","32","32","0","0","0","Shared","Load","32","0","1","0","127872","127872","0","0","0","0","0","0","0","0","0","0","0","0","0","0","0","0","1","0","0","0","0","0","0","0","0","0","0","0","0","0","0","0","0","0","0","0","0","0","0"
"0x711772308030","      LDS R141, [R214+UR7+0x1000]","26","21","26","127872","4091904","4091904","32","32","0","0","0","Shared","Load","32","0","1","0","127872","127872","0","0","0","0","0","0","0","0","0","0","0","0","0","0","0","0","5","0","0","0","21","0","0","0","0","0","0","0","0","0","0","0","0","0","0","0","0","0","21"
"0x711772308040","      HMMA.1688.F32.TF32 R32, R164, R180, R32","49","43","49","127872","4091904","4091904","32","32","0","0","0","-","-","-","0","0","0","0","0","0","0","0","0","0","0","0","0","0","0","37","0","0","0","0","0","6","0","0","0","6","0","0","0","0","0","0","0","37","0","0","0","0","0","0","0","0","0","6"
"0x711772308050","      LDS R142, [R211+UR7+0x80]","4","0","4","127872","4091904","4091904","32","32","0","0","0","Shared","Load","32","0","1","0","127872","127872","0","0","0","0","0","0","0","0","0","0","0","0","0","0","0","0","4","0","0","0","0","0","0","0","0","0","0","0","0","0","0","0","0","0","0","0","0","0","0"
"0x711772308060","      LDS R143, [R211+UR7+0x1080]","22","20","22","127872","4091904","4091904","32","32","0","0","0","Shared","Load","32","0","1","0","127872","127872","0","0","0","0","0","0","0","0","0","0","0","0","0","0","0","0","2","0","0","0","20","0","0","0","0","0","0","0","0","0","0","0","0","0","0","0","0","0","20"
"0x711772308070","      HMMA.1688.F32.TF32 R36, R184, R180, R36","37","36","37","127872","4091904","4091904","32","32","0","0","0","-","-","-","0","0","0","0","0","0","0","0","0","0","0","0","0","0","0","30","0","0","0","0","0","1","0","0","0","6","0","0","0","0","0","0","0","30","0","0","0","0","0","0","0","0","0","6"
"0x711772308080","      LDSM.16.M88.4 R152, [R196+UR8+0xc00]","5","0","5","127872","4091904","4091904","32","32","0","0","0","Shared","Load","128","0","4","0","511488","511488","0","0","0","0","0","0","0","0","0","0","0","0","0","0","0","0","5","0","0","0","0","0","0","0","0","0","0","0","0","0","0","0","0","0","0","0","0","0","0"
"0x711772308090","      HMMA.1688.F32.TF32 R40, R184, R178, R40","57","52","57","127872","4091904","4091904","32","32","0","0","0","-","-","-","0","0","0","0","0","0","0","0","0","0","0","0","0","0","0","38","0","0","0","0","0","5","0","0","0","14","0","0","0","0","0","0","0","38","0","0","0","0","0","0","0","0","0","14"
"0x7117723080a0","      LDS R146, [R213+UR7+0x80]","3","0","3","127872","4091904","4091904","32","32","0","0","0","Shared","Load","32","0","1","0","127872","127872","0","0","0","0","0","0","0","0","0","0","0","0","0","0","0","0","3","0","0","0","0","0","0","0","0","0","0","0","0","0","0","0","0","0","0","0","0","0","0"
"0x7117723080b0","      LDS R147, [R213+UR7+0x1080]","22","18","22","127872","4091904","4091904","32","32","0","0","0","Shared","Load","32","0","1","0","127872","127872","0","0","0","0","0","0","0","0","0","0","0","0","0","0","0","0","4","0","0","0","18","0","0","0","0","0","0","0","0","0","0","0","0","0","0","0","0","0","18"
"0x7117723080c0","      HMMA.1688.F32.TF32 R44, R184, R176, R44","48","44","48","127872","4091904","4091904","32","32","0","0","0","-","-","-","0","0","0","0","0","0","0","0","0","0","0","0","0","0","0","34","0","0","0","0","1","3","0","0","0","10","0","0","0","0","0","0","0","34","0","0","0","0","0","0","0","0","0","10"
"0x7117723080d0","      LDS R148, [R214+UR7+0x80]","3","0","3","127872","4091904","4091904","32","32","0","0","0","Shared","Load","32","0","1","0","127872","127872","0","0","0","0","0","0","0","0","0","0","0","0","0","0","0","0","3","0","0","0","0","0","0","0","0","0","0","0","0","0","0","0","0","0","0","0","0","0","0"
"0x7117723080e0","      LDS R149, [R214+UR7+0x1080]","20","14","20","127872","4091904","4091904","32","32","0","0","0","Shared","Load","32","0","1","0","127872","127872","0","0","0","0","0","0","0","0","0","0","0","0","0","0","0","0","6","0","0","0","14","0","0","0","0","0","0","0","0","0","0","0","0","0","0","0","0","0","14"
"0x7117723080f0","      HMMA.1688.F32.TF32 R48, R184, R174, R48","58","54","58","127872","4091904","4091904","32","32","0","0","0","-","-","-","0","0","0","0","0","0","0","0","0","0","0","0","0","0","0","45","0","0","0","0","0","4","0","0","0","9","0","0","0","0","0","0","0","45","0","0","0","0","0","0","0","0","0","9"
"0x711772308100","      LDSM.16.M88.4 R156, [R196+UR8+0x1800]","5","0","5","127872","4091904","4091904","32","32","0","0","0","Shared","Load","128","0","4","0","511488","511488","0","0","0","0","0","0","0","0","0","0","0","0","0","0","0","0","5","0","0","0","0","0","0","0","0","0","0","0","0","0","0","0","0","0","0","0","0","0","0"
"0x711772308110","      HMMA.1688.F32.TF32 R52, R184, R172, R52","66","65","66","127872","4091904","4091904","32","32","0","0","0","-","-","-","0","0","0","0","0","0","0","0","0","0","0","0","0","0","0","47","0","0","0","0","0","0","0","0","0","19","0","0","0","0","0","0","0","46","0","0","0","0","0","0","0","0","0","19"
"0x711772308120","      LDSM.16.M88.4 R160, [R196+UR8+0x2400]","7","0","7","127872","4091904","4091904","32","32","0","0","0","Shared","Load","128","0","4","0","511488","511488","0","0","0","0","0","0","0","0","0","0","0","0","0","0","0","0","7","0","0","0","0","0","0","0","0","0","0","0","0","0","0","0","0","0","0","0","0","0","0"
"0x711772308130","      HMMA.1688.F32.TF32 R56, R184, R170, R56","62","58","62","127872","4091904","4091904","32","32","0","0","0","-","-","-","0","0","0","0","0","0","0","0","0","0","0","0","0","0","0","35","0","0","0","0","0","4","0","0","0","23","0","0","0","0","0","0","0","35","0","0","0","0","0","0","0","0","0","23"
"0x711772308140","      HMMA.1688.F32.TF32 R60, R184, R168, R60","80","77","80","127872","4091904","4091904","32","32","0","0","0","-","-","-","0","0","0","0","0","0","0","0","0","0","0","0","0","0","0","39","0","0","0","0","0","3","0","0","0","38","0","0","0","0","0","0","0","39","0","0","0","0","0","0","0","0","0","38"
"0x711772308150","      HMMA.1688.F32.TF32 R64, R184, R150, R64","66","61","66","127872","4091904","4091904","32","32","0","0","0","-","-","-","0","0","0","0","0","0","0","0","0","0","0","0","0","0","0","33","0","0","0","0","0","4","0","0","0","29","0","0","0","0","0","0","0","32","0","0","0","0","0","0","0","0","0","29"
"0x711772308160","      HMMA.1688.F32.TF32 R68, R188, R150, R68","54","49","54","127872","4091904","4091904","32","32","0","0","0","-","-","-","0","0","0","0","0","0","0","0","0","0","0","0","0","0","0","26","0","0","0","0","0","5","0","0","0","23","0","0","0","0","0","0","0","26","0","0","0","0","0","0","0","0","0","23"
"0x711772308170","      FSETP.GEU.AND P0, PT, |R139|, +INF , PT","17","15","17","127872","4091904","4091904","32","32","0","0","0","-","-","-","0","0","0","0","0","0","0","0","0","0","0","0","0","0","0","0","0","0","0","0","0","2","0","0","0","15","0","0","0","0","0","0","0","0","0","0","0","0","0","0","0","0","0","15"
"0x711772308180","      FSETP.GEU.AND P1, PT, |R138|, +INF , PT","13","7","13","127872","4091904","4091904","32","32","0","0","0","-","-","-","0","0","0","0","0","0","0","0","0","0","0","0","0","0","0","0","0","0","0","0","0","6","0","0","0","7","0","0","0","0","0","0","0","0","0","0","0","0","0","0","0","0","0","7"
"0x711772308190","      HMMA.1688.F32.TF32 R72, R188, R168, R72","49","42","49","127872","4091904","4091904","32","32","0","0","0","-","-","-","0","0","0","0","0","0","0","0","0","0","0","0","0","0","0","37","0","0","0","0","2","4","0","0","0","6","0","0","0","0","0","0","0","36","0","0","0","0","0","0","0","0","0","6"
"0x7117723081a0","      FSETP.GEU.AND P6, PT, |R2|, +INF , PT","8","4","8","127872","4091904","4091904","32","32","0","0","0","-","-","-","0","0","0","0","0","0","0","0","0","0","0","0","0","0","0","0","0","0","0","0","0","4","0","0","0","4","0","0","0","0","0","0","0","0","0","0","0","0","0","0","0","0","0","4"
"0x7117723081b0","      FSETP.GEU.AND P5, PT, |R3|, +INF , PT","11","8","11","127872","4091904","4091904","32","32","0","0","0","-","-","-","0","0","0","0","0","0","0","0","0","0","0","0","0","0","0","0","0","0","0","0","0","3","0","0","0","8","0","0","0","0","0","0","0","0","0","0","0","0","0","0","0","0","0","8"
"0x7117723081c0","      FSETP.GEU.AND P4, PT, |R136|, +INF , PT","7","3","7","127872","4091904","4091904","32","32","0","0","0","-","-","-","0","0","0","0","0","0","0","0","0","0","0","0","0","0","0","0","0","0","0","0","0","4","0","0","0","3","0","0","0","0","0","0","0","0","0","0","0","0","0","0","0","0","0","3"
"0x7117723081d0","      HMMA.1688.F32.TF32 R76, R188, R170, R76","44","42","44","127872","4091904","4091904","32","32","0","0","0","-","-","-","0","0","0","0","0","0","0","0","0","0","0","0","0","0","0","42","0","0","0","0","1","1","0","0","0","0","0","0","0","0","0","0","0","42","0","0","0","0","0","0","0","0","0","0"
"0x7117723081e0","      FSETP.GEU.AND P3, PT, |R137|, +INF , PT","12","9","12","127872","4091904","4091904","32","32","0","0","0","-","-","-","0","0","0","0","0","0","0","0","0","0","0","0","0","0","0","0","0","0","0","0","0","3","0","0","0","9","0","0","0","0","0","0","0","0","0","0","0","0","0","0","0","0","0","9"
"0x7117723081f0","@!P0  IMAD.IADD.U32 R139, R139, 0x1, R209","6","0","6","127872","4091904","4091904","32","32","0","0","0","-","-","-","0","0","0","0","0","0","0","0","0","0","0","0","0","0","0","0","0","0","0","0","0","6","0","0","0","0","0","0","0","0","0","0","0","0","0","0","0","0","0","0","0","0","0","0"
"0x711772308200","      FSETP.GEU.AND P0, PT, |R145|, +INF , PT","6","0","6","127872","4091904","4091904","32","32","0","0","0","-","-","-","0","0","0","0","0","0","0","0","0","0","0","0","0","0","0","0","0","0","0","0","0","6","0","0","0","0","0","0","0","0","0","0","0","0","0","0","0","0","0","0","0","0","0","0"
"0x711772308210","@!P1  IMAD.IADD.U32 R138, R138, 0x1, R209","1","0","1","127872","4091904","4091904","32","32","0","0","0","-","-","-","0","0","0","0","0","0","0","0","0","0","0","0","0","0","0","0","0","0","0","0","0","1","0","0","0","0","0","0","0","0","0","0","0","0","0","0","0","0","0","0","0","0","0","0"
"0x711772308220","      FSETP.GEU.AND P1, PT, |R144|, +INF , PT","2","0","2","127872","4091904","4091904","32","32","0","0","0","-","-","-","0","0","0","0","0","0","0","0","0","0","0","0","0","0","0","0","0","0","0","0","0","2","0","0","0","0","0","0","0","0","0","0","0","0","0","0","0","0","0","0","0","0","0","0"
"0x711772308230","      HMMA.1688.F32.TF32 R80, R188, R172, R80","48","41","48","127872","4091904","4091904","32","32","0","0","0","-","-","-","0","0","0","0","0","0","0","0","0","0","0","0","0","0","0","41","0","0","0","0","1","6","0","0","0","0","0","0","0","0","0","0","0","41","0","0","0","0","0","0","0","0","0","0"
"0x711772308240","      FSETP.GEU.AND P2, PT, |R162|, +INF , PT","12","7","12","127872","4091904","4091904","32","32","0","0","0","-","-","-","0","0","0","0","0","0","0","0","0","0","0","0","0","0","0","0","0","0","0","0","0","5","0","0","0","7","0","0","0","0","0","0","0","0","0","0","0","0","0","0","0","0","0","7"
"0x711772308250","@!P6  IMAD.IADD.U32 R2, R2, 0x1, R209","8","0","8","127872","4091904","4091904","32","32","0","0","0","-","-","-","0","0","0","0","0","0","0","0","0","0","0","0","0","0","0","0","0","0","0","0","0","8","0","0","0","0","0","0","0","0","0","0","0","0","0","0","0","0","0","0","0","0","0","0"
"0x711772308260","      FSETP.GEU.AND P6, PT, |R140|, +INF , PT","7","0","7","127872","4091904","4091904","32","32","0","0","0","-","-","-","0","0","0","0","0","0","0","0","0","0","0","0","0","0","0","0","0","0","0","0","0","7","0","0","0","0","0","0","0","0","0","0","0","0","0","0","0","0","0","0","0","0","0","0"
"0x711772308270","@!P5  IMAD.IADD.U32 R3, R3, 0x1, R209","3","0","3","127872","4091904","4091904","32","32","0","0","0","-","-","-","0","0","0","0","0","0","0","0","0","0","0","0","0","0","0","0","0","0","0","0","0","3","0","0","0","0","0","0","0","0","0","0","0","0","0","0","0","0","0","0","0","0","0","0"
"0x711772308280","      FSETP.GEU.AND P5, PT, |R141|, +INF , PT","5","0","5","127872","4091904","4091904","32","32","0","0","0","-","-","-","0","0","0","0","0","0","0","0","0","0","0","0","0","0","0","0","0","0","0","0","0","5","0","0","0","0","0","0","0","0","0","0","0","0","0","0","0","0","0","0","0","0","0","0"
"0x711772308290","      HMMA.1688.F32.TF32 R84, R188, R174, R84","61","60","61","127872","4091904","4091904","32","32","0","0","0","-","-","-","0","0","0","0","0","0","0","0","0","0","0","0","0","0","0","60","0","0","0","0","0","1","0","0","0","0","0","0","0","0","0","0","0","60","0","0","0","0","0","0","0","0","0","0"
"0x7117723082a0","@!P0  IMAD.IADD.U32 R145, R145, 0x1, R209","23","20","23","127872","4091904","4091904","32","32","0","0","0","-","-","-","0","0","0","0","0","0","0","0","0","0","0","0","0","0","0","0","0","0","0","0","0","3","0","0","0","20","0","0","0","0","0","0","0","0","0","0","0","0","0","0","0","0","0","20"
"0x7117723082b0","      FSETP.GEU.AND P0, PT, |R133|, +INF , PT","6","0","6","127872","4091904","4091904","32","32","0","0","0","-","-","-","0","0","0","0","0","0","0","0","0","0","0","0","0","0","0","0","0","0","0","0","0","6","0","0","0","0","0","0","0","0","0","0","0","0","0","0","0","0","0","0","0","0","0","0"
"0x7117723082c0","@!P4  IMAD.IADD.U32 R136, R136, 0x1, R209","3","0","3","127872","4091904","4091904","32","32","0","0","0","-","-","-","0","0","0","0","0","0","0","0","0","0","0","0","0","0","0","0","0","0","0","0","0","3","0","0","0","0","0","0","0","0","0","0","0","0","0","0","0","0","0","0","0","0","0","0"
"0x7117723082d0","      FSETP.GEU.AND P4, PT, |R142|, +INF , PT","6","0","6","127872","4091904","4091904","32","32","0","0","0","-","-","-","0","0","0","0","0","0","0","0","0","0","0","0","0","0","0","0","0","0","0","0","0","6","0","0","0","0","0","0","0","0","0","0","0","0","0","0","0","0","0","0","0","0","0","0"
"0x7117723082e0","      HMMA.1688.F32.TF32 R88, R188, R176, R88","39","30","39","127872","4091904","4091904","32","32","0","0","0","-","-","-","0","0","0","0","0","0","0","0","0","0","0","0","0","0","0","30","0","0","0","0","0","9","0","0","0","0","0","0","0","0","0","0","0","30","0","0","0","0","0","0","0","0","0","0"
"0x7117723082f0","@!P3  IMAD.IADD.U32 R137, R137, 0x1, R209","16","10","16","127872","4091904","4091904","32","32","0","0","0","-","-","-","0","0","0","0","0","0","0","0","0","0","0","0","0","0","0","0","0","0","0","0","0","6","0","0","0","10","0","0","0","0","0","0","0","0","0","0","0","0","0","0","0","0","0","10"
"0x711772308300","      FSETP.GEU.AND P3, PT, |R143|, +INF , PT","4","0","4","127872","4091904","4091904","32","32","0","0","0","-","-","-","0","0","0","0","0","0","0","0","0","0","0","0","0","0","0","0","0","0","0","0","0","4","0","0","0","0","0","0","0","0","0","0","0","0","0","0","0","0","0","0","0","0","0","0"
"0x711772308310","@!P1  IMAD.IADD.U32 R144, R144, 0x1, R209","4","0","4","127872","4091904","4091904","32","32","0","0","0","-","-","-","0","0","0","0","0","0","0","0","0","0","0","0","0","0","0","0","0","0","0","0","0","4","0","0","0","0","0","0","0","0","0","0","0","0","0","0","0","0","0","0","0","0","0","0"
"0x711772308320","      FSETP.GEU.AND P1, PT, |R132|, +INF , PT","3","0","3","127872","4091904","4091904","32","32","0","0","0","-","-","-","0","0","0","0","0","0","0","0","0","0","0","0","0","0","0","0","0","0","0","0","0","3","0","0","0","0","0","0","0","0","0","0","0","0","0","0","0","0","0","0","0","0","0","0"
"0x711772308330","      HMMA.1688.F32.TF32 R92, R188, R178, R92","44","37","44","127872","4091904","4091904","32","32","0","0","0","-","-","-","0","0","0","0","0","0","0","0","0","0","0","0","0","0","0","39","0","0","0","0","0","5","0","0","0","0","0","0","0","0","0","0","0","37","0","0","0","0","0","0","0","0","0","0"
"0x711772308340","@!P0  IMAD.IADD.U32 R133, R133, 0x1, R209","16","13","16","127872","4091904","4091904","32","32","0","0","0","-","-","-","0","0","0","0","0","0","0","0","0","0","0","0","0","0","0","0","0","0","0","0","0","3","0","0","0","13","0","0","0","0","0","0","0","0","0","0","0","0","0","0","0","0","0","13"
"0x711772308350","      FSETP.GEU.AND P0, PT, |R155|, +INF , PT","5","0","5","127872","4091904","4091904","32","32","0","0","0","-","-","-","0","0","0","0","0","0","0","0","0","0","0","0","0","0","0","0","0","0","0","0","0","5","0","0","0","0","0","0","0","0","0","0","0","0","0","0","0","0","0","0","0","0","0","0"
"0x711772308360","@!P6  IMAD.IADD.U32 R140, R140, 0x1, R209","2","0","2","127872","4091904","4091904","32","32","0","0","0","-","-","-","0","0","0","0","0","0","0","0","0","0","0","0","0","0","0","0","0","0","0","0","0","2","0","0","0","0","0","0","0","0","0","0","0","0","0","0","0","0","0","0","0","0","0","0"
"0x711772308370","      FSETP.GEU.AND P6, PT, |R146|, +INF , PT","5","0","5","127872","4091904","4091904","32","32","0","0","0","-","-","-","0","0","0","0","0","0","0","0","0","0","0","0","0","0","0","0","0","0","0","0","0","5","0","0","0","0","0","0","0","0","0","0","0","0","0","0","0","0","0","0","0","0","0","0"
"0x711772308380","      HMMA.1688.F32.TF32 R96, R188, R180, R96","42","39","42","127872","4091904","4091904","32","32","0","0","0","-","-","-","0","0","0","0","0","0","0","0","0","0","0","0","0","0","0","39","0","0","0","0","0","3","0","0","0","0","0","0","0","0","0","0","0","39","0","0","0","0","0","0","0","0","0","0"
"0x711772308390","@!P5  IMAD.IADD.U32 R141, R141, 0x1, R209","12","7","12","127872","4091904","4091904","32","32","0","0","0","-","-","-","0","0","0","0","0","0","0","0","0","0","0","0","0","0","0","0","0","0","0","0","0","5","0","0","0","7","0","0","0","0","0","0","0","0","0","0","0","0","0","0","0","0","0","7"
"0x7117723083a0","      FSETP.GEU.AND P5, PT, |R147|, +INF , PT","6","0","6","127872","4091904","4091904","32","32","0","0","0","-","-","-","0","0","0","0","0","0","0","0","0","0","0","0","0","0","0","0","0","0","0","0","0","6","0","0","0","0","0","0","0","0","0","0","0","0","0","0","0","0","0","0","0","0","0","0"
"0x7117723083b0","@!P4  IMAD.IADD.U32 R142, R142, 0x1, R209","5","0","5","127872","4091904","4091904","32","32","0","0","0","-","-","-","0","0","0","0","0","0","0","0","0","0","0","0","0","0","0","0","0","0","0","0","0","5","0","0","0","0","0","0","0","0","0","0","0","0","0","0","0","0","0","0","0","0","0","0"
"0x7117723083c0","      FSETP.GEU.AND P4, PT, |R148|, +INF , PT","4","0","4","127872","4091904","4091904","32","32","0","0","0","-","-","-","0","0","0","0","0","0","0","0","0","0","0","0","0","0","0","0","0","0","0","0","0","4","0","0","0","0","0","0","0","0","0","0","0","0","0","0","0","0","0","0","0","0","0","0"
"0x7117723083d0","      HMMA.1688.F32.TF32 R100, R192, R180, R100","53","46","53","127872","4091904","4091904","32","32","0","0","0","-","-","-","0","0","0","0","0","0","0","0","0","0","0","0","0","0","0","47","0","0","0","0","1","5","0","0","0","0","0","0","0","0","0","0","0","46","0","0","0","0","0","0","0","0","0","0"
"0x7117723083e0","@!P3  IMAD.IADD.U32 R143, R143, 0x1, R209","22","15","22","127872","4091904","4091904","32","32","0","0","0","-","-","-","0","0","0","0","0","0","0","0","0","0","0","0","0","0","0","0","0","0","0","0","0","7","0","0","0","15","0","0","0","0","0","0","0","0","0","0","0","0","0","0","0","0","0","15"
"0x7117723083f0","      FSETP.GEU.AND P3, PT, |R149|, +INF , PT","6","0","6","127872","4091904","4091904","32","32","0","0","0","-","-","-","0","0","0","0","0","0","0","0","0","0","0","0","0","0","0","0","0","0","0","0","0","6","0","0","0","0","0","0","0","0","0","0","0","0","0","0","0","0","0","0","0","0","0","0"
"0x711772308400","@!P1  IMAD.IADD.U32 R132, R132, 0x1, R209","2","0","2","127872","4091904","4091904","32","32","0","0","0","-","-","-","0","0","0","0","0","0","0","0","0","0","0","0","0","0","0","0","0","0","0","0","0","2","0","0","0","0","0","0","0","0","0","0","0","0","0","0","0","0","0","0","0","0","0","0"
"0x711772308410","      FSETP.GEU.AND P1, PT, |R154|, +INF , PT","9","0","9","127872","4091904","4091904","32","32","0","0","0","-","-","-","0","0","0","0","0","0","0","0","0","0","0","0","0","0","0","0","0","0","0","0","0","9","0","0","0","0","0","0","0","0","0","0","0","0","0","0","0","0","0","0","0","0","0","0"
"0x711772308420","      HMMA.1688.F32.TF32 R104, R192, R178, R104","57","54","57","127872","4091904","4091904","32","32","0","0","0","-","-","-","0","0","0","0","0","0","0","0","0","0","0","0","0","0","0","54","0","0","0","0","0","3","0","0","0","0","0","0","0","0","0","0","0","54","0","0","0","0","0","0","0","0","0","0"
"0x711772308430","@!P0  IMAD.IADD.U32 R155, R155, 0x1, R209","21","18","21","127872","4091904","4091904","32","32","0","0","0","-","-","-","0","0","0","0","0","0","0","0","0","0","0","0","0","0","0","0","0","0","0","0","0","3","0","0","0","18","0","0","0","0","0","0","0","0","0","0","0","0","0","0","0","0","0","18"
"0x711772308440","      FSETP.GEU.AND P0, PT, |R157|, +INF , PT","4","0","4","127872","4091904","4091904","32","32","0","0","0","-","-","-","0","0","0","0","0","0","0","0","0","0","0","0","0","0","0","0","0","0","0","0","0","4","0","0","0","0","0","0","0","0","0","0","0","0","0","0","0","0","0","0","0","0","0","0"
"0x711772308450","@!P6  IMAD.IADD.U32 R146, R146, 0x1, R209","4","0","4","127872","4091904","4091904","32","32","0","0","0","-","-","-","0","0","0","0","0","0","0","0","0","0","0","0","0","0","0","0","0","0","0","0","0","4","0","0","0","0","0","0","0","0","0","0","0","0","0","0","0","0","0","0","0","0","0","0"
"0x711772308460","      FSETP.GEU.AND P6, PT, |R134|, +INF , PT","4","0","4","127872","4091904","4091904","32","32","0","0","0","-","-","-","0","0","0","0","0","0","0","0","0","0","0","0","0","0","0","0","0","0","0","0","0","4","0","0","0","0","0","0","0","0","0","0","0","0","0","0","0","0","0","0","0","0","0","0"
"0x711772308470","      HMMA.1688.F32.TF32 R108, R192, R176, R108","46","43","46","127872","4091904","4091904","32","32","0","0","0","-","-","-","0","0","0","0","0","0","0","0","0","0","0","0","0","0","0","43","0","0","0","0","0","3","0","0","0","0","0","0","0","0","0","0","0","43","0","0","0","0","0","0","0","0","0","0"
"0x711772308480","@!P5  IMAD.IADD.U32 R147, R147, 0x1, R209","14","12","14","127872","4091904","4091904","32","32","0","0","0","-","-","-","0","0","0","0","0","0","0","0","0","0","0","0","0","0","0","0","0","0","0","0","0","2","0","0","0","12","0","0","0","0","0","0","0","0","0","0","0","0","0","0","0","0","0","12"
"0x711772308490","      FSETP.GEU.AND P5, PT, |R135|, +INF , PT","2","0","2","127872","4091904","4091904","32","32","0","0","0","-","-","-","0","0","0","0","0","0","0","0","0","0","0","0","0","0","0","0","0","0","0","0","0","2","0","0","0","0","0","0","0","0","0","0","0","0","0","0","0","0","0","0","0","0","0","0"
"0x7117723084a0","@!P4  IMAD.IADD.U32 R148, R148, 0x1, R209","1","0","1","127872","4091904","4091904","32","32","0","0","0","-","-","-","0","0","0","0","0","0","0","0","0","0","0","0","0","0","0","0","0","0","0","0","0","1","0","0","0","0","0","0","0","0","0","0","0","0","0","0","0","0","0","0","0","0","0","0"
"0x7117723084b0","      FSETP.GEU.AND P4, PT, |R152|, +INF , PT","6","0","6","127872","4091904","4091904","32","32","0","0","0","-","-","-","0","0","0","0","0","0","0","0","0","0","0","0","0","0","0","0","0","0","0","0","0","6","0","0","0","0","0","0","0","0","0","0","0","0","0","0","0","0","0","0","0","0","0","0"
"0x7117723084c0","      HMMA.1688.F32.TF32 R112, R192, R174, R112","47","39","47","127872","4091904","4091904","32","32","0","0","0","-","-","-","0","0","0","0","0","0","0","0","0","0","0","0","0","0","0","41","0","0","0","0","0","6","0","0","0","0","0","0","0","0","0","0","0","39","0","0","0","0","0","0","0","0","0","0"
"0x7117723084d0","@!P3  IMAD.IADD.U32 R149, R149, 0x1, R209","23","10","23","127872","4091904","4091904","32","32","0","0","0","-","-","-","0","0","0","0","0","0","0","0","0","0","0","0","0","0","0","0","0","0","0","0","0","13","0","0","0","10","0","0","0","0","0","0","0","0","0","0","0","0","0","0","0","0","0","10"
"0x7117723084e0","      FSETP.GEU.AND P3, PT, |R153|, +INF , PT","4","0","4","127872","4091904","4091904","32","32","0","0","0","-","-","-","0","0","0","0","0","0","0","0","0","0","0","0","0","0","0","0","0","0","0","0","0","4","0","0","0","0","0","0","0","0","0","0","0","0","0","0","0","0","0","0","0","0","0","0"
"0x7117723084f0","@!P1  IMAD.IADD.U32 R154, R154, 0x1, R209","3","0","3","127872","4091904","4091904","32","32","0","0","0","-","-","-","0","0","0","0","0","0","0","0","0","0","0","0","0","0","0","0","0","0","0","0","0","3","0","0","0","0","0","0","0","0","0","0","0","0","0","0","0","0","0","0","0","0","0","0"
"0x711772308500","      FSETP.GEU.AND P1, PT, |R156|, +INF , PT","3","0","3","127872","4091904","4091904","32","32","0","0","0","-","-","-","0","0","0","0","0","0","0","0","0","0","0","0","0","0","0","0","0","0","0","0","0","3","0","0","0","0","0","0","0","0","0","0","0","0","0","0","0","0","0","0","0","0","0","0"
"0x711772308510","      HMMA.1688.F32.TF32 R116, R192, R172, R116","42","33","42","127872","4091904","4091904","32","32","0","0","0","-","-","-","0","0","0","0","0","0","0","0","0","0","0","0","0","0","0","34","0","0","0","0","1","7","0","0","0","0","0","0","0","0","0","0","0","33","0","0","0","0","0","0","0","0","0","0"
"0x711772308520","@!P0  IMAD.IADD.U32 R157, R157, 0x1, R209","15","9","15","127872","4091904","4091904","32","32","0","0","0","-","-","-","0","0","0","0","0","0","0","0","0","0","0","0","0","0","0","0","0","0","0","0","0","6","0","0","0","9","0","0","0","0","0","0","0","0","0","0","0","0","0","0","0","0","0","9"
"0x711772308530","      ISETP.GT.AND P0, PT, R208, -0x1, PT","5","0","5","127872","4091904","4091904","32","32","0","0","0","-","-","-","0","0","0","0","0","0","0","0","0","0","0","0","0","0","0","0","0","0","0","0","0","5","0","0","0","0","0","0","0","0","0","0","0","0","0","0","0","0","0","0","0","0","0","0"
"0x711772308540","@!P6  IMAD.IADD.U32 R134, R134, 0x1, R209","5","0","5","127872","4091904","4091904","32","32","0","0","0","-","-","-","0","0","0","0","0","0","0","0","0","0","0","0","0","0","0","0","0","0","0","0","0","5","0","0","0","0","0","0","0","0","0","0","0","0","0","0","0","0","0","0","0","0","0","0"
"0x711772308550","      FSETP.GEU.AND P6, PT, |R158|, +INF , PT","4","0","4","127872","4091904","4091904","32","32","0","0","0","-","-","-","0","0","0","0","0","0","0","0","0","0","0","0","0","0","0","0","0","0","0","0","0","4","0","0","0","0","0","0","0","0","0","0","0","0","0","0","0","0","0","0","0","0","0","0"
"0x711772308560","      HMMA.1688.F32.TF32 R120, R192, R170, R120","66","54","66","127872","4091904","4091904","32","32","0","0","0","-","-","-","0","0","0","0","0","0","0","0","0","0","0","0","0","0","0","55","0","0","0","0","1","10","0","0","0","0","0","0","0","0","0","0","0","54","0","0","0","0","0","0","0","0","0","0"
"0x711772308570","@!P5  IMAD.IADD.U32 R135, R135, 0x1, R209","15","10","15","127872","4091904","4091904","32","32","0","0","0","-","-","-","0","0","0","0","0","0","0","0","0","0","0","0","0","0","0","0","0","0","0","0","0","5","0","0","0","10","0","0","0","0","0","0","0","0","0","0","0","0","0","0","0","0","0","10"
"0x711772308580","      FSETP.GEU.AND P5, PT, |R159|, +INF , PT","2","0","2","127872","4091904","4091904","32","32","0","0","0","-","-","-","0","0","0","0","0","0","0","0","0","0","0","0","0","0","0","0","0","0","0","0","0","2","0","0","0","0","0","0","0","0","0","0","0","0","0","0","0","0","0","0","0","0","0","0"
"0x711772308590","@!P4  IMAD.IADD.U32 R152, R152, 0x1, R209","5","0","5","127872","4091904","4091904","32","32","0","0","0","-","-","-","0","0","0","0","0","0","0","0","0","0","0","0","0","0","0","0","0","0","0","0","0","5","0","0","0","0","0","0","0","0","0","0","0","0","0","0","0","0","0","0","0","0","0","0"
"0x7117723085a0","      FSETP.GEU.AND P4, PT, |R160|, +INF , PT","4","0","4","127872","4091904","4091904","32","32","0","0","0","-","-","-","0","0","0","0","0","0","0","0","0","0","0","0","0","0","0","0","0","0","0","0","0","4","0","0","0","0","0","0","0","0","0","0","0","0","0","0","0","0","0","0","0","0","0","0"
"0x7117723085b0","@!P3  IMAD.IADD.U32 R153, R153, 0x1, R209","3","0","3","127872","4091904","4091904","32","32","0","0","0","-","-","-","0","0","0","0","0","0","0","0","0","0","0","0","0","0","0","0","0","0","0","0","0","3","0","0","0","0","0","0","0","0","0","0","0","0","0","0","0","0","0","0","0","0","0","0"
"0x7117723085c0","      HMMA.1688.F32.TF32 R124, R192, R168, R124","51","43","51","127872","4091904","4091904","32","32","0","0","0","-","-","-","0","0","0","0","0","0","0","0","0","0","0","0","0","0","0","44","0","0","0","0","0","7","0","0","0","0","0","0","0","0","0","0","0","43","0","0","0","0","0","0","0","0","0","0"
"0x7117723085d0","@!P1  IMAD.IADD.U32 R156, R156, 0x1, R209","20","13","20","127872","4091904","4091904","32","32","0","0","0","-","-","-","0","0","0","0","0","0","0","0","0","0","0","0","0","0","0","0","0","0","0","0","0","7","0","0","0","13","0","0","0","0","0","0","0","0","0","0","0","0","0","0","0","0","0","13"
"0x7117723085e0","      FSETP.GEU.AND P3, PT, |R161|, +INF , PT","7","0","7","127872","4091904","4091904","32","32","0","0","0","-","-","-","0","0","0","0","0","0","0","0","0","0","0","0","0","0","0","0","0","0","0","0","0","7","0","0","0","0","0","0","0","0","0","0","0","0","0","0","0","0","0","0","0","0","0","0"
"0x7117723085f0","      IMAD.MOV.U32 R208, RZ, RZ, R210","3","0","3","127872","4091904","4091904","32","32","0","0","0","-","-","-","0","0","0","0","0","0","0","0","0","0","0","0","0","0","0","0","0","0","0","0","0","3","0","0","0","0","0","0","0","0","0","0","0","0","0","0","0","0","0","0","0","0","0","0"
"0x711772308600","      FSETP.GEU.AND P1, PT, |R163|, +INF , PT","6","0","6","127872","4091904","4091904","32","32","0","0","0","-","-","-","0","0","0","0","0","0","0","0","0","0","0","0","0","0","0","0","0","0","0","0","0","6","0","0","0","0","0","0","0","0","0","0","0","0","0","0","0","0","0","0","0","0","0","0"
"0x711772308610","@!P6  IMAD.IADD.U32 R158, R158, 0x1, R209","5","0","5","127872","4091904","4091904","32","32","0","0","0","-","-","-","0","0","0","0","0","0","0","0","0","0","0","0","0","0","0","0","0","0","0","0","0","5","0","0","0","0","0","0","0","0","0","0","0","0","0","0","0","0","0","0","0","0","0","0"
"0x711772308620","      HMMA.1688.F32.TF32 R128, R192, R150, R128","40","37","40","127872","4091904","4091904","32","32","0","0","0","-","-","-","0","0","0","0","0","0","0","0","0","0","0","0","0","0","0","38","0","0","0","0","1","1","0","0","0","0","0","0","0","0","0","0","0","37","0","0","0","0","0","0","0","0","0","0"
"0x711772308630","@!P5  IMAD.IADD.U32 R159, R159, 0x1, R209","17","12","17","127872","4091904","4091904","32","32","0","0","0","-","-","-","0","0","0","0","0","0","0","0","0","0","0","0","0","0","0","0","0","0","0","0","0","5","0","0","0","12","0","0","0","0","0","0","0","0","0","0","0","0","0","0","0","0","0","12"
"0x711772308640","@!P4  IMAD.IADD.U32 R160, R160, 0x1, R209","9","5","9","127872","4091904","4091904","32","32","0","0","0","-","-","-","0","0","0","0","0","0","0","0","0","0","0","0","0","0","0","0","0","0","0","0","0","4","0","0","0","5","0","0","0","0","0","0","0","0","0","0","0","0","0","0","0","0","0","5"
"0x711772308650","@!P2  IMAD.IADD.U32 R162, R162, 0x1, R209","7","4","7","127872","4091904","4091904","32","32","0","0","0","-","-","-","0","0","0","0","0","0","0","0","0","0","0","0","0","0","0","0","0","0","0","0","0","3","0","0","0","4","0","0","0","0","0","0","0","0","0","0","0","0","0","0","0","0","0","4"
"0x711772308660","@!P3  IMAD.IADD.U32 R161, R161, 0x1, R209","17","15","17","127872","4091904","4091904","32","32","0","0","0","-","-","-","0","0","0","0","0","0","0","0","0","0","0","0","0","0","0","0","0","0","0","0","0","2","0","0","0","15","0","0","0","0","0","0","0","0","0","0","0","0","0","0","0","0","0","15"
"0x711772308670","@!P1  IMAD.IADD.U32 R163, R163, 0x1, R209","10","6","10","127872","4091904","4091904","32","32","0","0","0","-","-","-","0","0","0","0","0","0","0","0","0","0","0","0","0","0","0","0","0","0","0","0","0","4","0","0","0","6","0","0","0","0","0","0","0","0","0","0","0","0","0","0","0","0","0","6"
"0x711772308680","@P0   BRA 0x711772307520","4","0","4","127872","4091904","4006656","32","31","1","1","0","-","-","-","0","0","0","0","0","0","0","0","0","0","0","0","0","0","0","0","0","0","0","0","0","4","0","0","0","0","0","0","0","0","0","0","0","0","0","0","0","0","0","0","0","0","0","0"
"0x711772308690","      LDGDEPBAR","28","10","28","2664","85248","85248","32","32","1","0","0","-","-","-","0","0","0","0","0","0","0","0","0","0","0","0","0","0","0","0","0","0","0","0","0","6","0","0","0","22","0","0","0","0","0","0","0","0","0","0","0","0","0","0","0","0","0","10"
"0x7117723086a0","      ISETP.NE.U32.AND P2, PT, RZ, c[0x0][0x268], PT","0","0","0","2664","85248","85248","32","32","0","0","0","-","-","-","0","0","0","0","0","0","0","0","0","0","0","0","0","0","0","0","0","0","0","0","0","0","0","0","0","0","0","0","0","0","0","0","0","0","0","0","0","0","0","0","0","0","0","0"
"0x7117723086b0","      ISETP.NE.U32.AND P1, PT, RZ, c[0x0][0x270], PT","0","0","0","2664","85248","85248","32","32","0","0","0","-","-","-","0","0","0","0","0","0","0","0","0","0","0","0","0","0","0","0","0","0","0","0","0","0","0","0","0","0","0","0","0","0","0","0","0","0","0","0","0","0","0","0","0","0","0","0"
"0x7117723086c0","      LDGDEPBAR","0","0","0","2664","85248","85248","32","32","0","0","0","-","-","-","0","0","0","0","0","0","0","0","0","0","0","0","0","0","0","0","0","0","0","0","0","0","0","0","0","0","0","0","0","0","0","0","0","0","0","0","0","0","0","0","0","0","0","0"
"0x7117723086d0","      ISETP.NE.AND.EX P2, PT, RZ, c[0x0][0x26c], PT, P2","0","0","0","2664","85248","85248","32","32","0","0","0","-","-","-","0","0","0","0","0","0","0","0","0","0","0","0","0","0","0","0","0","0","0","0","0","0","0","0","0","0","0","0","0","0","0","0","0","0","0","0","0","0","0","0","0","0","0","0"
"0x7117723086e0","      ISETP.NE.AND.EX P1, PT, RZ, c[0x0][0x274], PT, P1","0","0","0","2664","85248","85248","32","32","0","0","0","-","-","-","0","0","0","0","0","0","0","0","0","0","0","0","0","0","0","0","0","0","0","0","0","0","0","0","0","0","0","0","0","0","0","0","0","0","0","0","0","0","0","0","0","0","0","0"
"0x7117723086f0","@P2   IMAD.MOV.U32 R158, RZ, RZ, c[0x0][0x268]","0","0","0","2664","85248","0","32","0","32","32","0","-","-","-","0","0","0","0","0","0","0","0","0","0","0","0","0","0","0","0","0","0","0","0","0","0","0","0","0","0","0","0","0","0","0","0","0","0","0","0","0","0","0","0","0","0","0","0"
"0x711772308700","@P1   MOV R162, c[0x0][0x270]","0","0","0","2664","85248","0","32","0","0","32","0","-","-","-","0","0","0","0","0","0","0","0","0","0","0","0","0","0","0","0","0","0","0","0","0","0","0","0","0","0","0","0","0","0","0","0","0","0","0","0","0","0","0","0","0","0","0","0"
"0x711772308710","@P2   IMAD.MOV.U32 R159, RZ, RZ, c[0x0][0x26c]","0","0","0","2664","85248","0","32","0","0","32","0","-","-","-","0","0","0","0","0","0","0","0","0","0","0","0","0","0","0","0","0","0","0","0","0","0","0","0","0","0","0","0","0","0","0","0","0","0","0","0","0","0","0","0","0","0","0","0"
"0x711772308720","@P1   IMAD.MOV.U32 R163, RZ, RZ, c[0x0][0x274]","0","0","0","2664","85248","0","32","0","0","32","0","-","-","-","0","0","0","0","0","0","0","0","0","0","0","0","0","0","0","0","0","0","0","0","0","0","0","0","0","0","0","0","0","0","0","0","0","0","0","0","0","0","0","0","0","0","0","0"
"0x711772308730","      DEPBAR.LE SB0, 0x0","0","0","0","2664","85248","85248","32","32","32","0","0","-","-","-","0","0","0","0","0","0","0","0","0","0","0","0","0","0","0","0","0","0","0","0","0","0","0","0","0","0","0","0","0","0","0","0","0","0","0","0","0","0","0","0","0","0","0","0"
"0x711772308740","      BAR.SYNC.DEFER_BLOCKING 0x0","4","4","4","2664","85248","85248","32","32","0","0","0","-","-","-","0","0","0","0","0","0","0","0","0","0","0","0","0","0","4","0","0","0","0","0","0","0","0","0","0","0","0","0","0","0","0","0","4","0","0","0","0","0","0","0","0","0","0","0"
"0x711772308750","@P2   LDG.E R158, [R158]","21","13","21","2664","85248","0","32","0","32","32","0","","Load","32","0","0","0","0","0","0","0","0","19","0","0","0","0","0","0","0","0","0","0","0","0","2","0","0","0","0","13","0","0","0","0","0","0","0","0","0","0","0","0","0","0","0","0","0"
"0x711772308760","@P1   LDG.E R162, [R162]","1","0","1","2664","85248","0","32","0","0","32","0","","Load","32","0","0","0","0","0","0","0","0","0","0","0","0","0","0","0","0","0","0","0","0","0","1","0","0","0","0","0","0","0","0","0","0","0","0","0","0","0","0","0","0","0","0","0","0"
"0x711772308770","      S2UR UR5, SR_CTAID.Y","0","0","0","2664","85248","85248","32","32","32","0","0","-","-","-","0","0","0","0","0","0","0","0","0","0","0","0","0","0","0","0","0","0","0","0","0","0","0","0","0","0","0","0","0","0","0","0","0","0","0","0","0","0","0","0","0","0","0","0"
"0x711772308780","      IMAD.MOV.U32 R134, RZ, RZ, -0x1","0","0","0","2664","85248","85248","32","32","0","0","0","-","-","-","0","0","0","0","0","0","0","0","0","0","0","0","0","0","0","0","0","0","0","0","0","0","0","0","0","0","0","0","0","0","0","0","0","0","0","0","0","0","0","0","0","0","0","0"
"0x711772308790","      ULDC UR4, c[0x0][0x178]","0","0","0","2664","85248","85248","32","32","0","0","0","-","-","-","0","0","0","0","0","0","0","0","0","0","0","0","0","0","0","0","0","0","0","0","0","0","0","0","0","0","0","0","0","0","0","0","0","0","0","0","0","0","0","0","0","0","0","0"
"0x7117723087a0","      S2R R156, SR_CTAID.X","0","0","0","2664","85248","85248","32","32","0","0","0","-","-","-","0","0","0","0","0","0","0","0","0","0","0","0","0","0","0","0","0","0","0","0","0","0","0","0","0","0","0","0","0","0","0","0","0","0","0","0","0","0","0","0","0","0","0","0"
"0x7117723087b0","      ISETP.NE.AND P0, PT, RZ, c[0x0][0x17c], PT","1","0","1","2664","85248","85248","32","32","0","0","0","-","-","-","0","0","0","0","0","0","0","0","0","0","0","0","0","0","0","0","0","0","0","0","0","1","0","0","0","0","0","0","0","0","0","0","0","0","0","0","0","0","0","0","0","0","0","0"
"0x7117723087c0","      IMAD.MOV.U32 R157, RZ, RZ, c[0x0][0x260]","0","0","0","2664","85248","85248","32","32","0","0","0","-","-","-","0","0","0","0","0","0","0","0","0","0","0","0","0","0","0","0","0","0","0","0","0","0","0","0","0","0","0","0","0","0","0","0","0","0","0","0","0","0","0","0","0","0","0","0"
"0x7117723087d0","      SHF.L.U32 R139, R134, c[0x0][0x178], RZ","0","0","0","2664","85248","85248","32","32","0","0","0","-","-","-","0","0","0","0","0","0","0","0","0","0","0","0","0","0","0","0","0","0","0","0","0","0","0","0","0","0","0","0","0","0","0","0","0","0","0","0","0","0","0","0","0","0","0","0"
"0x7117723087e0","      IMAD.MOV.U32 R135, RZ, RZ, -0x1","0","0","0","2664","85248","85248","32","32","0","0","0","-","-","-","0","0","0","0","0","0","0","0","0","0","0","0","0","0","0","0","0","0","0","0","0","0","0","0","0","0","0","0","0","0","0","0","0","0","0","0","0","0","0","0","0","0","0","0"
"0x7117723087f0","      MOV R160, 0x4","1","0","1","2664","85248","85248","32","32","0","0","0","-","-","-","0","0","0","0","0","0","0","0","0","0","0","0","0","0","0","0","0","0","0","0","0","1","0","0","0","0","0","0","0","0","0","0","0","0","0","0","0","0","0","0","0","0","0","0"
"0x711772308800","      IMAD.MOV.U32 R3, RZ, RZ, c[0x0][0x28c]","0","0","0","2664","85248","85248","32","32","0","0","0","-","-","-","0","0","0","0","0","0","0","0","0","0","0","0","0","0","0","0","0","0","0","0","0","0","0","0","0","0","0","0","0","0","0","0","0","0","0","0","0","0","0","0","0","0","0","0"
"0x711772308810","      MOV R2, c[0x0][0x288]","0","0","0","2664","85248","85248","32","32","0","0","0","-","-","-","0","0","0","0","0","0","0","0","0","0","0","0","0","0","0","0","0","0","0","0","0","0","0","0","0","0","0","0","0","0","0","0","0","0","0","0","0","0","0","0","0","0","0","0"
"0x711772308820","      IMAD.MOV.U32 R132, RZ, RZ, c[0x0][0x290]","0","0","0","2664","85248","85248","32","32","0","0","0","-","-","-","0","0","0","0","0","0","0","0","0","0","0","0","0","0","0","0","0","0","0","0","0","0","0","0","0","0","0","0","0","0","0","0","0","0","0","0","0","0","0","0","0","0","0","0"
"0x711772308830","      MOV R133, c[0x0][0x294]","0","0","0","2664","85248","85248","32","32","0","0","0","-","-","-","0","0","0","0","0","0","0","0","0","0","0","0","0","0","0","0","0","0","0","0","0","0","0","0","0","0","0","0","0","0","0","0","0","0","0","0","0","0","0","0","0","0","0","0"
"0x711772308840","      USHF.L.U32 UR4, UR5, UR4, URZ","1","0","1","2664","85248","85248","32","32","0","0","0","-","-","-","0","0","0","0","0","0","0","0","0","0","0","0","0","0","0","0","0","0","0","0","0","0","1","0","0","0","0","0","0","0","0","0","0","0","0","0","0","0","0","0","0","0","0","0"
"0x711772308850","      LOP3.LUT R139, R156, R139, RZ, 0x30, !PT","1","0","1","2664","85248","85248","32","32","0","0","0","-","-","-","0","0","0","0","0","0","0","0","0","0","0","0","0","0","0","0","0","0","0","0","0","1","0","0","0","0","0","0","0","0","0","0","0","0","0","0","0","0","0","0","0","0","0","0"
"0x711772308860","      SHF.R.S32.HI R156, RZ, c[0x0][0x178], R156","0","0","0","2664","85248","85248","32","32","0","0","0","-","-","-","0","0","0","0","0","0","0","0","0","0","0","0","0","0","0","0","0","0","0","0","0","0","0","0","0","0","0","0","0","0","0","0","0","0","0","0","0","0","0","0","0","0","0","0"
"0x711772308870","      IADD3 R139, R139, UR4, RZ","0","0","0","2664","85248","85248","32","32","0","0","0","-","-","-","0","0","0","0","0","0","0","0","0","0","0","0","0","0","0","0","0","0","0","0","0","0","0","0","0","0","0","0","0","0","0","0","0","0","0","0","0","0","0","0","0","0","0","0"
"0x711772308880","      IMAD R161, R139, c[0x0][0x16c], R156","0","0","0","2664","85248","85248","32","32","0","0","0","-","-","-","0","0","0","0","0","0","0","0","0","0","0","0","0","0","0","0","0","0","0","0","0","0","0","0","0","0","0","0","0","0","0","0","0","0","0","0","0","0","0","0","0","0","0","0"
"0x711772308890","      IMAD.WIDE R160, R161, R160, c[0x0][0x190]","0","0","0","2664","85248","85248","32","32","0","0","0","-","-","-","0","0","0","0","0","0","0","0","0","0","0","0","0","0","0","0","0","0","0","0","0","0","0","0","0","0","0","0","0","0","0","0","0","0","0","0","0","0","0","0","0","0","0","0"
"0x7117723088a0","@!P2  IMAD.MOV.U32 R158, RZ, RZ, c[0x0][0x258]","0","0","0","2664","85248","85248","32","32","0","0","0","-","-","-","0","0","0","0","0","0","0","0","0","0","0","0","0","0","0","0","0","0","0","0","0","0","0","0","0","0","0","0","0","0","0","0","0","0","0","0","0","0","0","0","0","0","0","0"
"0x7117723088b0","@!P1  MOV R162, c[0x0][0x25c]","0","0","0","2664","85248","85248","32","32","0","0","0","-","-","-","0","0","0","0","0","0","0","0","0","0","0","0","0","0","0","0","0","0","0","0","0","0","0","0","0","0","0","0","0","0","0","0","0","0","0","0","0","0","0","0","0","0","0","0"
"0x7117723088c0","@!P0  BRA 0x711772308b20","0","0","0","2664","85248","85248","32","32","0","0","0","-","-","-","0","0","0","0","0","0","0","0","0","0","0","0","0","0","0","0","0","0","0","0","0","0","0","0","0","0","0","0","0","0","0","0","0","0","0","0","0","0","0","0","0","0","0","0"
"0x7117723088d0","      IMAD.MOV.U32 R136, RZ, RZ, c[0x0][0x17c]","0","0","0","0","0","0","0","0","32","32","0","-","-","-","0","0","0","0","0","0","0","0","0","0","0","0","0","0","0","0","0","0","0","0","0","0","0","0","0","0","0","0","0","0","0","0","0","0","0","0","0","0","0","0","0","0","0","0"
"0x7117723088e0","      IADD3 R134, R136, -0x1, RZ","0","0","0","0","0","0","0","0","0","32","0","-","-","-","0","0","0","0","0","0","0","0","0","0","0","0","0","0","0","0","0","0","0","0","0","0","0","0","0","0","0","0","0","0","0","0","0","0","0","0","0","0","0","0","0","0","0","0"
"0x7117723088f0","      IMNMX.U32 R134, R134, 0x2, PT","0","0","0","0","0","0","0","0","0","32","0","-","-","-","0","0","0","0","0","0","0","0","0","0","0","0","0","0","0","0","0","0","0","0","0","0","0","0","0","0","0","0","0","0","0","0","0","0","0","0","0","0","0","0","0","0","0","0"
"0x711772308900","      IMAD.SHL.U32 R134, R134, 0x4, RZ","0","0","0","0","0","0","0","0","0","32","0","-","-","-","0","0","0","0","0","0","0","0","0","0","0","0","0","0","0","0","0","0","0","0","0","0","0","0","0","0","0","0","0","0","0","0","0","0","0","0","0","0","0","0","0","0","0","0"
"0x711772308910","      LDC R140, c[0x2][R134]","0","0","0","0","0","0","0","0","0","32","0","-","-","-","0","0","0","0","0","0","0","0","0","0","0","0","0","0","0","0","0","0","0","0","0","0","0","0","0","0","0","0","0","0","0","0","0","0","0","0","0","0","0","0","0","0","0","0"
"0x711772308920","      SHF.R.S32.HI R141, RZ, 0x1f, R140","0","0","0","0","0","0","0","0","0","32","0","-","-","-","0","0","0","0","0","0","0","0","0","0","0","0","0","0","0","0","0","0","0","0","0","0","0","0","0","0","0","0","0","0","0","0","0","0","0","0","0","0","0","0","0","0","0","0"
"0x711772308930","      BRX R140, -0x3240","0","0","0","0","0","0","0","0","0","32","0","-","-","-","0","0","0","0","0","0","0","0","0","0","0","0","0","0","0","0","0","0","0","0","0","0","0","0","0","0","0","0","0","0","0","0","0","0","0","0","0","0","0","0","0","0","0","0"
"0x711772308940","      ISETP.NE.AND P0, PT, R136, 0x3, PT","0","0","0","0","0","0","0","0","0","32","0","-","-","-","0","0","0","0","0","0","0","0","0","0","0","0","0","0","0","0","0","0","0","0","0","0","0","0","0","0","0","0","0","0","0","0","0","0","0","0","0","0","0","0","0","0","0","0"
"0x711772308950","@P0   BRA 0x711772308be0","0","0","0","0","0","0","0","0","0","32","0","-","-","-","0","0","0","0","0","0","0","0","0","0","0","0","0","0","0","0","0","0","0","0","0","0","0","0","0","0","0","0","0","0","0","0","0","0","0","0","0","0","0","0","0","0","0","0"
"0x711772308960","      MOV R133, 0x8","0","0","0","0","0","0","0","0","0","32","0","-","-","-","0","0","0","0","0","0","0","0","0","0","0","0","0","0","0","0","0","0","0","0","0","0","0","0","0","0","0","0","0","0","0","0","0","0","0","0","0","0","0","0","0","0","0","0"
"0x711772308970","      IMAD.WIDE R2, R182, R133, c[0x0][0x288]","0","0","0","0","0","0","0","0","0","32","0","-","-","-","0","0","0","0","0","0","0","0","0","0","0","0","0","0","0","0","0","0","0","0","0","0","0","0","0","0","0","0","0","0","0","0","0","0","0","0","0","0","0","0","0","0","0","0"
"0x711772308980","      IMAD.WIDE R132, R182, R133, c[0x0][0x290]","0","0","0","0","0","0","0","0","0","32","0","-","-","-","0","0","0","0","0","0","0","0","0","0","0","0","0","0","0","0","0","0","0","0","0","0","0","0","0","0","0","0","0","0","0","0","0","0","0","0","0","0","0","0","0","0","0","0"
"0x711772308990","      LDG.E.64 R2, [R2]","0","0","0","0","0","0","0","0","0","32","0","","","","0","0","0","0","0","0","0","0","0","0","0","0","0","0","0","0","0","0","0","0","0","0","0","0","0","0","0","0","0","0","0","0","0","0","0","0","0","0","0","0","0","0","0","0"
"0x7117723089a0","      LDG.E.64 R132, [R132]","0","0","0","0","0","0","0","0","0","32","0","","","","0","0","0","0","0","0","0","0","0","0","0","0","0","0","0","0","0","0","0","0","0","0","0","0","0","0","0","0","0","0","0","0","0","0","0","0","0","0","0","0","0","0","0","0"
"0x7117723089b0","      BRA 0x711772308be0","0","0","0","0","0","0","0","0","0","32","0","-","-","-","0","0","0","0","0","0","0","0","0","0","0","0","0","0","0","0","0","0","0","0","0","0","0","0","0","0","0","0","0","0","0","0","0","0","0","0","0","0","0","0","0","0","0","0"
"0x7117723089c0","      SHF.R.S32.HI R133, RZ, 0x1f, R182","0","0","0","0","0","0","0","0","0","32","0","-","-","-","0","0","0","0","0","0","0","0","0","0","0","0","0","0","0","0","0","0","0","0","0","0","0","0","0","0","0","0","0","0","0","0","0","0","0","0","0","0","0","0","0","0","0","0"
"0x7117723089d0","      IMAD.WIDE.U32 R140, R182, c[0x0][0x2a8], RZ","0","0","0","0","0","0","0","0","0","32","0","-","-","-","0","0","0","0","0","0","0","0","0","0","0","0","0","0","0","0","0","0","0","0","0","0","0","0","0","0","0","0","0","0","0","0","0","0","0","0","0","0","0","0","0","0","0","0"
"0x7117723089e0","      IMAD R3, R133, c[0x0][0x2a8], RZ","0","0","0","0","0","0","0","0","0","32","0","-","-","-","0","0","0","0","0","0","0","0","0","0","0","0","0","0","0","0","0","0","0","0","0","0","0","0","0","0","0","0","0","0","0","0","0","0","0","0","0","0","0","0","0","0","0","0"
"0x7117723089f0","      LEA R2, P1, R140, c[0x0][0x288], 0x2","0","0","0","0","0","0","0","0","0","32","0","-","-","-","0","0","0","0","0","0","0","0","0","0","0","0","0","0","0","0","0","0","0","0","0","0","0","0","0","0","0","0","0","0","0","0","0","0","0","0","0","0","0","0","0","0","0","0"
"0x711772308a00","      IMAD R133, R133, c[0x0][0x188], RZ","0","0","0","0","0","0","0","0","0","32","0","-","-","-","0","0","0","0","0","0","0","0","0","0","0","0","0","0","0","0","0","0","0","0","0","0","0","0","0","0","0","0","0","0","0","0","0","0","0","0","0","0","0","0","0","0","0","0"
"0x711772308a10","      IMAD.WIDE.U32 R136, R182, c[0x0][0x188], RZ","0","0","0","0","0","0","0","0","0","32","0","-","-","-","0","0","0","0","0","0","0","0","0","0","0","0","0","0","0","0","0","0","0","0","0","0","0","0","0","0","0","0","0","0","0","0","0","0","0","0","0","0","0","0","0","0","0","0"
"0x711772308a20","      IMAD R3, R182, c[0x0][0x2ac], R3","0","0","0","0","0","0","0","0","0","32","0","-","-","-","0","0","0","0","0","0","0","0","0","0","0","0","0","0","0","0","0","0","0","0","0","0","0","0","0","0","0","0","0","0","0","0","0","0","0","0","0","0","0","0","0","0","0","0"
"0x711772308a30","      LEA R132, P0, R136, c[0x0][0x290], 0x2","0","0","0","0","0","0","0","0","0","32","0","-","-","-","0","0","0","0","0","0","0","0","0","0","0","0","0","0","0","0","0","0","0","0","0","0","0","0","0","0","0","0","0","0","0","0","0","0","0","0","0","0","0","0","0","0","0","0"
"0x711772308a40","      IMAD R133, R182, c[0x0][0x18c], R133","0","0","0","0","0","0","0","0","0","32","0","-","-","-","0","0","0","0","0","0","0","0","0","0","0","0","0","0","0","0","0","0","0","0","0","0","0","0","0","0","0","0","0","0","0","0","0","0","0","0","0","0","0","0","0","0","0","0"
"0x711772308a50","      IADD3 R3, R141, R3, RZ","0","0","0","0","0","0","0","0","0","32","0","-","-","-","0","0","0","0","0","0","0","0","0","0","0","0","0","0","0","0","0","0","0","0","0","0","0","0","0","0","0","0","0","0","0","0","0","0","0","0","0","0","0","0","0","0","0","0"
"0x711772308a60","      IADD3 R133, R137, R133, RZ","0","0","0","0","0","0","0","0","0","32","0","-","-","-","0","0","0","0","0","0","0","0","0","0","0","0","0","0","0","0","0","0","0","0","0","0","0","0","0","0","0","0","0","0","0","0","0","0","0","0","0","0","0","0","0","0","0","0"
"0x711772308a70","      LEA.HI.X R3, R140, c[0x0][0x28c], R3, 0x2, P1","0","0","0","0","0","0","0","0","0","32","0","-","-","-","0","0","0","0","0","0","0","0","0","0","0","0","0","0","0","0","0","0","0","0","0","0","0","0","0","0","0","0","0","0","0","0","0","0","0","0","0","0","0","0","0","0","0","0"
"0x711772308a80","      LEA.HI.X R133, R136, c[0x0][0x294], R133, 0x2, P0","0","0","0","0","0","0","0","0","0","32","0","-","-","-","0","0","0","0","0","0","0","0","0","0","0","0","0","0","0","0","0","0","0","0","0","0","0","0","0","0","0","0","0","0","0","0","0","0","0","0","0","0","0","0","0","0","0","0"
"0x711772308a90","      BRA 0x711772308be0","0","0","0","0","0","0","0","0","0","32","0","-","-","-","0","0","0","0","0","0","0","0","0","0","0","0","0","0","0","0","0","0","0","0","0","0","0","0","0","0","0","0","0","0","0","0","0","0","0","0","0","0","0","0","0","0","0","0"
"0x711772308aa0","      SHF.R.S32.HI R133, RZ, 0x1f, R182","0","0","0","0","0","0","0","0","0","32","0","-","-","-","0","0","0","0","0","0","0","0","0","0","0","0","0","0","0","0","0","0","0","0","0","0","0","0","0","0","0","0","0","0","0","0","0","0","0","0","0","0","0","0","0","0","0","0"
"0x711772308ab0","      IMAD.WIDE.U32 R136, R182, c[0x0][0x188], RZ","0","0","0","0","0","0","0","0","0","32","0","-","-","-","0","0","0","0","0","0","0","0","0","0","0","0","0","0","0","0","0","0","0","0","0","0","0","0","0","0","0","0","0","0","0","0","0","0","0","0","0","0","0","0","0","0","0","0"
"0x711772308ac0","      IMAD R133, R133, c[0x0][0x188], RZ","0","0","0","0","0","0","0","0","0","32","0","-","-","-","0","0","0","0","0","0","0","0","0","0","0","0","0","0","0","0","0","0","0","0","0","0","0","0","0","0","0","0","0","0","0","0","0","0","0","0","0","0","0","0","0","0","0","0"
"0x711772308ad0","      LEA R132, P0, R136, c[0x0][0x290], 0x2","0","0","0","0","0","0","0","0","0","32","0","-","-","-","0","0","0","0","0","0","0","0","0","0","0","0","0","0","0","0","0","0","0","0","0","0","0","0","0","0","0","0","0","0","0","0","0","0","0","0","0","0","0","0","0","0","0","0"
"0x711772308ae0","      IMAD R133, R182, c[0x0][0x18c], R133","0","0","0","0","0","0","0","0","0","32","0","-","-","-","0","0","0","0","0","0","0","0","0","0","0","0","0","0","0","0","0","0","0","0","0","0","0","0","0","0","0","0","0","0","0","0","0","0","0","0","0","0","0","0","0","0","0","0"
"0x711772308af0","      IADD3 R133, R137, R133, RZ","0","0","0","0","0","0","0","0","0","32","0","-","-","-","0","0","0","0","0","0","0","0","0","0","0","0","0","0","0","0","0","0","0","0","0","0","0","0","0","0","0","0","0","0","0","0","0","0","0","0","0","0","0","0","0","0","0","0"
"0x711772308b00","      LEA.HI.X R133, R136, c[0x0][0x294], R133, 0x2, P0","0","0","0","0","0","0","0","0","0","32","0","-","-","-","0","0","0","0","0","0","0","0","0","0","0","0","0","0","0","0","0","0","0","0","0","0","0","0","0","0","0","0","0","0","0","0","0","0","0","0","0","0","0","0","0","0","0","0"
"0x711772308b10","      BRA 0x711772308be0","0","0","0","0","0","0","0","0","0","32","0","-","-","-","0","0","0","0","0","0","0","0","0","0","0","0","0","0","0","0","0","0","0","0","0","0","0","0","0","0","0","0","0","0","0","0","0","0","0","0","0","0","0","0","0","0","0","0"
"0x711772308b20","      MOV R136, c[0x0][0x174]","0","0","0","2664","85248","85248","32","32","32","0","0","-","-","-","0","0","0","0","0","0","0","0","0","0","0","0","0","0","0","0","0","0","0","0","0","0","0","0","0","0","0","0","0","0","0","0","0","0","0","0","0","0","0","0","0","0","0","0"
"0x711772308b30","      ISETP.GE.AND P0, PT, R136, 0x2, PT","0","0","0","2664","85248","85248","32","32","0","0","0","-","-","-","0","0","0","0","0","0","0","0","0","0","0","0","0","0","0","0","0","0","0","0","0","0","0","0","0","0","0","0","0","0","0","0","0","0","0","0","0","0","0","0","0","0","0","0"
"0x711772308b40","@!P0  BRA 0x711772308be0","1","0","1","2664","85248","85248","32","32","0","0","0","-","-","-","0","0","0","0","0","0","0","0","0","0","0","0","0","0","0","0","0","0","0","0","0","1","0","0","0","0","0","0","0","0","0","0","0","0","0","0","0","0","0","0","0","0","0","0"
"0x711772308b50","      ISETP.GT.AND P0, PT, R0, RZ, PT","0","0","0","0","0","0","0","0","32","32","0","-","-","-","0","0","0","0","0","0","0","0","0","0","0","0","0","0","0","0","0","0","0","0","0","0","0","0","0","0","0","0","0","0","0","0","0","0","0","0","0","0","0","0","0","0","0","0"
"0x711772308b60","      IMAD.MOV.U32 R135, RZ, RZ, -0x1","0","0","0","0","0","0","0","0","0","32","0","-","-","-","0","0","0","0","0","0","0","0","0","0","0","0","0","0","0","0","0","0","0","0","0","0","0","0","0","0","0","0","0","0","0","0","0","0","0","0","0","0","0","0","0","0","0","0"
"0x711772308b70","@!P0  LDG.E.STRONG.GPU R135, [R160]","0","0","0","0","0","0","0","0","0","32","0","","","","0","0","0","0","0","0","0","0","0","0","0","0","0","0","0","0","0","0","0","0","0","0","0","0","0","0","0","0","0","0","0","0","0","0","0","0","0","0","0","0","0","0","0","0"
"0x711772308b80","      IADD3 R137, R136, -0x1, RZ","0","0","0","0","0","0","0","0","0","32","0","-","-","-","0","0","0","0","0","0","0","0","0","0","0","0","0","0","0","0","0","0","0","0","0","0","0","0","0","0","0","0","0","0","0","0","0","0","0","0","0","0","0","0","0","0","0","0"
"0x711772308b90","      ISETP.NE.AND P1, PT, R182, RZ, PT","0","0","0","0","0","0","0","0","0","32","0","-","-","-","0","0","0","0","0","0","0","0","0","0","0","0","0","0","0","0","0","0","0","0","0","0","0","0","0","0","0","0","0","0","0","0","0","0","0","0","0","0","0","0","0","0","0","0"
"0x711772308ba0","      ISETP.NE.AND P0, PT, R137, R182, PT","0","0","0","0","0","0","0","0","0","32","0","-","-","-","0","0","0","0","0","0","0","0","0","0","0","0","0","0","0","0","0","0","0","0","0","0","0","0","0","0","0","0","0","0","0","0","0","0","0","0","0","0","0","0","0","0","0","0"
"0x711772308bb0","      FSEL R162, R162, 1, !P1","0","0","0","0","0","0","0","0","0","32","0","-","-","-","0","0","0","0","0","0","0","0","0","0","0","0","0","0","0","0","0","0","0","0","0","0","0","0","0","0","0","0","0","0","0","0","0","0","0","0","0","0","0","0","0","0","0","0"
"0x711772308bc0","      FSEL R157, R134, c[0x0][0x260], P0","0","0","0","0","0","0","0","0","0","32","0","-","-","-","0","0","0","0","0","0","0","0","0","0","0","0","0","0","0","0","0","0","0","0","0","0","0","0","0","0","0","0","0","0","0","0","0","0","0","0","0","0","0","0","0","0","0","0"
"0x711772308bd0","      CCTL.IVALL","0","0","0","0","0","0","0","0","0","32","0","-","-","-","0","0","0","0","0","0","0","0","0","0","0","0","0","0","0","0","0","0","0","0","0","0","0","0","0","0","0","0","0","0","0","0","0","0","0","0","0","0","0","0","0","0","0","0"
"0x711772308be0","      SHF.R.S32.HI R137, RZ, 0x1f, R0","1","1","1","2664","85248","85248","32","32","32","0","0","-","-","-","0","0","0","0","0","0","0","0","0","0","0","0","0","0","0","0","0","0","0","1","0","0","0","0","0","0","0","0","0","0","0","0","0","0","0","0","0","1","0","0","0","0","0","0"
"0x711772308bf0","      ULEA UR14, UR16, UR14, 0x1","0","0","0","2664","85248","85248","32","32","0","0","0","-","-","-","0","0","0","0","0","0","0","0","0","0","0","0","0","0","0","0","0","0","0","0","0","0","0","0","0","0","0","0","0","0","0","0","0","0","0","0","0","0","0","0","0","0","0","0"
"0x711772308c00","      LOP3.LUT R144, R0, 0x3, RZ, 0xc0, !PT","0","0","0","2664","85248","85248","32","32","0","0","0","-","-","-","0","0","0","0","0","0","0","0","0","0","0","0","0","0","0","0","0","0","0","0","0","0","0","0","0","0","0","0","0","0","0","0","0","0","0","0","0","0","0","0","0","0","0","0"
"0x711772308c10","      USHF.L.U32 UR15, UR15, 0x5, URZ","0","0","0","2664","85248","85248","32","32","0","0","0","-","-","-","0","0","0","0","0","0","0","0","0","0","0","0","0","0","0","0","0","0","0","0","0","0","0","0","0","0","0","0","0","0","0","0","0","0","0","0","0","0","0","0","0","0","0","0"
"0x711772308c20","      LEA.HI R141, R137, R0, RZ, 0x5","0","0","0","2664","85248","85248","32","32","0","0","0","-","-","-","0","0","0","0","0","0","0","0","0","0","0","0","0","0","0","0","0","0","0","0","0","0","0","0","0","0","0","0","0","0","0","0","0","0","0","0","0","0","0","0","0","0","0","0"
"0x711772308c30","      USHF.L.U32 UR14, UR14, 0x3, URZ","0","0","0","2664","85248","85248","32","32","0","0","0","-","-","-","0","0","0","0","0","0","0","0","0","0","0","0","0","0","0","0","0","0","0","0","0","0","0","0","0","0","0","0","0","0","0","0","0","0","0","0","0","0","0","0","0","0","0","0"
"0x711772308c40","      LEA.HI R140, R137, R0, RZ, 0x8","0","0","0","2664","85248","85248","32","32","0","0","0","-","-","-","0","0","0","0","0","0","0","0","0","0","0","0","0","0","0","0","0","0","0","0","0","0","0","0","0","0","0","0","0","0","0","0","0","0","0","0","0","0","0","0","0","0","0","0"
"0x711772308c50","      IMAD R183, R183, 0x84, R144","0","0","0","2664","85248","85248","32","32","0","0","0","-","-","-","0","0","0","0","0","0","0","0","0","0","0","0","0","0","0","0","0","0","0","0","0","0","0","0","0","0","0","0","0","0","0","0","0","0","0","0","0","0","0","0","0","0","0","0"
"0x711772308c60","      SHF.R.S32.HI R134, RZ, 0x5, R141","0","0","0","2664","85248","85248","32","32","0","0","0","-","-","-","0","0","0","0","0","0","0","0","0","0","0","0","0","0","0","0","0","0","0","0","0","0","0","0","0","0","0","0","0","0","0","0","0","0","0","0","0","0","0","0","0","0","0","0"
"0x711772308c70","      UIMAD UR14, UR14, 0x84, UR15","0","0","0","2664","85248","85248","32","32","0","0","0","-","-","-","0","0","0","0","0","0","0","0","0","0","0","0","0","0","0","0","0","0","0","0","0","0","0","0","0","0","0","0","0","0","0","0","0","0","0","0","0","0","0","0","0","0","0","0"
"0x711772308c80","      LOP3.LUT R141, R141, 0xffffffe0, RZ, 0xc0, !PT","1","1","1","2664","85248","85248","32","32","0","0","0","-","-","-","0","0","0","0","0","0","0","0","0","0","0","0","0","0","0","1","0","0","0","0","0","0","0","0","0","0","0","0","0","0","0","0","0","1","0","0","0","0","0","0","0","0","0","0"
"0x711772308c90","      ULDC.64 UR6, c[0x0][0x1f8]","0","0","0","2664","85248","85248","32","32","0","0","0","-","-","-","0","0","0","0","0","0","0","0","0","0","0","0","0","0","0","0","0","0","0","0","0","0","0","0","0","0","0","0","0","0","0","0","0","0","0","0","0","0","0","0","0","0","0","0"
"0x711772308ca0","      SHF.R.S32.HI R143, RZ, 0x1f, R134","0","0","0","2664","85248","85248","32","32","0","0","0","-","-","-","0","0","0","0","0","0","0","0","0","0","0","0","0","0","0","0","0","0","0","0","0","0","0","0","0","0","0","0","0","0","0","0","0","0","0","0","0","0","0","0","0","0","0","0"
"0x711772308cb0","      SHF.R.S32.HI R140, RZ, 0x8, R140","0","0","0","2664","85248","85248","32","32","0","0","0","-","-","-","0","0","0","0","0","0","0","0","0","0","0","0","0","0","0","0","0","0","0","0","0","0","0","0","0","0","0","0","0","0","0","0","0","0","0","0","0","0","0","0","0","0","0","0"
"0x711772308cc0","      IMAD.IADD R136, R0, 0x1, -R141","0","0","0","2664","85248","85248","32","32","0","0","0","-","-","-","0","0","0","0","0","0","0","0","0","0","0","0","0","0","0","0","0","0","0","0","0","0","0","0","0","0","0","0","0","0","0","0","0","0","0","0","0","0","0","0","0","0","0","0"
"0x711772308cd0","      LEA.HI R143, R143, R134, RZ, 0x3","0","0","0","2664","85248","85248","32","32","0","0","0","-","-","-","0","0","0","0","0","0","0","0","0","0","0","0","0","0","0","0","0","0","0","0","0","0","0","0","0","0","0","0","0","0","0","0","0","0","0","0","0","0","0","0","0","0","0","0"
"0x711772308ce0","      ISETP.NE.U32.AND P0, PT, R2, RZ, PT","0","0","0","2664","85248","85248","32","32","0","0","0","-","-","-","0","0","0","0","0","0","0","0","0","0","0","0","0","0","0","0","0","0","0","0","0","0","0","0","0","0","0","0","0","0","0","0","0","0","0","0","0","0","0","0","0","0","0","0"
"0x711772308cf0","      IMAD.SHL.U32 R138, R140, 0x80, RZ","1","0","1","2664","85248","85248","32","32","0","0","0","-","-","-","0","0","0","0","0","0","0","0","0","0","0","0","0","0","0","0","0","0","0","0","0","1","0","0","0","0","0","0","0","0","0","0","0","0","0","0","0","0","0","0","0","0","0","0"
"0x711772308d00","      LOP3.LUT R143, R143, 0xfffffff8, RZ, 0xc0, !PT","0","0","0","2664","85248","85248","32","32","0","0","0","-","-","-","0","0","0","0","0","0","0","0","0","0","0","0","0","0","0","0","0","0","0","0","0","0","0","0","0","0","0","0","0","0","0","0","0","0","0","0","0","0","0","0","0","0","0","0"
"0x711772308d10","      SHF.R.S32.HI R141, RZ, 0x1f, R136","0","0","0","2664","85248","85248","32","32","0","0","0","-","-","-","0","0","0","0","0","0","0","0","0","0","0","0","0","0","0","0","0","0","0","0","0","0","0","0","0","0","0","0","0","0","0","0","0","0","0","0","0","0","0","0","0","0","0","0"
"0x711772308d20","      ISETP.NE.U32.AND P5, PT, R132, RZ, PT","0","0","0","2664","85248","85248","32","32","0","0","0","-","-","-","0","0","0","0","0","0","0","0","0","0","0","0","0","0","0","0","0","0","0","0","0","0","0","0","0","0","0","0","0","0","0","0","0","0","0","0","0","0","0","0","0","0","0","0"
"0x711772308d30","      IMAD.IADD R134, R134, 0x1, -R143","0","0","0","2664","85248","85248","32","32","0","0","0","-","-","-","0","0","0","0","0","0","0","0","0","0","0","0","0","0","0","0","0","0","0","0","0","0","0","0","0","0","0","0","0","0","0","0","0","0","0","0","0","0","0","0","0","0","0","0"
"0x711772308d40","      LEA.HI R141, R141, R136, RZ, 0x4","1","0","1","2664","85248","85248","32","32","0","0","0","-","-","-","0","0","0","0","0","0","0","0","0","0","0","0","0","0","0","0","0","0","0","0","0","1","0","0","0","0","0","0","0","0","0","0","0","0","0","0","0","0","0","0","0","0","0","0"
"0x711772308d50","      ISETP.NE.AND.EX P0, PT, R3, RZ, PT, P0","2","0","2","2664","85248","85248","32","32","0","0","0","-","-","-","0","0","0","0","0","0","0","0","0","0","0","0","0","0","0","0","0","0","0","0","2","0","0","0","0","0","0","0","0","0","0","0","0","0","0","0","0","0","0","0","0","0","0","0"
"0x711772308d60","      SHF.R.S32.HI R143, RZ, 0x1f, R134","1","0","1","2664","85248","85248","32","32","0","0","0","-","-","-","0","0","0","0","0","0","0","0","0","0","0","0","0","0","0","1","0","0","0","0","0","0","0","0","0","0","0","0","0","0","0","0","0","0","0","0","0","0","0","0","0","0","0","0"
"0x711772308d70","      LOP3.LUT R137, R141, 0x3ffffff0, RZ, 0xc0, !PT","0","0","0","2664","85248","85248","32","32","0","0","0","-","-","-","0","0","0","0","0","0","0","0","0","0","0","0","0","0","0","0","0","0","0","0","0","0","0","0","0","0","0","0","0","0","0","0","0","0","0","0","0","0","0","0","0","0","0","0"
"0x711772308d80","      LEA.HI R142, R143, R134, RZ, 0x2","0","0","0","2664","85248","85248","32","32","0","0","0","-","-","-","0","0","0","0","0","0","0","0","0","0","0","0","0","0","0","0","0","0","0","0","0","0","0","0","0","0","0","0","0","0","0","0","0","0","0","0","0","0","0","0","0","0","0","0"
"0x711772308d90","      LEA.HI.SX32 R141, R141, R138, 0x1c","1","0","1","2664","85248","85248","32","32","0","0","0","-","-","-","0","0","0","0","0","0","0","0","0","0","0","0","0","0","0","0","0","0","0","0","0","1","0","0","0","0","0","0","0","0","0","0","0","0","0","0","0","0","0","0","0","0","0","0"
"0x711772308da0","      IMAD.IADD R136, R136, 0x1, -R137","0","0","0","2664","85248","85248","32","32","0","0","0","-","-","-","0","0","0","0","0","0","0","0","0","0","0","0","0","0","0","0","0","0","0","0","0","0","0","0","0","0","0","0","0","0","0","0","0","0","0","0","0","0","0","0","0","0","0","0"
"0x711772308db0","      LOP3.LUT R137, R142, 0x7ffffffc, RZ, 0xc0, !PT","0","0","0","2664","85248","85248","32","32","0","0","0","-","-","-","0","0","0","0","0","0","0","0","0","0","0","0","0","0","0","0","0","0","0","0","0","0","0","0","0","0","0","0","0","0","0","0","0","0","0","0","0","0","0","0","0","0","0","0"
"0x711772308dc0","      IMAD.MOV.U32 R138, RZ, RZ, c[0x0][0x174]","0","0","0","2664","85248","85248","32","32","0","0","0","-","-","-","0","0","0","0","0","0","0","0","0","0","0","0","0","0","0","0","0","0","0","0","0","0","0","0","0","0","0","0","0","0","0","0","0","0","0","0","0","0","0","0","0","0","0","0"
"0x711772308dd0","      SHF.R.S32.HI R142, RZ, 0x2, R142","0","0","0","2664","85248","85248","32","32","0","0","0","-","-","-","0","0","0","0","0","0","0","0","0","0","0","0","0","0","0","0","0","0","0","0","0","0","0","0","0","0","0","0","0","0","0","0","0","0","0","0","0","0","0","0","0","0","0","0"
"0x711772308de0","      IMAD.SHL.U32 R136, R136, 0x4, RZ","0","0","0","2664","85248","85248","32","32","0","0","0","-","-","-","0","0","0","0","0","0","0","0","0","0","0","0","0","0","0","0","0","0","0","0","0","0","0","0","0","0","0","0","0","0","0","0","0","0","0","0","0","0","0","0","0","0","0","0"
"0x711772308df0","      ISETP.NE.AND.EX P5, PT, R133, RZ, PT, P5","0","0","0","2664","85248","85248","32","32","0","0","0","-","-","-","0","0","0","0","0","0","0","0","0","0","0","0","0","0","0","0","0","0","0","0","0","0","0","0","0","0","0","0","0","0","0","0","0","0","0","0","0","0","0","0","0","0","0","0"
"0x711772308e00","      IMAD.IADD R137, R134, 0x1, -R137","0","0","0","2664","85248","85248","32","32","0","0","0","-","-","-","0","0","0","0","0","0","0","0","0","0","0","0","0","0","0","0","0","0","0","0","0","0","0","0","0","0","0","0","0","0","0","0","0","0","0","0","0","0","0","0","0","0","0","0"
"0x711772308e10","      ISETP.GT.AND P1, PT, R138, 0x1, PT","0","0","0","2664","85248","85248","32","32","0","0","0","-","-","-","0","0","0","0","0","0","0","0","0","0","0","0","0","0","0","0","0","0","0","0","0","0","0","0","0","0","0","0","0","0","0","0","0","0","0","0","0","0","0","0","0","0","0","0"
"0x711772308e20","      IMAD R134, R139, 0x100, R136","0","0","0","2664","85248","85248","32","32","0","0","0","-","-","-","0","0","0","0","0","0","0","0","0","0","0","0","0","0","0","0","0","0","0","0","0","0","0","0","0","0","0","0","0","0","0","0","0","0","0","0","0","0","0","0","0","0","0","0"
"0x711772308e30","      IMAD R139, R140, -0x70, R141","0","0","0","2664","85248","85248","32","32","0","0","0","-","-","-","0","0","0","0","0","0","0","0","0","0","0","0","0","0","0","0","0","0","0","0","0","0","0","0","0","0","0","0","0","0","0","0","0","0","0","0","0","0","0","0","0","0","0","0"
"0x711772308e40","      ISETP.EQ.AND P1, PT, RZ, c[0x0][0x17c], P1","0","0","0","2664","85248","85248","32","32","0","0","0","-","-","-","0","0","0","0","0","0","0","0","0","0","0","0","0","0","0","0","0","0","0","0","0","0","0","0","0","0","0","0","0","0","0","0","0","0","0","0","0","0","0","0","0","0","0","0"
"0x711772308e50","      IMAD R140, R142, 0x40, R141","0","0","0","2664","85248","85248","32","32","0","0","0","-","-","-","0","0","0","0","0","0","0","0","0","0","0","0","0","0","0","0","0","0","0","0","0","0","0","0","0","0","0","0","0","0","0","0","0","0","0","0","0","0","0","0","0","0","0","0"
"0x711772308e60","      IADD3 R138, R134, 0xc0, RZ","0","0","0","2664","85248","85248","32","32","0","0","0","-","-","-","0","0","0","0","0","0","0","0","0","0","0","0","0","0","0","0","0","0","0","0","0","0","0","0","0","0","0","0","0","0","0","0","0","0","0","0","0","0","0","0","0","0","0","0"
"0x711772308e70","      IMAD R142, R142, 0x8, R139","0","0","0","2664","85248","85248","32","32","0","0","0","-","-","-","0","0","0","0","0","0","0","0","0","0","0","0","0","0","0","0","0","0","0","0","0","0","0","0","0","0","0","0","0","0","0","0","0","0","0","0","0","0","0","0","0","0","0","0"
"0x711772308e80","      P2R R159, PR, RZ, 0x2","0","0","0","2664","85248","85248","32","32","0","0","0","-","-","-","0","0","0","0","0","0","0","0","0","0","0","0","0","0","0","0","0","0","0","0","0","0","0","0","0","0","0","0","0","0","0","0","0","0","0","0","0","0","0","0","0","0","0","0"
"0x711772308e90","      IMAD R139, R137, 0x2, R140","0","0","0","2664","85248","85248","32","32","0","0","0","-","-","-","0","0","0","0","0","0","0","0","0","0","0","0","0","0","0","0","0","0","0","0","0","0","0","0","0","0","0","0","0","0","0","0","0","0","0","0","0","0","0","0","0","0","0","0"
"0x711772308ea0","      ISETP.LT.AND P4, PT, R138, c[0x0][0x164], P0","0","0","0","2664","85248","85248","32","32","0","0","0","-","-","-","0","0","0","0","0","0","0","0","0","0","0","0","0","0","0","0","0","0","0","0","0","0","0","0","0","0","0","0","0","0","0","0","0","0","0","0","0","0","0","0","0","0","0","0"
"0x711772308eb0","      IMAD.WIDE R146, R134, 0x4, RZ","0","0","0","2664","85248","85248","32","32","0","0","0","-","-","-","0","0","0","0","0","0","0","0","0","0","0","0","0","0","0","0","0","0","0","0","0","0","0","0","0","0","0","0","0","0","0","0","0","0","0","0","0","0","0","0","0","0","0","0"
"0x711772308ec0","      ISETP.LT.AND P6, PT, R138, c[0x0][0x164], P5","0","0","0","2664","85248","85248","32","32","0","0","0","-","-","-","0","0","0","0","0","0","0","0","0","0","0","0","0","0","0","0","0","0","0","0","0","0","0","0","0","0","0","0","0","0","0","0","0","0","0","0","0","0","0","0","0","0","0","0"
"0x711772308ed0","      SEL R148, RZ, 0x1, !P4","0","0","0","2664","85248","85248","32","32","0","0","0","-","-","-","0","0","0","0","0","0","0","0","0","0","0","0","0","0","0","0","0","0","0","0","0","0","0","0","0","0","0","0","0","0","0","0","0","0","0","0","0","0","0","0","0","0","0","0"
"0x711772308ee0","      IMAD R156, R156, 0x80, R139","0","0","0","2664","85248","85248","32","32","0","0","0","-","-","-","0","0","0","0","0","0","0","0","0","0","0","0","0","0","0","0","0","0","0","0","0","0","0","0","0","0","0","0","0","0","0","0","0","0","0","0","0","0","0","0","0","0","0","0"
"0x711772308ef0","      LOP3.LUT R140, R146, 0xfffffff0, RZ, 0xc0, !PT","1","0","1","2664","85248","85248","32","32","0","0","0","-","-","-","0","0","0","0","0","0","0","0","0","0","0","0","0","0","0","0","0","0","0","0","0","1","0","0","0","0","0","0","0","0","0","0","0","0","0","0","0","0","0","0","0","0","0","0"
"0x711772308f00","      IMAD R137, R137, 0x2, R142","0","0","0","2664","85248","85248","32","32","0","0","0","-","-","-","0","0","0","0","0","0","0","0","0","0","0","0","0","0","0","0","0","0","0","0","0","0","0","0","0","0","0","0","0","0","0","0","0","0","0","0","0","0","0","0","0","0","0","0"
"0x711772308f10","      LOP3.LUT R141, R147, 0x3fffffff, RZ, 0xc0, !PT","0","0","0","2664","85248","85248","32","32","0","0","0","-","-","-","0","0","0","0","0","0","0","0","0","0","0","0","0","0","0","0","0","0","0","0","0","0","0","0","0","0","0","0","0","0","0","0","0","0","0","0","0","0","0","0","0","0","0","0"
"0x711772308f20","      SHF.R.S32.HI R139, RZ, 0x1f, R156","1","0","1","2664","85248","85248","32","32","0","0","0","-","-","-","0","0","0","0","0","0","0","0","0","0","0","0","0","0","0","0","0","0","0","0","1","0","0","0","0","0","0","0","0","0","0","0","0","0","0","0","0","0","0","0","0","0","0","0"
"0x711772308f30","      ISETP.LT.AND P4, PT, R134, c[0x0][0x164], P5","0","0","0","2664","85248","85248","32","32","0","0","0","-","-","-","0","0","0","0","0","0","0","0","0","0","0","0","0","0","0","0","0","0","0","0","0","0","0","0","0","0","0","0","0","0","0","0","0","0","0","0","0","0","0","0","0","0","0","0"
"0x711772308f40","      IMAD.WIDE.U32 R144, R156, c[0x0][0x1d8], R140","0","0","0","2664","85248","85248","32","32","0","0","0","-","-","-","0","0","0","0","0","0","0","0","0","0","0","0","0","0","0","0","0","0","0","0","0","0","0","0","0","0","0","0","0","0","0","0","0","0","0","0","0","0","0","0","0","0","0","0"
"0x711772308f50","      P2R R163, PR, RZ, 0x40","0","0","0","2664","85248","85248","32","32","0","0","0","-","-","-","0","0","0","0","0","0","0","0","0","0","0","0","0","0","0","0","0","0","0","0","0","0","0","0","0","0","0","0","0","0","0","0","0","0","0","0","0","0","0","0","0","0","0","0"
"0x711772308f60","      IMAD.WIDE.U32 R142, R156, c[0x0][0x218], R140","3","3","3","2664","85248","85248","32","32","0","0","0","-","-","-","0","0","0","0","0","0","0","0","0","0","0","0","2","0","0","1","0","0","0","0","0","0","0","0","0","0","0","0","0","0","2","0","0","1","0","0","0","0","0","0","0","0","0","0"
"0x711772308f70","      IADD3 R150, P3, R2, R144, RZ","0","0","0","2664","85248","85248","32","32","0","0","0","-","-","-","0","0","0","0","0","0","0","0","0","0","0","0","0","0","0","0","0","0","0","0","0","0","0","0","0","0","0","0","0","0","0","0","0","0","0","0","0","0","0","0","0","0","0","0"
"0x711772308f80","      IMAD R141, R139, c[0x0][0x1d8], RZ","2","0","2","2664","85248","85248","32","32","0","0","0","-","-","-","0","0","0","0","0","0","0","0","0","0","0","0","0","0","0","1","0","0","0","0","1","0","0","0","0","0","0","0","0","0","0","0","0","0","0","0","0","0","0","0","0","0","0","0"
"0x711772308f90","      IADD3 R164, P2, R132, R142, RZ","0","0","0","2664","85248","85248","32","32","0","0","0","-","-","-","0","0","0","0","0","0","0","0","0","0","0","0","0","0","0","0","0","0","0","0","0","0","0","0","0","0","0","0","0","0","0","0","0","0","0","0","0","0","0","0","0","0","0","0"
"0x711772308fa0","      IMAD R139, R139, c[0x0][0x218], RZ","0","0","0","2664","85248","85248","32","32","0","0","0","-","-","-","0","0","0","0","0","0","0","0","0","0","0","0","0","0","0","0","0","0","0","0","0","0","0","0","0","0","0","0","0","0","0","0","0","0","0","0","0","0","0","0","0","0","0","0"
"0x711772308fb0","      IMAD R140, R156, c[0x0][0x1dc], R141","0","0","0","2664","85248","85248","32","32","0","0","0","-","-","-","0","0","0","0","0","0","0","0","0","0","0","0","0","0","0","0","0","0","0","0","0","0","0","0","0","0","0","0","0","0","0","0","0","0","0","0","0","0","0","0","0","0","0","0"
"0x711772308fc0","      IMAD R2, R156, c[0x0][0x21c], R139","0","0","0","2664","85248","85248","32","32","0","0","0","-","-","-","0","0","0","0","0","0","0","0","0","0","0","0","0","0","0","0","0","0","0","0","0","0","0","0","0","0","0","0","0","0","0","0","0","0","0","0","0","0","0","0","0","0","0","0"
"0x711772308fd0","      IADD3.X R151, R3, R145, R140, P3, !PT","2","1","2","2664","85248","85248","32","32","0","0","0","-","-","-","0","0","0","0","0","0","0","0","0","0","0","0","0","0","0","1","0","0","0","0","0","0","0","0","0","1","0","0","0","0","0","0","0","1","0","0","0","0","0","0","0","0","0","0"
"0x711772308fe0","      IADD3.X R165, R133, R143, R2, P2, !PT","0","0","0","2664","85248","85248","32","32","0","0","0","-","-","-","0","0","0","0","0","0","0","0","0","0","0","0","0","0","0","0","0","0","0","0","0","0","0","0","0","0","0","0","0","0","0","0","0","0","0","0","0","0","0","0","0","0","0","0"
"0x711772308ff0","      IMAD.SHL.U32 R2, R136, 0x4, RZ","0","0","0","2664","85248","85248","32","32","0","0","0","-","-","-","0","0","0","0","0","0","0","0","0","0","0","0","0","0","0","0","0","0","0","0","0","0","0","0","0","0","0","0","0","0","0","0","0","0","0","0","0","0","0","0","0","0","0","0"
"0x711772309000","      IADD3 R3, R134, 0x80, RZ","1","0","1","2664","85248","85248","32","32","0","0","0","-","-","-","0","0","0","0","0","0","0","0","0","0","0","0","0","0","0","0","0","0","0","0","0","1","0","0","0","0","0","0","0","0","0","0","0","0","0","0","0","0","0","0","0","0","0","0"
"0x711772309010","      ISETP.LT.AND P2, PT, R134, c[0x0][0x164], P0","0","0","0","2664","85248","85248","32","32","0","0","0","-","-","-","0","0","0","0","0","0","0","0","0","0","0","0","0","0","0","0","0","0","0","0","0","0","0","0","0","0","0","0","0","0","0","0","0","0","0","0","0","0","0","0","0","0","0","0"
"0x711772309020","      LOP3.LUT R2, R2, 0xfffffff0, RZ, 0xc0, !PT","0","0","0","2664","85248","85248","32","32","0","0","0","-","-","-","0","0","0","0","0","0","0","0","0","0","0","0","0","0","0","0","0","0","0","0","0","0","0","0","0","0","0","0","0","0","0","0","0","0","0","0","0","0","0","0","0","0","0","0"
"0x711772309030","      IADD3 R134, R134, 0x40, RZ","1","0","1","2664","85248","85248","32","32","0","0","0","-","-","-","0","0","0","0","0","0","0","0","0","0","0","0","0","0","0","0","0","0","0","0","0","1","0","0","0","0","0","0","0","0","0","0","0","0","0","0","0","0","0","0","0","0","0","0"
"0x711772309040","      ISETP.LT.AND P3, PT, R3, c[0x0][0x164], P0","1","1","1","2664","85248","85248","32","32","0","0","0","-","-","-","0","0","0","0","0","0","0","0","0","0","0","0","0","0","0","1","0","0","0","0","0","0","0","0","0","0","0","0","0","0","0","0","0","1","0","0","0","0","0","0","0","0","0","0"
"0x711772309050","      ISETP.LT.AND P6, PT, R3, c[0x0][0x164], P5","0","0","0","2664","85248","85248","32","32","0","0","0","-","-","-","0","0","0","0","0","0","0","0","0","0","0","0","0","0","0","0","0","0","0","0","0","0","0","0","0","0","0","0","0","0","0","0","0","0","0","0","0","0","0","0","0","0","0","0"
"0x711772309060","      IMAD R3, R137, 0x420, R2","1","0","1","2664","85248","85248","32","32","0","0","0","-","-","-","0","0","0","0","0","0","0","0","0","0","0","0","0","0","0","0","0","0","0","0","0","1","0","0","0","0","0","0","0","0","0","0","0","0","0","0","0","0","0","0","0","0","0","0"
"0x711772309070","      ISETP.LT.AND P0, PT, R134, c[0x0][0x164], P0","0","0","0","2664","85248","85248","32","32","0","0","0","-","-","-","0","0","0","0","0","0","0","0","0","0","0","0","0","0","0","0","0","0","0","0","0","0","0","0","0","0","0","0","0","0","0","0","0","0","0","0","0","0","0","0","0","0","0","0"
"0x711772309080","      IADD3 R2, R183, UR14, RZ","2","1","2","2664","85248","85248","32","32","0","0","0","-","-","-","0","0","0","0","0","0","0","0","0","0","0","0","0","0","0","0","0","0","0","0","0","1","0","0","0","1","0","0","0","0","0","0","0","0","0","0","0","0","0","0","0","0","0","1"
"0x711772309090","      ISETP.LT.AND P5, PT, R134, c[0x0][0x164], P5","0","0","0","2664","85248","85248","32","32","0","0","0","-","-","-","0","0","0","0","0","0","0","0","0","0","0","0","0","0","0","0","0","0","0","0","0","0","0","0","0","0","0","0","0","0","0","0","0","0","0","0","0","0","0","0","0","0","0","0"
"0x7117723090a0","      SEL R132, RZ, 0x1, !P3","0","0","0","2664","85248","85248","32","32","0","0","0","-","-","-","0","0","0","0","0","0","0","0","0","0","0","0","0","0","0","0","0","0","0","0","0","0","0","0","0","0","0","0","0","0","0","0","0","0","0","0","0","0","0","0","0","0","0","0"
"0x7117723090b0","      SEL R134, RZ, 0x1, !P2","4","1","4","2664","85248","85248","32","32","0","0","0","-","-","-","0","0","0","0","0","0","0","0","0","0","0","0","0","0","0","1","0","0","0","0","2","1","0","0","0","0","0","0","0","0","0","0","0","1","0","0","0","0","0","0","0","0","0","0"
"0x7117723090c0","      SEL R133, RZ, 0x1, !P0","0","0","0","2664","85248","85248","32","32","0","0","0","-","-","-","0","0","0","0","0","0","0","0","0","0","0","0","0","0","0","0","0","0","0","0","0","0","0","0","0","0","0","0","0","0","0","0","0","0","0","0","0","0","0","0","0","0","0","0"
"0x7117723090d0","@!P1  BRA 0x7117723092c0","0","0","0","2664","85248","85248","32","32","0","0","0","-","-","-","0","0","0","0","0","0","0","0","0","0","0","0","0","0","0","0","0","0","0","0","0","0","0","0","0","0","0","0","0","0","0","0","0","0","0","0","0","0","0","0","0","0","0","0"
"0x7117723090e0","      ISETP.NE.AND P0, PT, R135, R182, PT","0","0","0","0","0","0","0","0","32","32","0","-","-","-","0","0","0","0","0","0","0","0","0","0","0","0","0","0","0","0","0","0","0","0","0","0","0","0","0","0","0","0","0","0","0","0","0","0","0","0","0","0","0","0","0","0","0","0"
"0x7117723090f0","      S2UR UR4, SR_CTAID.Z","0","0","0","0","0","0","0","0","0","32","0","-","-","-","0","0","0","0","0","0","0","0","0","0","0","0","0","0","0","0","0","0","0","0","0","0","0","0","0","0","0","0","0","0","0","0","0","0","0","0","0","0","0","0","0","0","0","0"
"0x711772309100","      ULDC.64 UR6, c[0x0][0x238]","0","0","0","0","0","0","0","0","0","32","0","-","-","-","0","0","0","0","0","0","0","0","0","0","0","0","0","0","0","0","0","0","0","0","0","0","0","0","0","0","0","0","0","0","0","0","0","0","0","0","0","0","0","0","0","0","0","0"
"0x711772309110","      BAR.RED.AND.DEFER_BLOCKING 0x0, P0","0","0","0","0","0","0","0","0","0","32","0","-","-","-","0","0","0","0","0","0","0","0","0","0","0","0","0","0","0","0","0","0","0","0","0","0","0","0","0","0","0","0","0","0","0","0","0","0","0","0","0","0","0","0","0","0","0","0"
"0x711772309120","      ISETP.NE.AND P3, PT, R163, RZ, PT","0","0","0","0","0","0","0","0","0","32","0","-","-","-","0","0","0","0","0","0","0","0","0","0","0","0","0","0","0","0","0","0","0","0","0","0","0","0","0","0","0","0","0","0","0","0","0","0","0","0","0","0","0","0","0","0","0","0"
"0x711772309130","      UISETP.NE.AND UP0, UPT, UR4, URZ, UPT","0","0","0","0","0","0","0","0","0","32","0","-","-","-","0","0","0","0","0","0","0","0","0","0","0","0","0","0","0","0","0","0","0","0","0","0","0","0","0","0","0","0","0","0","0","0","0","0","0","0","0","0","0","0","0","0","0","0"
"0x711772309140","      ULDC.64 UR4, c[0x0][0x1f8]","0","0","0","0","0","0","0","0","0","32","0","-","-","-","0","0","0","0","0","0","0","0","0","0","0","0","0","0","0","0","0","0","0","0","0","0","0","0","0","0","0","0","0","0","0","0","0","0","0","0","0","0","0","0","0","0","0","0"
"0x711772309150","      USEL UR6, UR4, UR6, !UP0","0","0","0","0","0","0","0","0","0","32","0","-","-","-","0","0","0","0","0","0","0","0","0","0","0","0","0","0","0","0","0","0","0","0","0","0","0","0","0","0","0","0","0","0","0","0","0","0","0","0","0","0","0","0","0","0","0","0"
"0x711772309160","      PLOP3.LUT P0, PT, PT, PT, UP0, 0x80, 0x0","0","0","0","0","0","0","0","0","0","32","0","-","-","-","0","0","0","0","0","0","0","0","0","0","0","0","0","0","0","0","0","0","0","0","0","0","0","0","0","0","0","0","0","0","0","0","0","0","0","0","0","0","0","0","0","0","0","0"
"0x711772309170","      USEL UR7, UR5, UR7, !UP0","0","0","0","0","0","0","0","0","0","32","0","-","-","-","0","0","0","0","0","0","0","0","0","0","0","0","0","0","0","0","0","0","0","0","0","0","0","0","0","0","0","0","0","0","0","0","0","0","0","0","0","0","0","0","0","0","0","0"
"0x711772309180","      SEL R150, R150, R164, !P0","0","0","0","0","0","0","0","0","0","32","0","-","-","-","0","0","0","0","0","0","0","0","0","0","0","0","0","0","0","0","0","0","0","0","0","0","0","0","0","0","0","0","0","0","0","0","0","0","0","0","0","0","0","0","0","0","0","0"
"0x711772309190","      B2R.RESULT RZ, P1","0","0","0","0","0","0","0","0","0","32","0","-","-","-","0","0","0","0","0","0","0","0","0","0","0","0","0","0","0","0","0","0","0","0","0","0","0","0","0","0","0","0","0","0","0","0","0","0","0","0","0","0","0","0","0","0","0","0"
"0x7117723091a0","      SEL R151, R151, R165, !P0","0","0","0","0","0","0","0","0","0","32","0","-","-","-","0","0","0","0","0","0","0","0","0","0","0","0","0","0","0","0","0","0","0","0","0","0","0","0","0","0","0","0","0","0","0","0","0","0","0","0","0","0","0","0","0","0","0","0"
"0x7117723091b0","@P0   SEL R148, RZ, 0x1, !P3","0","0","0","0","0","0","0","0","0","32","0","-","-","-","0","0","0","0","0","0","0","0","0","0","0","0","0","0","0","0","0","0","0","0","0","0","0","0","0","0","0","0","0","0","0","0","0","0","0","0","0","0","0","0","0","0","0","0"
"0x7117723091c0","@P0   SEL R132, RZ, 0x1, !P6","0","0","0","0","0","0","0","0","0","32","0","-","-","-","0","0","0","0","0","0","0","0","0","0","0","0","0","0","0","0","0","0","0","0","0","0","0","0","0","0","0","0","0","0","0","0","0","0","0","0","0","0","0","0","0","0","0","0"
"0x7117723091d0","@P0   SEL R133, RZ, 0x1, !P5","0","0","0","0","0","0","0","0","0","32","0","-","-","-","0","0","0","0","0","0","0","0","0","0","0","0","0","0","0","0","0","0","0","0","0","0","0","0","0","0","0","0","0","0","0","0","0","0","0","0","0","0","0","0","0","0","0","0"
"0x7117723091e0","@P0   SEL R134, RZ, 0x1, !P4","0","0","0","0","0","0","0","0","0","32","0","-","-","-","0","0","0","0","0","0","0","0","0","0","0","0","0","0","0","0","0","0","0","0","0","0","0","0","0","0","0","0","0","0","0","0","0","0","0","0","0","0","0","0","0","0","0","0"
"0x7117723091f0","@!P1  BRA 0x7117723092a0","0","0","0","0","0","0","0","0","0","32","0","-","-","-","0","0","0","0","0","0","0","0","0","0","0","0","0","0","0","0","0","0","0","0","0","0","0","0","0","0","0","0","0","0","0","0","0","0","0","0","0","0","0","0","0","0","0","0"
"0x711772309200","      ISETP.GT.AND P1, PT, R0, RZ, PT","0","0","0","0","0","0","0","0","0","32","0","-","-","-","0","0","0","0","0","0","0","0","0","0","0","0","0","0","0","0","0","0","0","0","0","0","0","0","0","0","0","0","0","0","0","0","0","0","0","0","0","0","0","0","0","0","0","0"
"0x711772309210","      YIELD","0","0","0","0","0","0","0","0","0","32","0","-","-","-","0","0","0","0","0","0","0","0","0","0","0","0","0","0","0","0","0","0","0","0","0","0","0","0","0","0","0","0","0","0","0","0","0","0","0","0","0","0","0","0","0","0","0","0"
"0x711772309220","@P1   BRA 0x711772309250","0","0","0","0","0","0","0","0","0","32","0","-","-","-","0","0","0","0","0","0","0","0","0","0","0","0","0","0","0","0","0","0","0","0","0","0","0","0","0","0","0","0","0","0","0","0","0","0","0","0","0","0","0","0","0","0","0","0"
"0x711772309230","      LDG.E.STRONG.GPU R135, [R160]","0","0","0","0","0","0","0","0","0","32","0","","","","0","0","0","0","0","0","0","0","0","0","0","0","0","0","0","0","0","0","0","0","0","0","0","0","0","0","0","0","0","0","0","0","0","0","0","0","0","0","0","0","0","0","0","0"
"0x711772309240","      CCTL.IVALL","0","0","0","0","0","0","0","0","0","32","0","-","-","-","0","0","0","0","0","0","0","0","0","0","0","0","0","0","0","0","0","0","0","0","0","0","0","0","0","0","0","0","0","0","0","0","0","0","0","0","0","0","0","0","0","0","0","0"
"0x711772309250","      ISETP.NE.AND P0, PT, R135, R182, PT","0","0","0","0","0","0","0","0","0","32","0","-","-","-","0","0","0","0","0","0","0","0","0","0","0","0","0","0","0","0","0","0","0","0","0","0","0","0","0","0","0","0","0","0","0","0","0","0","0","0","0","0","0","0","0","0","0","0"
"0x711772309260","      WARPSYNC 0xffffffff","0","0","0","0","0","0","0","0","0","32","0","-","-","-","0","0","0","0","0","0","0","0","0","0","0","0","0","0","0","0","0","0","0","0","0","0","0","0","0","0","0","0","0","0","0","0","0","0","0","0","0","0","0","0","0","0","0","0"
"0x711772309270","      BAR.RED.AND.DEFER_BLOCKING 0x0, P0","0","0","0","0","0","0","0","0","0","32","0","-","-","-","0","0","0","0","0","0","0","0","0","0","0","0","0","0","0","0","0","0","0","0","0","0","0","0","0","0","0","0","0","0","0","0","0","0","0","0","0","0","0","0","0","0","0","0"
"0x711772309280","      B2R.RESULT RZ, P0","0","0","0","0","0","0","0","0","0","32","0","-","-","-","0","0","0","0","0","0","0","0","0","0","0","0","0","0","0","0","0","0","0","0","0","0","0","0","0","0","0","0","0","0","0","0","0","0","0","0","0","0","0","0","0","0","0","0"
"0x711772309290","@P0   BRA 0x711772309210","0","0","0","0","0","0","0","0","0","32","0","-","-","-","0","0","0","0","0","0","0","0","0","0","0","0","0","0","0","0","0","0","0","0","0","0","0","0","0","0","0","0","0","0","0","0","0","0","0","0","0","0","0","0","0","0","0","0"
"0x7117723092a0","      WARPSYNC 0xffffffff","0","0","0","0","0","0","0","0","0","32","0","-","-","-","0","0","0","0","0","0","0","0","0","0","0","0","0","0","0","0","0","0","0","0","0","0","0","0","0","0","0","0","0","0","0","0","0","0","0","0","0","0","0","0","0","0","0","0"
"0x7117723092b0","      BAR.SYNC.DEFER_BLOCKING 0x0","0","0","0","0","0","0","0","0","0","32","0","-","-","-","0","0","0","0","0","0","0","0","0","0","0","0","0","0","0","0","0","0","0","0","0","0","0","0","0","0","0","0","0","0","0","0","0","0","0","0","0","0","0","0","0","0","0","0"
"0x7117723092c0","      FSETP.NEU.AND P0, PT, R162, RZ, PT","0","0","0","2664","85248","85248","32","32","32","0","0","-","-","-","0","0","0","0","0","0","0","0","0","0","0","0","0","0","0","0","0","0","0","0","0","0","0","0","0","0","0","0","0","0","0","0","0","0","0","0","0","0","0","0","0","0","0","0"
"0x7117723092d0","      BSSY B0, 0x71177230dd10","0","0","0","2664","85248","85248","32","32","0","0","0","-","-","-","0","0","0","0","0","0","0","0","0","0","0","0","0","0","0","0","0","0","0","0","0","0","0","0","0","0","0","0","0","0","0","0","0","0","0","0","0","0","0","0","0","0","0","0"
"0x7117723092e0","@!P0  BRA 0x71177230c020","1","1","1","2664","85248","85248","32","32","0","0","0","-","-","-","0","0","0","0","0","0","0","0","0","0","0","0","0","0","0","0","0","0","0","0","0","0","0","0","0","1","0","0","0","0","0","0","0","0","0","0","0","0","0","0","0","0","0","1"
"0x7117723092f0","      PRMT R134, R134, 0x9910, RZ","0","0","0","0","0","0","0","0","32","32","0","-","-","-","0","0","0","0","0","0","0","0","0","0","0","0","0","0","0","0","0","0","0","0","0","0","0","0","0","0","0","0","0","0","0","0","0","0","0","0","0","0","0","0","0","0","0","0"
"0x711772309300","      CS2R R144, SRZ","0","0","0","0","0","0","0","0","0","32","0","-","-","-","0","0","0","0","0","0","0","0","0","0","0","0","0","0","0","0","0","0","0","0","0","0","0","0","0","0","0","0","0","0","0","0","0","0","0","0","0","0","0","0","0","0","0","0"
"0x711772309310","      CS2R R146, SRZ","0","0","0","0","0","0","0","0","0","32","0","-","-","-","0","0","0","0","0","0","0","0","0","0","0","0","0","0","0","0","0","0","0","0","0","0","0","0","0","0","0","0","0","0","0","0","0","0","0","0","0","0","0","0","0","0","0","0"
"0x711772309320","      PRMT R133, R133, 0x9910, RZ","0","0","0","0","0","0","0","0","0","32","0","-","-","-","0","0","0","0","0","0","0","0","0","0","0","0","0","0","0","0","0","0","0","0","0","0","0","0","0","0","0","0","0","0","0","0","0","0","0","0","0","0","0","0","0","0","0","0"
"0x711772309330","      CS2R R140, SRZ","0","0","0","0","0","0","0","0","0","32","0","-","-","-","0","0","0","0","0","0","0","0","0","0","0","0","0","0","0","0","0","0","0","0","0","0","0","0","0","0","0","0","0","0","0","0","0","0","0","0","0","0","0","0","0","0","0","0"
"0x711772309340","      ISETP.NE.AND P3, PT, R134, RZ, PT","0","0","0","0","0","0","0","0","0","32","0","-","-","-","0","0","0","0","0","0","0","0","0","0","0","0","0","0","0","0","0","0","0","0","0","0","0","0","0","0","0","0","0","0","0","0","0","0","0","0","0","0","0","0","0","0","0","0"
"0x711772309350","      CS2R R142, SRZ","0","0","0","0","0","0","0","0","0","32","0","-","-","-","0","0","0","0","0","0","0","0","0","0","0","0","0","0","0","0","0","0","0","0","0","0","0","0","0","0","0","0","0","0","0","0","0","0","0","0","0","0","0","0","0","0","0","0"
"0x711772309360","      PRMT R132, R132, 0x9910, RZ","0","0","0","0","0","0","0","0","0","32","0","-","-","-","0","0","0","0","0","0","0","0","0","0","0","0","0","0","0","0","0","0","0","0","0","0","0","0","0","0","0","0","0","0","0","0","0","0","0","0","0","0","0","0","0","0","0","0"
"0x711772309370","      CS2R R136, SRZ","0","0","0","0","0","0","0","0","0","32","0","-","-","-","0","0","0","0","0","0","0","0","0","0","0","0","0","0","0","0","0","0","0","0","0","0","0","0","0","0","0","0","0","0","0","0","0","0","0","0","0","0","0","0","0","0","0","0"
"0x711772309380","      ISETP.LT.AND P0, PT, R156, c[0x0][0x160], P3","0","0","0","0","0","0","0","0","0","32","0","-","-","-","0","0","0","0","0","0","0","0","0","0","0","0","0","0","0","0","0","0","0","0","0","0","0","0","0","0","0","0","0","0","0","0","0","0","0","0","0","0","0","0","0","0","0","0"
"0x711772309390","      CS2R R138, SRZ","0","0","0","0","0","0","0","0","0","32","0","-","-","-","0","0","0","0","0","0","0","0","0","0","0","0","0","0","0","0","0","0","0","0","0","0","0","0","0","0","0","0","0","0","0","0","0","0","0","0","0","0","0","0","0","0","0","0"
"0x7117723093a0","      ISETP.NE.AND P2, PT, R133, RZ, PT","0","0","0","0","0","0","0","0","0","32","0","-","-","-","0","0","0","0","0","0","0","0","0","0","0","0","0","0","0","0","0","0","0","0","0","0","0","0","0","0","0","0","0","0","0","0","0","0","0","0","0","0","0","0","0","0","0","0"
"0x7117723093b0","      ULDC.64 UR4, c[0x0][0x238]","0","0","0","0","0","0","0","0","0","32","0","-","-","-","0","0","0","0","0","0","0","0","0","0","0","0","0","0","0","0","0","0","0","0","0","0","0","0","0","0","0","0","0","0","0","0","0","0","0","0","0","0","0","0","0","0","0","0"
"0x7117723093c0","      PRMT R148, R148, 0x9910, RZ","0","0","0","0","0","0","0","0","0","32","0","-","-","-","0","0","0","0","0","0","0","0","0","0","0","0","0","0","0","0","0","0","0","0","0","0","0","0","0","0","0","0","0","0","0","0","0","0","0","0","0","0","0","0","0","0","0","0"
"0x7117723093d0","      P2R R168, PR, RZ, 0x8","0","0","0","0","0","0","0","0","0","32","0","-","-","-","0","0","0","0","0","0","0","0","0","0","0","0","0","0","0","0","0","0","0","0","0","0","0","0","0","0","0","0","0","0","0","0","0","0","0","0","0","0","0","0","0","0","0","0"
"0x7117723093e0","@P0   LDG.E.LTC128B.128 R144, [R150]","0","0","0","0","0","0","0","0","0","32","0","","","","0","0","0","0","0","0","0","0","0","0","0","0","0","0","0","0","0","0","0","0","0","0","0","0","0","0","0","0","0","0","0","0","0","0","0","0","0","0","0","0","0","0","0","0"
"0x7117723093f0","      ISETP.LT.AND P0, PT, R156, c[0x0][0x160], P2","0","0","0","0","0","0","0","0","0","32","0","-","-","-","0","0","0","0","0","0","0","0","0","0","0","0","0","0","0","0","0","0","0","0","0","0","0","0","0","0","0","0","0","0","0","0","0","0","0","0","0","0","0","0","0","0","0","0"
"0x711772309400","@P0   LDG.E.LTC128B.128 R140, [R150+0x100]","0","0","0","0","0","0","0","0","0","32","0","","","","0","0","0","0","0","0","0","0","0","0","0","0","0","0","0","0","0","0","0","0","0","0","0","0","0","0","0","0","0","0","0","0","0","0","0","0","0","0","0","0","0","0","0","0"
"0x711772309410","      ISETP.NE.AND P1, PT, R132, RZ, PT","0","0","0","0","0","0","0","0","0","32","0","-","-","-","0","0","0","0","0","0","0","0","0","0","0","0","0","0","0","0","0","0","0","0","0","0","0","0","0","0","0","0","0","0","0","0","0","0","0","0","0","0","0","0","0","0","0","0"
"0x711772309420","      ISETP.LT.AND P0, PT, R156, c[0x0][0x160], P1","0","0","0","0","0","0","0","0","0","32","0","-","-","-","0","0","0","0","0","0","0","0","0","0","0","0","0","0","0","0","0","0","0","0","0","0","0","0","0","0","0","0","0","0","0","0","0","0","0","0","0","0","0","0","0","0","0","0"
"0x711772309430","      CS2R R132, SRZ","0","0","0","0","0","0","0","0","0","32","0","-","-","-","0","0","0","0","0","0","0","0","0","0","0","0","0","0","0","0","0","0","0","0","0","0","0","0","0","0","0","0","0","0","0","0","0","0","0","0","0","0","0","0","0","0","0","0"
"0x711772309440","@P0   LDG.E.LTC128B.128 R136, [R150+0x200]","0","0","0","0","0","0","0","0","0","32","0","","","","0","0","0","0","0","0","0","0","0","0","0","0","0","0","0","0","0","0","0","0","0","0","0","0","0","0","0","0","0","0","0","0","0","0","0","0","0","0","0","0","0","0","0","0"
"0x711772309450","      ISETP.NE.AND P0, PT, R148, RZ, PT","0","0","0","0","0","0","0","0","0","32","0","-","-","-","0","0","0","0","0","0","0","0","0","0","0","0","0","0","0","0","0","0","0","0","0","0","0","0","0","0","0","0","0","0","0","0","0","0","0","0","0","0","0","0","0","0","0","0"
"0x711772309460","      CS2R R134, SRZ","0","0","0","0","0","0","0","0","0","32","0","-","-","-","0","0","0","0","0","0","0","0","0","0","0","0","0","0","0","0","0","0","0","0","0","0","0","0","0","0","0","0","0","0","0","0","0","0","0","0","0","0","0","0","0","0","0","0"
"0x711772309470","      ISETP.LT.AND P3, PT, R156, c[0x0][0x160], P0","0","0","0","0","0","0","0","0","0","32","0","-","-","-","0","0","0","0","0","0","0","0","0","0","0","0","0","0","0","0","0","0","0","0","0","0","0","0","0","0","0","0","0","0","0","0","0","0","0","0","0","0","0","0","0","0","0","0"
"0x711772309480","@P3   LDG.E.LTC128B.128 R132, [R150+0x300]","0","0","0","0","0","0","0","0","0","32","0","","","","0","0","0","0","0","0","0","0","0","0","0","0","0","0","0","0","0","0","0","0","0","0","0","0","0","0","0","0","0","0","0","0","0","0","0","0","0","0","0","0","0","0","0","0"
"0x711772309490","      BAR.SYNC.DEFER_BLOCKING 0x0","0","0","0","0","0","0","0","0","0","32","0","-","-","-","0","0","0","0","0","0","0","0","0","0","0","0","0","0","0","0","0","0","0","0","0","0","0","0","0","0","0","0","0","0","0","0","0","0","0","0","0","0","0","0","0","0","0","0"
"0x7117723094a0","      IADD3 R166, P3, R150, UR6, RZ","0","0","0","0","0","0","0","0","0","32","0","-","-","-","0","0","0","0","0","0","0","0","0","0","0","0","0","0","0","0","0","0","0","0","0","0","0","0","0","0","0","0","0","0","0","0","0","0","0","0","0","0","0","0","0","0","0","0"
"0x7117723094b0","      IADD3.X R167, R151, UR7, RZ, P3, !PT","0","0","0","0","0","0","0","0","0","32","0","-","-","-","0","0","0","0","0","0","0","0","0","0","0","0","0","0","0","0","0","0","0","0","0","0","0","0","0","0","0","0","0","0","0","0","0","0","0","0","0","0","0","0","0","0","0","0"
"0x7117723094c0","      ISETP.LT.AND P3, PT, R156, c[0x0][0x160], P4","0","0","0","0","0","0","0","0","0","32","0","-","-","-","0","0","0","0","0","0","0","0","0","0","0","0","0","0","0","0","0","0","0","0","0","0","0","0","0","0","0","0","0","0","0","0","0","0","0","0","0","0","0","0","0","0","0","0"
"0x7117723094d0","      STS.64 [R2.X8], R4","0","0","0","0","0","0","0","0","0","32","0","","","","0","0","0","0","0","0","0","0","0","0","0","0","0","0","0","0","0","0","0","0","0","0","0","0","0","0","0","0","0","0","0","0","0","0","0","0","0","0","0","0","0","0","0","0"
"0x7117723094e0","      STS.64 [R2.X8+0x20], R8","0","0","0","0","0","0","0","0","0","32","0","","","","0","0","0","0","0","0","0","0","0","0","0","0","0","0","0","0","0","0","0","0","0","0","0","0","0","0","0","0","0","0","0","0","0","0","0","0","0","0","0","0","0","0","0","0"
"0x7117723094f0","      STS.64 [R2.X8+0x40], R12","0","0","0","0","0","0","0","0","0","32","0","","","","0","0","0","0","0","0","0","0","0","0","0","0","0","0","0","0","0","0","0","0","0","0","0","0","0","0","0","0","0","0","0","0","0","0","0","0","0","0","0","0","0","0","0","0"
"0x711772309500","      STS.64 [R2.X8+0x60], R16","0","0","0","0","0","0","0","0","0","32","0","","","","0","0","0","0","0","0","0","0","0","0","0","0","0","0","0","0","0","0","0","0","0","0","0","0","0","0","0","0","0","0","0","0","0","0","0","0","0","0","0","0","0","0","0","0"
"0x711772309510","      STS.64 [R2.X8+0x80], R20","0","0","0","0","0","0","0","0","0","32","0","","","","0","0","0","0","0","0","0","0","0","0","0","0","0","0","0","0","0","0","0","0","0","0","0","0","0","0","0","0","0","0","0","0","0","0","0","0","0","0","0","0","0","0","0","0"
"0x711772309520","      STS.64 [R2.X8+0xa0], R24","0","0","0","0","0","0","0","0","0","32","0","","","","0","0","0","0","0","0","0","0","0","0","0","0","0","0","0","0","0","0","0","0","0","0","0","0","0","0","0","0","0","0","0","0","0","0","0","0","0","0","0","0","0","0","0","0"
"0x711772309530","      STS.64 [R2.X8+0xc0], R28","0","0","0","0","0","0","0","0","0","32","0","","","","0","0","0","0","0","0","0","0","0","0","0","0","0","0","0","0","0","0","0","0","0","0","0","0","0","0","0","0","0","0","0","0","0","0","0","0","0","0","0","0","0","0","0","0"
"0x711772309540","      STS.64 [R2.X8+0xe0], R32","0","0","0","0","0","0","0","0","0","32","0","","","","0","0","0","0","0","0","0","0","0","0","0","0","0","0","0","0","0","0","0","0","0","0","0","0","0","0","0","0","0","0","0","0","0","0","0","0","0","0","0","0","0","0","0","0"
"0x711772309550","      BAR.SYNC.DEFER_BLOCKING 0x0","0","0","0","0","0","0","0","0","0","32","0","-","-","-","0","0","0","0","0","0","0","0","0","0","0","0","0","0","0","0","0","0","0","0","0","0","0","0","0","0","0","0","0","0","0","0","0","0","0","0","0","0","0","0","0","0","0","0"
"0x711772309560","      IADD3 R21, R156, 0x8, RZ","0","0","0","0","0","0","0","0","0","32","0","-","-","-","0","0","0","0","0","0","0","0","0","0","0","0","0","0","0","0","0","0","0","0","0","0","0","0","0","0","0","0","0","0","0","0","0","0","0","0","0","0","0","0","0","0","0","0"
"0x711772309570","      LDS.128 R148, [R3]","0","0","0","0","0","0","0","0","0","32","0","","","","0","0","0","0","0","0","0","0","0","0","0","0","0","0","0","0","0","0","0","0","0","0","0","0","0","0","0","0","0","0","0","0","0","0","0","0","0","0","0","0","0","0","0","0"
"0x711772309580","      FMUL R153, R144, R162","0","0","0","0","0","0","0","0","0","32","0","-","-","-","0","0","0","0","0","0","0","0","0","0","0","0","0","0","0","0","0","0","0","0","0","0","0","0","0","0","0","0","0","0","0","0","0","0","0","0","0","0","0","0","0","0","0","0"
"0x711772309590","      FMUL R5, R146, R162","0","0","0","0","0","0","0","0","0","32","0","-","-","-","0","0","0","0","0","0","0","0","0","0","0","0","0","0","0","0","0","0","0","0","0","0","0","0","0","0","0","0","0","0","0","0","0","0","0","0","0","0","0","0","0","0","0","0"
"0x7117723095a0","      FMUL R152, R145, R162","0","0","0","0","0","0","0","0","0","32","0","-","-","-","0","0","0","0","0","0","0","0","0","0","0","0","0","0","0","0","0","0","0","0","0","0","0","0","0","0","0","0","0","0","0","0","0","0","0","0","0","0","0","0","0","0","0","0"
"0x7117723095b0","      FFMA R148, R148, R158, R153","0","0","0","0","0","0","0","0","0","32","0","-","-","-","0","0","0","0","0","0","0","0","0","0","0","0","0","0","0","0","0","0","0","0","0","0","0","0","0","0","0","0","0","0","0","0","0","0","0","0","0","0","0","0","0","0","0","0"
"0x7117723095c0","      FFMA R150, R150, R158, R5","0","0","0","0","0","0","0","0","0","32","0","-","-","-","0","0","0","0","0","0","0","0","0","0","0","0","0","0","0","0","0","0","0","0","0","0","0","0","0","0","0","0","0","0","0","0","0","0","0","0","0","0","0","0","0","0","0","0"
"0x7117723095d0","      FMUL R4, R147, R162","0","0","0","0","0","0","0","0","0","32","0","-","-","-","0","0","0","0","0","0","0","0","0","0","0","0","0","0","0","0","0","0","0","0","0","0","0","0","0","0","0","0","0","0","0","0","0","0","0","0","0","0","0","0","0","0","0","0"
"0x7117723095e0","      FFMA R8, R149, R158, R152","0","0","0","0","0","0","0","0","0","32","0","-","-","-","0","0","0","0","0","0","0","0","0","0","0","0","0","0","0","0","0","0","0","0","0","0","0","0","0","0","0","0","0","0","0","0","0","0","0","0","0","0","0","0","0","0","0","0"
"0x7117723095f0","      FMNMX R152, R148, R157, !PT","0","0","0","0","0","0","0","0","0","32","0","-","-","-","0","0","0","0","0","0","0","0","0","0","0","0","0","0","0","0","0","0","0","0","0","0","0","0","0","0","0","0","0","0","0","0","0","0","0","0","0","0","0","0","0","0","0","0"
"0x711772309600","      FFMA R4, R151, R158, R4","0","0","0","0","0","0","0","0","0","32","0","-","-","-","0","0","0","0","0","0","0","0","0","0","0","0","0","0","0","0","0","0","0","0","0","0","0","0","0","0","0","0","0","0","0","0","0","0","0","0","0","0","0","0","0","0","0","0"
"0x711772309610","      FMNMX R154, R150, R157, !PT","0","0","0","0","0","0","0","0","0","32","0","-","-","-","0","0","0","0","0","0","0","0","0","0","0","0","0","0","0","0","0","0","0","0","0","0","0","0","0","0","0","0","0","0","0","0","0","0","0","0","0","0","0","0","0","0","0","0"
"0x711772309620","      FMUL R13, R140, R162","0","0","0","0","0","0","0","0","0","32","0","-","-","-","0","0","0","0","0","0","0","0","0","0","0","0","0","0","0","0","0","0","0","0","0","0","0","0","0","0","0","0","0","0","0","0","0","0","0","0","0","0","0","0","0","0","0","0"
"0x711772309630","      LDS.128 R148, [R3+0x100]","0","0","0","0","0","0","0","0","0","32","0","","","","0","0","0","0","0","0","0","0","0","0","0","0","0","0","0","0","0","0","0","0","0","0","0","0","0","0","0","0","0","0","0","0","0","0","0","0","0","0","0","0","0","0","0","0"
"0x711772309640","      FMNMX R153, R8, R157, !PT","0","0","0","0","0","0","0","0","0","32","0","-","-","-","0","0","0","0","0","0","0","0","0","0","0","0","0","0","0","0","0","0","0","0","0","0","0","0","0","0","0","0","0","0","0","0","0","0","0","0","0","0","0","0","0","0","0","0"
"0x711772309650","      FMUL R8, R141, R162","0","0","0","0","0","0","0","0","0","32","0","-","-","-","0","0","0","0","0","0","0","0","0","0","0","0","0","0","0","0","0","0","0","0","0","0","0","0","0","0","0","0","0","0","0","0","0","0","0","0","0","0","0","0","0","0","0","0"
"0x711772309660","      FMNMX R155, R4, R157, !PT","0","0","0","0","0","0","0","0","0","32","0","-","-","-","0","0","0","0","0","0","0","0","0","0","0","0","0","0","0","0","0","0","0","0","0","0","0","0","0","0","0","0","0","0","0","0","0","0","0","0","0","0","0","0","0","0","0","0"
"0x711772309670","      FMUL R9, R142, R162","0","0","0","0","0","0","0","0","0","32","0","-","-","-","0","0","0","0","0","0","0","0","0","0","0","0","0","0","0","0","0","0","0","0","0","0","0","0","0","0","0","0","0","0","0","0","0","0","0","0","0","0","0","0","0","0","0","0"
"0x711772309680","      P2R R4, PR, RZ, 0x10","0","0","0","0","0","0","0","0","0","32","0","-","-","-","0","0","0","0","0","0","0","0","0","0","0","0","0","0","0","0","0","0","0","0","0","0","0","0","0","0","0","0","0","0","0","0","0","0","0","0","0","0","0","0","0","0","0","0"
"0x711772309690","      FMUL R5, R143, R162","0","0","0","0","0","0","0","0","0","32","0","-","-","-","0","0","0","0","0","0","0","0","0","0","0","0","0","0","0","0","0","0","0","0","0","0","0","0","0","0","0","0","0","0","0","0","0","0","0","0","0","0","0","0","0","0","0","0"
"0x7117723096a0","      ISETP.NE.AND P4, PT, R163, RZ, PT","0","0","0","0","0","0","0","0","0","32","0","-","-","-","0","0","0","0","0","0","0","0","0","0","0","0","0","0","0","0","0","0","0","0","0","0","0","0","0","0","0","0","0","0","0","0","0","0","0","0","0","0","0","0","0","0","0","0"
"0x7117723096b0","@P3   STG.E.128 [R164], R152","0","0","0","0","0","0","0","0","0","32","0","","","","0","0","0","0","0","0","0","0","0","0","0","0","0","0","0","0","0","0","0","0","0","0","0","0","0","0","0","0","0","0","0","0","0","0","0","0","0","0","0","0","0","0","0","0"
"0x7117723096c0","      ISETP.LT.AND P3, PT, R156, c[0x0][0x160], P5","0","0","0","0","0","0","0","0","0","32","0","-","-","-","0","0","0","0","0","0","0","0","0","0","0","0","0","0","0","0","0","0","0","0","0","0","0","0","0","0","0","0","0","0","0","0","0","0","0","0","0","0","0","0","0","0","0","0"
"0x7117723096d0","      ISETP.LT.AND P4, PT, R156, c[0x0][0x160], P4","0","0","0","0","0","0","0","0","0","32","0","-","-","-","0","0","0","0","0","0","0","0","0","0","0","0","0","0","0","0","0","0","0","0","0","0","0","0","0","0","0","0","0","0","0","0","0","0","0","0","0","0","0","0","0","0","0","0"
"0x7117723096e0","      LDS.128 R152, [R3+0x200]","0","0","0","0","0","0","0","0","0","32","0","","","","0","0","0","0","0","0","0","0","0","0","0","0","0","0","0","0","0","0","0","0","0","0","0","0","0","0","0","0","0","0","0","0","0","0","0","0","0","0","0","0","0","0","0","0"
"0x7117723096f0","      FFMA R148, R148, R158, R13","0","0","0","0","0","0","0","0","0","32","0","-","-","-","0","0","0","0","0","0","0","0","0","0","0","0","0","0","0","0","0","0","0","0","0","0","0","0","0","0","0","0","0","0","0","0","0","0","0","0","0","0","0","0","0","0","0","0"
"0x711772309700","      FFMA R8, R149, R158, R8","0","0","0","0","0","0","0","0","0","32","0","-","-","-","0","0","0","0","0","0","0","0","0","0","0","0","0","0","0","0","0","0","0","0","0","0","0","0","0","0","0","0","0","0","0","0","0","0","0","0","0","0","0","0","0","0","0","0"
"0x711772309710","      FFMA R150, R150, R158, R9","0","0","0","0","0","0","0","0","0","32","0","-","-","-","0","0","0","0","0","0","0","0","0","0","0","0","0","0","0","0","0","0","0","0","0","0","0","0","0","0","0","0","0","0","0","0","0","0","0","0","0","0","0","0","0","0","0","0"
"0x711772309720","      FMNMX R148, R148, R157, !PT","0","0","0","0","0","0","0","0","0","32","0","-","-","-","0","0","0","0","0","0","0","0","0","0","0","0","0","0","0","0","0","0","0","0","0","0","0","0","0","0","0","0","0","0","0","0","0","0","0","0","0","0","0","0","0","0","0","0"
"0x711772309730","      FFMA R12, R151, R158, R5","0","0","0","0","0","0","0","0","0","32","0","-","-","-","0","0","0","0","0","0","0","0","0","0","0","0","0","0","0","0","0","0","0","0","0","0","0","0","0","0","0","0","0","0","0","0","0","0","0","0","0","0","0","0","0","0","0","0"
"0x711772309740","      FMNMX R149, R8, R157, !PT","0","0","0","0","0","0","0","0","0","32","0","-","-","-","0","0","0","0","0","0","0","0","0","0","0","0","0","0","0","0","0","0","0","0","0","0","0","0","0","0","0","0","0","0","0","0","0","0","0","0","0","0","0","0","0","0","0","0"
"0x711772309750","      FMUL R8, R137, R162","0","0","0","0","0","0","0","0","0","32","0","-","-","-","0","0","0","0","0","0","0","0","0","0","0","0","0","0","0","0","0","0","0","0","0","0","0","0","0","0","0","0","0","0","0","0","0","0","0","0","0","0","0","0","0","0","0","0"
"0x711772309760","      FMNMX R150, R150, R157, !PT","0","0","0","0","0","0","0","0","0","32","0","-","-","-","0","0","0","0","0","0","0","0","0","0","0","0","0","0","0","0","0","0","0","0","0","0","0","0","0","0","0","0","0","0","0","0","0","0","0","0","0","0","0","0","0","0","0","0"
"0x711772309770","      FMUL R5, R139, R162","0","0","0","0","0","0","0","0","0","32","0","-","-","-","0","0","0","0","0","0","0","0","0","0","0","0","0","0","0","0","0","0","0","0","0","0","0","0","0","0","0","0","0","0","0","0","0","0","0","0","0","0","0","0","0","0","0","0"
"0x711772309780","      FMNMX R151, R12, R157, !PT","0","0","0","0","0","0","0","0","0","32","0","-","-","-","0","0","0","0","0","0","0","0","0","0","0","0","0","0","0","0","0","0","0","0","0","0","0","0","0","0","0","0","0","0","0","0","0","0","0","0","0","0","0","0","0","0","0","0"
"0x711772309790","      FFMA R8, R153, R158, R8","0","0","0","0","0","0","0","0","0","32","0","-","-","-","0","0","0","0","0","0","0","0","0","0","0","0","0","0","0","0","0","0","0","0","0","0","0","0","0","0","0","0","0","0","0","0","0","0","0","0","0","0","0","0","0","0","0","0"
"0x7117723097a0","      FMUL R13, R136, R162","0","0","0","0","0","0","0","0","0","32","0","-","-","-","0","0","0","0","0","0","0","0","0","0","0","0","0","0","0","0","0","0","0","0","0","0","0","0","0","0","0","0","0","0","0","0","0","0","0","0","0","0","0","0","0","0","0","0"
"0x7117723097b0","@P3   STG.E.128 [R164+0x100], R148","0","0","0","0","0","0","0","0","0","32","0","","","","0","0","0","0","0","0","0","0","0","0","0","0","0","0","0","0","0","0","0","0","0","0","0","0","0","0","0","0","0","0","0","0","0","0","0","0","0","0","0","0","0","0","0","0"
"0x7117723097c0","      FMUL R9, R138, R162","0","0","0","0","0","0","0","0","0","32","0","-","-","-","0","0","0","0","0","0","0","0","0","0","0","0","0","0","0","0","0","0","0","0","0","0","0","0","0","0","0","0","0","0","0","0","0","0","0","0","0","0","0","0","0","0","0","0"
"0x7117723097d0","      ISETP.LT.AND P3, PT, R156, c[0x0][0x160], P6","0","0","0","0","0","0","0","0","0","32","0","-","-","-","0","0","0","0","0","0","0","0","0","0","0","0","0","0","0","0","0","0","0","0","0","0","0","0","0","0","0","0","0","0","0","0","0","0","0","0","0","0","0","0","0","0","0","0"
"0x7117723097e0","      FFMA R12, R155, R158, R5","0","0","0","0","0","0","0","0","0","32","0","-","-","-","0","0","0","0","0","0","0","0","0","0","0","0","0","0","0","0","0","0","0","0","0","0","0","0","0","0","0","0","0","0","0","0","0","0","0","0","0","0","0","0","0","0","0","0"
"0x7117723097f0","      LDS.128 R148, [R3+0x300]","0","0","0","0","0","0","0","0","0","32","0","","","","0","0","0","0","0","0","0","0","0","0","0","0","0","0","0","0","0","0","0","0","0","0","0","0","0","0","0","0","0","0","0","0","0","0","0","0","0","0","0","0","0","0","0","0"
"0x711772309800","      FFMA R152, R152, R158, R13","0","0","0","0","0","0","0","0","0","32","0","-","-","-","0","0","0","0","0","0","0","0","0","0","0","0","0","0","0","0","0","0","0","0","0","0","0","0","0","0","0","0","0","0","0","0","0","0","0","0","0","0","0","0","0","0","0","0"
"0x711772309810","      FMNMX R153, R8, R157, !PT","0","0","0","0","0","0","0","0","0","32","0","-","-","-","0","0","0","0","0","0","0","0","0","0","0","0","0","0","0","0","0","0","0","0","0","0","0","0","0","0","0","0","0","0","0","0","0","0","0","0","0","0","0","0","0","0","0","0"
"0x711772309820","      FFMA R154, R154, R158, R9","0","0","0","0","0","0","0","0","0","32","0","-","-","-","0","0","0","0","0","0","0","0","0","0","0","0","0","0","0","0","0","0","0","0","0","0","0","0","0","0","0","0","0","0","0","0","0","0","0","0","0","0","0","0","0","0","0","0"
"0x711772309830","      FMNMX R155, R12, R157, !PT","0","0","0","0","0","0","0","0","0","32","0","-","-","-","0","0","0","0","0","0","0","0","0","0","0","0","0","0","0","0","0","0","0","0","0","0","0","0","0","0","0","0","0","0","0","0","0","0","0","0","0","0","0","0","0","0","0","0"
"0x711772309840","      FMUL R13, R132, R162","0","0","0","0","0","0","0","0","0","32","0","-","-","-","0","0","0","0","0","0","0","0","0","0","0","0","0","0","0","0","0","0","0","0","0","0","0","0","0","0","0","0","0","0","0","0","0","0","0","0","0","0","0","0","0","0","0","0"
"0x711772309850","      FMNMX R152, R152, R157, !PT","0","0","0","0","0","0","0","0","0","32","0","-","-","-","0","0","0","0","0","0","0","0","0","0","0","0","0","0","0","0","0","0","0","0","0","0","0","0","0","0","0","0","0","0","0","0","0","0","0","0","0","0","0","0","0","0","0","0"
"0x711772309860","      FMUL R8, R133, R162","0","0","0","0","0","0","0","0","0","32","0","-","-","-","0","0","0","0","0","0","0","0","0","0","0","0","0","0","0","0","0","0","0","0","0","0","0","0","0","0","0","0","0","0","0","0","0","0","0","0","0","0","0","0","0","0","0","0"
"0x711772309870","      FMNMX R154, R154, R157, !PT","0","0","0","0","0","0","0","0","0","32","0","-","-","-","0","0","0","0","0","0","0","0","0","0","0","0","0","0","0","0","0","0","0","0","0","0","0","0","0","0","0","0","0","0","0","0","0","0","0","0","0","0","0","0","0","0","0","0"
"0x711772309880","      FMUL R9, R134, R162","0","0","0","0","0","0","0","0","0","32","0","-","-","-","0","0","0","0","0","0","0","0","0","0","0","0","0","0","0","0","0","0","0","0","0","0","0","0","0","0","0","0","0","0","0","0","0","0","0","0","0","0","0","0","0","0","0","0"
"0x711772309890","      FMUL R5, R135, R162","0","0","0","0","0","0","0","0","0","32","0","-","-","-","0","0","0","0","0","0","0","0","0","0","0","0","0","0","0","0","0","0","0","0","0","0","0","0","0","0","0","0","0","0","0","0","0","0","0","0","0","0","0","0","0","0","0","0"
"0x7117723098a0","@P3   STG.E.128 [R164+0x200], R152","0","0","0","0","0","0","0","0","0","32","0","","","","0","0","0","0","0","0","0","0","0","0","0","0","0","0","0","0","0","0","0","0","0","0","0","0","0","0","0","0","0","0","0","0","0","0","0","0","0","0","0","0","0","0","0","0"
"0x7117723098b0","      ISETP.NE.AND P3, PT, R168, RZ, PT","0","0","0","0","0","0","0","0","0","32","0","-","-","-","0","0","0","0","0","0","0","0","0","0","0","0","0","0","0","0","0","0","0","0","0","0","0","0","0","0","0","0","0","0","0","0","0","0","0","0","0","0","0","0","0","0","0","0"
"0x7117723098c0","      P2R R24, PR, RZ, 0x8","0","0","0","0","0","0","0","0","0","32","0","-","-","-","0","0","0","0","0","0","0","0","0","0","0","0","0","0","0","0","0","0","0","0","0","0","0","0","0","0","0","0","0","0","0","0","0","0","0","0","0","0","0","0","0","0","0","0"
"0x7117723098d0","      FFMA R148, R148, R158, R13","0","0","0","0","0","0","0","0","0","32","0","-","-","-","0","0","0","0","0","0","0","0","0","0","0","0","0","0","0","0","0","0","0","0","0","0","0","0","0","0","0","0","0","0","0","0","0","0","0","0","0","0","0","0","0","0","0","0"
"0x7117723098e0","      FFMA R8, R149, R158, R8","0","0","0","0","0","0","0","0","0","32","0","-","-","-","0","0","0","0","0","0","0","0","0","0","0","0","0","0","0","0","0","0","0","0","0","0","0","0","0","0","0","0","0","0","0","0","0","0","0","0","0","0","0","0","0","0","0","0"
"0x7117723098f0","      FFMA R150, R150, R158, R9","0","0","0","0","0","0","0","0","0","32","0","-","-","-","0","0","0","0","0","0","0","0","0","0","0","0","0","0","0","0","0","0","0","0","0","0","0","0","0","0","0","0","0","0","0","0","0","0","0","0","0","0","0","0","0","0","0","0"
"0x711772309900","      FMNMX R148, R148, R157, !PT","0","0","0","0","0","0","0","0","0","32","0","-","-","-","0","0","0","0","0","0","0","0","0","0","0","0","0","0","0","0","0","0","0","0","0","0","0","0","0","0","0","0","0","0","0","0","0","0","0","0","0","0","0","0","0","0","0","0"
"0x711772309910","      FFMA R12, R151, R158, R5","0","0","0","0","0","0","0","0","0","32","0","-","-","-","0","0","0","0","0","0","0","0","0","0","0","0","0","0","0","0","0","0","0","0","0","0","0","0","0","0","0","0","0","0","0","0","0","0","0","0","0","0","0","0","0","0","0","0"
"0x711772309920","      FMNMX R149, R8, R157, !PT","0","0","0","0","0","0","0","0","0","32","0","-","-","-","0","0","0","0","0","0","0","0","0","0","0","0","0","0","0","0","0","0","0","0","0","0","0","0","0","0","0","0","0","0","0","0","0","0","0","0","0","0","0","0","0","0","0","0"
"0x711772309930","      FMNMX R150, R150, R157, !PT","0","0","0","0","0","0","0","0","0","32","0","-","-","-","0","0","0","0","0","0","0","0","0","0","0","0","0","0","0","0","0","0","0","0","0","0","0","0","0","0","0","0","0","0","0","0","0","0","0","0","0","0","0","0","0","0","0","0"
"0x711772309940","      FMNMX R151, R12, R157, !PT","0","0","0","0","0","0","0","0","0","32","0","-","-","-","0","0","0","0","0","0","0","0","0","0","0","0","0","0","0","0","0","0","0","0","0","0","0","0","0","0","0","0","0","0","0","0","0","0","0","0","0","0","0","0","0","0","0","0"
"0x711772309950","@P4   STG.E.128 [R164+0x300], R148","0","0","0","0","0","0","0","0","0","32","0","","","","0","0","0","0","0","0","0","0","0","0","0","0","0","0","0","0","0","0","0","0","0","0","0","0","0","0","0","0","0","0","0","0","0","0","0","0","0","0","0","0","0","0","0","0"
"0x711772309960","      ISETP.LT.AND P4, PT, R21, c[0x0][0x160], P3","0","0","0","0","0","0","0","0","0","32","0","-","-","-","0","0","0","0","0","0","0","0","0","0","0","0","0","0","0","0","0","0","0","0","0","0","0","0","0","0","0","0","0","0","0","0","0","0","0","0","0","0","0","0","0","0","0","0"
"0x711772309970","@P4   LDG.E.LTC128B.128 R144, [R166]","0","0","0","0","0","0","0","0","0","32","0","","","","0","0","0","0","0","0","0","0","0","0","0","0","0","0","0","0","0","0","0","0","0","0","0","0","0","0","0","0","0","0","0","0","0","0","0","0","0","0","0","0","0","0","0","0"
"0x711772309980","      ISETP.LT.AND P3, PT, R21, c[0x0][0x160], P2","0","0","0","0","0","0","0","0","0","32","0","-","-","-","0","0","0","0","0","0","0","0","0","0","0","0","0","0","0","0","0","0","0","0","0","0","0","0","0","0","0","0","0","0","0","0","0","0","0","0","0","0","0","0","0","0","0","0"
"0x711772309990","      P2R R20, PR, RZ, 0x2","0","0","0","0","0","0","0","0","0","32","0","-","-","-","0","0","0","0","0","0","0","0","0","0","0","0","0","0","0","0","0","0","0","0","0","0","0","0","0","0","0","0","0","0","0","0","0","0","0","0","0","0","0","0","0","0","0","0"
"0x7117723099a0","      ISETP.NE.AND P4, PT, R4, RZ, PT","0","0","0","0","0","0","0","0","0","32","0","-","-","-","0","0","0","0","0","0","0","0","0","0","0","0","0","0","0","0","0","0","0","0","0","0","0","0","0","0","0","0","0","0","0","0","0","0","0","0","0","0","0","0","0","0","0","0"
"0x7117723099b0","@P3   LDG.E.LTC128B.128 R140, [R166+0x100]","0","0","0","0","0","0","0","0","0","32","0","","","","0","0","0","0","0","0","0","0","0","0","0","0","0","0","0","0","0","0","0","0","0","0","0","0","0","0","0","0","0","0","0","0","0","0","0","0","0","0","0","0","0","0","0","0"
"0x7117723099c0","      ISETP.LT.AND P3, PT, R21, c[0x0][0x160], P1","0","0","0","0","0","0","0","0","0","32","0","-","-","-","0","0","0","0","0","0","0","0","0","0","0","0","0","0","0","0","0","0","0","0","0","0","0","0","0","0","0","0","0","0","0","0","0","0","0","0","0","0","0","0","0","0","0","0"
"0x7117723099d0","@P3   LDG.E.LTC128B.128 R136, [R166+0x200]","0","0","0","0","0","0","0","0","0","32","0","","","","0","0","0","0","0","0","0","0","0","0","0","0","0","0","0","0","0","0","0","0","0","0","0","0","0","0","0","0","0","0","0","0","0","0","0","0","0","0","0","0","0","0","0","0"
"0x7117723099e0","      ISETP.LT.AND P1, PT, R21, c[0x0][0x160], P0","0","0","0","0","0","0","0","0","0","32","0","-","-","-","0","0","0","0","0","0","0","0","0","0","0","0","0","0","0","0","0","0","0","0","0","0","0","0","0","0","0","0","0","0","0","0","0","0","0","0","0","0","0","0","0","0","0","0"
"0x7117723099f0","@P1   LDG.E.LTC128B.128 R132, [R166+0x300]","0","0","0","0","0","0","0","0","0","32","0","","","","0","0","0","0","0","0","0","0","0","0","0","0","0","0","0","0","0","0","0","0","0","0","0","0","0","0","0","0","0","0","0","0","0","0","0","0","0","0","0","0","0","0","0","0"
"0x711772309a00","      BAR.SYNC.DEFER_BLOCKING 0x0","0","0","0","0","0","0","0","0","0","32","0","-","-","-","0","0","0","0","0","0","0","0","0","0","0","0","0","0","0","0","0","0","0","0","0","0","0","0","0","0","0","0","0","0","0","0","0","0","0","0","0","0","0","0","0","0","0","0"
"0x711772309a10","      IADD3 R16, P1, R164, c[0x0][0x238], RZ","0","0","0","0","0","0","0","0","0","32","0","-","-","-","0","0","0","0","0","0","0","0","0","0","0","0","0","0","0","0","0","0","0","0","0","0","0","0","0","0","0","0","0","0","0","0","0","0","0","0","0","0","0","0","0","0","0","0"
"0x711772309a20","      UIADD3 UR10, UP0, UR4, 0x100, URZ","0","0","0","0","0","0","0","0","0","32","0","-","-","-","0","0","0","0","0","0","0","0","0","0","0","0","0","0","0","0","0","0","0","0","0","0","0","0","0","0","0","0","0","0","0","0","0","0","0","0","0","0","0","0","0","0","0","0"
"0x711772309a30","      ISETP.LT.AND P3, PT, R21, c[0x0][0x160], P6","0","0","0","0","0","0","0","0","0","32","0","-","-","-","0","0","0","0","0","0","0","0","0","0","0","0","0","0","0","0","0","0","0","0","0","0","0","0","0","0","0","0","0","0","0","0","0","0","0","0","0","0","0","0","0","0","0","0"
"0x711772309a40","      IADD3.X R17, R165, c[0x0][0x23c], RZ, P1, !PT","0","0","0","0","0","0","0","0","0","32","0","-","-","-","0","0","0","0","0","0","0","0","0","0","0","0","0","0","0","0","0","0","0","0","0","0","0","0","0","0","0","0","0","0","0","0","0","0","0","0","0","0","0","0","0","0","0","0"
"0x711772309a50","      UIADD3.X UR11, URZ, UR5, URZ, UP0, !UPT","0","0","0","0","0","0","0","0","0","32","0","-","-","-","0","0","0","0","0","0","0","0","0","0","0","0","0","0","0","0","0","0","0","0","0","0","0","0","0","0","0","0","0","0","0","0","0","0","0","0","0","0","0","0","0","0","0","0"
"0x711772309a60","      IADD3 R12, P1, R166, UR6, RZ","0","0","0","0","0","0","0","0","0","32","0","-","-","-","0","0","0","0","0","0","0","0","0","0","0","0","0","0","0","0","0","0","0","0","0","0","0","0","0","0","0","0","0","0","0","0","0","0","0","0","0","0","0","0","0","0","0","0"
"0x711772309a70","      UIADD3 UR8, UP0, UR4, 0x200, URZ","0","0","0","0","0","0","0","0","0","32","0","-","-","-","0","0","0","0","0","0","0","0","0","0","0","0","0","0","0","0","0","0","0","0","0","0","0","0","0","0","0","0","0","0","0","0","0","0","0","0","0","0","0","0","0","0","0","0"
"0x711772309a80","      IADD3.X R13, R167, UR7, RZ, P1, !PT","0","0","0","0","0","0","0","0","0","32","0","-","-","-","0","0","0","0","0","0","0","0","0","0","0","0","0","0","0","0","0","0","0","0","0","0","0","0","0","0","0","0","0","0","0","0","0","0","0","0","0","0","0","0","0","0","0","0"
"0x711772309a90","      UIADD3.X UR9, URZ, UR5, URZ, UP0, !UPT","0","0","0","0","0","0","0","0","0","32","0","-","-","-","0","0","0","0","0","0","0","0","0","0","0","0","0","0","0","0","0","0","0","0","0","0","0","0","0","0","0","0","0","0","0","0","0","0","0","0","0","0","0","0","0","0","0","0"
"0x711772309aa0","      ISETP.LT.AND P1, PT, R21, c[0x0][0x160], P4","0","0","0","0","0","0","0","0","0","32","0","-","-","-","0","0","0","0","0","0","0","0","0","0","0","0","0","0","0","0","0","0","0","0","0","0","0","0","0","0","0","0","0","0","0","0","0","0","0","0","0","0","0","0","0","0","0","0"
"0x711772309ab0","      UIADD3 UR4, UP0, UR4, 0x300, URZ","0","0","0","0","0","0","0","0","0","32","0","-","-","-","0","0","0","0","0","0","0","0","0","0","0","0","0","0","0","0","0","0","0","0","0","0","0","0","0","0","0","0","0","0","0","0","0","0","0","0","0","0","0","0","0","0","0","0"
"0x711772309ac0","      UIADD3.X UR5, URZ, UR5, URZ, UP0, !UPT","0","0","0","0","0","0","0","0","0","32","0","-","-","-","0","0","0","0","0","0","0","0","0","0","0","0","0","0","0","0","0","0","0","0","0","0","0","0","0","0","0","0","0","0","0","0","0","0","0","0","0","0","0","0","0","0","0","0"
"0x711772309ad0","      STS.64 [R2.X8], R6","0","0","0","0","0","0","0","0","0","32","0","","","","0","0","0","0","0","0","0","0","0","0","0","0","0","0","0","0","0","0","0","0","0","0","0","0","0","0","0","0","0","0","0","0","0","0","0","0","0","0","0","0","0","0","0","0"
"0x711772309ae0","      STS.64 [R2.X8+0x20], R10","0","0","0","0","0","0","0","0","0","32","0","","","","0","0","0","0","0","0","0","0","0","0","0","0","0","0","0","0","0","0","0","0","0","0","0","0","0","0","0","0","0","0","0","0","0","0","0","0","0","0","0","0","0","0","0","0"
"0x711772309af0","      STS.64 [R2.X8+0x40], R14","0","0","0","0","0","0","0","0","0","32","0","","","","0","0","0","0","0","0","0","0","0","0","0","0","0","0","0","0","0","0","0","0","0","0","0","0","0","0","0","0","0","0","0","0","0","0","0","0","0","0","0","0","0","0","0","0"
"0x711772309b00","      STS.64 [R2.X8+0x60], R18","0","0","0","0","0","0","0","0","0","32","0","","","","0","0","0","0","0","0","0","0","0","0","0","0","0","0","0","0","0","0","0","0","0","0","0","0","0","0","0","0","0","0","0","0","0","0","0","0","0","0","0","0","0","0","0","0"
"0x711772309b10","      STS.64 [R2.X8+0x80], R22","0","0","0","0","0","0","0","0","0","32","0","","","","0","0","0","0","0","0","0","0","0","0","0","0","0","0","0","0","0","0","0","0","0","0","0","0","0","0","0","0","0","0","0","0","0","0","0","0","0","0","0","0","0","0","0","0"
"0x711772309b20","      STS.64 [R2.X8+0xa0], R26","0","0","0","0","0","0","0","0","0","32","0","","","","0","0","0","0","0","0","0","0","0","0","0","0","0","0","0","0","0","0","0","0","0","0","0","0","0","0","0","0","0","0","0","0","0","0","0","0","0","0","0","0","0","0","0","0"
"0x711772309b30","      STS.64 [R2.X8+0xc0], R30","0","0","0","0","0","0","0","0","0","32","0","","","","0","0","0","0","0","0","0","0","0","0","0","0","0","0","0","0","0","0","0","0","0","0","0","0","0","0","0","0","0","0","0","0","0","0","0","0","0","0","0","0","0","0","0","0"
"0x711772309b40","      STS.64 [R2.X8+0xe0], R34","0","0","0","0","0","0","0","0","0","32","0","","","","0","0","0","0","0","0","0","0","0","0","0","0","0","0","0","0","0","0","0","0","0","0","0","0","0","0","0","0","0","0","0","0","0","0","0","0","0","0","0","0","0","0","0","0"
"0x711772309b50","      BAR.SYNC.DEFER_BLOCKING 0x0","0","0","0","0","0","0","0","0","0","32","0","-","-","-","0","0","0","0","0","0","0","0","0","0","0","0","0","0","0","0","0","0","0","0","0","0","0","0","0","0","0","0","0","0","0","0","0","0","0","0","0","0","0","0","0","0","0","0"
"0x711772309b60","      LDS.128 R148, [R3]","0","0","0","0","0","0","0","0","0","32","0","","","","0","0","0","0","0","0","0","0","0","0","0","0","0","0","0","0","0","0","0","0","0","0","0","0","0","0","0","0","0","0","0","0","0","0","0","0","0","0","0","0","0","0","0","0"
"0x711772309b70","      FMUL R4, R147, R162","0","0","0","0","0","0","0","0","0","32","0","-","-","-","0","0","0","0","0","0","0","0","0","0","0","0","0","0","0","0","0","0","0","0","0","0","0","0","0","0","0","0","0","0","0","0","0","0","0","0","0","0","0","0","0","0","0","0"
"0x711772309b80","      FMUL R9, R144, R162","0","0","0","0","0","0","0","0","0","32","0","-","-","-","0","0","0","0","0","0","0","0","0","0","0","0","0","0","0","0","0","0","0","0","0","0","0","0","0","0","0","0","0","0","0","0","0","0","0","0","0","0","0","0","0","0","0","0"
"0x711772309b90","      FFMA R8, R151, R158, R4","0","0","0","0","0","0","0","0","0","32","0","-","-","-","0","0","0","0","0","0","0","0","0","0","0","0","0","0","0","0","0","0","0","0","0","0","0","0","0","0","0","0","0","0","0","0","0","0","0","0","0","0","0","0","0","0","0","0"
"0x711772309ba0","      FFMA R148, R148, R158, R9","0","0","0","0","0","0","0","0","0","32","0","-","-","-","0","0","0","0","0","0","0","0","0","0","0","0","0","0","0","0","0","0","0","0","0","0","0","0","0","0","0","0","0","0","0","0","0","0","0","0","0","0","0","0","0","0","0","0"
"0x711772309bb0","      FMUL R6, R145, R162","0","0","0","0","0","0","0","0","0","32","0","-","-","-","0","0","0","0","0","0","0","0","0","0","0","0","0","0","0","0","0","0","0","0","0","0","0","0","0","0","0","0","0","0","0","0","0","0","0","0","0","0","0","0","0","0","0","0"
"0x711772309bc0","      FMNMX R7, R8, R157, !PT","0","0","0","0","0","0","0","0","0","32","0","-","-","-","0","0","0","0","0","0","0","0","0","0","0","0","0","0","0","0","0","0","0","0","0","0","0","0","0","0","0","0","0","0","0","0","0","0","0","0","0","0","0","0","0","0","0","0"
"0x711772309bd0","      FMUL R5, R146, R162","0","0","0","0","0","0","0","0","0","32","0","-","-","-","0","0","0","0","0","0","0","0","0","0","0","0","0","0","0","0","0","0","0","0","0","0","0","0","0","0","0","0","0","0","0","0","0","0","0","0","0","0","0","0","0","0","0","0"
"0x711772309be0","      LDS.128 R8, [R3+0x100]","0","0","0","0","0","0","0","0","0","32","0","","","","0","0","0","0","0","0","0","0","0","0","0","0","0","0","0","0","0","0","0","0","0","0","0","0","0","0","0","0","0","0","0","0","0","0","0","0","0","0","0","0","0","0","0","0"
"0x711772309bf0","      FFMA R6, R149, R158, R6","0","0","0","0","0","0","0","0","0","32","0","-","-","-","0","0","0","0","0","0","0","0","0","0","0","0","0","0","0","0","0","0","0","0","0","0","0","0","0","0","0","0","0","0","0","0","0","0","0","0","0","0","0","0","0","0","0","0"
"0x711772309c00","      FMNMX R4, R148, R157, !PT","0","0","0","0","0","0","0","0","0","32","0","-","-","-","0","0","0","0","0","0","0","0","0","0","0","0","0","0","0","0","0","0","0","0","0","0","0","0","0","0","0","0","0","0","0","0","0","0","0","0","0","0","0","0","0","0","0","0"
"0x711772309c10","      FFMA R150, R150, R158, R5","0","0","0","0","0","0","0","0","0","32","0","-","-","-","0","0","0","0","0","0","0","0","0","0","0","0","0","0","0","0","0","0","0","0","0","0","0","0","0","0","0","0","0","0","0","0","0","0","0","0","0","0","0","0","0","0","0","0"
"0x711772309c20","      FMUL R19, R140, R162","0","0","0","0","0","0","0","0","0","32","0","-","-","-","0","0","0","0","0","0","0","0","0","0","0","0","0","0","0","0","0","0","0","0","0","0","0","0","0","0","0","0","0","0","0","0","0","0","0","0","0","0","0","0","0","0","0","0"
"0x711772309c30","      FMNMX R5, R6, R157, !PT","0","0","0","0","0","0","0","0","0","32","0","-","-","-","0","0","0","0","0","0","0","0","0","0","0","0","0","0","0","0","0","0","0","0","0","0","0","0","0","0","0","0","0","0","0","0","0","0","0","0","0","0","0","0","0","0","0","0"
"0x711772309c40","      FMUL R18, R141, R162","0","0","0","0","0","0","0","0","0","32","0","-","-","-","0","0","0","0","0","0","0","0","0","0","0","0","0","0","0","0","0","0","0","0","0","0","0","0","0","0","0","0","0","0","0","0","0","0","0","0","0","0","0","0","0","0","0","0"
"0x711772309c50","      FMNMX R6, R150, R157, !PT","0","0","0","0","0","0","0","0","0","32","0","-","-","-","0","0","0","0","0","0","0","0","0","0","0","0","0","0","0","0","0","0","0","0","0","0","0","0","0","0","0","0","0","0","0","0","0","0","0","0","0","0","0","0","0","0","0","0"
"0x711772309c60","      FMUL R15, R142, R162","0","0","0","0","0","0","0","0","0","32","0","-","-","-","0","0","0","0","0","0","0","0","0","0","0","0","0","0","0","0","0","0","0","0","0","0","0","0","0","0","0","0","0","0","0","0","0","0","0","0","0","0","0","0","0","0","0","0"
"0x711772309c70","      FMUL R14, R143, R162","0","0","0","0","0","0","0","0","0","32","0","-","-","-","0","0","0","0","0","0","0","0","0","0","0","0","0","0","0","0","0","0","0","0","0","0","0","0","0","0","0","0","0","0","0","0","0","0","0","0","0","0","0","0","0","0","0","0"
"0x711772309c80","@P1   STG.E.128 [R16], R4","0","0","0","0","0","0","0","0","0","32","0","","","","0","0","0","0","0","0","0","0","0","0","0","0","0","0","0","0","0","0","0","0","0","0","0","0","0","0","0","0","0","0","0","0","0","0","0","0","0","0","0","0","0","0","0","0"
"0x711772309c90","      ISETP.LT.AND P1, PT, R21, c[0x0][0x160], P5","0","0","0","0","0","0","0","0","0","32","0","-","-","-","0","0","0","0","0","0","0","0","0","0","0","0","0","0","0","0","0","0","0","0","0","0","0","0","0","0","0","0","0","0","0","0","0","0","0","0","0","0","0","0","0","0","0","0"
"0x711772309ca0","      FFMA R8, R8, R158, R19","0","0","0","0","0","0","0","0","0","32","0","-","-","-","0","0","0","0","0","0","0","0","0","0","0","0","0","0","0","0","0","0","0","0","0","0","0","0","0","0","0","0","0","0","0","0","0","0","0","0","0","0","0","0","0","0","0","0"
"0x711772309cb0","      FFMA R18, R9, R158, R18","0","0","0","0","0","0","0","0","0","32","0","-","-","-","0","0","0","0","0","0","0","0","0","0","0","0","0","0","0","0","0","0","0","0","0","0","0","0","0","0","0","0","0","0","0","0","0","0","0","0","0","0","0","0","0","0","0","0"
"0x711772309cc0","      FFMA R14, R11, R158, R14","0","0","0","0","0","0","0","0","0","32","0","-","-","-","0","0","0","0","0","0","0","0","0","0","0","0","0","0","0","0","0","0","0","0","0","0","0","0","0","0","0","0","0","0","0","0","0","0","0","0","0","0","0","0","0","0","0","0"
"0x711772309cd0","      FFMA R6, R10, R158, R15","0","0","0","0","0","0","0","0","0","32","0","-","-","-","0","0","0","0","0","0","0","0","0","0","0","0","0","0","0","0","0","0","0","0","0","0","0","0","0","0","0","0","0","0","0","0","0","0","0","0","0","0","0","0","0","0","0","0"
"0x711772309ce0","      FMNMX R4, R8, R157, !PT","0","0","0","0","0","0","0","0","0","32","0","-","-","-","0","0","0","0","0","0","0","0","0","0","0","0","0","0","0","0","0","0","0","0","0","0","0","0","0","0","0","0","0","0","0","0","0","0","0","0","0","0","0","0","0","0","0","0"
"0x711772309cf0","      FMUL R19, R136, R162","0","0","0","0","0","0","0","0","0","32","0","-","-","-","0","0","0","0","0","0","0","0","0","0","0","0","0","0","0","0","0","0","0","0","0","0","0","0","0","0","0","0","0","0","0","0","0","0","0","0","0","0","0","0","0","0","0","0"
"0x711772309d00","      LDS.128 R8, [R3+0x200]","0","0","0","0","0","0","0","0","0","32","0","","","","0","0","0","0","0","0","0","0","0","0","0","0","0","0","0","0","0","0","0","0","0","0","0","0","0","0","0","0","0","0","0","0","0","0","0","0","0","0","0","0","0","0","0","0"
"0x711772309d10","      FMUL R15, R138, R162","0","0","0","0","0","0","0","0","0","32","0","-","-","-","0","0","0","0","0","0","0","0","0","0","0","0","0","0","0","0","0","0","0","0","0","0","0","0","0","0","0","0","0","0","0","0","0","0","0","0","0","0","0","0","0","0","0","0"
"0x711772309d20","      FMNMX R5, R18, R157, !PT","0","0","0","0","0","0","0","0","0","32","0","-","-","-","0","0","0","0","0","0","0","0","0","0","0","0","0","0","0","0","0","0","0","0","0","0","0","0","0","0","0","0","0","0","0","0","0","0","0","0","0","0","0","0","0","0","0","0"
"0x711772309d30","      FMUL R18, R137, R162","0","0","0","0","0","0","0","0","0","32","0","-","-","-","0","0","0","0","0","0","0","0","0","0","0","0","0","0","0","0","0","0","0","0","0","0","0","0","0","0","0","0","0","0","0","0","0","0","0","0","0","0","0","0","0","0","0","0"
"0x711772309d40","      FMNMX R6, R6, R157, !PT","0","0","0","0","0","0","0","0","0","32","0","-","-","-","0","0","0","0","0","0","0","0","0","0","0","0","0","0","0","0","0","0","0","0","0","0","0","0","0","0","0","0","0","0","0","0","0","0","0","0","0","0","0","0","0","0","0","0"
"0x711772309d50","      FMNMX R7, R14, R157, !PT","0","0","0","0","0","0","0","0","0","32","0","-","-","-","0","0","0","0","0","0","0","0","0","0","0","0","0","0","0","0","0","0","0","0","0","0","0","0","0","0","0","0","0","0","0","0","0","0","0","0","0","0","0","0","0","0","0","0"
"0x711772309d60","      FMUL R14, R139, R162","0","0","0","0","0","0","0","0","0","32","0","-","-","-","0","0","0","0","0","0","0","0","0","0","0","0","0","0","0","0","0","0","0","0","0","0","0","0","0","0","0","0","0","0","0","0","0","0","0","0","0","0","0","0","0","0","0","0"
"0x711772309d70","@P1   STG.E.128 [R164.64+UR10], R4","0","0","0","0","0","0","0","0","0","32","0","","","","0","0","0","0","0","0","0","0","0","0","0","0","0","0","0","0","0","0","0","0","0","0","0","0","0","0","0","0","0","0","0","0","0","0","0","0","0","0","0","0","0","0","0","0"
"0x711772309d80","      ISETP.NE.AND P1, PT, R163, RZ, PT","0","0","0","0","0","0","0","0","0","32","0","-","-","-","0","0","0","0","0","0","0","0","0","0","0","0","0","0","0","0","0","0","0","0","0","0","0","0","0","0","0","0","0","0","0","0","0","0","0","0","0","0","0","0","0","0","0","0"
"0x711772309d90","      ISETP.LT.AND P1, PT, R21, c[0x0][0x160], P1","0","0","0","0","0","0","0","0","0","32","0","-","-","-","0","0","0","0","0","0","0","0","0","0","0","0","0","0","0","0","0","0","0","0","0","0","0","0","0","0","0","0","0","0","0","0","0","0","0","0","0","0","0","0","0","0","0","0"
"0x711772309da0","      IADD3 R21, R156, 0x10, RZ","0","0","0","0","0","0","0","0","0","32","0","-","-","-","0","0","0","0","0","0","0","0","0","0","0","0","0","0","0","0","0","0","0","0","0","0","0","0","0","0","0","0","0","0","0","0","0","0","0","0","0","0","0","0","0","0","0","0"
"0x711772309db0","      FFMA R8, R8, R158, R19","0","0","0","0","0","0","0","0","0","32","0","-","-","-","0","0","0","0","0","0","0","0","0","0","0","0","0","0","0","0","0","0","0","0","0","0","0","0","0","0","0","0","0","0","0","0","0","0","0","0","0","0","0","0","0","0","0","0"
"0x711772309dc0","      FFMA R10, R10, R158, R15","0","0","0","0","0","0","0","0","0","32","0","-","-","-","0","0","0","0","0","0","0","0","0","0","0","0","0","0","0","0","0","0","0","0","0","0","0","0","0","0","0","0","0","0","0","0","0","0","0","0","0","0","0","0","0","0","0","0"
"0x711772309dd0","      FFMA R18, R9, R158, R18","0","0","0","0","0","0","0","0","0","32","0","-","-","-","0","0","0","0","0","0","0","0","0","0","0","0","0","0","0","0","0","0","0","0","0","0","0","0","0","0","0","0","0","0","0","0","0","0","0","0","0","0","0","0","0","0","0","0"
"0x711772309de0","      FMNMX R4, R8, R157, !PT","0","0","0","0","0","0","0","0","0","32","0","-","-","-","0","0","0","0","0","0","0","0","0","0","0","0","0","0","0","0","0","0","0","0","0","0","0","0","0","0","0","0","0","0","0","0","0","0","0","0","0","0","0","0","0","0","0","0"
"0x711772309df0","      FFMA R14, R11, R158, R14","0","0","0","0","0","0","0","0","0","32","0","-","-","-","0","0","0","0","0","0","0","0","0","0","0","0","0","0","0","0","0","0","0","0","0","0","0","0","0","0","0","0","0","0","0","0","0","0","0","0","0","0","0","0","0","0","0","0"
"0x711772309e00","      FMNMX R6, R10, R157, !PT","0","0","0","0","0","0","0","0","0","32","0","-","-","-","0","0","0","0","0","0","0","0","0","0","0","0","0","0","0","0","0","0","0","0","0","0","0","0","0","0","0","0","0","0","0","0","0","0","0","0","0","0","0","0","0","0","0","0"
"0x711772309e10","      FMUL R19, R132, R162","0","0","0","0","0","0","0","0","0","32","0","-","-","-","0","0","0","0","0","0","0","0","0","0","0","0","0","0","0","0","0","0","0","0","0","0","0","0","0","0","0","0","0","0","0","0","0","0","0","0","0","0","0","0","0","0","0","0"
"0x711772309e20","      LDS.128 R8, [R3+0x300]","0","0","0","0","0","0","0","0","0","32","0","","","","0","0","0","0","0","0","0","0","0","0","0","0","0","0","0","0","0","0","0","0","0","0","0","0","0","0","0","0","0","0","0","0","0","0","0","0","0","0","0","0","0","0","0","0"
"0x711772309e30","      FMNMX R5, R18, R157, !PT","0","0","0","0","0","0","0","0","0","32","0","-","-","-","0","0","0","0","0","0","0","0","0","0","0","0","0","0","0","0","0","0","0","0","0","0","0","0","0","0","0","0","0","0","0","0","0","0","0","0","0","0","0","0","0","0","0","0"
"0x711772309e40","      FMUL R18, R133, R162","0","0","0","0","0","0","0","0","0","32","0","-","-","-","0","0","0","0","0","0","0","0","0","0","0","0","0","0","0","0","0","0","0","0","0","0","0","0","0","0","0","0","0","0","0","0","0","0","0","0","0","0","0","0","0","0","0","0"
"0x711772309e50","      FMNMX R7, R14, R157, !PT","0","0","0","0","0","0","0","0","0","32","0","-","-","-","0","0","0","0","0","0","0","0","0","0","0","0","0","0","0","0","0","0","0","0","0","0","0","0","0","0","0","0","0","0","0","0","0","0","0","0","0","0","0","0","0","0","0","0"
"0x711772309e60","      FMUL R15, R134, R162","0","0","0","0","0","0","0","0","0","32","0","-","-","-","0","0","0","0","0","0","0","0","0","0","0","0","0","0","0","0","0","0","0","0","0","0","0","0","0","0","0","0","0","0","0","0","0","0","0","0","0","0","0","0","0","0","0","0"
"0x711772309e70","      FMUL R14, R135, R162","0","0","0","0","0","0","0","0","0","32","0","-","-","-","0","0","0","0","0","0","0","0","0","0","0","0","0","0","0","0","0","0","0","0","0","0","0","0","0","0","0","0","0","0","0","0","0","0","0","0","0","0","0","0","0","0","0","0"
"0x711772309e80","@P3   STG.E.128 [R164.64+UR8], R4","0","0","0","0","0","0","0","0","0","32","0","","","","0","0","0","0","0","0","0","0","0","0","0","0","0","0","0","0","0","0","0","0","0","0","0","0","0","0","0","0","0","0","0","0","0","0","0","0","0","0","0","0","0","0","0","0"
"0x711772309e90","      ISETP.NE.AND P3, PT, R24, RZ, PT","0","0","0","0","0","0","0","0","0","32","0","-","-","-","0","0","0","0","0","0","0","0","0","0","0","0","0","0","0","0","0","0","0","0","0","0","0","0","0","0","0","0","0","0","0","0","0","0","0","0","0","0","0","0","0","0","0","0"
"0x711772309ea0","      UIADD3 UR16, UP0, UR6, 0x100, URZ","0","0","0","0","0","0","0","0","0","32","0","-","-","-","0","0","0","0","0","0","0","0","0","0","0","0","0","0","0","0","0","0","0","0","0","0","0","0","0","0","0","0","0","0","0","0","0","0","0","0","0","0","0","0","0","0","0","0"
"0x711772309eb0","      P2R R22, PR, RZ, 0x8","0","0","0","0","0","0","0","0","0","32","0","-","-","-","0","0","0","0","0","0","0","0","0","0","0","0","0","0","0","0","0","0","0","0","0","0","0","0","0","0","0","0","0","0","0","0","0","0","0","0","0","0","0","0","0","0","0","0"
"0x711772309ec0","      FFMA R8, R8, R158, R19","0","0","0","0","0","0","0","0","0","32","0","-","-","-","0","0","0","0","0","0","0","0","0","0","0","0","0","0","0","0","0","0","0","0","0","0","0","0","0","0","0","0","0","0","0","0","0","0","0","0","0","0","0","0","0","0","0","0"
"0x711772309ed0","      FFMA R18, R9, R158, R18","0","0","0","0","0","0","0","0","0","32","0","-","-","-","0","0","0","0","0","0","0","0","0","0","0","0","0","0","0","0","0","0","0","0","0","0","0","0","0","0","0","0","0","0","0","0","0","0","0","0","0","0","0","0","0","0","0","0"
"0x711772309ee0","      FFMA R10, R10, R158, R15","0","0","0","0","0","0","0","0","0","32","0","-","-","-","0","0","0","0","0","0","0","0","0","0","0","0","0","0","0","0","0","0","0","0","0","0","0","0","0","0","0","0","0","0","0","0","0","0","0","0","0","0","0","0","0","0","0","0"
"0x711772309ef0","      FMNMX R4, R8, R157, !PT","0","0","0","0","0","0","0","0","0","32","0","-","-","-","0","0","0","0","0","0","0","0","0","0","0","0","0","0","0","0","0","0","0","0","0","0","0","0","0","0","0","0","0","0","0","0","0","0","0","0","0","0","0","0","0","0","0","0"
"0x711772309f00","      FFMA R14, R11, R158, R14","0","0","0","0","0","0","0","0","0","32","0","-","-","-","0","0","0","0","0","0","0","0","0","0","0","0","0","0","0","0","0","0","0","0","0","0","0","0","0","0","0","0","0","0","0","0","0","0","0","0","0","0","0","0","0","0","0","0"
"0x711772309f10","      FMNMX R5, R18, R157, !PT","0","0","0","0","0","0","0","0","0","32","0","-","-","-","0","0","0","0","0","0","0","0","0","0","0","0","0","0","0","0","0","0","0","0","0","0","0","0","0","0","0","0","0","0","0","0","0","0","0","0","0","0","0","0","0","0","0","0"
"0x711772309f20","      FMNMX R6, R10, R157, !PT","0","0","0","0","0","0","0","0","0","32","0","-","-","-","0","0","0","0","0","0","0","0","0","0","0","0","0","0","0","0","0","0","0","0","0","0","0","0","0","0","0","0","0","0","0","0","0","0","0","0","0","0","0","0","0","0","0","0"
"0x711772309f30","      FMNMX R7, R14, R157, !PT","0","0","0","0","0","0","0","0","0","32","0","-","-","-","0","0","0","0","0","0","0","0","0","0","0","0","0","0","0","0","0","0","0","0","0","0","0","0","0","0","0","0","0","0","0","0","0","0","0","0","0","0","0","0","0","0","0","0"
"0x711772309f40","@P1   STG.E.128 [R164.64+UR4], R4","0","0","0","0","0","0","0","0","0","32","0","","","","0","0","0","0","0","0","0","0","0","0","0","0","0","0","0","0","0","0","0","0","0","0","0","0","0","0","0","0","0","0","0","0","0","0","0","0","0","0","0","0","0","0","0","0"
"0x711772309f50","      ISETP.LT.AND P1, PT, R21, c[0x0][0x160], P3","0","0","0","0","0","0","0","0","0","32","0","-","-","-","0","0","0","0","0","0","0","0","0","0","0","0","0","0","0","0","0","0","0","0","0","0","0","0","0","0","0","0","0","0","0","0","0","0","0","0","0","0","0","0","0","0","0","0"
"0x711772309f60","@P1   LDG.E.LTC128B.128 R144, [R12]","0","0","0","0","0","0","0","0","0","32","0","","","","0","0","0","0","0","0","0","0","0","0","0","0","0","0","0","0","0","0","0","0","0","0","0","0","0","0","0","0","0","0","0","0","0","0","0","0","0","0","0","0","0","0","0","0"
"0x711772309f70","      ISETP.LT.AND P3, PT, R21, c[0x0][0x160], P2","0","0","0","0","0","0","0","0","0","32","0","-","-","-","0","0","0","0","0","0","0","0","0","0","0","0","0","0","0","0","0","0","0","0","0","0","0","0","0","0","0","0","0","0","0","0","0","0","0","0","0","0","0","0","0","0","0","0"
"0x711772309f80","      UIADD3.X UR17, URZ, UR7, URZ, UP0, !UPT","0","0","0","0","0","0","0","0","0","32","0","-","-","-","0","0","0","0","0","0","0","0","0","0","0","0","0","0","0","0","0","0","0","0","0","0","0","0","0","0","0","0","0","0","0","0","0","0","0","0","0","0","0","0","0","0","0","0"
"0x711772309f90","      ISETP.NE.AND P1, PT, R20, RZ, PT","0","0","0","0","0","0","0","0","0","32","0","-","-","-","0","0","0","0","0","0","0","0","0","0","0","0","0","0","0","0","0","0","0","0","0","0","0","0","0","0","0","0","0","0","0","0","0","0","0","0","0","0","0","0","0","0","0","0"
"0x711772309fa0","@P3   LDG.E.LTC128B.128 R140, [R166.64+UR16]","0","0","0","0","0","0","0","0","0","32","0","","","","0","0","0","0","0","0","0","0","0","0","0","0","0","0","0","0","0","0","0","0","0","0","0","0","0","0","0","0","0","0","0","0","0","0","0","0","0","0","0","0","0","0","0","0"
"0x711772309fb0","      UIADD3 UR14, UP0, UR6, 0x200, URZ","0","0","0","0","0","0","0","0","0","32","0","-","-","-","0","0","0","0","0","0","0","0","0","0","0","0","0","0","0","0","0","0","0","0","0","0","0","0","0","0","0","0","0","0","0","0","0","0","0","0","0","0","0","0","0","0","0","0"
"0x711772309fc0","      ISETP.LT.AND P3, PT, R21, c[0x0][0x160], P1","0","0","0","0","0","0","0","0","0","32","0","-","-","-","0","0","0","0","0","0","0","0","0","0","0","0","0","0","0","0","0","0","0","0","0","0","0","0","0","0","0","0","0","0","0","0","0","0","0","0","0","0","0","0","0","0","0","0"
"0x711772309fd0","      UIADD3.X UR15, URZ, UR7, URZ, UP0, !UPT","0","0","0","0","0","0","0","0","0","32","0","-","-","-","0","0","0","0","0","0","0","0","0","0","0","0","0","0","0","0","0","0","0","0","0","0","0","0","0","0","0","0","0","0","0","0","0","0","0","0","0","0","0","0","0","0","0","0"
"0x711772309fe0","      UIADD3 UR12, UP0, UR6, 0x300, URZ","0","0","0","0","0","0","0","0","0","32","0","-","-","-","0","0","0","0","0","0","0","0","0","0","0","0","0","0","0","0","0","0","0","0","0","0","0","0","0","0","0","0","0","0","0","0","0","0","0","0","0","0","0","0","0","0","0","0"
"0x711772309ff0","@P3   LDG.E.LTC128B.128 R136, [R166.64+UR14]","0","0","0","0","0","0","0","0","0","32","0","","","","0","0","0","0","0","0","0","0","0","0","0","0","0","0","0","0","0","0","0","0","0","0","0","0","0","0","0","0","0","0","0","0","0","0","0","0","0","0","0","0","0","0","0","0"
"0x71177230a000","      ISETP.LT.AND P3, PT, R21, c[0x0][0x160], P0","0","0","0","0","0","0","0","0","0","32","0","-","-","-","0","0","0","0","0","0","0","0","0","0","0","0","0","0","0","0","0","0","0","0","0","0","0","0","0","0","0","0","0","0","0","0","0","0","0","0","0","0","0","0","0","0","0","0"
"0x71177230a010","      UIADD3.X UR13, URZ, UR7, URZ, UP0, !UPT","0","0","0","0","0","0","0","0","0","32","0","-","-","-","0","0","0","0","0","0","0","0","0","0","0","0","0","0","0","0","0","0","0","0","0","0","0","0","0","0","0","0","0","0","0","0","0","0","0","0","0","0","0","0","0","0","0","0"
"0x71177230a020","@P3   LDG.E.LTC128B.128 R132, [R166.64+UR12]","0","0","0","0","0","0","0","0","0","32","0","","","","0","0","0","0","0","0","0","0","0","0","0","0","0","0","0","0","0","0","0","0","0","0","0","0","0","0","0","0","0","0","0","0","0","0","0","0","0","0","0","0","0","0","0","0"
"0x71177230a030","      IADD3 R18, P3, R16, c[0x0][0x238], RZ","0","0","0","0","0","0","0","0","0","32","0","-","-","-","0","0","0","0","0","0","0","0","0","0","0","0","0","0","0","0","0","0","0","0","0","0","0","0","0","0","0","0","0","0","0","0","0","0","0","0","0","0","0","0","0","0","0","0"
"0x71177230a040","      BAR.SYNC.DEFER_BLOCKING 0x0","0","0","0","0","0","0","0","0","0","32","0","-","-","-","0","0","0","0","0","0","0","0","0","0","0","0","0","0","0","0","0","0","0","0","0","0","0","0","0","0","0","0","0","0","0","0","0","0","0","0","0","0","0","0","0","0","0","0"
"0x71177230a050","      IADD3.X R19, R17, c[0x0][0x23c], RZ, P3, !PT","0","0","0","0","0","0","0","0","0","32","0","-","-","-","0","0","0","0","0","0","0","0","0","0","0","0","0","0","0","0","0","0","0","0","0","0","0","0","0","0","0","0","0","0","0","0","0","0","0","0","0","0","0","0","0","0","0","0"
"0x71177230a060","      IADD3 R14, P3, R12, UR6, RZ","0","0","0","0","0","0","0","0","0","32","0","-","-","-","0","0","0","0","0","0","0","0","0","0","0","0","0","0","0","0","0","0","0","0","0","0","0","0","0","0","0","0","0","0","0","0","0","0","0","0","0","0","0","0","0","0","0","0"
"0x71177230a070","      IADD3.X R15, R13, UR7, RZ, P3, !PT","0","0","0","0","0","0","0","0","0","32","0","-","-","-","0","0","0","0","0","0","0","0","0","0","0","0","0","0","0","0","0","0","0","0","0","0","0","0","0","0","0","0","0","0","0","0","0","0","0","0","0","0","0","0","0","0","0","0"
"0x71177230a080","      ISETP.LT.AND P3, PT, R21, c[0x0][0x160], P4","0","0","0","0","0","0","0","0","0","32","0","-","-","-","0","0","0","0","0","0","0","0","0","0","0","0","0","0","0","0","0","0","0","0","0","0","0","0","0","0","0","0","0","0","0","0","0","0","0","0","0","0","0","0","0","0","0","0"
"0x71177230a090","      STS.64 [R2.X8], R64","0","0","0","0","0","0","0","0","0","32","0","","","","0","0","0","0","0","0","0","0","0","0","0","0","0","0","0","0","0","0","0","0","0","0","0","0","0","0","0","0","0","0","0","0","0","0","0","0","0","0","0","0","0","0","0","0"
"0x71177230a0a0","      STS.64 [R2.X8+0x20], R60","0","0","0","0","0","0","0","0","0","32","0","","","","0","0","0","0","0","0","0","0","0","0","0","0","0","0","0","0","0","0","0","0","0","0","0","0","0","0","0","0","0","0","0","0","0","0","0","0","0","0","0","0","0","0","0","0"
"0x71177230a0b0","      STS.64 [R2.X8+0x40], R56","0","0","0","0","0","0","0","0","0","32","0","","","","0","0","0","0","0","0","0","0","0","0","0","0","0","0","0","0","0","0","0","0","0","0","0","0","0","0","0","0","0","0","0","0","0","0","0","0","0","0","0","0","0","0","0","0"
"0x71177230a0c0","      STS.64 [R2.X8+0x60], R52","0","0","0","0","0","0","0","0","0","32","0","","","","0","0","0","0","0","0","0","0","0","0","0","0","0","0","0","0","0","0","0","0","0","0","0","0","0","0","0","0","0","0","0","0","0","0","0","0","0","0","0","0","0","0","0","0"
"0x71177230a0d0","      STS.64 [R2.X8+0x80], R48","0","0","0","0","0","0","0","0","0","32","0","","","","0","0","0","0","0","0","0","0","0","0","0","0","0","0","0","0","0","0","0","0","0","0","0","0","0","0","0","0","0","0","0","0","0","0","0","0","0","0","0","0","0","0","0","0"
"0x71177230a0e0","      STS.64 [R2.X8+0xa0], R44","0","0","0","0","0","0","0","0","0","32","0","","","","0","0","0","0","0","0","0","0","0","0","0","0","0","0","0","0","0","0","0","0","0","0","0","0","0","0","0","0","0","0","0","0","0","0","0","0","0","0","0","0","0","0","0","0"
"0x71177230a0f0","      STS.64 [R2.X8+0xc0], R40","0","0","0","0","0","0","0","0","0","32","0","","","","0","0","0","0","0","0","0","0","0","0","0","0","0","0","0","0","0","0","0","0","0","0","0","0","0","0","0","0","0","0","0","0","0","0","0","0","0","0","0","0","0","0","0","0"
"0x71177230a100","      STS.64 [R2.X8+0xe0], R36","0","0","0","0","0","0","0","0","0","32","0","","","","0","0","0","0","0","0","0","0","0","0","0","0","0","0","0","0","0","0","0","0","0","0","0","0","0","0","0","0","0","0","0","0","0","0","0","0","0","0","0","0","0","0","0","0"
"0x71177230a110","      BAR.SYNC.DEFER_BLOCKING 0x0","0","0","0","0","0","0","0","0","0","32","0","-","-","-","0","0","0","0","0","0","0","0","0","0","0","0","0","0","0","0","0","0","0","0","0","0","0","0","0","0","0","0","0","0","0","0","0","0","0","0","0","0","0","0","0","0","0","0"
"0x71177230a120","      LDS.128 R4, [R3]","0","0","0","0","0","0","0","0","0","32","0","","","","0","0","0","0","0","0","0","0","0","0","0","0","0","0","0","0","0","0","0","0","0","0","0","0","0","0","0","0","0","0","0","0","0","0","0","0","0","0","0","0","0","0","0","0"
"0x71177230a130","      FMUL R10, R145, R162","0","0","0","0","0","0","0","0","0","32","0","-","-","-","0","0","0","0","0","0","0","0","0","0","0","0","0","0","0","0","0","0","0","0","0","0","0","0","0","0","0","0","0","0","0","0","0","0","0","0","0","0","0","0","0","0","0","0"
"0x71177230a140","      FMUL R11, R144, R162","0","0","0","0","0","0","0","0","0","32","0","-","-","-","0","0","0","0","0","0","0","0","0","0","0","0","0","0","0","0","0","0","0","0","0","0","0","0","0","0","0","0","0","0","0","0","0","0","0","0","0","0","0","0","0","0","0","0"
"0x71177230a150","      FMUL R9, R146, R162","0","0","0","0","0","0","0","0","0","32","0","-","-","-","0","0","0","0","0","0","0","0","0","0","0","0","0","0","0","0","0","0","0","0","0","0","0","0","0","0","0","0","0","0","0","0","0","0","0","0","0","0","0","0","0","0","0","0"
"0x71177230a160","      FFMA R10, R5, R158, R10","0","0","0","0","0","0","0","0","0","32","0","-","-","-","0","0","0","0","0","0","0","0","0","0","0","0","0","0","0","0","0","0","0","0","0","0","0","0","0","0","0","0","0","0","0","0","0","0","0","0","0","0","0","0","0","0","0","0"
"0x71177230a170","      FMUL R8, R147, R162","0","0","0","0","0","0","0","0","0","32","0","-","-","-","0","0","0","0","0","0","0","0","0","0","0","0","0","0","0","0","0","0","0","0","0","0","0","0","0","0","0","0","0","0","0","0","0","0","0","0","0","0","0","0","0","0","0","0"
"0x71177230a180","      FFMA R4, R4, R158, R11","0","0","0","0","0","0","0","0","0","32","0","-","-","-","0","0","0","0","0","0","0","0","0","0","0","0","0","0","0","0","0","0","0","0","0","0","0","0","0","0","0","0","0","0","0","0","0","0","0","0","0","0","0","0","0","0","0","0"
"0x71177230a190","      FFMA R6, R6, R158, R9","0","0","0","0","0","0","0","0","0","32","0","-","-","-","0","0","0","0","0","0","0","0","0","0","0","0","0","0","0","0","0","0","0","0","0","0","0","0","0","0","0","0","0","0","0","0","0","0","0","0","0","0","0","0","0","0","0","0"
"0x71177230a1a0","      FMNMX R9, R10, R157, !PT","0","0","0","0","0","0","0","0","0","32","0","-","-","-","0","0","0","0","0","0","0","0","0","0","0","0","0","0","0","0","0","0","0","0","0","0","0","0","0","0","0","0","0","0","0","0","0","0","0","0","0","0","0","0","0","0","0","0"
"0x71177230a1b0","      FFMA R20, R7, R158, R8","0","0","0","0","0","0","0","0","0","32","0","-","-","-","0","0","0","0","0","0","0","0","0","0","0","0","0","0","0","0","0","0","0","0","0","0","0","0","0","0","0","0","0","0","0","0","0","0","0","0","0","0","0","0","0","0","0","0"
"0x71177230a1c0","      FMNMX R8, R4, R157, !PT","0","0","0","0","0","0","0","0","0","32","0","-","-","-","0","0","0","0","0","0","0","0","0","0","0","0","0","0","0","0","0","0","0","0","0","0","0","0","0","0","0","0","0","0","0","0","0","0","0","0","0","0","0","0","0","0","0","0"
"0x71177230a1d0","      FMUL R27, R140, R162","0","0","0","0","0","0","0","0","0","32","0","-","-","-","0","0","0","0","0","0","0","0","0","0","0","0","0","0","0","0","0","0","0","0","0","0","0","0","0","0","0","0","0","0","0","0","0","0","0","0","0","0","0","0","0","0","0","0"
"0x71177230a1e0","      FMNMX R10, R6, R157, !PT","0","0","0","0","0","0","0","0","0","32","0","-","-","-","0","0","0","0","0","0","0","0","0","0","0","0","0","0","0","0","0","0","0","0","0","0","0","0","0","0","0","0","0","0","0","0","0","0","0","0","0","0","0","0","0","0","0","0"
"0x71177230a1f0","      FMUL R24, R141, R162","0","0","0","0","0","0","0","0","0","32","0","-","-","-","0","0","0","0","0","0","0","0","0","0","0","0","0","0","0","0","0","0","0","0","0","0","0","0","0","0","0","0","0","0","0","0","0","0","0","0","0","0","0","0","0","0","0","0"
"0x71177230a200","      LDS.128 R4, [R3+0x100]","0","0","0","0","0","0","0","0","0","32","0","","","","0","0","0","0","0","0","0","0","0","0","0","0","0","0","0","0","0","0","0","0","0","0","0","0","0","0","0","0","0","0","0","0","0","0","0","0","0","0","0","0","0","0","0","0"
"0x71177230a210","      FMNMX R11, R20, R157, !PT","0","0","0","0","0","0","0","0","0","32","0","-","-","-","0","0","0","0","0","0","0","0","0","0","0","0","0","0","0","0","0","0","0","0","0","0","0","0","0","0","0","0","0","0","0","0","0","0","0","0","0","0","0","0","0","0","0","0"
"0x71177230a220","      FMUL R25, R142, R162","0","0","0","0","0","0","0","0","0","32","0","-","-","-","0","0","0","0","0","0","0","0","0","0","0","0","0","0","0","0","0","0","0","0","0","0","0","0","0","0","0","0","0","0","0","0","0","0","0","0","0","0","0","0","0","0","0","0"
"0x71177230a230","      P2R R20, PR, RZ, 0x10","0","0","0","0","0","0","0","0","0","32","0","-","-","-","0","0","0","0","0","0","0","0","0","0","0","0","0","0","0","0","0","0","0","0","0","0","0","0","0","0","0","0","0","0","0","0","0","0","0","0","0","0","0","0","0","0","0","0"
"0x71177230a240","      FMUL R23, R143, R162","0","0","0","0","0","0","0","0","0","32","0","-","-","-","0","0","0","0","0","0","0","0","0","0","0","0","0","0","0","0","0","0","0","0","0","0","0","0","0","0","0","0","0","0","0","0","0","0","0","0","0","0","0","0","0","0","0","0"
"0x71177230a250","      ISETP.NE.AND P4, PT, R163, RZ, PT","0","0","0","0","0","0","0","0","0","32","0","-","-","-","0","0","0","0","0","0","0","0","0","0","0","0","0","0","0","0","0","0","0","0","0","0","0","0","0","0","0","0","0","0","0","0","0","0","0","0","0","0","0","0","0","0","0","0"
"0x71177230a260","@P3   STG.E.128 [R18], R8","0","0","0","0","0","0","0","0","0","32","0","","","","0","0","0","0","0","0","0","0","0","0","0","0","0","0","0","0","0","0","0","0","0","0","0","0","0","0","0","0","0","0","0","0","0","0","0","0","0","0","0","0","0","0","0","0"
"0x71177230a270","      ISETP.LT.AND P3, PT, R21, c[0x0][0x160], P5","0","0","0","0","0","0","0","0","0","32","0","-","-","-","0","0","0","0","0","0","0","0","0","0","0","0","0","0","0","0","0","0","0","0","0","0","0","0","0","0","0","0","0","0","0","0","0","0","0","0","0","0","0","0","0","0","0","0"
"0x71177230a280","      ISETP.LT.AND P4, PT, R21, c[0x0][0x160], P4","0","0","0","0","0","0","0","0","0","32","0","-","-","-","0","0","0","0","0","0","0","0","0","0","0","0","0","0","0","0","0","0","0","0","0","0","0","0","0","0","0","0","0","0","0","0","0","0","0","0","0","0","0","0","0","0","0","0"
"0x71177230a290","      LDS.128 R8, [R3+0x200]","0","0","0","0","0","0","0","0","0","32","0","","","","0","0","0","0","0","0","0","0","0","0","0","0","0","0","0","0","0","0","0","0","0","0","0","0","0","0","0","0","0","0","0","0","0","0","0","0","0","0","0","0","0","0","0","0"
"0x71177230a2a0","      FFMA R4, R4, R158, R27","0","0","0","0","0","0","0","0","0","32","0","-","-","-","0","0","0","0","0","0","0","0","0","0","0","0","0","0","0","0","0","0","0","0","0","0","0","0","0","0","0","0","0","0","0","0","0","0","0","0","0","0","0","0","0","0","0","0"
"0x71177230a2b0","      FFMA R24, R5, R158, R24","0","0","0","0","0","0","0","0","0","32","0","-","-","-","0","0","0","0","0","0","0","0","0","0","0","0","0","0","0","0","0","0","0","0","0","0","0","0","0","0","0","0","0","0","0","0","0","0","0","0","0","0","0","0","0","0","0","0"
"0x71177230a2c0","      FFMA R6, R6, R158, R25","0","0","0","0","0","0","0","0","0","32","0","-","-","-","0","0","0","0","0","0","0","0","0","0","0","0","0","0","0","0","0","0","0","0","0","0","0","0","0","0","0","0","0","0","0","0","0","0","0","0","0","0","0","0","0","0","0","0"
"0x71177230a2d0","      FMNMX R4, R4, R157, !PT","0","0","0","0","0","0","0","0","0","32","0","-","-","-","0","0","0","0","0","0","0","0","0","0","0","0","0","0","0","0","0","0","0","0","0","0","0","0","0","0","0","0","0","0","0","0","0","0","0","0","0","0","0","0","0","0","0","0"
"0x71177230a2e0","      FFMA R26, R7, R158, R23","0","0","0","0","0","0","0","0","0","32","0","-","-","-","0","0","0","0","0","0","0","0","0","0","0","0","0","0","0","0","0","0","0","0","0","0","0","0","0","0","0","0","0","0","0","0","0","0","0","0","0","0","0","0","0","0","0","0"
"0x71177230a2f0","      FMNMX R5, R24, R157, !PT","0","0","0","0","0","0","0","0","0","32","0","-","-","-","0","0","0","0","0","0","0","0","0","0","0","0","0","0","0","0","0","0","0","0","0","0","0","0","0","0","0","0","0","0","0","0","0","0","0","0","0","0","0","0","0","0","0","0"
"0x71177230a300","      FMUL R27, R136, R162","0","0","0","0","0","0","0","0","0","32","0","-","-","-","0","0","0","0","0","0","0","0","0","0","0","0","0","0","0","0","0","0","0","0","0","0","0","0","0","0","0","0","0","0","0","0","0","0","0","0","0","0","0","0","0","0","0","0"
"0x71177230a310","      FMNMX R6, R6, R157, !PT","0","0","0","0","0","0","0","0","0","32","0","-","-","-","0","0","0","0","0","0","0","0","0","0","0","0","0","0","0","0","0","0","0","0","0","0","0","0","0","0","0","0","0","0","0","0","0","0","0","0","0","0","0","0","0","0","0","0"
"0x71177230a320","      FMUL R24, R137, R162","0","0","0","0","0","0","0","0","0","32","0","-","-","-","0","0","0","0","0","0","0","0","0","0","0","0","0","0","0","0","0","0","0","0","0","0","0","0","0","0","0","0","0","0","0","0","0","0","0","0","0","0","0","0","0","0","0","0"
"0x71177230a330","      FMNMX R7, R26, R157, !PT","0","0","0","0","0","0","0","0","0","32","0","-","-","-","0","0","0","0","0","0","0","0","0","0","0","0","0","0","0","0","0","0","0","0","0","0","0","0","0","0","0","0","0","0","0","0","0","0","0","0","0","0","0","0","0","0","0","0"
"0x71177230a340","      FMUL R25, R138, R162","0","0","0","0","0","0","0","0","0","32","0","-","-","-","0","0","0","0","0","0","0","0","0","0","0","0","0","0","0","0","0","0","0","0","0","0","0","0","0","0","0","0","0","0","0","0","0","0","0","0","0","0","0","0","0","0","0","0"
"0x71177230a350","      FMUL R23, R139, R162","0","0","0","0","0","0","0","0","0","32","0","-","-","-","0","0","0","0","0","0","0","0","0","0","0","0","0","0","0","0","0","0","0","0","0","0","0","0","0","0","0","0","0","0","0","0","0","0","0","0","0","0","0","0","0","0","0","0"
"0x71177230a360","@P3   STG.E.128 [R16.64+UR10], R4","0","0","0","0","0","0","0","0","0","32","0","","","","0","0","0","0","0","0","0","0","0","0","0","0","0","0","0","0","0","0","0","0","0","0","0","0","0","0","0","0","0","0","0","0","0","0","0","0","0","0","0","0","0","0","0","0"
"0x71177230a370","      ISETP.LT.AND P3, PT, R21, c[0x0][0x160], P6","0","0","0","0","0","0","0","0","0","32","0","-","-","-","0","0","0","0","0","0","0","0","0","0","0","0","0","0","0","0","0","0","0","0","0","0","0","0","0","0","0","0","0","0","0","0","0","0","0","0","0","0","0","0","0","0","0","0"
"0x71177230a380","      FFMA R8, R8, R158, R27","0","0","0","0","0","0","0","0","0","32","0","-","-","-","0","0","0","0","0","0","0","0","0","0","0","0","0","0","0","0","0","0","0","0","0","0","0","0","0","0","0","0","0","0","0","0","0","0","0","0","0","0","0","0","0","0","0","0"
"0x71177230a390","      LDS.128 R4, [R3+0x300]","0","0","0","0","0","0","0","0","0","32","0","","","","0","0","0","0","0","0","0","0","0","0","0","0","0","0","0","0","0","0","0","0","0","0","0","0","0","0","0","0","0","0","0","0","0","0","0","0","0","0","0","0","0","0","0","0"
"0x71177230a3a0","      FFMA R24, R9, R158, R24","0","0","0","0","0","0","0","0","0","32","0","-","-","-","0","0","0","0","0","0","0","0","0","0","0","0","0","0","0","0","0","0","0","0","0","0","0","0","0","0","0","0","0","0","0","0","0","0","0","0","0","0","0","0","0","0","0","0"
"0x71177230a3b0","      FFMA R10, R10, R158, R25","0","0","0","0","0","0","0","0","0","32","0","-","-","-","0","0","0","0","0","0","0","0","0","0","0","0","0","0","0","0","0","0","0","0","0","0","0","0","0","0","0","0","0","0","0","0","0","0","0","0","0","0","0","0","0","0","0","0"
"0x71177230a3c0","      FMNMX R8, R8, R157, !PT","0","0","0","0","0","0","0","0","0","32","0","-","-","-","0","0","0","0","0","0","0","0","0","0","0","0","0","0","0","0","0","0","0","0","0","0","0","0","0","0","0","0","0","0","0","0","0","0","0","0","0","0","0","0","0","0","0","0"
"0x71177230a3d0","      FFMA R26, R11, R158, R23","0","0","0","0","0","0","0","0","0","32","0","-","-","-","0","0","0","0","0","0","0","0","0","0","0","0","0","0","0","0","0","0","0","0","0","0","0","0","0","0","0","0","0","0","0","0","0","0","0","0","0","0","0","0","0","0","0","0"
"0x71177230a3e0","      FMNMX R9, R24, R157, !PT","0","0","0","0","0","0","0","0","0","32","0","-","-","-","0","0","0","0","0","0","0","0","0","0","0","0","0","0","0","0","0","0","0","0","0","0","0","0","0","0","0","0","0","0","0","0","0","0","0","0","0","0","0","0","0","0","0","0"
"0x71177230a3f0","      FMUL R25, R132, R162","0","0","0","0","0","0","0","0","0","32","0","-","-","-","0","0","0","0","0","0","0","0","0","0","0","0","0","0","0","0","0","0","0","0","0","0","0","0","0","0","0","0","0","0","0","0","0","0","0","0","0","0","0","0","0","0","0","0"
"0x71177230a400","      FMNMX R10, R10, R157, !PT","0","0","0","0","0","0","0","0","0","32","0","-","-","-","0","0","0","0","0","0","0","0","0","0","0","0","0","0","0","0","0","0","0","0","0","0","0","0","0","0","0","0","0","0","0","0","0","0","0","0","0","0","0","0","0","0","0","0"
"0x71177230a410","      FMUL R24, R133, R162","0","0","0","0","0","0","0","0","0","32","0","-","-","-","0","0","0","0","0","0","0","0","0","0","0","0","0","0","0","0","0","0","0","0","0","0","0","0","0","0","0","0","0","0","0","0","0","0","0","0","0","0","0","0","0","0","0","0"
"0x71177230a420","      FMNMX R11, R26, R157, !PT","0","0","0","0","0","0","0","0","0","32","0","-","-","-","0","0","0","0","0","0","0","0","0","0","0","0","0","0","0","0","0","0","0","0","0","0","0","0","0","0","0","0","0","0","0","0","0","0","0","0","0","0","0","0","0","0","0","0"
"0x71177230a430","      FMUL R23, R134, R162","0","0","0","0","0","0","0","0","0","32","0","-","-","-","0","0","0","0","0","0","0","0","0","0","0","0","0","0","0","0","0","0","0","0","0","0","0","0","0","0","0","0","0","0","0","0","0","0","0","0","0","0","0","0","0","0","0","0"
"0x71177230a440","@P3   STG.E.128 [R16.64+UR8], R8","0","0","0","0","0","0","0","0","0","32","0","","","","0","0","0","0","0","0","0","0","0","0","0","0","0","0","0","0","0","0","0","0","0","0","0","0","0","0","0","0","0","0","0","0","0","0","0","0","0","0","0","0","0","0","0","0"
"0x71177230a450","      ISETP.NE.AND P3, PT, R22, RZ, PT","0","0","0","0","0","0","0","0","0","32","0","-","-","-","0","0","0","0","0","0","0","0","0","0","0","0","0","0","0","0","0","0","0","0","0","0","0","0","0","0","0","0","0","0","0","0","0","0","0","0","0","0","0","0","0","0","0","0"
"0x71177230a460","      FMUL R22, R135, R162","0","0","0","0","0","0","0","0","0","32","0","-","-","-","0","0","0","0","0","0","0","0","0","0","0","0","0","0","0","0","0","0","0","0","0","0","0","0","0","0","0","0","0","0","0","0","0","0","0","0","0","0","0","0","0","0","0","0"
"0x71177230a470","      FFMA R4, R4, R158, R25","0","0","0","0","0","0","0","0","0","32","0","-","-","-","0","0","0","0","0","0","0","0","0","0","0","0","0","0","0","0","0","0","0","0","0","0","0","0","0","0","0","0","0","0","0","0","0","0","0","0","0","0","0","0","0","0","0","0"
"0x71177230a480","      FFMA R24, R5, R158, R24","0","0","0","0","0","0","0","0","0","32","0","-","-","-","0","0","0","0","0","0","0","0","0","0","0","0","0","0","0","0","0","0","0","0","0","0","0","0","0","0","0","0","0","0","0","0","0","0","0","0","0","0","0","0","0","0","0","0"
"0x71177230a490","      FFMA R6, R6, R158, R23","0","0","0","0","0","0","0","0","0","32","0","-","-","-","0","0","0","0","0","0","0","0","0","0","0","0","0","0","0","0","0","0","0","0","0","0","0","0","0","0","0","0","0","0","0","0","0","0","0","0","0","0","0","0","0","0","0","0"
"0x71177230a4a0","      FMNMX R4, R4, R157, !PT","0","0","0","0","0","0","0","0","0","32","0","-","-","-","0","0","0","0","0","0","0","0","0","0","0","0","0","0","0","0","0","0","0","0","0","0","0","0","0","0","0","0","0","0","0","0","0","0","0","0","0","0","0","0","0","0","0","0"
"0x71177230a4b0","      FFMA R22, R7, R158, R22","0","0","0","0","0","0","0","0","0","32","0","-","-","-","0","0","0","0","0","0","0","0","0","0","0","0","0","0","0","0","0","0","0","0","0","0","0","0","0","0","0","0","0","0","0","0","0","0","0","0","0","0","0","0","0","0","0","0"
"0x71177230a4c0","      FMNMX R5, R24, R157, !PT","0","0","0","0","0","0","0","0","0","32","0","-","-","-","0","0","0","0","0","0","0","0","0","0","0","0","0","0","0","0","0","0","0","0","0","0","0","0","0","0","0","0","0","0","0","0","0","0","0","0","0","0","0","0","0","0","0","0"
"0x71177230a4d0","      FMNMX R6, R6, R157, !PT","0","0","0","0","0","0","0","0","0","32","0","-","-","-","0","0","0","0","0","0","0","0","0","0","0","0","0","0","0","0","0","0","0","0","0","0","0","0","0","0","0","0","0","0","0","0","0","0","0","0","0","0","0","0","0","0","0","0"
"0x71177230a4e0","      FMNMX R7, R22, R157, !PT","0","0","0","0","0","0","0","0","0","32","0","-","-","-","0","0","0","0","0","0","0","0","0","0","0","0","0","0","0","0","0","0","0","0","0","0","0","0","0","0","0","0","0","0","0","0","0","0","0","0","0","0","0","0","0","0","0","0"
"0x71177230a4f0","      IADD3 R23, R156, 0x18, RZ","0","0","0","0","0","0","0","0","0","32","0","-","-","-","0","0","0","0","0","0","0","0","0","0","0","0","0","0","0","0","0","0","0","0","0","0","0","0","0","0","0","0","0","0","0","0","0","0","0","0","0","0","0","0","0","0","0","0"
"0x71177230a500","      P2R R24, PR, RZ, 0x8","0","0","0","0","0","0","0","0","0","32","0","-","-","-","0","0","0","0","0","0","0","0","0","0","0","0","0","0","0","0","0","0","0","0","0","0","0","0","0","0","0","0","0","0","0","0","0","0","0","0","0","0","0","0","0","0","0","0"
"0x71177230a510","@P4   STG.E.128 [R16.64+UR4], R4","0","0","0","0","0","0","0","0","0","32","0","","","","0","0","0","0","0","0","0","0","0","0","0","0","0","0","0","0","0","0","0","0","0","0","0","0","0","0","0","0","0","0","0","0","0","0","0","0","0","0","0","0","0","0","0","0"
"0x71177230a520","      ISETP.LT.AND P4, PT, R23, c[0x0][0x160], P3","0","0","0","0","0","0","0","0","0","32","0","-","-","-","0","0","0","0","0","0","0","0","0","0","0","0","0","0","0","0","0","0","0","0","0","0","0","0","0","0","0","0","0","0","0","0","0","0","0","0","0","0","0","0","0","0","0","0"
"0x71177230a530","@P4   LDG.E.LTC128B.128 R144, [R14]","0","0","0","0","0","0","0","0","0","32","0","","","","0","0","0","0","0","0","0","0","0","0","0","0","0","0","0","0","0","0","0","0","0","0","0","0","0","0","0","0","0","0","0","0","0","0","0","0","0","0","0","0","0","0","0","0"
"0x71177230a540","      ISETP.LT.AND P3, PT, R23, c[0x0][0x160], P2","0","0","0","0","0","0","0","0","0","32","0","-","-","-","0","0","0","0","0","0","0","0","0","0","0","0","0","0","0","0","0","0","0","0","0","0","0","0","0","0","0","0","0","0","0","0","0","0","0","0","0","0","0","0","0","0","0","0"
"0x71177230a550","      P2R R22, PR, RZ, 0x2","0","0","0","0","0","0","0","0","0","32","0","-","-","-","0","0","0","0","0","0","0","0","0","0","0","0","0","0","0","0","0","0","0","0","0","0","0","0","0","0","0","0","0","0","0","0","0","0","0","0","0","0","0","0","0","0","0","0"
"0x71177230a560","      ISETP.NE.AND P4, PT, R20, RZ, PT","0","0","0","0","0","0","0","0","0","32","0","-","-","-","0","0","0","0","0","0","0","0","0","0","0","0","0","0","0","0","0","0","0","0","0","0","0","0","0","0","0","0","0","0","0","0","0","0","0","0","0","0","0","0","0","0","0","0"
"0x71177230a570","@P3   LDG.E.LTC128B.128 R140, [R12.64+UR16]","0","0","0","0","0","0","0","0","0","32","0","","","","0","0","0","0","0","0","0","0","0","0","0","0","0","0","0","0","0","0","0","0","0","0","0","0","0","0","0","0","0","0","0","0","0","0","0","0","0","0","0","0","0","0","0","0"
"0x71177230a580","      ISETP.LT.AND P3, PT, R23, c[0x0][0x160], P1","0","0","0","0","0","0","0","0","0","32","0","-","-","-","0","0","0","0","0","0","0","0","0","0","0","0","0","0","0","0","0","0","0","0","0","0","0","0","0","0","0","0","0","0","0","0","0","0","0","0","0","0","0","0","0","0","0","0"
"0x71177230a590","      ISETP.LT.AND P1, PT, R23, c[0x0][0x160], P0","0","0","0","0","0","0","0","0","0","32","0","-","-","-","0","0","0","0","0","0","0","0","0","0","0","0","0","0","0","0","0","0","0","0","0","0","0","0","0","0","0","0","0","0","0","0","0","0","0","0","0","0","0","0","0","0","0","0"
"0x71177230a5a0","@P3   LDG.E.LTC128B.128 R136, [R12.64+UR14]","0","0","0","0","0","0","0","0","0","32","0","","","","0","0","0","0","0","0","0","0","0","0","0","0","0","0","0","0","0","0","0","0","0","0","0","0","0","0","0","0","0","0","0","0","0","0","0","0","0","0","0","0","0","0","0","0"
"0x71177230a5b0","@P1   LDG.E.LTC128B.128 R132, [R12.64+UR12]","0","0","0","0","0","0","0","0","0","32","0","","","","0","0","0","0","0","0","0","0","0","0","0","0","0","0","0","0","0","0","0","0","0","0","0","0","0","0","0","0","0","0","0","0","0","0","0","0","0","0","0","0","0","0","0","0"
"0x71177230a5c0","      IADD3 R20, P1, R18, c[0x0][0x238], RZ","0","0","0","0","0","0","0","0","0","32","0","-","-","-","0","0","0","0","0","0","0","0","0","0","0","0","0","0","0","0","0","0","0","0","0","0","0","0","0","0","0","0","0","0","0","0","0","0","0","0","0","0","0","0","0","0","0","0"
"0x71177230a5d0","      ISETP.LT.AND P3, PT, R23, c[0x0][0x160], P5","0","0","0","0","0","0","0","0","0","32","0","-","-","-","0","0","0","0","0","0","0","0","0","0","0","0","0","0","0","0","0","0","0","0","0","0","0","0","0","0","0","0","0","0","0","0","0","0","0","0","0","0","0","0","0","0","0","0"
"0x71177230a5e0","      BAR.SYNC.DEFER_BLOCKING 0x0","0","0","0","0","0","0","0","0","0","32","0","-","-","-","0","0","0","0","0","0","0","0","0","0","0","0","0","0","0","0","0","0","0","0","0","0","0","0","0","0","0","0","0","0","0","0","0","0","0","0","0","0","0","0","0","0","0","0"
"0x71177230a5f0","      IADD3.X R21, R19, c[0x0][0x23c], RZ, P1, !PT","0","0","0","0","0","0","0","0","0","32","0","-","-","-","0","0","0","0","0","0","0","0","0","0","0","0","0","0","0","0","0","0","0","0","0","0","0","0","0","0","0","0","0","0","0","0","0","0","0","0","0","0","0","0","0","0","0","0"
"0x71177230a600","      IADD3 R16, P1, R14, UR6, RZ","0","0","0","0","0","0","0","0","0","32","0","-","-","-","0","0","0","0","0","0","0","0","0","0","0","0","0","0","0","0","0","0","0","0","0","0","0","0","0","0","0","0","0","0","0","0","0","0","0","0","0","0","0","0","0","0","0","0"
"0x71177230a610","      IADD3.X R17, R15, UR7, RZ, P1, !PT","0","0","0","0","0","0","0","0","0","32","0","-","-","-","0","0","0","0","0","0","0","0","0","0","0","0","0","0","0","0","0","0","0","0","0","0","0","0","0","0","0","0","0","0","0","0","0","0","0","0","0","0","0","0","0","0","0","0"
"0x71177230a620","      ISETP.LT.AND P1, PT, R23, c[0x0][0x160], P4","0","0","0","0","0","0","0","0","0","32","0","-","-","-","0","0","0","0","0","0","0","0","0","0","0","0","0","0","0","0","0","0","0","0","0","0","0","0","0","0","0","0","0","0","0","0","0","0","0","0","0","0","0","0","0","0","0","0"
"0x71177230a630","      STS.64 [R2.X8], R66","0","0","0","0","0","0","0","0","0","32","0","","","","0","0","0","0","0","0","0","0","0","0","0","0","0","0","0","0","0","0","0","0","0","0","0","0","0","0","0","0","0","0","0","0","0","0","0","0","0","0","0","0","0","0","0","0"
"0x71177230a640","      STS.64 [R2.X8+0x20], R62","0","0","0","0","0","0","0","0","0","32","0","","","","0","0","0","0","0","0","0","0","0","0","0","0","0","0","0","0","0","0","0","0","0","0","0","0","0","0","0","0","0","0","0","0","0","0","0","0","0","0","0","0","0","0","0","0"
"0x71177230a650","      STS.64 [R2.X8+0x40], R58","0","0","0","0","0","0","0","0","0","32","0","","","","0","0","0","0","0","0","0","0","0","0","0","0","0","0","0","0","0","0","0","0","0","0","0","0","0","0","0","0","0","0","0","0","0","0","0","0","0","0","0","0","0","0","0","0"
"0x71177230a660","      STS.64 [R2.X8+0x60], R54","0","0","0","0","0","0","0","0","0","32","0","","","","0","0","0","0","0","0","0","0","0","0","0","0","0","0","0","0","0","0","0","0","0","0","0","0","0","0","0","0","0","0","0","0","0","0","0","0","0","0","0","0","0","0","0","0"
"0x71177230a670","      STS.64 [R2.X8+0x80], R50","0","0","0","0","0","0","0","0","0","32","0","","","","0","0","0","0","0","0","0","0","0","0","0","0","0","0","0","0","0","0","0","0","0","0","0","0","0","0","0","0","0","0","0","0","0","0","0","0","0","0","0","0","0","0","0","0"
"0x71177230a680","      STS.64 [R2.X8+0xa0], R46","0","0","0","0","0","0","0","0","0","32","0","","","","0","0","0","0","0","0","0","0","0","0","0","0","0","0","0","0","0","0","0","0","0","0","0","0","0","0","0","0","0","0","0","0","0","0","0","0","0","0","0","0","0","0","0","0"
"0x71177230a690","      STS.64 [R2.X8+0xc0], R42","0","0","0","0","0","0","0","0","0","32","0","","","","0","0","0","0","0","0","0","0","0","0","0","0","0","0","0","0","0","0","0","0","0","0","0","0","0","0","0","0","0","0","0","0","0","0","0","0","0","0","0","0","0","0","0","0"
"0x71177230a6a0","      STS.64 [R2.X8+0xe0], R38","0","0","0","0","0","0","0","0","0","32","0","","","","0","0","0","0","0","0","0","0","0","0","0","0","0","0","0","0","0","0","0","0","0","0","0","0","0","0","0","0","0","0","0","0","0","0","0","0","0","0","0","0","0","0","0","0"
"0x71177230a6b0","      BAR.SYNC.DEFER_BLOCKING 0x0","0","0","0","0","0","0","0","0","0","32","0","-","-","-","0","0","0","0","0","0","0","0","0","0","0","0","0","0","0","0","0","0","0","0","0","0","0","0","0","0","0","0","0","0","0","0","0","0","0","0","0","0","0","0","0","0","0","0"
"0x71177230a6c0","      LDS.128 R4, [R3]","0","0","0","0","0","0","0","0","0","32","0","","","","0","0","0","0","0","0","0","0","0","0","0","0","0","0","0","0","0","0","0","0","0","0","0","0","0","0","0","0","0","0","0","0","0","0","0","0","0","0","0","0","0","0","0","0"
"0x71177230a6d0","      FMUL R10, R145, R162","0","0","0","0","0","0","0","0","0","32","0","-","-","-","0","0","0","0","0","0","0","0","0","0","0","0","0","0","0","0","0","0","0","0","0","0","0","0","0","0","0","0","0","0","0","0","0","0","0","0","0","0","0","0","0","0","0","0"
"0x71177230a6e0","      FMUL R11, R144, R162","0","0","0","0","0","0","0","0","0","32","0","-","-","-","0","0","0","0","0","0","0","0","0","0","0","0","0","0","0","0","0","0","0","0","0","0","0","0","0","0","0","0","0","0","0","0","0","0","0","0","0","0","0","0","0","0","0","0"
"0x71177230a6f0","      FMUL R9, R146, R162","0","0","0","0","0","0","0","0","0","32","0","-","-","-","0","0","0","0","0","0","0","0","0","0","0","0","0","0","0","0","0","0","0","0","0","0","0","0","0","0","0","0","0","0","0","0","0","0","0","0","0","0","0","0","0","0","0","0"
"0x71177230a700","      FFMA R10, R5, R158, R10","0","0","0","0","0","0","0","0","0","32","0","-","-","-","0","0","0","0","0","0","0","0","0","0","0","0","0","0","0","0","0","0","0","0","0","0","0","0","0","0","0","0","0","0","0","0","0","0","0","0","0","0","0","0","0","0","0","0"
"0x71177230a710","      FMUL R8, R147, R162","0","0","0","0","0","0","0","0","0","32","0","-","-","-","0","0","0","0","0","0","0","0","0","0","0","0","0","0","0","0","0","0","0","0","0","0","0","0","0","0","0","0","0","0","0","0","0","0","0","0","0","0","0","0","0","0","0","0"
"0x71177230a720","      FFMA R4, R4, R158, R11","0","0","0","0","0","0","0","0","0","32","0","-","-","-","0","0","0","0","0","0","0","0","0","0","0","0","0","0","0","0","0","0","0","0","0","0","0","0","0","0","0","0","0","0","0","0","0","0","0","0","0","0","0","0","0","0","0","0"
"0x71177230a730","      FFMA R6, R6, R158, R9","0","0","0","0","0","0","0","0","0","32","0","-","-","-","0","0","0","0","0","0","0","0","0","0","0","0","0","0","0","0","0","0","0","0","0","0","0","0","0","0","0","0","0","0","0","0","0","0","0","0","0","0","0","0","0","0","0","0"
"0x71177230a740","      FMNMX R9, R10, R157, !PT","0","0","0","0","0","0","0","0","0","32","0","-","-","-","0","0","0","0","0","0","0","0","0","0","0","0","0","0","0","0","0","0","0","0","0","0","0","0","0","0","0","0","0","0","0","0","0","0","0","0","0","0","0","0","0","0","0","0"
"0x71177230a750","      FFMA R12, R7, R158, R8","0","0","0","0","0","0","0","0","0","32","0","-","-","-","0","0","0","0","0","0","0","0","0","0","0","0","0","0","0","0","0","0","0","0","0","0","0","0","0","0","0","0","0","0","0","0","0","0","0","0","0","0","0","0","0","0","0","0"
"0x71177230a760","      FMNMX R8, R4, R157, !PT","0","0","0","0","0","0","0","0","0","32","0","-","-","-","0","0","0","0","0","0","0","0","0","0","0","0","0","0","0","0","0","0","0","0","0","0","0","0","0","0","0","0","0","0","0","0","0","0","0","0","0","0","0","0","0","0","0","0"
"0x71177230a770","      FMUL R27, R140, R162","0","0","0","0","0","0","0","0","0","32","0","-","-","-","0","0","0","0","0","0","0","0","0","0","0","0","0","0","0","0","0","0","0","0","0","0","0","0","0","0","0","0","0","0","0","0","0","0","0","0","0","0","0","0","0","0","0","0"
"0x71177230a780","      FMNMX R10, R6, R157, !PT","0","0","0","0","0","0","0","0","0","32","0","-","-","-","0","0","0","0","0","0","0","0","0","0","0","0","0","0","0","0","0","0","0","0","0","0","0","0","0","0","0","0","0","0","0","0","0","0","0","0","0","0","0","0","0","0","0","0"
"0x71177230a790","      FMUL R25, R141, R162","0","0","0","0","0","0","0","0","0","32","0","-","-","-","0","0","0","0","0","0","0","0","0","0","0","0","0","0","0","0","0","0","0","0","0","0","0","0","0","0","0","0","0","0","0","0","0","0","0","0","0","0","0","0","0","0","0","0"
"0x71177230a7a0","      LDS.128 R4, [R3+0x100]","0","0","0","0","0","0","0","0","0","32","0","","","","0","0","0","0","0","0","0","0","0","0","0","0","0","0","0","0","0","0","0","0","0","0","0","0","0","0","0","0","0","0","0","0","0","0","0","0","0","0","0","0","0","0","0","0"
"0x71177230a7b0","      FMNMX R11, R12, R157, !PT","0","0","0","0","0","0","0","0","0","32","0","-","-","-","0","0","0","0","0","0","0","0","0","0","0","0","0","0","0","0","0","0","0","0","0","0","0","0","0","0","0","0","0","0","0","0","0","0","0","0","0","0","0","0","0","0","0","0"
"0x71177230a7c0","      FMUL R13, R142, R162","0","0","0","0","0","0","0","0","0","32","0","-","-","-","0","0","0","0","0","0","0","0","0","0","0","0","0","0","0","0","0","0","0","0","0","0","0","0","0","0","0","0","0","0","0","0","0","0","0","0","0","0","0","0","0","0","0","0"
"0x71177230a7d0","      FMUL R12, R143, R162","0","0","0","0","0","0","0","0","0","32","0","-","-","-","0","0","0","0","0","0","0","0","0","0","0","0","0","0","0","0","0","0","0","0","0","0","0","0","0","0","0","0","0","0","0","0","0","0","0","0","0","0","0","0","0","0","0","0"
"0x71177230a7e0","@P1   STG.E.128 [R20], R8","0","0","0","0","0","0","0","0","0","32","0","","","","0","0","0","0","0","0","0","0","0","0","0","0","0","0","0","0","0","0","0","0","0","0","0","0","0","0","0","0","0","0","0","0","0","0","0","0","0","0","0","0","0","0","0","0"
"0x71177230a7f0","      ISETP.NE.AND P1, PT, R163, RZ, PT","0","0","0","0","0","0","0","0","0","32","0","-","-","-","0","0","0","0","0","0","0","0","0","0","0","0","0","0","0","0","0","0","0","0","0","0","0","0","0","0","0","0","0","0","0","0","0","0","0","0","0","0","0","0","0","0","0","0"
"0x71177230a800","      LDS.128 R8, [R3+0x200]","0","0","0","0","0","0","0","0","0","32","0","","","","0","0","0","0","0","0","0","0","0","0","0","0","0","0","0","0","0","0","0","0","0","0","0","0","0","0","0","0","0","0","0","0","0","0","0","0","0","0","0","0","0","0","0","0"
"0x71177230a810","      ISETP.LT.AND P1, PT, R23, c[0x0][0x160], P1","0","0","0","0","0","0","0","0","0","32","0","-","-","-","0","0","0","0","0","0","0","0","0","0","0","0","0","0","0","0","0","0","0","0","0","0","0","0","0","0","0","0","0","0","0","0","0","0","0","0","0","0","0","0","0","0","0","0"
"0x71177230a820","      FFMA R4, R4, R158, R27","0","0","0","0","0","0","0","0","0","32","0","-","-","-","0","0","0","0","0","0","0","0","0","0","0","0","0","0","0","0","0","0","0","0","0","0","0","0","0","0","0","0","0","0","0","0","0","0","0","0","0","0","0","0","0","0","0","0"
"0x71177230a830","      FFMA R26, R5, R158, R25","0","0","0","0","0","0","0","0","0","32","0","-","-","-","0","0","0","0","0","0","0","0","0","0","0","0","0","0","0","0","0","0","0","0","0","0","0","0","0","0","0","0","0","0","0","0","0","0","0","0","0","0","0","0","0","0","0","0"
"0x71177230a840","      FFMA R6, R6, R158, R13","0","0","0","0","0","0","0","0","0","32","0","-","-","-","0","0","0","0","0","0","0","0","0","0","0","0","0","0","0","0","0","0","0","0","0","0","0","0","0","0","0","0","0","0","0","0","0","0","0","0","0","0","0","0","0","0","0","0"
"0x71177230a850","      FMNMX R4, R4, R157, !PT","0","0","0","0","0","0","0","0","0","32","0","-","-","-","0","0","0","0","0","0","0","0","0","0","0","0","0","0","0","0","0","0","0","0","0","0","0","0","0","0","0","0","0","0","0","0","0","0","0","0","0","0","0","0","0","0","0","0"
"0x71177230a860","      FFMA R12, R7, R158, R12","0","0","0","0","0","0","0","0","0","32","0","-","-","-","0","0","0","0","0","0","0","0","0","0","0","0","0","0","0","0","0","0","0","0","0","0","0","0","0","0","0","0","0","0","0","0","0","0","0","0","0","0","0","0","0","0","0","0"
"0x71177230a870","      FMNMX R5, R26, R157, !PT","0","0","0","0","0","0","0","0","0","32","0","-","-","-","0","0","0","0","0","0","0","0","0","0","0","0","0","0","0","0","0","0","0","0","0","0","0","0","0","0","0","0","0","0","0","0","0","0","0","0","0","0","0","0","0","0","0","0"
"0x71177230a880","      FMUL R27, R136, R162","0","0","0","0","0","0","0","0","0","32","0","-","-","-","0","0","0","0","0","0","0","0","0","0","0","0","0","0","0","0","0","0","0","0","0","0","0","0","0","0","0","0","0","0","0","0","0","0","0","0","0","0","0","0","0","0","0","0"
"0x71177230a890","      FMNMX R6, R6, R157, !PT","0","0","0","0","0","0","0","0","0","32","0","-","-","-","0","0","0","0","0","0","0","0","0","0","0","0","0","0","0","0","0","0","0","0","0","0","0","0","0","0","0","0","0","0","0","0","0","0","0","0","0","0","0","0","0","0","0","0"
"0x71177230a8a0","      FMUL R25, R137, R162","0","0","0","0","0","0","0","0","0","32","0","-","-","-","0","0","0","0","0","0","0","0","0","0","0","0","0","0","0","0","0","0","0","0","0","0","0","0","0","0","0","0","0","0","0","0","0","0","0","0","0","0","0","0","0","0","0","0"
"0x71177230a8b0","      FMNMX R7, R12, R157, !PT","0","0","0","0","0","0","0","0","0","32","0","-","-","-","0","0","0","0","0","0","0","0","0","0","0","0","0","0","0","0","0","0","0","0","0","0","0","0","0","0","0","0","0","0","0","0","0","0","0","0","0","0","0","0","0","0","0","0"
"0x71177230a8c0","      FMUL R13, R138, R162","0","0","0","0","0","0","0","0","0","32","0","-","-","-","0","0","0","0","0","0","0","0","0","0","0","0","0","0","0","0","0","0","0","0","0","0","0","0","0","0","0","0","0","0","0","0","0","0","0","0","0","0","0","0","0","0","0","0"
"0x71177230a8d0","      FMUL R12, R139, R162","0","0","0","0","0","0","0","0","0","32","0","-","-","-","0","0","0","0","0","0","0","0","0","0","0","0","0","0","0","0","0","0","0","0","0","0","0","0","0","0","0","0","0","0","0","0","0","0","0","0","0","0","0","0","0","0","0","0"
"0x71177230a8e0","@P3   STG.E.128 [R18.64+UR10], R4","0","0","0","0","0","0","0","0","0","32","0","","","","0","0","0","0","0","0","0","0","0","0","0","0","0","0","0","0","0","0","0","0","0","0","0","0","0","0","0","0","0","0","0","0","0","0","0","0","0","0","0","0","0","0","0","0"
"0x71177230a8f0","      ISETP.LT.AND P3, PT, R23, c[0x0][0x160], P6","0","0","0","0","0","0","0","0","0","32","0","-","-","-","0","0","0","0","0","0","0","0","0","0","0","0","0","0","0","0","0","0","0","0","0","0","0","0","0","0","0","0","0","0","0","0","0","0","0","0","0","0","0","0","0","0","0","0"
"0x71177230a900","      FFMA R8, R8, R158, R27","0","0","0","0","0","0","0","0","0","32","0","-","-","-","0","0","0","0","0","0","0","0","0","0","0","0","0","0","0","0","0","0","0","0","0","0","0","0","0","0","0","0","0","0","0","0","0","0","0","0","0","0","0","0","0","0","0","0"
"0x71177230a910","      IADD3 R23, R156, 0x20, RZ","0","0","0","0","0","0","0","0","0","32","0","-","-","-","0","0","0","0","0","0","0","0","0","0","0","0","0","0","0","0","0","0","0","0","0","0","0","0","0","0","0","0","0","0","0","0","0","0","0","0","0","0","0","0","0","0","0","0"
"0x71177230a920","      LDS.128 R4, [R3+0x300]","0","0","0","0","0","0","0","0","0","32","0","","","","0","0","0","0","0","0","0","0","0","0","0","0","0","0","0","0","0","0","0","0","0","0","0","0","0","0","0","0","0","0","0","0","0","0","0","0","0","0","0","0","0","0","0","0"
"0x71177230a930","      FFMA R26, R9, R158, R25","0","0","0","0","0","0","0","0","0","32","0","-","-","-","0","0","0","0","0","0","0","0","0","0","0","0","0","0","0","0","0","0","0","0","0","0","0","0","0","0","0","0","0","0","0","0","0","0","0","0","0","0","0","0","0","0","0","0"
"0x71177230a940","      FFMA R10, R10, R158, R13","0","0","0","0","0","0","0","0","0","32","0","-","-","-","0","0","0","0","0","0","0","0","0","0","0","0","0","0","0","0","0","0","0","0","0","0","0","0","0","0","0","0","0","0","0","0","0","0","0","0","0","0","0","0","0","0","0","0"
"0x71177230a950","      FMNMX R8, R8, R157, !PT","0","0","0","0","0","0","0","0","0","32","0","-","-","-","0","0","0","0","0","0","0","0","0","0","0","0","0","0","0","0","0","0","0","0","0","0","0","0","0","0","0","0","0","0","0","0","0","0","0","0","0","0","0","0","0","0","0","0"
"0x71177230a960","      FFMA R12, R11, R158, R12","0","0","0","0","0","0","0","0","0","32","0","-","-","-","0","0","0","0","0","0","0","0","0","0","0","0","0","0","0","0","0","0","0","0","0","0","0","0","0","0","0","0","0","0","0","0","0","0","0","0","0","0","0","0","0","0","0","0"
"0x71177230a970","      FMNMX R9, R26, R157, !PT","0","0","0","0","0","0","0","0","0","32","0","-","-","-","0","0","0","0","0","0","0","0","0","0","0","0","0","0","0","0","0","0","0","0","0","0","0","0","0","0","0","0","0","0","0","0","0","0","0","0","0","0","0","0","0","0","0","0"
"0x71177230a980","      FMUL R25, R132, R162","0","0","0","0","0","0","0","0","0","32","0","-","-","-","0","0","0","0","0","0","0","0","0","0","0","0","0","0","0","0","0","0","0","0","0","0","0","0","0","0","0","0","0","0","0","0","0","0","0","0","0","0","0","0","0","0","0","0"
"0x71177230a990","      FMNMX R10, R10, R157, !PT","0","0","0","0","0","0","0","0","0","32","0","-","-","-","0","0","0","0","0","0","0","0","0","0","0","0","0","0","0","0","0","0","0","0","0","0","0","0","0","0","0","0","0","0","0","0","0","0","0","0","0","0","0","0","0","0","0","0"
"0x71177230a9a0","      FMUL R13, R134, R162","0","0","0","0","0","0","0","0","0","32","0","-","-","-","0","0","0","0","0","0","0","0","0","0","0","0","0","0","0","0","0","0","0","0","0","0","0","0","0","0","0","0","0","0","0","0","0","0","0","0","0","0","0","0","0","0","0","0"
"0x71177230a9b0","      FMNMX R11, R12, R157, !PT","0","0","0","0","0","0","0","0","0","32","0","-","-","-","0","0","0","0","0","0","0","0","0","0","0","0","0","0","0","0","0","0","0","0","0","0","0","0","0","0","0","0","0","0","0","0","0","0","0","0","0","0","0","0","0","0","0","0"
"0x71177230a9c0","      FMUL R12, R135, R162","0","0","0","0","0","0","0","0","0","32","0","-","-","-","0","0","0","0","0","0","0","0","0","0","0","0","0","0","0","0","0","0","0","0","0","0","0","0","0","0","0","0","0","0","0","0","0","0","0","0","0","0","0","0","0","0","0","0"
"0x71177230a9d0","@P3   STG.E.128 [R18.64+UR8], R8","0","0","0","0","0","0","0","0","0","32","0","","","","0","0","0","0","0","0","0","0","0","0","0","0","0","0","0","0","0","0","0","0","0","0","0","0","0","0","0","0","0","0","0","0","0","0","0","0","0","0","0","0","0","0","0","0"
"0x71177230a9e0","      ISETP.NE.AND P3, PT, R24, RZ, PT","0","0","0","0","0","0","0","0","0","32","0","-","-","-","0","0","0","0","0","0","0","0","0","0","0","0","0","0","0","0","0","0","0","0","0","0","0","0","0","0","0","0","0","0","0","0","0","0","0","0","0","0","0","0","0","0","0","0"
"0x71177230a9f0","      FMUL R24, R133, R162","0","0","0","0","0","0","0","0","0","32","0","-","-","-","0","0","0","0","0","0","0","0","0","0","0","0","0","0","0","0","0","0","0","0","0","0","0","0","0","0","0","0","0","0","0","0","0","0","0","0","0","0","0","0","0","0","0","0"
"0x71177230aa00","      FFMA R4, R4, R158, R25","0","0","0","0","0","0","0","0","0","32","0","-","-","-","0","0","0","0","0","0","0","0","0","0","0","0","0","0","0","0","0","0","0","0","0","0","0","0","0","0","0","0","0","0","0","0","0","0","0","0","0","0","0","0","0","0","0","0"
"0x71177230aa10","      FFMA R24, R5, R158, R24","0","0","0","0","0","0","0","0","0","32","0","-","-","-","0","0","0","0","0","0","0","0","0","0","0","0","0","0","0","0","0","0","0","0","0","0","0","0","0","0","0","0","0","0","0","0","0","0","0","0","0","0","0","0","0","0","0","0"
"0x71177230aa20","      FFMA R6, R6, R158, R13","0","0","0","0","0","0","0","0","0","32","0","-","-","-","0","0","0","0","0","0","0","0","0","0","0","0","0","0","0","0","0","0","0","0","0","0","0","0","0","0","0","0","0","0","0","0","0","0","0","0","0","0","0","0","0","0","0","0"
"0x71177230aa30","      FMNMX R4, R4, R157, !PT","0","0","0","0","0","0","0","0","0","32","0","-","-","-","0","0","0","0","0","0","0","0","0","0","0","0","0","0","0","0","0","0","0","0","0","0","0","0","0","0","0","0","0","0","0","0","0","0","0","0","0","0","0","0","0","0","0","0"
"0x71177230aa40","      FFMA R12, R7, R158, R12","0","0","0","0","0","0","0","0","0","32","0","-","-","-","0","0","0","0","0","0","0","0","0","0","0","0","0","0","0","0","0","0","0","0","0","0","0","0","0","0","0","0","0","0","0","0","0","0","0","0","0","0","0","0","0","0","0","0"
"0x71177230aa50","      FMNMX R5, R24, R157, !PT","0","0","0","0","0","0","0","0","0","32","0","-","-","-","0","0","0","0","0","0","0","0","0","0","0","0","0","0","0","0","0","0","0","0","0","0","0","0","0","0","0","0","0","0","0","0","0","0","0","0","0","0","0","0","0","0","0","0"
"0x71177230aa60","      FMNMX R6, R6, R157, !PT","0","0","0","0","0","0","0","0","0","32","0","-","-","-","0","0","0","0","0","0","0","0","0","0","0","0","0","0","0","0","0","0","0","0","0","0","0","0","0","0","0","0","0","0","0","0","0","0","0","0","0","0","0","0","0","0","0","0"
"0x71177230aa70","      FMNMX R7, R12, R157, !PT","0","0","0","0","0","0","0","0","0","32","0","-","-","-","0","0","0","0","0","0","0","0","0","0","0","0","0","0","0","0","0","0","0","0","0","0","0","0","0","0","0","0","0","0","0","0","0","0","0","0","0","0","0","0","0","0","0","0"
"0x71177230aa80","      P2R R24, PR, RZ, 0x8","0","0","0","0","0","0","0","0","0","32","0","-","-","-","0","0","0","0","0","0","0","0","0","0","0","0","0","0","0","0","0","0","0","0","0","0","0","0","0","0","0","0","0","0","0","0","0","0","0","0","0","0","0","0","0","0","0","0"
"0x71177230aa90","@P1   STG.E.128 [R18.64+UR4], R4","0","0","0","0","0","0","0","0","0","32","0","","","","0","0","0","0","0","0","0","0","0","0","0","0","0","0","0","0","0","0","0","0","0","0","0","0","0","0","0","0","0","0","0","0","0","0","0","0","0","0","0","0","0","0","0","0"
"0x71177230aaa0","      ISETP.LT.AND P1, PT, R23, c[0x0][0x160], P3","0","0","0","0","0","0","0","0","0","32","0","-","-","-","0","0","0","0","0","0","0","0","0","0","0","0","0","0","0","0","0","0","0","0","0","0","0","0","0","0","0","0","0","0","0","0","0","0","0","0","0","0","0","0","0","0","0","0"
"0x71177230aab0","@P1   LDG.E.LTC128B.128 R144, [R16]","0","0","0","0","0","0","0","0","0","32","0","","","","0","0","0","0","0","0","0","0","0","0","0","0","0","0","0","0","0","0","0","0","0","0","0","0","0","0","0","0","0","0","0","0","0","0","0","0","0","0","0","0","0","0","0","0"
"0x71177230aac0","      ISETP.LT.AND P3, PT, R23, c[0x0][0x160], P2","0","0","0","0","0","0","0","0","0","32","0","-","-","-","0","0","0","0","0","0","0","0","0","0","0","0","0","0","0","0","0","0","0","0","0","0","0","0","0","0","0","0","0","0","0","0","0","0","0","0","0","0","0","0","0","0","0","0"
"0x71177230aad0","      ISETP.NE.AND P1, PT, R22, RZ, PT","0","0","0","0","0","0","0","0","0","32","0","-","-","-","0","0","0","0","0","0","0","0","0","0","0","0","0","0","0","0","0","0","0","0","0","0","0","0","0","0","0","0","0","0","0","0","0","0","0","0","0","0","0","0","0","0","0","0"
"0x71177230aae0","@P3   LDG.E.LTC128B.128 R140, [R14.64+UR16]","0","0","0","0","0","0","0","0","0","32","0","","","","0","0","0","0","0","0","0","0","0","0","0","0","0","0","0","0","0","0","0","0","0","0","0","0","0","0","0","0","0","0","0","0","0","0","0","0","0","0","0","0","0","0","0","0"
"0x71177230aaf0","      ISETP.LT.AND P3, PT, R23, c[0x0][0x160], P1","0","0","0","0","0","0","0","0","0","32","0","-","-","-","0","0","0","0","0","0","0","0","0","0","0","0","0","0","0","0","0","0","0","0","0","0","0","0","0","0","0","0","0","0","0","0","0","0","0","0","0","0","0","0","0","0","0","0"
"0x71177230ab00","@P3   LDG.E.LTC128B.128 R136, [R14.64+UR14]","0","0","0","0","0","0","0","0","0","32","0","","","","0","0","0","0","0","0","0","0","0","0","0","0","0","0","0","0","0","0","0","0","0","0","0","0","0","0","0","0","0","0","0","0","0","0","0","0","0","0","0","0","0","0","0","0"
"0x71177230ab10","      ISETP.LT.AND P3, PT, R23, c[0x0][0x160], P0","0","0","0","0","0","0","0","0","0","32","0","-","-","-","0","0","0","0","0","0","0","0","0","0","0","0","0","0","0","0","0","0","0","0","0","0","0","0","0","0","0","0","0","0","0","0","0","0","0","0","0","0","0","0","0","0","0","0"
"0x71177230ab20","@P3   LDG.E.LTC128B.128 R132, [R14.64+UR12]","0","0","0","0","0","0","0","0","0","32","0","","","","0","0","0","0","0","0","0","0","0","0","0","0","0","0","0","0","0","0","0","0","0","0","0","0","0","0","0","0","0","0","0","0","0","0","0","0","0","0","0","0","0","0","0","0"
"0x71177230ab30","      IADD3 R18, P3, R20, c[0x0][0x238], RZ","0","0","0","0","0","0","0","0","0","32","0","-","-","-","0","0","0","0","0","0","0","0","0","0","0","0","0","0","0","0","0","0","0","0","0","0","0","0","0","0","0","0","0","0","0","0","0","0","0","0","0","0","0","0","0","0","0","0"
"0x71177230ab40","      BAR.SYNC.DEFER_BLOCKING 0x0","0","0","0","0","0","0","0","0","0","32","0","-","-","-","0","0","0","0","0","0","0","0","0","0","0","0","0","0","0","0","0","0","0","0","0","0","0","0","0","0","0","0","0","0","0","0","0","0","0","0","0","0","0","0","0","0","0","0"
"0x71177230ab50","      IADD3.X R19, R21, c[0x0][0x23c], RZ, P3, !PT","0","0","0","0","0","0","0","0","0","32","0","-","-","-","0","0","0","0","0","0","0","0","0","0","0","0","0","0","0","0","0","0","0","0","0","0","0","0","0","0","0","0","0","0","0","0","0","0","0","0","0","0","0","0","0","0","0","0"
"0x71177230ab60","      IADD3 R12, P3, R16, UR6, RZ","0","0","0","0","0","0","0","0","0","32","0","-","-","-","0","0","0","0","0","0","0","0","0","0","0","0","0","0","0","0","0","0","0","0","0","0","0","0","0","0","0","0","0","0","0","0","0","0","0","0","0","0","0","0","0","0","0","0"
"0x71177230ab70","      IADD3.X R13, R17, UR7, RZ, P3, !PT","0","0","0","0","0","0","0","0","0","32","0","-","-","-","0","0","0","0","0","0","0","0","0","0","0","0","0","0","0","0","0","0","0","0","0","0","0","0","0","0","0","0","0","0","0","0","0","0","0","0","0","0","0","0","0","0","0","0"
"0x71177230ab80","      ISETP.LT.AND P3, PT, R23, c[0x0][0x160], P4","0","0","0","0","0","0","0","0","0","32","0","-","-","-","0","0","0","0","0","0","0","0","0","0","0","0","0","0","0","0","0","0","0","0","0","0","0","0","0","0","0","0","0","0","0","0","0","0","0","0","0","0","0","0","0","0","0","0"
"0x71177230ab90","      STS.64 [R2.X8], R68","0","0","0","0","0","0","0","0","0","32","0","","","","0","0","0","0","0","0","0","0","0","0","0","0","0","0","0","0","0","0","0","0","0","0","0","0","0","0","0","0","0","0","0","0","0","0","0","0","0","0","0","0","0","0","0","0"
"0x71177230aba0","      STS.64 [R2.X8+0x20], R72","0","0","0","0","0","0","0","0","0","32","0","","","","0","0","0","0","0","0","0","0","0","0","0","0","0","0","0","0","0","0","0","0","0","0","0","0","0","0","0","0","0","0","0","0","0","0","0","0","0","0","0","0","0","0","0","0"
"0x71177230abb0","      STS.64 [R2.X8+0x40], R76","0","0","0","0","0","0","0","0","0","32","0","","","","0","0","0","0","0","0","0","0","0","0","0","0","0","0","0","0","0","0","0","0","0","0","0","0","0","0","0","0","0","0","0","0","0","0","0","0","0","0","0","0","0","0","0","0"
"0x71177230abc0","      STS.64 [R2.X8+0x60], R80","0","0","0","0","0","0","0","0","0","32","0","","","","0","0","0","0","0","0","0","0","0","0","0","0","0","0","0","0","0","0","0","0","0","0","0","0","0","0","0","0","0","0","0","0","0","0","0","0","0","0","0","0","0","0","0","0"
"0x71177230abd0","      STS.64 [R2.X8+0x80], R84","0","0","0","0","0","0","0","0","0","32","0","","","","0","0","0","0","0","0","0","0","0","0","0","0","0","0","0","0","0","0","0","0","0","0","0","0","0","0","0","0","0","0","0","0","0","0","0","0","0","0","0","0","0","0","0","0"
"0x71177230abe0","      STS.64 [R2.X8+0xa0], R88","0","0","0","0","0","0","0","0","0","32","0","","","","0","0","0","0","0","0","0","0","0","0","0","0","0","0","0","0","0","0","0","0","0","0","0","0","0","0","0","0","0","0","0","0","0","0","0","0","0","0","0","0","0","0","0","0"
"0x71177230abf0","      STS.64 [R2.X8+0xc0], R92","0","0","0","0","0","0","0","0","0","32","0","","","","0","0","0","0","0","0","0","0","0","0","0","0","0","0","0","0","0","0","0","0","0","0","0","0","0","0","0","0","0","0","0","0","0","0","0","0","0","0","0","0","0","0","0","0"
"0x71177230ac00","      STS.64 [R2.X8+0xe0], R96","0","0","0","0","0","0","0","0","0","32","0","","","","0","0","0","0","0","0","0","0","0","0","0","0","0","0","0","0","0","0","0","0","0","0","0","0","0","0","0","0","0","0","0","0","0","0","0","0","0","0","0","0","0","0","0","0"
"0x71177230ac10","      BAR.SYNC.DEFER_BLOCKING 0x0","0","0","0","0","0","0","0","0","0","32","0","-","-","-","0","0","0","0","0","0","0","0","0","0","0","0","0","0","0","0","0","0","0","0","0","0","0","0","0","0","0","0","0","0","0","0","0","0","0","0","0","0","0","0","0","0","0","0"
"0x71177230ac20","      LDS.128 R4, [R3]","0","0","0","0","0","0","0","0","0","32","0","","","","0","0","0","0","0","0","0","0","0","0","0","0","0","0","0","0","0","0","0","0","0","0","0","0","0","0","0","0","0","0","0","0","0","0","0","0","0","0","0","0","0","0","0","0"
"0x71177230ac30","      FMUL R10, R145, R162","0","0","0","0","0","0","0","0","0","32","0","-","-","-","0","0","0","0","0","0","0","0","0","0","0","0","0","0","0","0","0","0","0","0","0","0","0","0","0","0","0","0","0","0","0","0","0","0","0","0","0","0","0","0","0","0","0","0"
"0x71177230ac40","      FMUL R11, R144, R162","0","0","0","0","0","0","0","0","0","32","0","-","-","-","0","0","0","0","0","0","0","0","0","0","0","0","0","0","0","0","0","0","0","0","0","0","0","0","0","0","0","0","0","0","0","0","0","0","0","0","0","0","0","0","0","0","0","0"
"0x71177230ac50","      FMUL R9, R146, R162","0","0","0","0","0","0","0","0","0","32","0","-","-","-","0","0","0","0","0","0","0","0","0","0","0","0","0","0","0","0","0","0","0","0","0","0","0","0","0","0","0","0","0","0","0","0","0","0","0","0","0","0","0","0","0","0","0","0"
"0x71177230ac60","      FFMA R10, R5, R158, R10","0","0","0","0","0","0","0","0","0","32","0","-","-","-","0","0","0","0","0","0","0","0","0","0","0","0","0","0","0","0","0","0","0","0","0","0","0","0","0","0","0","0","0","0","0","0","0","0","0","0","0","0","0","0","0","0","0","0"
"0x71177230ac70","      FMUL R8, R147, R162","0","0","0","0","0","0","0","0","0","32","0","-","-","-","0","0","0","0","0","0","0","0","0","0","0","0","0","0","0","0","0","0","0","0","0","0","0","0","0","0","0","0","0","0","0","0","0","0","0","0","0","0","0","0","0","0","0","0"
"0x71177230ac80","      FFMA R4, R4, R158, R11","0","0","0","0","0","0","0","0","0","32","0","-","-","-","0","0","0","0","0","0","0","0","0","0","0","0","0","0","0","0","0","0","0","0","0","0","0","0","0","0","0","0","0","0","0","0","0","0","0","0","0","0","0","0","0","0","0","0"
"0x71177230ac90","      FFMA R6, R6, R158, R9","0","0","0","0","0","0","0","0","0","32","0","-","-","-","0","0","0","0","0","0","0","0","0","0","0","0","0","0","0","0","0","0","0","0","0","0","0","0","0","0","0","0","0","0","0","0","0","0","0","0","0","0","0","0","0","0","0","0"
"0x71177230aca0","      FMNMX R9, R10, R157, !PT","0","0","0","0","0","0","0","0","0","32","0","-","-","-","0","0","0","0","0","0","0","0","0","0","0","0","0","0","0","0","0","0","0","0","0","0","0","0","0","0","0","0","0","0","0","0","0","0","0","0","0","0","0","0","0","0","0","0"
"0x71177230acb0","      FFMA R14, R7, R158, R8","0","0","0","0","0","0","0","0","0","32","0","-","-","-","0","0","0","0","0","0","0","0","0","0","0","0","0","0","0","0","0","0","0","0","0","0","0","0","0","0","0","0","0","0","0","0","0","0","0","0","0","0","0","0","0","0","0","0"
"0x71177230acc0","      FMNMX R8, R4, R157, !PT","0","0","0","0","0","0","0","0","0","32","0","-","-","-","0","0","0","0","0","0","0","0","0","0","0","0","0","0","0","0","0","0","0","0","0","0","0","0","0","0","0","0","0","0","0","0","0","0","0","0","0","0","0","0","0","0","0","0"
"0x71177230acd0","      FMUL R27, R140, R162","0","0","0","0","0","0","0","0","0","32","0","-","-","-","0","0","0","0","0","0","0","0","0","0","0","0","0","0","0","0","0","0","0","0","0","0","0","0","0","0","0","0","0","0","0","0","0","0","0","0","0","0","0","0","0","0","0","0"
"0x71177230ace0","      FMNMX R10, R6, R157, !PT","0","0","0","0","0","0","0","0","0","32","0","-","-","-","0","0","0","0","0","0","0","0","0","0","0","0","0","0","0","0","0","0","0","0","0","0","0","0","0","0","0","0","0","0","0","0","0","0","0","0","0","0","0","0","0","0","0","0"
"0x71177230acf0","      FMUL R22, R141, R162","0","0","0","0","0","0","0","0","0","32","0","-","-","-","0","0","0","0","0","0","0","0","0","0","0","0","0","0","0","0","0","0","0","0","0","0","0","0","0","0","0","0","0","0","0","0","0","0","0","0","0","0","0","0","0","0","0","0"
"0x71177230ad00","      LDS.128 R4, [R3+0x100]","0","0","0","0","0","0","0","0","0","32","0","","","","0","0","0","0","0","0","0","0","0","0","0","0","0","0","0","0","0","0","0","0","0","0","0","0","0","0","0","0","0","0","0","0","0","0","0","0","0","0","0","0","0","0","0","0"
"0x71177230ad10","      FMNMX R11, R14, R157, !PT","0","0","0","0","0","0","0","0","0","32","0","-","-","-","0","0","0","0","0","0","0","0","0","0","0","0","0","0","0","0","0","0","0","0","0","0","0","0","0","0","0","0","0","0","0","0","0","0","0","0","0","0","0","0","0","0","0","0"
"0x71177230ad20","      FMUL R25, R142, R162","0","0","0","0","0","0","0","0","0","32","0","-","-","-","0","0","0","0","0","0","0","0","0","0","0","0","0","0","0","0","0","0","0","0","0","0","0","0","0","0","0","0","0","0","0","0","0","0","0","0","0","0","0","0","0","0","0","0"
"0x71177230ad30","      P2R R14, PR, RZ, 0x10","0","0","0","0","0","0","0","0","0","32","0","-","-","-","0","0","0","0","0","0","0","0","0","0","0","0","0","0","0","0","0","0","0","0","0","0","0","0","0","0","0","0","0","0","0","0","0","0","0","0","0","0","0","0","0","0","0","0"
"0x71177230ad40","      FMUL R15, R143, R162","0","0","0","0","0","0","0","0","0","32","0","-","-","-","0","0","0","0","0","0","0","0","0","0","0","0","0","0","0","0","0","0","0","0","0","0","0","0","0","0","0","0","0","0","0","0","0","0","0","0","0","0","0","0","0","0","0","0"
"0x71177230ad50","      ISETP.NE.AND P4, PT, R163, RZ, PT","0","0","0","0","0","0","0","0","0","32","0","-","-","-","0","0","0","0","0","0","0","0","0","0","0","0","0","0","0","0","0","0","0","0","0","0","0","0","0","0","0","0","0","0","0","0","0","0","0","0","0","0","0","0","0","0","0","0"
"0x71177230ad60","@P3   STG.E.128 [R18], R8","0","0","0","0","0","0","0","0","0","32","0","","","","0","0","0","0","0","0","0","0","0","0","0","0","0","0","0","0","0","0","0","0","0","0","0","0","0","0","0","0","0","0","0","0","0","0","0","0","0","0","0","0","0","0","0","0"
"0x71177230ad70","      ISETP.LT.AND P3, PT, R23, c[0x0][0x160], P5","0","0","0","0","0","0","0","0","0","32","0","-","-","-","0","0","0","0","0","0","0","0","0","0","0","0","0","0","0","0","0","0","0","0","0","0","0","0","0","0","0","0","0","0","0","0","0","0","0","0","0","0","0","0","0","0","0","0"
"0x71177230ad80","      ISETP.LT.AND P4, PT, R23, c[0x0][0x160], P4","0","0","0","0","0","0","0","0","0","32","0","-","-","-","0","0","0","0","0","0","0","0","0","0","0","0","0","0","0","0","0","0","0","0","0","0","0","0","0","0","0","0","0","0","0","0","0","0","0","0","0","0","0","0","0","0","0","0"
"0x71177230ad90","      LDS.128 R8, [R3+0x200]","0","0","0","0","0","0","0","0","0","32","0","","","","0","0","0","0","0","0","0","0","0","0","0","0","0","0","0","0","0","0","0","0","0","0","0","0","0","0","0","0","0","0","0","0","0","0","0","0","0","0","0","0","0","0","0","0"
"0x71177230ada0","      FFMA R4, R4, R158, R27","0","0","0","0","0","0","0","0","0","32","0","-","-","-","0","0","0","0","0","0","0","0","0","0","0","0","0","0","0","0","0","0","0","0","0","0","0","0","0","0","0","0","0","0","0","0","0","0","0","0","0","0","0","0","0","0","0","0"
"0x71177230adb0","      FFMA R22, R5, R158, R22","0","0","0","0","0","0","0","0","0","32","0","-","-","-","0","0","0","0","0","0","0","0","0","0","0","0","0","0","0","0","0","0","0","0","0","0","0","0","0","0","0","0","0","0","0","0","0","0","0","0","0","0","0","0","0","0","0","0"
"0x71177230adc0","      FFMA R6, R6, R158, R25","0","0","0","0","0","0","0","0","0","32","0","-","-","-","0","0","0","0","0","0","0","0","0","0","0","0","0","0","0","0","0","0","0","0","0","0","0","0","0","0","0","0","0","0","0","0","0","0","0","0","0","0","0","0","0","0","0","0"
"0x71177230add0","      FMNMX R4, R4, R157, !PT","0","0","0","0","0","0","0","0","0","32","0","-","-","-","0","0","0","0","0","0","0","0","0","0","0","0","0","0","0","0","0","0","0","0","0","0","0","0","0","0","0","0","0","0","0","0","0","0","0","0","0","0","0","0","0","0","0","0"
"0x71177230ade0","      FFMA R26, R7, R158, R15","0","0","0","0","0","0","0","0","0","32","0","-","-","-","0","0","0","0","0","0","0","0","0","0","0","0","0","0","0","0","0","0","0","0","0","0","0","0","0","0","0","0","0","0","0","0","0","0","0","0","0","0","0","0","0","0","0","0"
"0x71177230adf0","      FMNMX R5, R22, R157, !PT","0","0","0","0","0","0","0","0","0","32","0","-","-","-","0","0","0","0","0","0","0","0","0","0","0","0","0","0","0","0","0","0","0","0","0","0","0","0","0","0","0","0","0","0","0","0","0","0","0","0","0","0","0","0","0","0","0","0"
"0x71177230ae00","      FMUL R27, R136, R162","0","0","0","0","0","0","0","0","0","32","0","-","-","-","0","0","0","0","0","0","0","0","0","0","0","0","0","0","0","0","0","0","0","0","0","0","0","0","0","0","0","0","0","0","0","0","0","0","0","0","0","0","0","0","0","0","0","0"
"0x71177230ae10","      FMNMX R6, R6, R157, !PT","0","0","0","0","0","0","0","0","0","32","0","-","-","-","0","0","0","0","0","0","0","0","0","0","0","0","0","0","0","0","0","0","0","0","0","0","0","0","0","0","0","0","0","0","0","0","0","0","0","0","0","0","0","0","0","0","0","0"
"0x71177230ae20","      FMUL R22, R137, R162","0","0","0","0","0","0","0","0","0","32","0","-","-","-","0","0","0","0","0","0","0","0","0","0","0","0","0","0","0","0","0","0","0","0","0","0","0","0","0","0","0","0","0","0","0","0","0","0","0","0","0","0","0","0","0","0","0","0"
"0x71177230ae30","      FMNMX R7, R26, R157, !PT","0","0","0","0","0","0","0","0","0","32","0","-","-","-","0","0","0","0","0","0","0","0","0","0","0","0","0","0","0","0","0","0","0","0","0","0","0","0","0","0","0","0","0","0","0","0","0","0","0","0","0","0","0","0","0","0","0","0"
"0x71177230ae40","      FMUL R25, R138, R162","0","0","0","0","0","0","0","0","0","32","0","-","-","-","0","0","0","0","0","0","0","0","0","0","0","0","0","0","0","0","0","0","0","0","0","0","0","0","0","0","0","0","0","0","0","0","0","0","0","0","0","0","0","0","0","0","0","0"
"0x71177230ae50","      FMUL R15, R139, R162","0","0","0","0","0","0","0","0","0","32","0","-","-","-","0","0","0","0","0","0","0","0","0","0","0","0","0","0","0","0","0","0","0","0","0","0","0","0","0","0","0","0","0","0","0","0","0","0","0","0","0","0","0","0","0","0","0","0"
"0x71177230ae60","@P3   STG.E.128 [R20.64+UR10], R4","0","0","0","0","0","0","0","0","0","32","0","","","","0","0","0","0","0","0","0","0","0","0","0","0","0","0","0","0","0","0","0","0","0","0","0","0","0","0","0","0","0","0","0","0","0","0","0","0","0","0","0","0","0","0","0","0"
"0x71177230ae70","      ISETP.LT.AND P3, PT, R23, c[0x0][0x160], P6","0","0","0","0","0","0","0","0","0","32","0","-","-","-","0","0","0","0","0","0","0","0","0","0","0","0","0","0","0","0","0","0","0","0","0","0","0","0","0","0","0","0","0","0","0","0","0","0","0","0","0","0","0","0","0","0","0","0"
"0x71177230ae80","      FFMA R8, R8, R158, R27","0","0","0","0","0","0","0","0","0","32","0","-","-","-","0","0","0","0","0","0","0","0","0","0","0","0","0","0","0","0","0","0","0","0","0","0","0","0","0","0","0","0","0","0","0","0","0","0","0","0","0","0","0","0","0","0","0","0"
"0x71177230ae90","      LDS.128 R4, [R3+0x300]","0","0","0","0","0","0","0","0","0","32","0","","","","0","0","0","0","0","0","0","0","0","0","0","0","0","0","0","0","0","0","0","0","0","0","0","0","0","0","0","0","0","0","0","0","0","0","0","0","0","0","0","0","0","0","0","0"
"0x71177230aea0","      FFMA R22, R9, R158, R22","0","0","0","0","0","0","0","0","0","32","0","-","-","-","0","0","0","0","0","0","0","0","0","0","0","0","0","0","0","0","0","0","0","0","0","0","0","0","0","0","0","0","0","0","0","0","0","0","0","0","0","0","0","0","0","0","0","0"
"0x71177230aeb0","      FFMA R10, R10, R158, R25","0","0","0","0","0","0","0","0","0","32","0","-","-","-","0","0","0","0","0","0","0","0","0","0","0","0","0","0","0","0","0","0","0","0","0","0","0","0","0","0","0","0","0","0","0","0","0","0","0","0","0","0","0","0","0","0","0","0"
"0x71177230aec0","      FMNMX R8, R8, R157, !PT","0","0","0","0","0","0","0","0","0","32","0","-","-","-","0","0","0","0","0","0","0","0","0","0","0","0","0","0","0","0","0","0","0","0","0","0","0","0","0","0","0","0","0","0","0","0","0","0","0","0","0","0","0","0","0","0","0","0"
"0x71177230aed0","      FFMA R26, R11, R158, R15","0","0","0","0","0","0","0","0","0","32","0","-","-","-","0","0","0","0","0","0","0","0","0","0","0","0","0","0","0","0","0","0","0","0","0","0","0","0","0","0","0","0","0","0","0","0","0","0","0","0","0","0","0","0","0","0","0","0"
"0x71177230aee0","      FMNMX R9, R22, R157, !PT","0","0","0","0","0","0","0","0","0","32","0","-","-","-","0","0","0","0","0","0","0","0","0","0","0","0","0","0","0","0","0","0","0","0","0","0","0","0","0","0","0","0","0","0","0","0","0","0","0","0","0","0","0","0","0","0","0","0"
"0x71177230aef0","      FMUL R27, R132, R162","0","0","0","0","0","0","0","0","0","32","0","-","-","-","0","0","0","0","0","0","0","0","0","0","0","0","0","0","0","0","0","0","0","0","0","0","0","0","0","0","0","0","0","0","0","0","0","0","0","0","0","0","0","0","0","0","0","0"
"0x71177230af00","      FMNMX R10, R10, R157, !PT","0","0","0","0","0","0","0","0","0","32","0","-","-","-","0","0","0","0","0","0","0","0","0","0","0","0","0","0","0","0","0","0","0","0","0","0","0","0","0","0","0","0","0","0","0","0","0","0","0","0","0","0","0","0","0","0","0","0"
"0x71177230af10","      FMUL R22, R133, R162","0","0","0","0","0","0","0","0","0","32","0","-","-","-","0","0","0","0","0","0","0","0","0","0","0","0","0","0","0","0","0","0","0","0","0","0","0","0","0","0","0","0","0","0","0","0","0","0","0","0","0","0","0","0","0","0","0","0"
"0x71177230af20","      FMNMX R11, R26, R157, !PT","0","0","0","0","0","0","0","0","0","32","0","-","-","-","0","0","0","0","0","0","0","0","0","0","0","0","0","0","0","0","0","0","0","0","0","0","0","0","0","0","0","0","0","0","0","0","0","0","0","0","0","0","0","0","0","0","0","0"
"0x71177230af30","      FMUL R25, R134, R162","0","0","0","0","0","0","0","0","0","32","0","-","-","-","0","0","0","0","0","0","0","0","0","0","0","0","0","0","0","0","0","0","0","0","0","0","0","0","0","0","0","0","0","0","0","0","0","0","0","0","0","0","0","0","0","0","0","0"
"0x71177230af40","      FMUL R15, R135, R162","0","0","0","0","0","0","0","0","0","32","0","-","-","-","0","0","0","0","0","0","0","0","0","0","0","0","0","0","0","0","0","0","0","0","0","0","0","0","0","0","0","0","0","0","0","0","0","0","0","0","0","0","0","0","0","0","0","0"
"0x71177230af50","@P3   STG.E.128 [R20.64+UR8], R8","0","0","0","0","0","0","0","0","0","32","0","","","","0","0","0","0","0","0","0","0","0","0","0","0","0","0","0","0","0","0","0","0","0","0","0","0","0","0","0","0","0","0","0","0","0","0","0","0","0","0","0","0","0","0","0","0"
"0x71177230af60","      ISETP.NE.AND P3, PT, R24, RZ, PT","0","0","0","0","0","0","0","0","0","32","0","-","-","-","0","0","0","0","0","0","0","0","0","0","0","0","0","0","0","0","0","0","0","0","0","0","0","0","0","0","0","0","0","0","0","0","0","0","0","0","0","0","0","0","0","0","0","0"
"0x71177230af70","      FFMA R4, R4, R158, R27","0","0","0","0","0","0","0","0","0","32","0","-","-","-","0","0","0","0","0","0","0","0","0","0","0","0","0","0","0","0","0","0","0","0","0","0","0","0","0","0","0","0","0","0","0","0","0","0","0","0","0","0","0","0","0","0","0","0"
"0x71177230af80","      FFMA R22, R5, R158, R22","0","0","0","0","0","0","0","0","0","32","0","-","-","-","0","0","0","0","0","0","0","0","0","0","0","0","0","0","0","0","0","0","0","0","0","0","0","0","0","0","0","0","0","0","0","0","0","0","0","0","0","0","0","0","0","0","0","0"
"0x71177230af90","      FFMA R6, R6, R158, R25","0","0","0","0","0","0","0","0","0","32","0","-","-","-","0","0","0","0","0","0","0","0","0","0","0","0","0","0","0","0","0","0","0","0","0","0","0","0","0","0","0","0","0","0","0","0","0","0","0","0","0","0","0","0","0","0","0","0"
"0x71177230afa0","      FMNMX R4, R4, R157, !PT","0","0","0","0","0","0","0","0","0","32","0","-","-","-","0","0","0","0","0","0","0","0","0","0","0","0","0","0","0","0","0","0","0","0","0","0","0","0","0","0","0","0","0","0","0","0","0","0","0","0","0","0","0","0","0","0","0","0"
"0x71177230afb0","      FFMA R24, R7, R158, R15","0","0","0","0","0","0","0","0","0","32","0","-","-","-","0","0","0","0","0","0","0","0","0","0","0","0","0","0","0","0","0","0","0","0","0","0","0","0","0","0","0","0","0","0","0","0","0","0","0","0","0","0","0","0","0","0","0","0"
"0x71177230afc0","      FMNMX R5, R22, R157, !PT","0","0","0","0","0","0","0","0","0","32","0","-","-","-","0","0","0","0","0","0","0","0","0","0","0","0","0","0","0","0","0","0","0","0","0","0","0","0","0","0","0","0","0","0","0","0","0","0","0","0","0","0","0","0","0","0","0","0"
"0x71177230afd0","      FMNMX R6, R6, R157, !PT","0","0","0","0","0","0","0","0","0","32","0","-","-","-","0","0","0","0","0","0","0","0","0","0","0","0","0","0","0","0","0","0","0","0","0","0","0","0","0","0","0","0","0","0","0","0","0","0","0","0","0","0","0","0","0","0","0","0"
"0x71177230afe0","      FMNMX R7, R24, R157, !PT","0","0","0","0","0","0","0","0","0","32","0","-","-","-","0","0","0","0","0","0","0","0","0","0","0","0","0","0","0","0","0","0","0","0","0","0","0","0","0","0","0","0","0","0","0","0","0","0","0","0","0","0","0","0","0","0","0","0"
"0x71177230aff0","      IADD3 R24, R156, 0x28, RZ","0","0","0","0","0","0","0","0","0","32","0","-","-","-","0","0","0","0","0","0","0","0","0","0","0","0","0","0","0","0","0","0","0","0","0","0","0","0","0","0","0","0","0","0","0","0","0","0","0","0","0","0","0","0","0","0","0","0"
"0x71177230b000","@P4   STG.E.128 [R20.64+UR4], R4","0","0","0","0","0","0","0","0","0","32","0","","","","0","0","0","0","0","0","0","0","0","0","0","0","0","0","0","0","0","0","0","0","0","0","0","0","0","0","0","0","0","0","0","0","0","0","0","0","0","0","0","0","0","0","0","0"
"0x71177230b010","      ISETP.LT.AND P4, PT, R24, c[0x0][0x160], P3","0","0","0","0","0","0","0","0","0","32","0","-","-","-","0","0","0","0","0","0","0","0","0","0","0","0","0","0","0","0","0","0","0","0","0","0","0","0","0","0","0","0","0","0","0","0","0","0","0","0","0","0","0","0","0","0","0","0"
"0x71177230b020","@P4   LDG.E.LTC128B.128 R144, [R12]","0","0","0","0","0","0","0","0","0","32","0","","","","0","0","0","0","0","0","0","0","0","0","0","0","0","0","0","0","0","0","0","0","0","0","0","0","0","0","0","0","0","0","0","0","0","0","0","0","0","0","0","0","0","0","0","0"
"0x71177230b030","      P2R R21, PR, RZ, 0x8","0","0","0","0","0","0","0","0","0","32","0","-","-","-","0","0","0","0","0","0","0","0","0","0","0","0","0","0","0","0","0","0","0","0","0","0","0","0","0","0","0","0","0","0","0","0","0","0","0","0","0","0","0","0","0","0","0","0"
"0x71177230b040","      ISETP.LT.AND P3, PT, R24, c[0x0][0x160], P2","0","0","0","0","0","0","0","0","0","32","0","-","-","-","0","0","0","0","0","0","0","0","0","0","0","0","0","0","0","0","0","0","0","0","0","0","0","0","0","0","0","0","0","0","0","0","0","0","0","0","0","0","0","0","0","0","0","0"
"0x71177230b050","@P3   LDG.E.LTC128B.128 R140, [R16.64+UR16]","0","0","0","0","0","0","0","0","0","32","0","","","","0","0","0","0","0","0","0","0","0","0","0","0","0","0","0","0","0","0","0","0","0","0","0","0","0","0","0","0","0","0","0","0","0","0","0","0","0","0","0","0","0","0","0","0"
"0x71177230b060","      ISETP.LT.AND P3, PT, R24, c[0x0][0x160], P1","0","0","0","0","0","0","0","0","0","32","0","-","-","-","0","0","0","0","0","0","0","0","0","0","0","0","0","0","0","0","0","0","0","0","0","0","0","0","0","0","0","0","0","0","0","0","0","0","0","0","0","0","0","0","0","0","0","0"
"0x71177230b070","      P2R R20, PR, RZ, 0x2","0","0","0","0","0","0","0","0","0","32","0","-","-","-","0","0","0","0","0","0","0","0","0","0","0","0","0","0","0","0","0","0","0","0","0","0","0","0","0","0","0","0","0","0","0","0","0","0","0","0","0","0","0","0","0","0","0","0"
"0x71177230b080","      ISETP.LT.AND P1, PT, R24, c[0x0][0x160], P0","0","0","0","0","0","0","0","0","0","32","0","-","-","-","0","0","0","0","0","0","0","0","0","0","0","0","0","0","0","0","0","0","0","0","0","0","0","0","0","0","0","0","0","0","0","0","0","0","0","0","0","0","0","0","0","0","0","0"
"0x71177230b090","@P3   LDG.E.LTC128B.128 R136, [R16.64+UR14]","0","0","0","0","0","0","0","0","0","32","0","","","","0","0","0","0","0","0","0","0","0","0","0","0","0","0","0","0","0","0","0","0","0","0","0","0","0","0","0","0","0","0","0","0","0","0","0","0","0","0","0","0","0","0","0","0"
"0x71177230b0a0","@P1   LDG.E.LTC128B.128 R132, [R16.64+UR12]","0","0","0","0","0","0","0","0","0","32","0","","","","0","0","0","0","0","0","0","0","0","0","0","0","0","0","0","0","0","0","0","0","0","0","0","0","0","0","0","0","0","0","0","0","0","0","0","0","0","0","0","0","0","0","0","0"
"0x71177230b0b0","      BAR.SYNC.DEFER_BLOCKING 0x0","0","0","0","0","0","0","0","0","0","32","0","-","-","-","0","0","0","0","0","0","0","0","0","0","0","0","0","0","0","0","0","0","0","0","0","0","0","0","0","0","0","0","0","0","0","0","0","0","0","0","0","0","0","0","0","0","0","0"
"0x71177230b0c0","      STS.64 [R2.X8], R70","0","0","0","0","0","0","0","0","0","32","0","","","","0","0","0","0","0","0","0","0","0","0","0","0","0","0","0","0","0","0","0","0","0","0","0","0","0","0","0","0","0","0","0","0","0","0","0","0","0","0","0","0","0","0","0","0"
"0x71177230b0d0","      STS.64 [R2.X8+0x20], R74","0","0","0","0","0","0","0","0","0","32","0","","","","0","0","0","0","0","0","0","0","0","0","0","0","0","0","0","0","0","0","0","0","0","0","0","0","0","0","0","0","0","0","0","0","0","0","0","0","0","0","0","0","0","0","0","0"
"0x71177230b0e0","      STS.64 [R2.X8+0x40], R78","0","0","0","0","0","0","0","0","0","32","0","","","","0","0","0","0","0","0","0","0","0","0","0","0","0","0","0","0","0","0","0","0","0","0","0","0","0","0","0","0","0","0","0","0","0","0","0","0","0","0","0","0","0","0","0","0"
"0x71177230b0f0","      STS.64 [R2.X8+0x60], R82","0","0","0","0","0","0","0","0","0","32","0","","","","0","0","0","0","0","0","0","0","0","0","0","0","0","0","0","0","0","0","0","0","0","0","0","0","0","0","0","0","0","0","0","0","0","0","0","0","0","0","0","0","0","0","0","0"
"0x71177230b100","      STS.64 [R2.X8+0x80], R86","0","0","0","0","0","0","0","0","0","32","0","","","","0","0","0","0","0","0","0","0","0","0","0","0","0","0","0","0","0","0","0","0","0","0","0","0","0","0","0","0","0","0","0","0","0","0","0","0","0","0","0","0","0","0","0","0"
"0x71177230b110","      STS.64 [R2.X8+0xa0], R90","0","0","0","0","0","0","0","0","0","32","0","","","","0","0","0","0","0","0","0","0","0","0","0","0","0","0","0","0","0","0","0","0","0","0","0","0","0","0","0","0","0","0","0","0","0","0","0","0","0","0","0","0","0","0","0","0"
"0x71177230b120","      STS.64 [R2.X8+0xc0], R94","0","0","0","0","0","0","0","0","0","32","0","","","","0","0","0","0","0","0","0","0","0","0","0","0","0","0","0","0","0","0","0","0","0","0","0","0","0","0","0","0","0","0","0","0","0","0","0","0","0","0","0","0","0","0","0","0"
"0x71177230b130","      STS.64 [R2.X8+0xe0], R98","0","0","0","0","0","0","0","0","0","32","0","","","","0","0","0","0","0","0","0","0","0","0","0","0","0","0","0","0","0","0","0","0","0","0","0","0","0","0","0","0","0","0","0","0","0","0","0","0","0","0","0","0","0","0","0","0"
"0x71177230b140","      BAR.SYNC.DEFER_BLOCKING 0x0","0","0","0","0","0","0","0","0","0","32","0","-","-","-","0","0","0","0","0","0","0","0","0","0","0","0","0","0","0","0","0","0","0","0","0","0","0","0","0","0","0","0","0","0","0","0","0","0","0","0","0","0","0","0","0","0","0","0"
"0x71177230b150","      LDS.128 R4, [R3]","0","0","0","0","0","0","0","0","0","32","0","","","","0","0","0","0","0","0","0","0","0","0","0","0","0","0","0","0","0","0","0","0","0","0","0","0","0","0","0","0","0","0","0","0","0","0","0","0","0","0","0","0","0","0","0","0"
"0x71177230b160","      IADD3 R22, P1, R18, c[0x0][0x238], RZ","0","0","0","0","0","0","0","0","0","32","0","-","-","-","0","0","0","0","0","0","0","0","0","0","0","0","0","0","0","0","0","0","0","0","0","0","0","0","0","0","0","0","0","0","0","0","0","0","0","0","0","0","0","0","0","0","0","0"
"0x71177230b170","      ISETP.NE.AND P4, PT, R14, RZ, PT","0","0","0","0","0","0","0","0","0","32","0","-","-","-","0","0","0","0","0","0","0","0","0","0","0","0","0","0","0","0","0","0","0","0","0","0","0","0","0","0","0","0","0","0","0","0","0","0","0","0","0","0","0","0","0","0","0","0"
"0x71177230b180","      IADD3.X R23, R19, c[0x0][0x23c], RZ, P1, !PT","0","0","0","0","0","0","0","0","0","32","0","-","-","-","0","0","0","0","0","0","0","0","0","0","0","0","0","0","0","0","0","0","0","0","0","0","0","0","0","0","0","0","0","0","0","0","0","0","0","0","0","0","0","0","0","0","0","0"
"0x71177230b190","      IADD3 R14, P1, R12, UR6, RZ","0","0","0","0","0","0","0","0","0","32","0","-","-","-","0","0","0","0","0","0","0","0","0","0","0","0","0","0","0","0","0","0","0","0","0","0","0","0","0","0","0","0","0","0","0","0","0","0","0","0","0","0","0","0","0","0","0","0"
"0x71177230b1a0","      IADD3.X R15, R13, UR7, RZ, P1, !PT","0","0","0","0","0","0","0","0","0","32","0","-","-","-","0","0","0","0","0","0","0","0","0","0","0","0","0","0","0","0","0","0","0","0","0","0","0","0","0","0","0","0","0","0","0","0","0","0","0","0","0","0","0","0","0","0","0","0"
"0x71177230b1b0","      ISETP.LT.AND P1, PT, R24, c[0x0][0x160], P4","0","0","0","0","0","0","0","0","0","32","0","-","-","-","0","0","0","0","0","0","0","0","0","0","0","0","0","0","0","0","0","0","0","0","0","0","0","0","0","0","0","0","0","0","0","0","0","0","0","0","0","0","0","0","0","0","0","0"
"0x71177230b1c0","      ISETP.LT.AND P3, PT, R24, c[0x0][0x160], P5","0","0","0","0","0","0","0","0","0","32","0","-","-","-","0","0","0","0","0","0","0","0","0","0","0","0","0","0","0","0","0","0","0","0","0","0","0","0","0","0","0","0","0","0","0","0","0","0","0","0","0","0","0","0","0","0","0","0"
"0x71177230b1d0","      FMUL R10, R145, R162","0","0","0","0","0","0","0","0","0","32","0","-","-","-","0","0","0","0","0","0","0","0","0","0","0","0","0","0","0","0","0","0","0","0","0","0","0","0","0","0","0","0","0","0","0","0","0","0","0","0","0","0","0","0","0","0","0","0"
"0x71177230b1e0","      FMUL R11, R144, R162","0","0","0","0","0","0","0","0","0","32","0","-","-","-","0","0","0","0","0","0","0","0","0","0","0","0","0","0","0","0","0","0","0","0","0","0","0","0","0","0","0","0","0","0","0","0","0","0","0","0","0","0","0","0","0","0","0","0"
"0x71177230b1f0","      FMUL R9, R146, R162","0","0","0","0","0","0","0","0","0","32","0","-","-","-","0","0","0","0","0","0","0","0","0","0","0","0","0","0","0","0","0","0","0","0","0","0","0","0","0","0","0","0","0","0","0","0","0","0","0","0","0","0","0","0","0","0","0","0"
"0x71177230b200","      FFMA R10, R5, R158, R10","0","0","0","0","0","0","0","0","0","32","0","-","-","-","0","0","0","0","0","0","0","0","0","0","0","0","0","0","0","0","0","0","0","0","0","0","0","0","0","0","0","0","0","0","0","0","0","0","0","0","0","0","0","0","0","0","0","0"
"0x71177230b210","      FMUL R8, R147, R162","0","0","0","0","0","0","0","0","0","32","0","-","-","-","0","0","0","0","0","0","0","0","0","0","0","0","0","0","0","0","0","0","0","0","0","0","0","0","0","0","0","0","0","0","0","0","0","0","0","0","0","0","0","0","0","0","0","0"
"0x71177230b220","      FFMA R4, R4, R158, R11","0","0","0","0","0","0","0","0","0","32","0","-","-","-","0","0","0","0","0","0","0","0","0","0","0","0","0","0","0","0","0","0","0","0","0","0","0","0","0","0","0","0","0","0","0","0","0","0","0","0","0","0","0","0","0","0","0","0"
"0x71177230b230","      FFMA R6, R6, R158, R9","0","0","0","0","0","0","0","0","0","32","0","-","-","-","0","0","0","0","0","0","0","0","0","0","0","0","0","0","0","0","0","0","0","0","0","0","0","0","0","0","0","0","0","0","0","0","0","0","0","0","0","0","0","0","0","0","0","0"
"0x71177230b240","      FMNMX R9, R10, R157, !PT","0","0","0","0","0","0","0","0","0","32","0","-","-","-","0","0","0","0","0","0","0","0","0","0","0","0","0","0","0","0","0","0","0","0","0","0","0","0","0","0","0","0","0","0","0","0","0","0","0","0","0","0","0","0","0","0","0","0"
"0x71177230b250","      FFMA R16, R7, R158, R8","0","0","0","0","0","0","0","0","0","32","0","-","-","-","0","0","0","0","0","0","0","0","0","0","0","0","0","0","0","0","0","0","0","0","0","0","0","0","0","0","0","0","0","0","0","0","0","0","0","0","0","0","0","0","0","0","0","0"
"0x71177230b260","      FMNMX R8, R4, R157, !PT","0","0","0","0","0","0","0","0","0","32","0","-","-","-","0","0","0","0","0","0","0","0","0","0","0","0","0","0","0","0","0","0","0","0","0","0","0","0","0","0","0","0","0","0","0","0","0","0","0","0","0","0","0","0","0","0","0","0"
"0x71177230b270","      FMNMX R10, R6, R157, !PT","0","0","0","0","0","0","0","0","0","32","0","-","-","-","0","0","0","0","0","0","0","0","0","0","0","0","0","0","0","0","0","0","0","0","0","0","0","0","0","0","0","0","0","0","0","0","0","0","0","0","0","0","0","0","0","0","0","0"
"0x71177230b280","      LDS.128 R4, [R3+0x100]","0","0","0","0","0","0","0","0","0","32","0","","","","0","0","0","0","0","0","0","0","0","0","0","0","0","0","0","0","0","0","0","0","0","0","0","0","0","0","0","0","0","0","0","0","0","0","0","0","0","0","0","0","0","0","0","0"
"0x71177230b290","      FMNMX R11, R16, R157, !PT","0","0","0","0","0","0","0","0","0","32","0","-","-","-","0","0","0","0","0","0","0","0","0","0","0","0","0","0","0","0","0","0","0","0","0","0","0","0","0","0","0","0","0","0","0","0","0","0","0","0","0","0","0","0","0","0","0","0"
"0x71177230b2a0","@P1   STG.E.128 [R22], R8","0","0","0","0","0","0","0","0","0","32","0","","","","0","0","0","0","0","0","0","0","0","0","0","0","0","0","0","0","0","0","0","0","0","0","0","0","0","0","0","0","0","0","0","0","0","0","0","0","0","0","0","0","0","0","0","0"
"0x71177230b2b0","      LDS.128 R8, [R3+0x200]","0","0","0","0","0","0","0","0","0","32","0","","","","0","0","0","0","0","0","0","0","0","0","0","0","0","0","0","0","0","0","0","0","0","0","0","0","0","0","0","0","0","0","0","0","0","0","0","0","0","0","0","0","0","0","0","0"
"0x71177230b2c0","      FMUL R27, R140, R162","0","0","0","0","0","0","0","0","0","32","0","-","-","-","0","0","0","0","0","0","0","0","0","0","0","0","0","0","0","0","0","0","0","0","0","0","0","0","0","0","0","0","0","0","0","0","0","0","0","0","0","0","0","0","0","0","0","0"
"0x71177230b2d0","      FMUL R25, R141, R162","0","0","0","0","0","0","0","0","0","32","0","-","-","-","0","0","0","0","0","0","0","0","0","0","0","0","0","0","0","0","0","0","0","0","0","0","0","0","0","0","0","0","0","0","0","0","0","0","0","0","0","0","0","0","0","0","0","0"
"0x71177230b2e0","      FMUL R17, R142, R162","0","0","0","0","0","0","0","0","0","32","0","-","-","-","0","0","0","0","0","0","0","0","0","0","0","0","0","0","0","0","0","0","0","0","0","0","0","0","0","0","0","0","0","0","0","0","0","0","0","0","0","0","0","0","0","0","0","0"
"0x71177230b2f0","      FMUL R16, R143, R162","0","0","0","0","0","0","0","0","0","32","0","-","-","-","0","0","0","0","0","0","0","0","0","0","0","0","0","0","0","0","0","0","0","0","0","0","0","0","0","0","0","0","0","0","0","0","0","0","0","0","0","0","0","0","0","0","0","0"
"0x71177230b300","      FFMA R4, R4, R158, R27","0","0","0","0","0","0","0","0","0","32","0","-","-","-","0","0","0","0","0","0","0","0","0","0","0","0","0","0","0","0","0","0","0","0","0","0","0","0","0","0","0","0","0","0","0","0","0","0","0","0","0","0","0","0","0","0","0","0"
"0x71177230b310","      FFMA R26, R5, R158, R25","0","0","0","0","0","0","0","0","0","32","0","-","-","-","0","0","0","0","0","0","0","0","0","0","0","0","0","0","0","0","0","0","0","0","0","0","0","0","0","0","0","0","0","0","0","0","0","0","0","0","0","0","0","0","0","0","0","0"
"0x71177230b320","      FFMA R6, R6, R158, R17","0","0","0","0","0","0","0","0","0","32","0","-","-","-","0","0","0","0","0","0","0","0","0","0","0","0","0","0","0","0","0","0","0","0","0","0","0","0","0","0","0","0","0","0","0","0","0","0","0","0","0","0","0","0","0","0","0","0"
"0x71177230b330","      FFMA R16, R7, R158, R16","0","0","0","0","0","0","0","0","0","32","0","-","-","-","0","0","0","0","0","0","0","0","0","0","0","0","0","0","0","0","0","0","0","0","0","0","0","0","0","0","0","0","0","0","0","0","0","0","0","0","0","0","0","0","0","0","0","0"
"0x71177230b340","      FMNMX R4, R4, R157, !PT","0","0","0","0","0","0","0","0","0","32","0","-","-","-","0","0","0","0","0","0","0","0","0","0","0","0","0","0","0","0","0","0","0","0","0","0","0","0","0","0","0","0","0","0","0","0","0","0","0","0","0","0","0","0","0","0","0","0"
"0x71177230b350","      FMNMX R5, R26, R157, !PT","0","0","0","0","0","0","0","0","0","32","0","-","-","-","0","0","0","0","0","0","0","0","0","0","0","0","0","0","0","0","0","0","0","0","0","0","0","0","0","0","0","0","0","0","0","0","0","0","0","0","0","0","0","0","0","0","0","0"
"0x71177230b360","      FMNMX R6, R6, R157, !PT","0","0","0","0","0","0","0","0","0","32","0","-","-","-","0","0","0","0","0","0","0","0","0","0","0","0","0","0","0","0","0","0","0","0","0","0","0","0","0","0","0","0","0","0","0","0","0","0","0","0","0","0","0","0","0","0","0","0"
"0x71177230b370","      FMNMX R7, R16, R157, !PT","0","0","0","0","0","0","0","0","0","32","0","-","-","-","0","0","0","0","0","0","0","0","0","0","0","0","0","0","0","0","0","0","0","0","0","0","0","0","0","0","0","0","0","0","0","0","0","0","0","0","0","0","0","0","0","0","0","0"
"0x71177230b380","@P3   STG.E.128 [R18.64+UR10], R4","0","0","0","0","0","0","0","0","0","32","0","","","","0","0","0","0","0","0","0","0","0","0","0","0","0","0","0","0","0","0","0","0","0","0","0","0","0","0","0","0","0","0","0","0","0","0","0","0","0","0","0","0","0","0","0","0"
"0x71177230b390","      LDS.128 R4, [R3+0x300]","0","0","0","0","0","0","0","0","0","32","0","","","","0","0","0","0","0","0","0","0","0","0","0","0","0","0","0","0","0","0","0","0","0","0","0","0","0","0","0","0","0","0","0","0","0","0","0","0","0","0","0","0","0","0","0","0"
"0x71177230b3a0","      FMUL R27, R136, R162","0","0","0","0","0","0","0","0","0","32","0","-","-","-","0","0","0","0","0","0","0","0","0","0","0","0","0","0","0","0","0","0","0","0","0","0","0","0","0","0","0","0","0","0","0","0","0","0","0","0","0","0","0","0","0","0","0","0"
"0x71177230b3b0","      ISETP.LT.AND P3, PT, R24, c[0x0][0x160], P6","0","0","0","0","0","0","0","0","0","32","0","-","-","-","0","0","0","0","0","0","0","0","0","0","0","0","0","0","0","0","0","0","0","0","0","0","0","0","0","0","0","0","0","0","0","0","0","0","0","0","0","0","0","0","0","0","0","0"
"0x71177230b3c0","      FMUL R25, R137, R162","0","0","0","0","0","0","0","0","0","32","0","-","-","-","0","0","0","0","0","0","0","0","0","0","0","0","0","0","0","0","0","0","0","0","0","0","0","0","0","0","0","0","0","0","0","0","0","0","0","0","0","0","0","0","0","0","0","0"
"0x71177230b3d0","      FMUL R17, R138, R162","0","0","0","0","0","0","0","0","0","32","0","-","-","-","0","0","0","0","0","0","0","0","0","0","0","0","0","0","0","0","0","0","0","0","0","0","0","0","0","0","0","0","0","0","0","0","0","0","0","0","0","0","0","0","0","0","0","0"
"0x71177230b3e0","      FMUL R16, R139, R162","0","0","0","0","0","0","0","0","0","32","0","-","-","-","0","0","0","0","0","0","0","0","0","0","0","0","0","0","0","0","0","0","0","0","0","0","0","0","0","0","0","0","0","0","0","0","0","0","0","0","0","0","0","0","0","0","0","0"
"0x71177230b3f0","      FFMA R8, R8, R158, R27","0","0","0","0","0","0","0","0","0","32","0","-","-","-","0","0","0","0","0","0","0","0","0","0","0","0","0","0","0","0","0","0","0","0","0","0","0","0","0","0","0","0","0","0","0","0","0","0","0","0","0","0","0","0","0","0","0","0"
"0x71177230b400","      FFMA R26, R9, R158, R25","0","0","0","0","0","0","0","0","0","32","0","-","-","-","0","0","0","0","0","0","0","0","0","0","0","0","0","0","0","0","0","0","0","0","0","0","0","0","0","0","0","0","0","0","0","0","0","0","0","0","0","0","0","0","0","0","0","0"
"0x71177230b410","      FFMA R10, R10, R158, R17","0","0","0","0","0","0","0","0","0","32","0","-","-","-","0","0","0","0","0","0","0","0","0","0","0","0","0","0","0","0","0","0","0","0","0","0","0","0","0","0","0","0","0","0","0","0","0","0","0","0","0","0","0","0","0","0","0","0"
"0x71177230b420","      FFMA R16, R11, R158, R16","0","0","0","0","0","0","0","0","0","32","0","-","-","-","0","0","0","0","0","0","0","0","0","0","0","0","0","0","0","0","0","0","0","0","0","0","0","0","0","0","0","0","0","0","0","0","0","0","0","0","0","0","0","0","0","0","0","0"
"0x71177230b430","      FMNMX R8, R8, R157, !PT","0","0","0","0","0","0","0","0","0","32","0","-","-","-","0","0","0","0","0","0","0","0","0","0","0","0","0","0","0","0","0","0","0","0","0","0","0","0","0","0","0","0","0","0","0","0","0","0","0","0","0","0","0","0","0","0","0","0"
"0x71177230b440","      FMNMX R9, R26, R157, !PT","0","0","0","0","0","0","0","0","0","32","0","-","-","-","0","0","0","0","0","0","0","0","0","0","0","0","0","0","0","0","0","0","0","0","0","0","0","0","0","0","0","0","0","0","0","0","0","0","0","0","0","0","0","0","0","0","0","0"
"0x71177230b450","      FMNMX R10, R10, R157, !PT","0","0","0","0","0","0","0","0","0","32","0","-","-","-","0","0","0","0","0","0","0","0","0","0","0","0","0","0","0","0","0","0","0","0","0","0","0","0","0","0","0","0","0","0","0","0","0","0","0","0","0","0","0","0","0","0","0","0"
"0x71177230b460","      FMNMX R11, R16, R157, !PT","0","0","0","0","0","0","0","0","0","32","0","-","-","-","0","0","0","0","0","0","0","0","0","0","0","0","0","0","0","0","0","0","0","0","0","0","0","0","0","0","0","0","0","0","0","0","0","0","0","0","0","0","0","0","0","0","0","0"
"0x71177230b470","      ISETP.NE.AND P1, PT, R163, RZ, PT","0","0","0","0","0","0","0","0","0","32","0","-","-","-","0","0","0","0","0","0","0","0","0","0","0","0","0","0","0","0","0","0","0","0","0","0","0","0","0","0","0","0","0","0","0","0","0","0","0","0","0","0","0","0","0","0","0","0"
"0x71177230b480","      FMUL R25, R132, R162","0","0","0","0","0","0","0","0","0","32","0","-","-","-","0","0","0","0","0","0","0","0","0","0","0","0","0","0","0","0","0","0","0","0","0","0","0","0","0","0","0","0","0","0","0","0","0","0","0","0","0","0","0","0","0","0","0","0"
"0x71177230b490","@P3   STG.E.128 [R18.64+UR8], R8","0","0","0","0","0","0","0","0","0","32","0","","","","0","0","0","0","0","0","0","0","0","0","0","0","0","0","0","0","0","0","0","0","0","0","0","0","0","0","0","0","0","0","0","0","0","0","0","0","0","0","0","0","0","0","0","0"
"0x71177230b4a0","      ISETP.NE.AND P3, PT, R21, RZ, PT","0","0","0","0","0","0","0","0","0","32","0","-","-","-","0","0","0","0","0","0","0","0","0","0","0","0","0","0","0","0","0","0","0","0","0","0","0","0","0","0","0","0","0","0","0","0","0","0","0","0","0","0","0","0","0","0","0","0"
"0x71177230b4b0","      FMUL R21, R133, R162","0","0","0","0","0","0","0","0","0","32","0","-","-","-","0","0","0","0","0","0","0","0","0","0","0","0","0","0","0","0","0","0","0","0","0","0","0","0","0","0","0","0","0","0","0","0","0","0","0","0","0","0","0","0","0","0","0","0"
"0x71177230b4c0","      ISETP.LT.AND P1, PT, R24, c[0x0][0x160], P1","0","0","0","0","0","0","0","0","0","32","0","-","-","-","0","0","0","0","0","0","0","0","0","0","0","0","0","0","0","0","0","0","0","0","0","0","0","0","0","0","0","0","0","0","0","0","0","0","0","0","0","0","0","0","0","0","0","0"
"0x71177230b4d0","      FMUL R17, R134, R162","0","0","0","0","0","0","0","0","0","32","0","-","-","-","0","0","0","0","0","0","0","0","0","0","0","0","0","0","0","0","0","0","0","0","0","0","0","0","0","0","0","0","0","0","0","0","0","0","0","0","0","0","0","0","0","0","0","0"
"0x71177230b4e0","      FMUL R16, R135, R162","0","0","0","0","0","0","0","0","0","32","0","-","-","-","0","0","0","0","0","0","0","0","0","0","0","0","0","0","0","0","0","0","0","0","0","0","0","0","0","0","0","0","0","0","0","0","0","0","0","0","0","0","0","0","0","0","0","0"
"0x71177230b4f0","      FFMA R4, R4, R158, R25","0","0","0","0","0","0","0","0","0","32","0","-","-","-","0","0","0","0","0","0","0","0","0","0","0","0","0","0","0","0","0","0","0","0","0","0","0","0","0","0","0","0","0","0","0","0","0","0","0","0","0","0","0","0","0","0","0","0"
"0x71177230b500","      FFMA R26, R5, R158, R21","0","0","0","0","0","0","0","0","0","32","0","-","-","-","0","0","0","0","0","0","0","0","0","0","0","0","0","0","0","0","0","0","0","0","0","0","0","0","0","0","0","0","0","0","0","0","0","0","0","0","0","0","0","0","0","0","0","0"
"0x71177230b510","      FFMA R6, R6, R158, R17","0","0","0","0","0","0","0","0","0","32","0","-","-","-","0","0","0","0","0","0","0","0","0","0","0","0","0","0","0","0","0","0","0","0","0","0","0","0","0","0","0","0","0","0","0","0","0","0","0","0","0","0","0","0","0","0","0","0"
"0x71177230b520","      FFMA R16, R7, R158, R16","0","0","0","0","0","0","0","0","0","32","0","-","-","-","0","0","0","0","0","0","0","0","0","0","0","0","0","0","0","0","0","0","0","0","0","0","0","0","0","0","0","0","0","0","0","0","0","0","0","0","0","0","0","0","0","0","0","0"
"0x71177230b530","      FMNMX R4, R4, R157, !PT","0","0","0","0","0","0","0","0","0","32","0","-","-","-","0","0","0","0","0","0","0","0","0","0","0","0","0","0","0","0","0","0","0","0","0","0","0","0","0","0","0","0","0","0","0","0","0","0","0","0","0","0","0","0","0","0","0","0"
"0x71177230b540","      FMNMX R5, R26, R157, !PT","0","0","0","0","0","0","0","0","0","32","0","-","-","-","0","0","0","0","0","0","0","0","0","0","0","0","0","0","0","0","0","0","0","0","0","0","0","0","0","0","0","0","0","0","0","0","0","0","0","0","0","0","0","0","0","0","0","0"
"0x71177230b550","      FMNMX R6, R6, R157, !PT","0","0","0","0","0","0","0","0","0","32","0","-","-","-","0","0","0","0","0","0","0","0","0","0","0","0","0","0","0","0","0","0","0","0","0","0","0","0","0","0","0","0","0","0","0","0","0","0","0","0","0","0","0","0","0","0","0","0"
"0x71177230b560","      FMNMX R7, R16, R157, !PT","0","0","0","0","0","0","0","0","0","32","0","-","-","-","0","0","0","0","0","0","0","0","0","0","0","0","0","0","0","0","0","0","0","0","0","0","0","0","0","0","0","0","0","0","0","0","0","0","0","0","0","0","0","0","0","0","0","0"
"0x71177230b570","      IADD3 R16, R156, 0x30, RZ","0","0","0","0","0","0","0","0","0","32","0","-","-","-","0","0","0","0","0","0","0","0","0","0","0","0","0","0","0","0","0","0","0","0","0","0","0","0","0","0","0","0","0","0","0","0","0","0","0","0","0","0","0","0","0","0","0","0"
"0x71177230b580","@P1   STG.E.128 [R18.64+UR4], R4","0","0","0","0","0","0","0","0","0","32","0","","","","0","0","0","0","0","0","0","0","0","0","0","0","0","0","0","0","0","0","0","0","0","0","0","0","0","0","0","0","0","0","0","0","0","0","0","0","0","0","0","0","0","0","0","0"
"0x71177230b590","      ISETP.LT.AND P1, PT, R16, c[0x0][0x160], P3","0","0","0","0","0","0","0","0","0","32","0","-","-","-","0","0","0","0","0","0","0","0","0","0","0","0","0","0","0","0","0","0","0","0","0","0","0","0","0","0","0","0","0","0","0","0","0","0","0","0","0","0","0","0","0","0","0","0"
"0x71177230b5a0","@P1   LDG.E.LTC128B.128 R144, [R14]","0","0","0","0","0","0","0","0","0","32","0","","","","0","0","0","0","0","0","0","0","0","0","0","0","0","0","0","0","0","0","0","0","0","0","0","0","0","0","0","0","0","0","0","0","0","0","0","0","0","0","0","0","0","0","0","0"
"0x71177230b5b0","      P2R R17, PR, RZ, 0x8","0","0","0","0","0","0","0","0","0","32","0","-","-","-","0","0","0","0","0","0","0","0","0","0","0","0","0","0","0","0","0","0","0","0","0","0","0","0","0","0","0","0","0","0","0","0","0","0","0","0","0","0","0","0","0","0","0","0"
"0x71177230b5c0","      ISETP.LT.AND P3, PT, R16, c[0x0][0x160], P2","0","0","0","0","0","0","0","0","0","32","0","-","-","-","0","0","0","0","0","0","0","0","0","0","0","0","0","0","0","0","0","0","0","0","0","0","0","0","0","0","0","0","0","0","0","0","0","0","0","0","0","0","0","0","0","0","0","0"
"0x71177230b5d0","@P3   LDG.E.LTC128B.128 R140, [R12.64+UR16]","0","0","0","0","0","0","0","0","0","32","0","","","","0","0","0","0","0","0","0","0","0","0","0","0","0","0","0","0","0","0","0","0","0","0","0","0","0","0","0","0","0","0","0","0","0","0","0","0","0","0","0","0","0","0","0","0"
"0x71177230b5e0","      ISETP.NE.AND P1, PT, R20, RZ, PT","0","0","0","0","0","0","0","0","0","32","0","-","-","-","0","0","0","0","0","0","0","0","0","0","0","0","0","0","0","0","0","0","0","0","0","0","0","0","0","0","0","0","0","0","0","0","0","0","0","0","0","0","0","0","0","0","0","0"
"0x71177230b5f0","      P2R R18, PR, RZ, 0x4","0","0","0","0","0","0","0","0","0","32","0","-","-","-","0","0","0","0","0","0","0","0","0","0","0","0","0","0","0","0","0","0","0","0","0","0","0","0","0","0","0","0","0","0","0","0","0","0","0","0","0","0","0","0","0","0","0","0"
"0x71177230b600","      ISETP.LT.AND P2, PT, R16, c[0x0][0x160], P1","0","0","0","0","0","0","0","0","0","32","0","-","-","-","0","0","0","0","0","0","0","0","0","0","0","0","0","0","0","0","0","0","0","0","0","0","0","0","0","0","0","0","0","0","0","0","0","0","0","0","0","0","0","0","0","0","0","0"
"0x71177230b610","@P2   LDG.E.LTC128B.128 R136, [R12.64+UR14]","0","0","0","0","0","0","0","0","0","32","0","","","","0","0","0","0","0","0","0","0","0","0","0","0","0","0","0","0","0","0","0","0","0","0","0","0","0","0","0","0","0","0","0","0","0","0","0","0","0","0","0","0","0","0","0","0"
"0x71177230b620","      ISETP.LT.AND P2, PT, R16, c[0x0][0x160], P0","0","0","0","0","0","0","0","0","0","32","0","-","-","-","0","0","0","0","0","0","0","0","0","0","0","0","0","0","0","0","0","0","0","0","0","0","0","0","0","0","0","0","0","0","0","0","0","0","0","0","0","0","0","0","0","0","0","0"
"0x71177230b630","@P2   LDG.E.LTC128B.128 R132, [R12.64+UR12]","0","0","0","0","0","0","0","0","0","32","0","","","","0","0","0","0","0","0","0","0","0","0","0","0","0","0","0","0","0","0","0","0","0","0","0","0","0","0","0","0","0","0","0","0","0","0","0","0","0","0","0","0","0","0","0","0"
"0x71177230b640","      BAR.SYNC.DEFER_BLOCKING 0x0","0","0","0","0","0","0","0","0","0","32","0","-","-","-","0","0","0","0","0","0","0","0","0","0","0","0","0","0","0","0","0","0","0","0","0","0","0","0","0","0","0","0","0","0","0","0","0","0","0","0","0","0","0","0","0","0","0","0"
"0x71177230b650","      STS.64 [R2.X8], R128","0","0","0","0","0","0","0","0","0","32","0","","","","0","0","0","0","0","0","0","0","0","0","0","0","0","0","0","0","0","0","0","0","0","0","0","0","0","0","0","0","0","0","0","0","0","0","0","0","0","0","0","0","0","0","0","0"
"0x71177230b660","      STS.64 [R2.X8+0x20], R124","0","0","0","0","0","0","0","0","0","32","0","","","","0","0","0","0","0","0","0","0","0","0","0","0","0","0","0","0","0","0","0","0","0","0","0","0","0","0","0","0","0","0","0","0","0","0","0","0","0","0","0","0","0","0","0","0"
"0x71177230b670","      STS.64 [R2.X8+0x40], R120","0","0","0","0","0","0","0","0","0","32","0","","","","0","0","0","0","0","0","0","0","0","0","0","0","0","0","0","0","0","0","0","0","0","0","0","0","0","0","0","0","0","0","0","0","0","0","0","0","0","0","0","0","0","0","0","0"
"0x71177230b680","      STS.64 [R2.X8+0x60], R116","0","0","0","0","0","0","0","0","0","32","0","","","","0","0","0","0","0","0","0","0","0","0","0","0","0","0","0","0","0","0","0","0","0","0","0","0","0","0","0","0","0","0","0","0","0","0","0","0","0","0","0","0","0","0","0","0"
"0x71177230b690","      STS.64 [R2.X8+0x80], R112","0","0","0","0","0","0","0","0","0","32","0","","","","0","0","0","0","0","0","0","0","0","0","0","0","0","0","0","0","0","0","0","0","0","0","0","0","0","0","0","0","0","0","0","0","0","0","0","0","0","0","0","0","0","0","0","0"
"0x71177230b6a0","      STS.64 [R2.X8+0xa0], R108","0","0","0","0","0","0","0","0","0","32","0","","","","0","0","0","0","0","0","0","0","0","0","0","0","0","0","0","0","0","0","0","0","0","0","0","0","0","0","0","0","0","0","0","0","0","0","0","0","0","0","0","0","0","0","0","0"
"0x71177230b6b0","      STS.64 [R2.X8+0xc0], R104","0","0","0","0","0","0","0","0","0","32","0","","","","0","0","0","0","0","0","0","0","0","0","0","0","0","0","0","0","0","0","0","0","0","0","0","0","0","0","0","0","0","0","0","0","0","0","0","0","0","0","0","0","0","0","0","0"
"0x71177230b6c0","      STS.64 [R2.X8+0xe0], R100","0","0","0","0","0","0","0","0","0","32","0","","","","0","0","0","0","0","0","0","0","0","0","0","0","0","0","0","0","0","0","0","0","0","0","0","0","0","0","0","0","0","0","0","0","0","0","0","0","0","0","0","0","0","0","0","0"
"0x71177230b6d0","      BAR.SYNC.DEFER_BLOCKING 0x0","0","0","0","0","0","0","0","0","0","32","0","-","-","-","0","0","0","0","0","0","0","0","0","0","0","0","0","0","0","0","0","0","0","0","0","0","0","0","0","0","0","0","0","0","0","0","0","0","0","0","0","0","0","0","0","0","0","0"
"0x71177230b6e0","      LDS.128 R4, [R3]","0","0","0","0","0","0","0","0","0","32","0","","","","0","0","0","0","0","0","0","0","0","0","0","0","0","0","0","0","0","0","0","0","0","0","0","0","0","0","0","0","0","0","0","0","0","0","0","0","0","0","0","0","0","0","0","0"
"0x71177230b6f0","      IADD3 R20, P2, R22, c[0x0][0x238], RZ","0","0","0","0","0","0","0","0","0","32","0","-","-","-","0","0","0","0","0","0","0","0","0","0","0","0","0","0","0","0","0","0","0","0","0","0","0","0","0","0","0","0","0","0","0","0","0","0","0","0","0","0","0","0","0","0","0","0"
"0x71177230b700","      IADD3.X R21, R23, c[0x0][0x23c], RZ, P2, !PT","0","0","0","0","0","0","0","0","0","32","0","-","-","-","0","0","0","0","0","0","0","0","0","0","0","0","0","0","0","0","0","0","0","0","0","0","0","0","0","0","0","0","0","0","0","0","0","0","0","0","0","0","0","0","0","0","0","0"
"0x71177230b710","      ISETP.LT.AND P2, PT, R16, c[0x0][0x160], P4","0","0","0","0","0","0","0","0","0","32","0","-","-","-","0","0","0","0","0","0","0","0","0","0","0","0","0","0","0","0","0","0","0","0","0","0","0","0","0","0","0","0","0","0","0","0","0","0","0","0","0","0","0","0","0","0","0","0"
"0x71177230b720","      ISETP.NE.AND P3, PT, R163, RZ, PT","0","0","0","0","0","0","0","0","0","32","0","-","-","-","0","0","0","0","0","0","0","0","0","0","0","0","0","0","0","0","0","0","0","0","0","0","0","0","0","0","0","0","0","0","0","0","0","0","0","0","0","0","0","0","0","0","0","0"
"0x71177230b730","      ISETP.LT.AND P3, PT, R16, c[0x0][0x160], P3","0","0","0","0","0","0","0","0","0","32","0","-","-","-","0","0","0","0","0","0","0","0","0","0","0","0","0","0","0","0","0","0","0","0","0","0","0","0","0","0","0","0","0","0","0","0","0","0","0","0","0","0","0","0","0","0","0","0"
"0x71177230b740","      IADD3 R156, R156, 0x38, RZ","0","0","0","0","0","0","0","0","0","32","0","-","-","-","0","0","0","0","0","0","0","0","0","0","0","0","0","0","0","0","0","0","0","0","0","0","0","0","0","0","0","0","0","0","0","0","0","0","0","0","0","0","0","0","0","0","0","0"
"0x71177230b750","      FMUL R10, R145, R162","0","0","0","0","0","0","0","0","0","32","0","-","-","-","0","0","0","0","0","0","0","0","0","0","0","0","0","0","0","0","0","0","0","0","0","0","0","0","0","0","0","0","0","0","0","0","0","0","0","0","0","0","0","0","0","0","0","0"
"0x71177230b760","      FMUL R11, R144, R162","0","0","0","0","0","0","0","0","0","32","0","-","-","-","0","0","0","0","0","0","0","0","0","0","0","0","0","0","0","0","0","0","0","0","0","0","0","0","0","0","0","0","0","0","0","0","0","0","0","0","0","0","0","0","0","0","0","0"
"0x71177230b770","      FMUL R9, R146, R162","0","0","0","0","0","0","0","0","0","32","0","-","-","-","0","0","0","0","0","0","0","0","0","0","0","0","0","0","0","0","0","0","0","0","0","0","0","0","0","0","0","0","0","0","0","0","0","0","0","0","0","0","0","0","0","0","0","0"
"0x71177230b780","      FFMA R10, R5, R158, R10","0","0","0","0","0","0","0","0","0","32","0","-","-","-","0","0","0","0","0","0","0","0","0","0","0","0","0","0","0","0","0","0","0","0","0","0","0","0","0","0","0","0","0","0","0","0","0","0","0","0","0","0","0","0","0","0","0","0"
"0x71177230b790","      FMUL R8, R147, R162","0","0","0","0","0","0","0","0","0","32","0","-","-","-","0","0","0","0","0","0","0","0","0","0","0","0","0","0","0","0","0","0","0","0","0","0","0","0","0","0","0","0","0","0","0","0","0","0","0","0","0","0","0","0","0","0","0","0"
"0x71177230b7a0","      FFMA R4, R4, R158, R11","0","0","0","0","0","0","0","0","0","32","0","-","-","-","0","0","0","0","0","0","0","0","0","0","0","0","0","0","0","0","0","0","0","0","0","0","0","0","0","0","0","0","0","0","0","0","0","0","0","0","0","0","0","0","0","0","0","0"
"0x71177230b7b0","      FFMA R6, R6, R158, R9","0","0","0","0","0","0","0","0","0","32","0","-","-","-","0","0","0","0","0","0","0","0","0","0","0","0","0","0","0","0","0","0","0","0","0","0","0","0","0","0","0","0","0","0","0","0","0","0","0","0","0","0","0","0","0","0","0","0"
"0x71177230b7c0","      FMNMX R9, R10, R157, !PT","0","0","0","0","0","0","0","0","0","32","0","-","-","-","0","0","0","0","0","0","0","0","0","0","0","0","0","0","0","0","0","0","0","0","0","0","0","0","0","0","0","0","0","0","0","0","0","0","0","0","0","0","0","0","0","0","0","0"
"0x71177230b7d0","      FFMA R12, R7, R158, R8","0","0","0","0","0","0","0","0","0","32","0","-","-","-","0","0","0","0","0","0","0","0","0","0","0","0","0","0","0","0","0","0","0","0","0","0","0","0","0","0","0","0","0","0","0","0","0","0","0","0","0","0","0","0","0","0","0","0"
"0x71177230b7e0","      FMNMX R8, R4, R157, !PT","0","0","0","0","0","0","0","0","0","32","0","-","-","-","0","0","0","0","0","0","0","0","0","0","0","0","0","0","0","0","0","0","0","0","0","0","0","0","0","0","0","0","0","0","0","0","0","0","0","0","0","0","0","0","0","0","0","0"
"0x71177230b7f0","      FMNMX R10, R6, R157, !PT","0","0","0","0","0","0","0","0","0","32","0","-","-","-","0","0","0","0","0","0","0","0","0","0","0","0","0","0","0","0","0","0","0","0","0","0","0","0","0","0","0","0","0","0","0","0","0","0","0","0","0","0","0","0","0","0","0","0"
"0x71177230b800","      LDS.128 R4, [R3+0x100]","0","0","0","0","0","0","0","0","0","32","0","","","","0","0","0","0","0","0","0","0","0","0","0","0","0","0","0","0","0","0","0","0","0","0","0","0","0","0","0","0","0","0","0","0","0","0","0","0","0","0","0","0","0","0","0","0"
"0x71177230b810","      FMNMX R11, R12, R157, !PT","0","0","0","0","0","0","0","0","0","32","0","-","-","-","0","0","0","0","0","0","0","0","0","0","0","0","0","0","0","0","0","0","0","0","0","0","0","0","0","0","0","0","0","0","0","0","0","0","0","0","0","0","0","0","0","0","0","0"
"0x71177230b820","      FMUL R25, R140, R162","0","0","0","0","0","0","0","0","0","32","0","-","-","-","0","0","0","0","0","0","0","0","0","0","0","0","0","0","0","0","0","0","0","0","0","0","0","0","0","0","0","0","0","0","0","0","0","0","0","0","0","0","0","0","0","0","0","0"
"0x71177230b830","      FMUL R19, R141, R162","0","0","0","0","0","0","0","0","0","32","0","-","-","-","0","0","0","0","0","0","0","0","0","0","0","0","0","0","0","0","0","0","0","0","0","0","0","0","0","0","0","0","0","0","0","0","0","0","0","0","0","0","0","0","0","0","0","0"
"0x71177230b840","@P2   STG.E.128 [R20], R8","0","0","0","0","0","0","0","0","0","32","0","","","","0","0","0","0","0","0","0","0","0","0","0","0","0","0","0","0","0","0","0","0","0","0","0","0","0","0","0","0","0","0","0","0","0","0","0","0","0","0","0","0","0","0","0","0"
"0x71177230b850","      FMUL R13, R142, R162","0","0","0","0","0","0","0","0","0","32","0","-","-","-","0","0","0","0","0","0","0","0","0","0","0","0","0","0","0","0","0","0","0","0","0","0","0","0","0","0","0","0","0","0","0","0","0","0","0","0","0","0","0","0","0","0","0","0"
"0x71177230b860","      ISETP.LT.AND P2, PT, R16, c[0x0][0x160], P5","0","0","0","0","0","0","0","0","0","32","0","-","-","-","0","0","0","0","0","0","0","0","0","0","0","0","0","0","0","0","0","0","0","0","0","0","0","0","0","0","0","0","0","0","0","0","0","0","0","0","0","0","0","0","0","0","0","0"
"0x71177230b870","      FMUL R12, R143, R162","0","0","0","0","0","0","0","0","0","32","0","-","-","-","0","0","0","0","0","0","0","0","0","0","0","0","0","0","0","0","0","0","0","0","0","0","0","0","0","0","0","0","0","0","0","0","0","0","0","0","0","0","0","0","0","0","0","0"
"0x71177230b880","      LDS.128 R8, [R3+0x200]","0","0","0","0","0","0","0","0","0","32","0","","","","0","0","0","0","0","0","0","0","0","0","0","0","0","0","0","0","0","0","0","0","0","0","0","0","0","0","0","0","0","0","0","0","0","0","0","0","0","0","0","0","0","0","0","0"
"0x71177230b890","      FFMA R4, R4, R158, R25","0","0","0","0","0","0","0","0","0","32","0","-","-","-","0","0","0","0","0","0","0","0","0","0","0","0","0","0","0","0","0","0","0","0","0","0","0","0","0","0","0","0","0","0","0","0","0","0","0","0","0","0","0","0","0","0","0","0"
"0x71177230b8a0","      FFMA R24, R5, R158, R19","0","0","0","0","0","0","0","0","0","32","0","-","-","-","0","0","0","0","0","0","0","0","0","0","0","0","0","0","0","0","0","0","0","0","0","0","0","0","0","0","0","0","0","0","0","0","0","0","0","0","0","0","0","0","0","0","0","0"
"0x71177230b8b0","      FFMA R6, R6, R158, R13","0","0","0","0","0","0","0","0","0","32","0","-","-","-","0","0","0","0","0","0","0","0","0","0","0","0","0","0","0","0","0","0","0","0","0","0","0","0","0","0","0","0","0","0","0","0","0","0","0","0","0","0","0","0","0","0","0","0"
"0x71177230b8c0","      FFMA R12, R7, R158, R12","0","0","0","0","0","0","0","0","0","32","0","-","-","-","0","0","0","0","0","0","0","0","0","0","0","0","0","0","0","0","0","0","0","0","0","0","0","0","0","0","0","0","0","0","0","0","0","0","0","0","0","0","0","0","0","0","0","0"
"0x71177230b8d0","      FMNMX R4, R4, R157, !PT","0","0","0","0","0","0","0","0","0","32","0","-","-","-","0","0","0","0","0","0","0","0","0","0","0","0","0","0","0","0","0","0","0","0","0","0","0","0","0","0","0","0","0","0","0","0","0","0","0","0","0","0","0","0","0","0","0","0"
"0x71177230b8e0","      FMNMX R5, R24, R157, !PT","0","0","0","0","0","0","0","0","0","32","0","-","-","-","0","0","0","0","0","0","0","0","0","0","0","0","0","0","0","0","0","0","0","0","0","0","0","0","0","0","0","0","0","0","0","0","0","0","0","0","0","0","0","0","0","0","0","0"
"0x71177230b8f0","      FMNMX R6, R6, R157, !PT","0","0","0","0","0","0","0","0","0","32","0","-","-","-","0","0","0","0","0","0","0","0","0","0","0","0","0","0","0","0","0","0","0","0","0","0","0","0","0","0","0","0","0","0","0","0","0","0","0","0","0","0","0","0","0","0","0","0"
"0x71177230b900","      FMNMX R7, R12, R157, !PT","0","0","0","0","0","0","0","0","0","32","0","-","-","-","0","0","0","0","0","0","0","0","0","0","0","0","0","0","0","0","0","0","0","0","0","0","0","0","0","0","0","0","0","0","0","0","0","0","0","0","0","0","0","0","0","0","0","0"
"0x71177230b910","@P2   STG.E.128 [R22.64+UR10], R4","0","0","0","0","0","0","0","0","0","32","0","","","","0","0","0","0","0","0","0","0","0","0","0","0","0","0","0","0","0","0","0","0","0","0","0","0","0","0","0","0","0","0","0","0","0","0","0","0","0","0","0","0","0","0","0","0"
"0x71177230b920","      LDS.128 R4, [R3+0x300]","0","0","0","0","0","0","0","0","0","32","0","","","","0","0","0","0","0","0","0","0","0","0","0","0","0","0","0","0","0","0","0","0","0","0","0","0","0","0","0","0","0","0","0","0","0","0","0","0","0","0","0","0","0","0","0","0"
"0x71177230b930","      FMUL R25, R136, R162","0","0","0","0","0","0","0","0","0","32","0","-","-","-","0","0","0","0","0","0","0","0","0","0","0","0","0","0","0","0","0","0","0","0","0","0","0","0","0","0","0","0","0","0","0","0","0","0","0","0","0","0","0","0","0","0","0","0"
"0x71177230b940","      ISETP.LT.AND P2, PT, R16, c[0x0][0x160], P6","0","0","0","0","0","0","0","0","0","32","0","-","-","-","0","0","0","0","0","0","0","0","0","0","0","0","0","0","0","0","0","0","0","0","0","0","0","0","0","0","0","0","0","0","0","0","0","0","0","0","0","0","0","0","0","0","0","0"
"0x71177230b950","      FMUL R19, R137, R162","0","0","0","0","0","0","0","0","0","32","0","-","-","-","0","0","0","0","0","0","0","0","0","0","0","0","0","0","0","0","0","0","0","0","0","0","0","0","0","0","0","0","0","0","0","0","0","0","0","0","0","0","0","0","0","0","0","0"
"0x71177230b960","      FMUL R13, R138, R162","0","0","0","0","0","0","0","0","0","32","0","-","-","-","0","0","0","0","0","0","0","0","0","0","0","0","0","0","0","0","0","0","0","0","0","0","0","0","0","0","0","0","0","0","0","0","0","0","0","0","0","0","0","0","0","0","0","0"
"0x71177230b970","      FMUL R12, R139, R162","0","0","0","0","0","0","0","0","0","32","0","-","-","-","0","0","0","0","0","0","0","0","0","0","0","0","0","0","0","0","0","0","0","0","0","0","0","0","0","0","0","0","0","0","0","0","0","0","0","0","0","0","0","0","0","0","0","0"
"0x71177230b980","      FFMA R8, R8, R158, R25","0","0","0","0","0","0","0","0","0","32","0","-","-","-","0","0","0","0","0","0","0","0","0","0","0","0","0","0","0","0","0","0","0","0","0","0","0","0","0","0","0","0","0","0","0","0","0","0","0","0","0","0","0","0","0","0","0","0"
"0x71177230b990","      FFMA R24, R9, R158, R19","0","0","0","0","0","0","0","0","0","32","0","-","-","-","0","0","0","0","0","0","0","0","0","0","0","0","0","0","0","0","0","0","0","0","0","0","0","0","0","0","0","0","0","0","0","0","0","0","0","0","0","0","0","0","0","0","0","0"
"0x71177230b9a0","      FFMA R10, R10, R158, R13","0","0","0","0","0","0","0","0","0","32","0","-","-","-","0","0","0","0","0","0","0","0","0","0","0","0","0","0","0","0","0","0","0","0","0","0","0","0","0","0","0","0","0","0","0","0","0","0","0","0","0","0","0","0","0","0","0","0"
"0x71177230b9b0","      FFMA R12, R11, R158, R12","0","0","0","0","0","0","0","0","0","32","0","-","-","-","0","0","0","0","0","0","0","0","0","0","0","0","0","0","0","0","0","0","0","0","0","0","0","0","0","0","0","0","0","0","0","0","0","0","0","0","0","0","0","0","0","0","0","0"
"0x71177230b9c0","      FMNMX R8, R8, R157, !PT","0","0","0","0","0","0","0","0","0","32","0","-","-","-","0","0","0","0","0","0","0","0","0","0","0","0","0","0","0","0","0","0","0","0","0","0","0","0","0","0","0","0","0","0","0","0","0","0","0","0","0","0","0","0","0","0","0","0"
"0x71177230b9d0","      FMNMX R9, R24, R157, !PT","0","0","0","0","0","0","0","0","0","32","0","-","-","-","0","0","0","0","0","0","0","0","0","0","0","0","0","0","0","0","0","0","0","0","0","0","0","0","0","0","0","0","0","0","0","0","0","0","0","0","0","0","0","0","0","0","0","0"
"0x71177230b9e0","      FMNMX R10, R10, R157, !PT","0","0","0","0","0","0","0","0","0","32","0","-","-","-","0","0","0","0","0","0","0","0","0","0","0","0","0","0","0","0","0","0","0","0","0","0","0","0","0","0","0","0","0","0","0","0","0","0","0","0","0","0","0","0","0","0","0","0"
"0x71177230b9f0","      FMNMX R11, R12, R157, !PT","0","0","0","0","0","0","0","0","0","32","0","-","-","-","0","0","0","0","0","0","0","0","0","0","0","0","0","0","0","0","0","0","0","0","0","0","0","0","0","0","0","0","0","0","0","0","0","0","0","0","0","0","0","0","0","0","0","0"
"0x71177230ba00","      FMUL R19, R132, R162","0","0","0","0","0","0","0","0","0","32","0","-","-","-","0","0","0","0","0","0","0","0","0","0","0","0","0","0","0","0","0","0","0","0","0","0","0","0","0","0","0","0","0","0","0","0","0","0","0","0","0","0","0","0","0","0","0","0"
"0x71177230ba10","      FMUL R13, R134, R162","0","0","0","0","0","0","0","0","0","32","0","-","-","-","0","0","0","0","0","0","0","0","0","0","0","0","0","0","0","0","0","0","0","0","0","0","0","0","0","0","0","0","0","0","0","0","0","0","0","0","0","0","0","0","0","0","0","0"
"0x71177230ba20","@P2   STG.E.128 [R22.64+UR8], R8","0","0","0","0","0","0","0","0","0","32","0","","","","0","0","0","0","0","0","0","0","0","0","0","0","0","0","0","0","0","0","0","0","0","0","0","0","0","0","0","0","0","0","0","0","0","0","0","0","0","0","0","0","0","0","0","0"
"0x71177230ba30","      ISETP.NE.AND P2, PT, R18, RZ, PT","0","0","0","0","0","0","0","0","0","32","0","-","-","-","0","0","0","0","0","0","0","0","0","0","0","0","0","0","0","0","0","0","0","0","0","0","0","0","0","0","0","0","0","0","0","0","0","0","0","0","0","0","0","0","0","0","0","0"
"0x71177230ba40","      FMUL R18, R133, R162","0","0","0","0","0","0","0","0","0","32","0","-","-","-","0","0","0","0","0","0","0","0","0","0","0","0","0","0","0","0","0","0","0","0","0","0","0","0","0","0","0","0","0","0","0","0","0","0","0","0","0","0","0","0","0","0","0","0"
"0x71177230ba50","      FMUL R12, R135, R162","0","0","0","0","0","0","0","0","0","32","0","-","-","-","0","0","0","0","0","0","0","0","0","0","0","0","0","0","0","0","0","0","0","0","0","0","0","0","0","0","0","0","0","0","0","0","0","0","0","0","0","0","0","0","0","0","0","0"
"0x71177230ba60","      FFMA R4, R4, R158, R19","0","0","0","0","0","0","0","0","0","32","0","-","-","-","0","0","0","0","0","0","0","0","0","0","0","0","0","0","0","0","0","0","0","0","0","0","0","0","0","0","0","0","0","0","0","0","0","0","0","0","0","0","0","0","0","0","0","0"
"0x71177230ba70","      FFMA R18, R5, R158, R18","0","0","0","0","0","0","0","0","0","32","0","-","-","-","0","0","0","0","0","0","0","0","0","0","0","0","0","0","0","0","0","0","0","0","0","0","0","0","0","0","0","0","0","0","0","0","0","0","0","0","0","0","0","0","0","0","0","0"
"0x71177230ba80","      FFMA R6, R6, R158, R13","0","0","0","0","0","0","0","0","0","32","0","-","-","-","0","0","0","0","0","0","0","0","0","0","0","0","0","0","0","0","0","0","0","0","0","0","0","0","0","0","0","0","0","0","0","0","0","0","0","0","0","0","0","0","0","0","0","0"
"0x71177230ba90","      FFMA R12, R7, R158, R12","0","0","0","0","0","0","0","0","0","32","0","-","-","-","0","0","0","0","0","0","0","0","0","0","0","0","0","0","0","0","0","0","0","0","0","0","0","0","0","0","0","0","0","0","0","0","0","0","0","0","0","0","0","0","0","0","0","0"
"0x71177230baa0","      FMNMX R4, R4, R157, !PT","0","0","0","0","0","0","0","0","0","32","0","-","-","-","0","0","0","0","0","0","0","0","0","0","0","0","0","0","0","0","0","0","0","0","0","0","0","0","0","0","0","0","0","0","0","0","0","0","0","0","0","0","0","0","0","0","0","0"
"0x71177230bab0","      FMNMX R5, R18, R157, !PT","0","0","0","0","0","0","0","0","0","32","0","-","-","-","0","0","0","0","0","0","0","0","0","0","0","0","0","0","0","0","0","0","0","0","0","0","0","0","0","0","0","0","0","0","0","0","0","0","0","0","0","0","0","0","0","0","0","0"
"0x71177230bac0","      FMNMX R6, R6, R157, !PT","0","0","0","0","0","0","0","0","0","32","0","-","-","-","0","0","0","0","0","0","0","0","0","0","0","0","0","0","0","0","0","0","0","0","0","0","0","0","0","0","0","0","0","0","0","0","0","0","0","0","0","0","0","0","0","0","0","0"
"0x71177230bad0","      FMNMX R7, R12, R157, !PT","0","0","0","0","0","0","0","0","0","32","0","-","-","-","0","0","0","0","0","0","0","0","0","0","0","0","0","0","0","0","0","0","0","0","0","0","0","0","0","0","0","0","0","0","0","0","0","0","0","0","0","0","0","0","0","0","0","0"
"0x71177230bae0","@P3   STG.E.128 [R22.64+UR4], R4","0","0","0","0","0","0","0","0","0","32","0","","","","0","0","0","0","0","0","0","0","0","0","0","0","0","0","0","0","0","0","0","0","0","0","0","0","0","0","0","0","0","0","0","0","0","0","0","0","0","0","0","0","0","0","0","0"
"0x71177230baf0","      ISETP.NE.AND P3, PT, R17, RZ, PT","0","0","0","0","0","0","0","0","0","32","0","-","-","-","0","0","0","0","0","0","0","0","0","0","0","0","0","0","0","0","0","0","0","0","0","0","0","0","0","0","0","0","0","0","0","0","0","0","0","0","0","0","0","0","0","0","0","0"
"0x71177230bb00","      ISETP.LT.AND P3, PT, R156, c[0x0][0x160], P3","0","0","0","0","0","0","0","0","0","32","0","-","-","-","0","0","0","0","0","0","0","0","0","0","0","0","0","0","0","0","0","0","0","0","0","0","0","0","0","0","0","0","0","0","0","0","0","0","0","0","0","0","0","0","0","0","0","0"
"0x71177230bb10","@P3   LDG.E.LTC128B.128 R144, [R14.64+UR6]","0","0","0","0","0","0","0","0","0","32","0","","","","0","0","0","0","0","0","0","0","0","0","0","0","0","0","0","0","0","0","0","0","0","0","0","0","0","0","0","0","0","0","0","0","0","0","0","0","0","0","0","0","0","0","0","0"
"0x71177230bb20","      ISETP.LT.AND P2, PT, R156, c[0x0][0x160], P2","0","0","0","0","0","0","0","0","0","32","0","-","-","-","0","0","0","0","0","0","0","0","0","0","0","0","0","0","0","0","0","0","0","0","0","0","0","0","0","0","0","0","0","0","0","0","0","0","0","0","0","0","0","0","0","0","0","0"
"0x71177230bb30","      ISETP.LT.AND P1, PT, R156, c[0x0][0x160], P1","0","0","0","0","0","0","0","0","0","32","0","-","-","-","0","0","0","0","0","0","0","0","0","0","0","0","0","0","0","0","0","0","0","0","0","0","0","0","0","0","0","0","0","0","0","0","0","0","0","0","0","0","0","0","0","0","0","0"
"0x71177230bb40","      ISETP.LT.AND P0, PT, R156, c[0x0][0x160], P0","0","0","0","0","0","0","0","0","0","32","0","-","-","-","0","0","0","0","0","0","0","0","0","0","0","0","0","0","0","0","0","0","0","0","0","0","0","0","0","0","0","0","0","0","0","0","0","0","0","0","0","0","0","0","0","0","0","0"
"0x71177230bb50","@P2   LDG.E.LTC128B.128 R140, [R14.64+UR16]","0","0","0","0","0","0","0","0","0","32","0","","","","0","0","0","0","0","0","0","0","0","0","0","0","0","0","0","0","0","0","0","0","0","0","0","0","0","0","0","0","0","0","0","0","0","0","0","0","0","0","0","0","0","0","0","0"
"0x71177230bb60","@P1   LDG.E.LTC128B.128 R136, [R14.64+UR14]","0","0","0","0","0","0","0","0","0","32","0","","","","0","0","0","0","0","0","0","0","0","0","0","0","0","0","0","0","0","0","0","0","0","0","0","0","0","0","0","0","0","0","0","0","0","0","0","0","0","0","0","0","0","0","0","0"
"0x71177230bb70","@P0   LDG.E.LTC128B.128 R132, [R14.64+UR12]","0","0","0","0","0","0","0","0","0","32","0","","","","0","0","0","0","0","0","0","0","0","0","0","0","0","0","0","0","0","0","0","0","0","0","0","0","0","0","0","0","0","0","0","0","0","0","0","0","0","0","0","0","0","0","0","0"
"0x71177230bb80","      BAR.SYNC.DEFER_BLOCKING 0x0","0","0","0","0","0","0","0","0","0","32","0","-","-","-","0","0","0","0","0","0","0","0","0","0","0","0","0","0","0","0","0","0","0","0","0","0","0","0","0","0","0","0","0","0","0","0","0","0","0","0","0","0","0","0","0","0","0","0"
"0x71177230bb90","      STS.64 [R2.X8], R130","0","0","0","0","0","0","0","0","0","32","0","","","","0","0","0","0","0","0","0","0","0","0","0","0","0","0","0","0","0","0","0","0","0","0","0","0","0","0","0","0","0","0","0","0","0","0","0","0","0","0","0","0","0","0","0","0"
"0x71177230bba0","      STS.64 [R2.X8+0x20], R126","0","0","0","0","0","0","0","0","0","32","0","","","","0","0","0","0","0","0","0","0","0","0","0","0","0","0","0","0","0","0","0","0","0","0","0","0","0","0","0","0","0","0","0","0","0","0","0","0","0","0","0","0","0","0","0","0"
"0x71177230bbb0","      STS.64 [R2.X8+0x40], R122","0","0","0","0","0","0","0","0","0","32","0","","","","0","0","0","0","0","0","0","0","0","0","0","0","0","0","0","0","0","0","0","0","0","0","0","0","0","0","0","0","0","0","0","0","0","0","0","0","0","0","0","0","0","0","0","0"
"0x71177230bbc0","      STS.64 [R2.X8+0x60], R118","0","0","0","0","0","0","0","0","0","32","0","","","","0","0","0","0","0","0","0","0","0","0","0","0","0","0","0","0","0","0","0","0","0","0","0","0","0","0","0","0","0","0","0","0","0","0","0","0","0","0","0","0","0","0","0","0"
"0x71177230bbd0","      STS.64 [R2.X8+0x80], R114","0","0","0","0","0","0","0","0","0","32","0","","","","0","0","0","0","0","0","0","0","0","0","0","0","0","0","0","0","0","0","0","0","0","0","0","0","0","0","0","0","0","0","0","0","0","0","0","0","0","0","0","0","0","0","0","0"
"0x71177230bbe0","      STS.64 [R2.X8+0xa0], R110","0","0","0","0","0","0","0","0","0","32","0","","","","0","0","0","0","0","0","0","0","0","0","0","0","0","0","0","0","0","0","0","0","0","0","0","0","0","0","0","0","0","0","0","0","0","0","0","0","0","0","0","0","0","0","0","0"
"0x71177230bbf0","      STS.64 [R2.X8+0xc0], R106","0","0","0","0","0","0","0","0","0","32","0","","","","0","0","0","0","0","0","0","0","0","0","0","0","0","0","0","0","0","0","0","0","0","0","0","0","0","0","0","0","0","0","0","0","0","0","0","0","0","0","0","0","0","0","0","0"
"0x71177230bc00","      STS.64 [R2.X8+0xe0], R102","0","0","0","0","0","0","0","0","0","32","0","","","","0","0","0","0","0","0","0","0","0","0","0","0","0","0","0","0","0","0","0","0","0","0","0","0","0","0","0","0","0","0","0","0","0","0","0","0","0","0","0","0","0","0","0","0"
"0x71177230bc10","      BAR.SYNC.DEFER_BLOCKING 0x0","0","0","0","0","0","0","0","0","0","32","0","-","-","-","0","0","0","0","0","0","0","0","0","0","0","0","0","0","0","0","0","0","0","0","0","0","0","0","0","0","0","0","0","0","0","0","0","0","0","0","0","0","0","0","0","0","0","0"
"0x71177230bc20","      LDS.128 R12, [R3]","0","0","0","0","0","0","0","0","0","32","0","","","","0","0","0","0","0","0","0","0","0","0","0","0","0","0","0","0","0","0","0","0","0","0","0","0","0","0","0","0","0","0","0","0","0","0","0","0","0","0","0","0","0","0","0","0"
"0x71177230bc30","      LDS.128 R8, [R3+0x100]","0","0","0","0","0","0","0","0","0","32","0","","","","0","0","0","0","0","0","0","0","0","0","0","0","0","0","0","0","0","0","0","0","0","0","0","0","0","0","0","0","0","0","0","0","0","0","0","0","0","0","0","0","0","0","0","0"
"0x71177230bc40","      LDS.128 R4, [R3+0x200]","0","0","0","0","0","0","0","0","0","32","0","","","","0","0","0","0","0","0","0","0","0","0","0","0","0","0","0","0","0","0","0","0","0","0","0","0","0","0","0","0","0","0","0","0","0","0","0","0","0","0","0","0","0","0","0","0"
"0x71177230bc50","      ISETP.NE.AND P3, PT, R163, RZ, PT","0","0","0","0","0","0","0","0","0","32","0","-","-","-","0","0","0","0","0","0","0","0","0","0","0","0","0","0","0","0","0","0","0","0","0","0","0","0","0","0","0","0","0","0","0","0","0","0","0","0","0","0","0","0","0","0","0","0"
"0x71177230bc60","      ISETP.LT.AND P4, PT, R156, c[0x0][0x160], P4","0","0","0","0","0","0","0","0","0","32","0","-","-","-","0","0","0","0","0","0","0","0","0","0","0","0","0","0","0","0","0","0","0","0","0","0","0","0","0","0","0","0","0","0","0","0","0","0","0","0","0","0","0","0","0","0","0","0"
"0x71177230bc70","      ISETP.LT.AND P5, PT, R156, c[0x0][0x160], P5","0","0","0","0","0","0","0","0","0","32","0","-","-","-","0","0","0","0","0","0","0","0","0","0","0","0","0","0","0","0","0","0","0","0","0","0","0","0","0","0","0","0","0","0","0","0","0","0","0","0","0","0","0","0","0","0","0","0"
"0x71177230bc80","      ISETP.LT.AND P6, PT, R156, c[0x0][0x160], P6","0","0","0","0","0","0","0","0","0","32","0","-","-","-","0","0","0","0","0","0","0","0","0","0","0","0","0","0","0","0","0","0","0","0","0","0","0","0","0","0","0","0","0","0","0","0","0","0","0","0","0","0","0","0","0","0","0","0"
"0x71177230bc90","      ISETP.LT.AND P0, PT, R156, c[0x0][0x160], P3","0","0","0","0","0","0","0","0","0","32","0","-","-","-","0","0","0","0","0","0","0","0","0","0","0","0","0","0","0","0","0","0","0","0","0","0","0","0","0","0","0","0","0","0","0","0","0","0","0","0","0","0","0","0","0","0","0","0"
"0x71177230bca0","      ULDC.64 UR6, c[0x0][0x238]","0","0","0","0","0","0","0","0","0","32","0","-","-","-","0","0","0","0","0","0","0","0","0","0","0","0","0","0","0","0","0","0","0","0","0","0","0","0","0","0","0","0","0","0","0","0","0","0","0","0","0","0","0","0","0","0","0","0"
"0x71177230bcb0","      FMUL R17, R144, R162","0","0","0","0","0","0","0","0","0","32","0","-","-","-","0","0","0","0","0","0","0","0","0","0","0","0","0","0","0","0","0","0","0","0","0","0","0","0","0","0","0","0","0","0","0","0","0","0","0","0","0","0","0","0","0","0","0","0"
"0x71177230bcc0","      FFMA R12, R12, R158, R17","0","0","0","0","0","0","0","0","0","32","0","-","-","-","0","0","0","0","0","0","0","0","0","0","0","0","0","0","0","0","0","0","0","0","0","0","0","0","0","0","0","0","0","0","0","0","0","0","0","0","0","0","0","0","0","0","0","0"
"0x71177230bcd0","      LDS.128 R16, [R3+0x300]","0","0","0","0","0","0","0","0","0","32","0","","","","0","0","0","0","0","0","0","0","0","0","0","0","0","0","0","0","0","0","0","0","0","0","0","0","0","0","0","0","0","0","0","0","0","0","0","0","0","0","0","0","0","0","0","0"
"0x71177230bce0","      FMUL R145, R145, R162","0","0","0","0","0","0","0","0","0","32","0","-","-","-","0","0","0","0","0","0","0","0","0","0","0","0","0","0","0","0","0","0","0","0","0","0","0","0","0","0","0","0","0","0","0","0","0","0","0","0","0","0","0","0","0","0","0","0"
"0x71177230bcf0","      FMUL R23, R146, R162","0","0","0","0","0","0","0","0","0","32","0","-","-","-","0","0","0","0","0","0","0","0","0","0","0","0","0","0","0","0","0","0","0","0","0","0","0","0","0","0","0","0","0","0","0","0","0","0","0","0","0","0","0","0","0","0","0","0"
"0x71177230bd00","      FMUL R147, R147, R162","0","0","0","0","0","0","0","0","0","32","0","-","-","-","0","0","0","0","0","0","0","0","0","0","0","0","0","0","0","0","0","0","0","0","0","0","0","0","0","0","0","0","0","0","0","0","0","0","0","0","0","0","0","0","0","0","0","0"
"0x71177230bd10","      FMUL R25, R140, R162","0","0","0","0","0","0","0","0","0","32","0","-","-","-","0","0","0","0","0","0","0","0","0","0","0","0","0","0","0","0","0","0","0","0","0","0","0","0","0","0","0","0","0","0","0","0","0","0","0","0","0","0","0","0","0","0","0","0"
"0x71177230bd20","      FMUL R141, R141, R162","0","0","0","0","0","0","0","0","0","32","0","-","-","-","0","0","0","0","0","0","0","0","0","0","0","0","0","0","0","0","0","0","0","0","0","0","0","0","0","0","0","0","0","0","0","0","0","0","0","0","0","0","0","0","0","0","0","0"
"0x71177230bd30","      FMUL R27, R142, R162","0","0","0","0","0","0","0","0","0","32","0","-","-","-","0","0","0","0","0","0","0","0","0","0","0","0","0","0","0","0","0","0","0","0","0","0","0","0","0","0","0","0","0","0","0","0","0","0","0","0","0","0","0","0","0","0","0","0"
"0x71177230bd40","      FMUL R143, R143, R162","0","0","0","0","0","0","0","0","0","32","0","-","-","-","0","0","0","0","0","0","0","0","0","0","0","0","0","0","0","0","0","0","0","0","0","0","0","0","0","0","0","0","0","0","0","0","0","0","0","0","0","0","0","0","0","0","0","0"
"0x71177230bd50","      FMUL R29, R136, R162","0","0","0","0","0","0","0","0","0","32","0","-","-","-","0","0","0","0","0","0","0","0","0","0","0","0","0","0","0","0","0","0","0","0","0","0","0","0","0","0","0","0","0","0","0","0","0","0","0","0","0","0","0","0","0","0","0","0"
"0x71177230bd60","      FMUL R137, R137, R162","0","0","0","0","0","0","0","0","0","32","0","-","-","-","0","0","0","0","0","0","0","0","0","0","0","0","0","0","0","0","0","0","0","0","0","0","0","0","0","0","0","0","0","0","0","0","0","0","0","0","0","0","0","0","0","0","0","0"
"0x71177230bd70","      FMUL R31, R138, R162","0","0","0","0","0","0","0","0","0","32","0","-","-","-","0","0","0","0","0","0","0","0","0","0","0","0","0","0","0","0","0","0","0","0","0","0","0","0","0","0","0","0","0","0","0","0","0","0","0","0","0","0","0","0","0","0","0","0"
"0x71177230bd80","      FMUL R139, R139, R162","0","0","0","0","0","0","0","0","0","32","0","-","-","-","0","0","0","0","0","0","0","0","0","0","0","0","0","0","0","0","0","0","0","0","0","0","0","0","0","0","0","0","0","0","0","0","0","0","0","0","0","0","0","0","0","0","0","0"
"0x71177230bd90","      FFMA R2, R13, R158, R145","0","0","0","0","0","0","0","0","0","32","0","-","-","-","0","0","0","0","0","0","0","0","0","0","0","0","0","0","0","0","0","0","0","0","0","0","0","0","0","0","0","0","0","0","0","0","0","0","0","0","0","0","0","0","0","0","0","0"
"0x71177230bda0","      FFMA R14, R14, R158, R23","0","0","0","0","0","0","0","0","0","32","0","-","-","-","0","0","0","0","0","0","0","0","0","0","0","0","0","0","0","0","0","0","0","0","0","0","0","0","0","0","0","0","0","0","0","0","0","0","0","0","0","0","0","0","0","0","0","0"
"0x71177230bdb0","      FFMA R22, R15, R158, R147","0","0","0","0","0","0","0","0","0","32","0","-","-","-","0","0","0","0","0","0","0","0","0","0","0","0","0","0","0","0","0","0","0","0","0","0","0","0","0","0","0","0","0","0","0","0","0","0","0","0","0","0","0","0","0","0","0","0"
"0x71177230bdc0","      FFMA R8, R8, R158, R25","0","0","0","0","0","0","0","0","0","32","0","-","-","-","0","0","0","0","0","0","0","0","0","0","0","0","0","0","0","0","0","0","0","0","0","0","0","0","0","0","0","0","0","0","0","0","0","0","0","0","0","0","0","0","0","0","0","0"
"0x71177230bdd0","      FFMA R24, R9, R158, R141","0","0","0","0","0","0","0","0","0","32","0","-","-","-","0","0","0","0","0","0","0","0","0","0","0","0","0","0","0","0","0","0","0","0","0","0","0","0","0","0","0","0","0","0","0","0","0","0","0","0","0","0","0","0","0","0","0","0"
"0x71177230bde0","      FFMA R10, R10, R158, R27","0","0","0","0","0","0","0","0","0","32","0","-","-","-","0","0","0","0","0","0","0","0","0","0","0","0","0","0","0","0","0","0","0","0","0","0","0","0","0","0","0","0","0","0","0","0","0","0","0","0","0","0","0","0","0","0","0","0"
"0x71177230bdf0","      FFMA R26, R11, R158, R143","0","0","0","0","0","0","0","0","0","32","0","-","-","-","0","0","0","0","0","0","0","0","0","0","0","0","0","0","0","0","0","0","0","0","0","0","0","0","0","0","0","0","0","0","0","0","0","0","0","0","0","0","0","0","0","0","0","0"
"0x71177230be00","      FFMA R4, R4, R158, R29","0","0","0","0","0","0","0","0","0","32","0","-","-","-","0","0","0","0","0","0","0","0","0","0","0","0","0","0","0","0","0","0","0","0","0","0","0","0","0","0","0","0","0","0","0","0","0","0","0","0","0","0","0","0","0","0","0","0"
"0x71177230be10","      FFMA R28, R5, R158, R137","0","0","0","0","0","0","0","0","0","32","0","-","-","-","0","0","0","0","0","0","0","0","0","0","0","0","0","0","0","0","0","0","0","0","0","0","0","0","0","0","0","0","0","0","0","0","0","0","0","0","0","0","0","0","0","0","0","0"
"0x71177230be20","      FFMA R6, R6, R158, R31","0","0","0","0","0","0","0","0","0","32","0","-","-","-","0","0","0","0","0","0","0","0","0","0","0","0","0","0","0","0","0","0","0","0","0","0","0","0","0","0","0","0","0","0","0","0","0","0","0","0","0","0","0","0","0","0","0","0"
"0x71177230be30","      FFMA R30, R7, R158, R139","0","0","0","0","0","0","0","0","0","32","0","-","-","-","0","0","0","0","0","0","0","0","0","0","0","0","0","0","0","0","0","0","0","0","0","0","0","0","0","0","0","0","0","0","0","0","0","0","0","0","0","0","0","0","0","0","0","0"
"0x71177230be40","      FMNMX R12, R12, R157, !PT","0","0","0","0","0","0","0","0","0","32","0","-","-","-","0","0","0","0","0","0","0","0","0","0","0","0","0","0","0","0","0","0","0","0","0","0","0","0","0","0","0","0","0","0","0","0","0","0","0","0","0","0","0","0","0","0","0","0"
"0x71177230be50","      FMUL R3, R132, R162","0","0","0","0","0","0","0","0","0","32","0","-","-","-","0","0","0","0","0","0","0","0","0","0","0","0","0","0","0","0","0","0","0","0","0","0","0","0","0","0","0","0","0","0","0","0","0","0","0","0","0","0","0","0","0","0","0","0"
"0x71177230be60","      FMNMX R13, R2, R157, !PT","0","0","0","0","0","0","0","0","0","32","0","-","-","-","0","0","0","0","0","0","0","0","0","0","0","0","0","0","0","0","0","0","0","0","0","0","0","0","0","0","0","0","0","0","0","0","0","0","0","0","0","0","0","0","0","0","0","0"
"0x71177230be70","      FMUL R133, R133, R162","0","0","0","0","0","0","0","0","0","32","0","-","-","-","0","0","0","0","0","0","0","0","0","0","0","0","0","0","0","0","0","0","0","0","0","0","0","0","0","0","0","0","0","0","0","0","0","0","0","0","0","0","0","0","0","0","0","0"
"0x71177230be80","      FMNMX R14, R14, R157, !PT","0","0","0","0","0","0","0","0","0","32","0","-","-","-","0","0","0","0","0","0","0","0","0","0","0","0","0","0","0","0","0","0","0","0","0","0","0","0","0","0","0","0","0","0","0","0","0","0","0","0","0","0","0","0","0","0","0","0"
"0x71177230be90","      FMUL R23, R134, R162","0","0","0","0","0","0","0","0","0","32","0","-","-","-","0","0","0","0","0","0","0","0","0","0","0","0","0","0","0","0","0","0","0","0","0","0","0","0","0","0","0","0","0","0","0","0","0","0","0","0","0","0","0","0","0","0","0","0"
"0x71177230bea0","      FMNMX R15, R22, R157, !PT","0","0","0","0","0","0","0","0","0","32","0","-","-","-","0","0","0","0","0","0","0","0","0","0","0","0","0","0","0","0","0","0","0","0","0","0","0","0","0","0","0","0","0","0","0","0","0","0","0","0","0","0","0","0","0","0","0","0"
"0x71177230beb0","      FMUL R135, R135, R162","0","0","0","0","0","0","0","0","0","32","0","-","-","-","0","0","0","0","0","0","0","0","0","0","0","0","0","0","0","0","0","0","0","0","0","0","0","0","0","0","0","0","0","0","0","0","0","0","0","0","0","0","0","0","0","0","0","0"
"0x71177230bec0","      FMNMX R8, R8, R157, !PT","0","0","0","0","0","0","0","0","0","32","0","-","-","-","0","0","0","0","0","0","0","0","0","0","0","0","0","0","0","0","0","0","0","0","0","0","0","0","0","0","0","0","0","0","0","0","0","0","0","0","0","0","0","0","0","0","0","0"
"0x71177230bed0","      FMNMX R9, R24, R157, !PT","0","0","0","0","0","0","0","0","0","32","0","-","-","-","0","0","0","0","0","0","0","0","0","0","0","0","0","0","0","0","0","0","0","0","0","0","0","0","0","0","0","0","0","0","0","0","0","0","0","0","0","0","0","0","0","0","0","0"
"0x71177230bee0","      FMNMX R10, R10, R157, !PT","0","0","0","0","0","0","0","0","0","32","0","-","-","-","0","0","0","0","0","0","0","0","0","0","0","0","0","0","0","0","0","0","0","0","0","0","0","0","0","0","0","0","0","0","0","0","0","0","0","0","0","0","0","0","0","0","0","0"
"0x71177230bef0","      FMNMX R11, R26, R157, !PT","0","0","0","0","0","0","0","0","0","32","0","-","-","-","0","0","0","0","0","0","0","0","0","0","0","0","0","0","0","0","0","0","0","0","0","0","0","0","0","0","0","0","0","0","0","0","0","0","0","0","0","0","0","0","0","0","0","0"
"0x71177230bf00","      FMNMX R4, R4, R157, !PT","0","0","0","0","0","0","0","0","0","32","0","-","-","-","0","0","0","0","0","0","0","0","0","0","0","0","0","0","0","0","0","0","0","0","0","0","0","0","0","0","0","0","0","0","0","0","0","0","0","0","0","0","0","0","0","0","0","0"
"0x71177230bf10","      FMNMX R5, R28, R157, !PT","0","0","0","0","0","0","0","0","0","32","0","-","-","-","0","0","0","0","0","0","0","0","0","0","0","0","0","0","0","0","0","0","0","0","0","0","0","0","0","0","0","0","0","0","0","0","0","0","0","0","0","0","0","0","0","0","0","0"
"0x71177230bf20","      FMNMX R6, R6, R157, !PT","0","0","0","0","0","0","0","0","0","32","0","-","-","-","0","0","0","0","0","0","0","0","0","0","0","0","0","0","0","0","0","0","0","0","0","0","0","0","0","0","0","0","0","0","0","0","0","0","0","0","0","0","0","0","0","0","0","0"
"0x71177230bf30","      FMNMX R7, R30, R157, !PT","0","0","0","0","0","0","0","0","0","32","0","-","-","-","0","0","0","0","0","0","0","0","0","0","0","0","0","0","0","0","0","0","0","0","0","0","0","0","0","0","0","0","0","0","0","0","0","0","0","0","0","0","0","0","0","0","0","0"
"0x71177230bf40","      FFMA R16, R16, R158, R3","0","0","0","0","0","0","0","0","0","32","0","-","-","-","0","0","0","0","0","0","0","0","0","0","0","0","0","0","0","0","0","0","0","0","0","0","0","0","0","0","0","0","0","0","0","0","0","0","0","0","0","0","0","0","0","0","0","0"
"0x71177230bf50","@P4   STG.E.128 [R20.64+UR6], R12","0","0","0","0","0","0","0","0","0","32","0","","","","0","0","0","0","0","0","0","0","0","0","0","0","0","0","0","0","0","0","0","0","0","0","0","0","0","0","0","0","0","0","0","0","0","0","0","0","0","0","0","0","0","0","0","0"
"0x71177230bf60","      FFMA R2, R17, R158, R133","0","0","0","0","0","0","0","0","0","32","0","-","-","-","0","0","0","0","0","0","0","0","0","0","0","0","0","0","0","0","0","0","0","0","0","0","0","0","0","0","0","0","0","0","0","0","0","0","0","0","0","0","0","0","0","0","0","0"
"0x71177230bf70","      FFMA R18, R18, R158, R23","0","0","0","0","0","0","0","0","0","32","0","-","-","-","0","0","0","0","0","0","0","0","0","0","0","0","0","0","0","0","0","0","0","0","0","0","0","0","0","0","0","0","0","0","0","0","0","0","0","0","0","0","0","0","0","0","0","0"
"0x71177230bf80","@P5   STG.E.128 [R20.64+UR10], R8","0","0","0","0","0","0","0","0","0","32","0","","","","0","0","0","0","0","0","0","0","0","0","0","0","0","0","0","0","0","0","0","0","0","0","0","0","0","0","0","0","0","0","0","0","0","0","0","0","0","0","0","0","0","0","0","0"
"0x71177230bf90","      FFMA R158, R19, R158, R135","0","0","0","0","0","0","0","0","0","32","0","-","-","-","0","0","0","0","0","0","0","0","0","0","0","0","0","0","0","0","0","0","0","0","0","0","0","0","0","0","0","0","0","0","0","0","0","0","0","0","0","0","0","0","0","0","0","0"
"0x71177230bfa0","@P6   STG.E.128 [R20.64+UR8], R4","0","0","0","0","0","0","0","0","0","32","0","","","","0","0","0","0","0","0","0","0","0","0","0","0","0","0","0","0","0","0","0","0","0","0","0","0","0","0","0","0","0","0","0","0","0","0","0","0","0","0","0","0","0","0","0","0"
"0x71177230bfb0","      FMNMX R8, R16, R157, !PT","0","0","0","0","0","0","0","0","0","32","0","-","-","-","0","0","0","0","0","0","0","0","0","0","0","0","0","0","0","0","0","0","0","0","0","0","0","0","0","0","0","0","0","0","0","0","0","0","0","0","0","0","0","0","0","0","0","0"
"0x71177230bfc0","      FMNMX R9, R2, R157, !PT","0","0","0","0","0","0","0","0","0","32","0","-","-","-","0","0","0","0","0","0","0","0","0","0","0","0","0","0","0","0","0","0","0","0","0","0","0","0","0","0","0","0","0","0","0","0","0","0","0","0","0","0","0","0","0","0","0","0"
"0x71177230bfd0","      FMNMX R10, R18, R157, !PT","0","0","0","0","0","0","0","0","0","32","0","-","-","-","0","0","0","0","0","0","0","0","0","0","0","0","0","0","0","0","0","0","0","0","0","0","0","0","0","0","0","0","0","0","0","0","0","0","0","0","0","0","0","0","0","0","0","0"
"0x71177230bfe0","      FMNMX R11, R158, R157, !PT","0","0","0","0","0","0","0","0","0","32","0","-","-","-","0","0","0","0","0","0","0","0","0","0","0","0","0","0","0","0","0","0","0","0","0","0","0","0","0","0","0","0","0","0","0","0","0","0","0","0","0","0","0","0","0","0","0","0"
"0x71177230bff0","@!P0  BRA 0x71177230dd00","0","0","0","0","0","0","0","0","0","32","0","-","-","-","0","0","0","0","0","0","0","0","0","0","0","0","0","0","0","0","0","0","0","0","0","0","0","0","0","0","0","0","0","0","0","0","0","0","0","0","0","0","0","0","0","0","0","0"
"0x71177230c000","      STG.E.128 [R20.64+UR4], R8","0","0","0","0","0","0","0","0","0","32","0","","","","0","0","0","0","0","0","0","0","0","0","0","0","0","0","0","0","0","0","0","0","0","0","0","0","0","0","0","0","0","0","0","0","0","0","0","0","0","0","0","0","0","0","0","0"
"0x71177230c010","      BRA 0x71177230dd00","0","0","0","0","0","0","0","0","0","32","0","-","-","-","0","0","0","0","0","0","0","0","0","0","0","0","0","0","0","0","0","0","0","0","0","0","0","0","0","0","0","0","0","0","0","0","0","0","0","0","0","0","0","0","0","0","0","0"
"0x71177230c020","      BAR.SYNC.DEFER_BLOCKING 0x0","0","0","0","2664","85248","85248","32","32","32","0","0","-","-","-","0","0","0","0","0","0","0","0","0","0","0","0","0","0","0","0","0","0","0","0","0","0","0","0","0","0","0","0","0","0","0","0","0","0","0","0","0","0","0","0","0","0","0","0"
"0x71177230c030","      ISETP.LT.AND P1, PT, R156, c[0x0][0x160], P4","0","0","0","2664","85248","85248","32","32","0","0","0","-","-","-","0","0","0","0","0","0","0","0","0","0","0","0","0","0","0","0","0","0","0","0","0","0","0","0","0","0","0","0","0","0","0","0","0","0","0","0","0","0","0","0","0","0","0","0"
"0x71177230c040","      ISETP.LT.AND P0, PT, R156, c[0x0][0x160], P5","0","0","0","2664","85248","85248","32","32","0","0","0","-","-","-","0","0","0","0","0","0","0","0","0","0","0","0","0","0","0","0","0","0","0","0","0","0","0","0","0","0","0","0","0","0","0","0","0","0","0","0","0","0","0","0","0","0","0","0"
"0x71177230c050","      ISETP.NE.AND P2, PT, R163, RZ, PT","0","0","0","2664","85248","85248","32","32","0","0","0","-","-","-","0","0","0","0","0","0","0","0","0","0","0","0","0","0","0","0","0","0","0","0","0","0","0","0","0","0","0","0","0","0","0","0","0","0","0","0","0","0","0","0","0","0","0","0"
"0x71177230c060","      ULDC.64 UR4, c[0x0][0x238]","1","1","1","2664","85248","85248","32","32","0","0","0","-","-","-","0","0","0","0","0","0","0","0","1","0","0","0","0","0","0","0","0","0","0","0","0","0","0","0","0","0","1","0","0","0","0","0","0","0","0","0","0","0","0","0","0","0","0","0"
"0x71177230c070","      UIADD3 UR8, UP0, UR4, 0x100, URZ","0","0","0","2664","85248","85248","32","32","0","0","0","-","-","-","0","0","0","0","0","0","0","0","0","0","0","0","0","0","0","0","0","0","0","0","0","0","0","0","0","0","0","0","0","0","0","0","0","0","0","0","0","0","0","0","0","0","0","0"
"0x71177230c080","      UIADD3 UR6, UP1, UR4, 0x200, URZ","0","0","0","2664","85248","85248","32","32","0","0","0","-","-","-","0","0","0","0","0","0","0","0","0","0","0","0","0","0","0","0","0","0","0","0","0","0","0","0","0","0","0","0","0","0","0","0","0","0","0","0","0","0","0","0","0","0","0","0"
"0x71177230c090","      UIADD3.X UR9, URZ, UR5, URZ, UP0, !UPT","0","0","0","2664","85248","85248","32","32","0","0","0","-","-","-","0","0","0","0","0","0","0","0","0","0","0","0","0","0","0","0","0","0","0","0","0","0","0","0","0","0","0","0","0","0","0","0","0","0","0","0","0","0","0","0","0","0","0","0"
"0x71177230c0a0","      UIADD3 UR4, UP0, UR4, 0x300, URZ","0","0","0","2664","85248","85248","32","32","0","0","0","-","-","-","0","0","0","0","0","0","0","0","0","0","0","0","0","0","0","0","0","0","0","0","0","0","0","0","0","0","0","0","0","0","0","0","0","0","0","0","0","0","0","0","0","0","0","0"
"0x71177230c0b0","      UIADD3.X UR7, URZ, UR5, URZ, UP1, !UPT","1","1","1","2664","85248","85248","32","32","0","0","0","-","-","-","0","0","0","0","0","0","0","0","0","0","0","0","0","0","0","1","0","0","0","0","0","0","0","0","0","0","0","0","0","0","0","0","0","1","0","0","0","0","0","0","0","0","0","0"
"0x71177230c0c0","      UIADD3.X UR5, URZ, UR5, URZ, UP0, !UPT","0","0","0","2664","85248","85248","32","32","0","0","0","-","-","-","0","0","0","0","0","0","0","0","0","0","0","0","0","0","0","0","0","0","0","0","0","0","0","0","0","0","0","0","0","0","0","0","0","0","0","0","0","0","0","0","0","0","0","0"
"0x71177230c0d0","      ULDC.64 UR10, c[0x0][0x238]","0","0","0","2664","85248","85248","32","32","0","0","0","-","-","-","0","0","0","0","0","0","0","0","0","0","0","0","0","0","0","0","0","0","0","0","0","0","0","0","0","0","0","0","0","0","0","0","0","0","0","0","0","0","0","0","0","0","0","0"
"0x71177230c0e0","      STS.64 [R2.X8], R4","0","0","0","2664","85248","85248","32","32","0","0","0","Shared","Store","64","0","2","0","5328","5328","0","0","0","0","0","0","0","0","0","0","0","0","0","0","0","0","0","0","0","0","0","0","0","0","0","0","0","0","0","0","0","0","0","0","0","0","0","0","0"
"0x71177230c0f0","      STS.64 [R2.X8+0x20], R8","1","0","1","2664","85248","85248","32","32","0","0","0","Shared","Store","64","0","2","0","5328","5328","0","0","0","0","0","0","0","0","0","0","0","0","0","0","0","0","1","0","0","0","0","0","0","0","0","0","0","0","0","0","0","0","0","0","0","0","0","0","0"
"0x71177230c100","      STS.64 [R2.X8+0x40], R12","1","1","1","2664","85248","85248","32","32","0","0","0","Shared","Store","64","0","2","0","5328","5328","0","0","0","0","0","0","0","0","0","0","0","0","1","0","0","0","0","0","0","0","0","0","0","0","0","0","0","0","0","0","1","0","0","0","0","0","0","0","0"
"0x71177230c110","      STS.64 [R2.X8+0x60], R16","0","0","0","2664","85248","85248","32","32","0","0","0","Shared","Store","64","0","2","0","5328","5328","0","0","0","0","0","0","0","0","0","0","0","0","0","0","0","0","0","0","0","0","0","0","0","0","0","0","0","0","0","0","0","0","0","0","0","0","0","0","0"
"0x71177230c120","      STS.64 [R2.X8+0x80], R20","1","0","1","2664","85248","85248","32","32","0","0","0","Shared","Store","64","0","2","0","5328","5328","0","0","0","0","0","0","0","0","0","0","0","0","0","0","0","0","1","0","0","0","0","0","0","0","0","0","0","0","0","0","0","0","0","0","0","0","0","0","0"
"0x71177230c130","      STS.64 [R2.X8+0xa0], R24","0","0","0","2664","85248","85248","32","32","0","0","0","Shared","Store","64","0","2","0","5328","5328","0","0","0","0","0","0","0","0","0","0","0","0","0","0","0","0","0","0","0","0","0","0","0","0","0","0","0","0","0","0","0","0","0","0","0","0","0","0","0"
"0x71177230c140","      STS.64 [R2.X8+0xc0], R28","0","0","0","2664","85248","85248","32","32","0","0","0","Shared","Store","64","0","2","0","5328","5328","0","0","0","0","0","0","0","0","0","0","0","0","0","0","0","0","0","0","0","0","0","0","0","0","0","0","0","0","0","0","0","0","0","0","0","0","0","0","0"
"0x71177230c150","      STS.64 [R2.X8+0xe0], R32","0","0","0","2664","85248","85248","32","32","0","0","0","Shared","Store","64","0","2","0","5328","5328","0","0","0","0","0","0","0","0","0","0","0","0","0","0","0","0","0","0","0","0","0","0","0","0","0","0","0","0","0","0","0","0","0","0","0","0","0","0","0"
"0x71177230c160","      BAR.SYNC.DEFER_BLOCKING 0x0","2","2","2","2664","85248","85248","32","32","0","0","0","-","-","-","0","0","0","0","0","0","0","0","0","0","0","0","0","0","0","0","0","2","0","0","0","0","0","0","0","0","0","0","0","0","0","0","0","0","0","2","0","0","0","0","0","0","0","0"
"0x71177230c170","      IMAD.MOV.U32 R13, RZ, RZ, R165","0","0","0","2664","85248","85248","32","32","0","0","0","-","-","-","0","0","0","0","0","0","0","0","0","0","0","0","0","0","0","0","0","0","0","0","0","0","0","0","0","0","0","0","0","0","0","0","0","0","0","0","0","0","0","0","0","0","0","0"
"0x71177230c180","      LDS.128 R136, [R3]","6","5","6","2664","85248","85248","32","32","0","0","0","Shared","Load","128","0","4","0","10656","10656","0","0","0","4","0","0","0","0","0","0","0","0","0","0","0","0","1","0","0","0","1","4","0","0","0","0","0","0","0","0","0","0","0","0","0","0","0","0","1"
"0x71177230c190","      LDS.128 R132, [R3+0x100]","1","0","1","2664","85248","85248","32","32","0","0","0","Shared","Load","128","0","4","0","10656","10656","0","0","0","0","0","0","0","0","0","0","0","0","0","0","0","0","1","0","0","0","0","0","0","0","0","0","0","0","0","0","0","0","0","0","0","0","0","0","0"
"0x71177230c1a0","      LDS.128 R144, [R3+0x200]","0","0","0","2664","85248","85248","32","32","0","0","0","Shared","Load","128","0","4","0","10656","10656","0","0","0","0","0","0","0","0","0","0","0","0","0","0","0","0","0","0","0","0","0","0","0","0","0","0","0","0","0","0","0","0","0","0","0","0","0","0","0"
"0x71177230c1b0","      LDS.128 R140, [R3+0x300]","0","0","0","2664","85248","85248","32","32","0","0","0","Shared","Load","128","0","4","0","10656","10656","0","0","0","0","0","0","0","0","0","0","0","0","0","0","0","0","0","0","0","0","0","0","0","0","0","0","0","0","0","0","0","0","0","0","0","0","0","0","0"
"0x71177230c1c0","      FMUL R12, R139, R158","1","1","1","2664","85248","85248","32","32","0","0","0","-","-","-","0","0","0","0","0","0","0","0","0","0","0","0","0","0","0","0","0","0","0","0","0","0","1","0","0","0","0","0","0","0","0","0","0","0","0","0","0","0","0","0","1","0","0","0"
"0x71177230c1d0","      FMUL R136, R136, R158","0","0","0","2664","85248","85248","32","32","0","0","0","-","-","-","0","0","0","0","0","0","0","0","0","0","0","0","0","0","0","0","0","0","0","0","0","0","0","0","0","0","0","0","0","0","0","0","0","0","0","0","0","0","0","0","0","0","0","0"
"0x71177230c1e0","      FMUL R16, R137, R158","0","0","0","2664","85248","85248","32","32","0","0","0","-","-","-","0","0","0","0","0","0","0","0","0","0","0","0","0","0","0","0","0","0","0","0","0","0","0","0","0","0","0","0","0","0","0","0","0","0","0","0","0","0","0","0","0","0","0","0"
"0x71177230c1f0","      FMNMX R139, R12, R157, !PT","1","0","1","2664","85248","85248","32","32","0","0","0","-","-","-","0","0","0","0","0","0","0","0","0","0","0","0","0","0","0","0","0","0","0","0","0","1","0","0","0","0","0","0","0","0","0","0","0","0","0","0","0","0","0","0","0","0","0","0"
"0x71177230c200","      FMUL R138, R138, R158","0","0","0","2664","85248","85248","32","32","0","0","0","-","-","-","0","0","0","0","0","0","0","0","0","0","0","0","0","0","0","0","0","0","0","0","0","0","0","0","0","0","0","0","0","0","0","0","0","0","0","0","0","0","0","0","0","0","0","0"
"0x71177230c210","      FMNMX R136, R136, R157, !PT","0","0","0","2664","85248","85248","32","32","0","0","0","-","-","-","0","0","0","0","0","0","0","0","0","0","0","0","0","0","0","0","0","0","0","0","0","0","0","0","0","0","0","0","0","0","0","0","0","0","0","0","0","0","0","0","0","0","0","0"
"0x71177230c220","      FMUL R132, R132, R158","4","4","4","2664","85248","85248","32","32","0","0","0","-","-","-","0","0","0","0","0","0","0","0","0","0","0","0","0","0","0","0","0","0","0","0","0","0","4","0","0","0","0","0","0","0","0","0","0","0","0","0","0","0","0","0","4","0","0","0"
"0x71177230c230","      FMNMX R137, R16, R157, !PT","0","0","0","2664","85248","85248","32","32","0","0","0","-","-","-","0","0","0","0","0","0","0","0","0","0","0","0","0","0","0","0","0","0","0","0","0","0","0","0","0","0","0","0","0","0","0","0","0","0","0","0","0","0","0","0","0","0","0","0"
"0x71177230c240","      FMUL R8, R133, R158","0","0","0","2664","85248","85248","32","32","0","0","0","-","-","-","0","0","0","0","0","0","0","0","0","0","0","0","0","0","0","0","0","0","0","0","0","0","0","0","0","0","0","0","0","0","0","0","0","0","0","0","0","0","0","0","0","0","0","0"
"0x71177230c250","      FMNMX R138, R138, R157, !PT","0","0","0","2664","85248","85248","32","32","0","0","0","-","-","-","0","0","0","0","0","0","0","0","0","0","0","0","0","0","0","0","0","0","0","0","0","0","0","0","0","0","0","0","0","0","0","0","0","0","0","0","0","0","0","0","0","0","0","0"
"0x71177230c260","      FMUL R134, R134, R158","0","0","0","2664","85248","85248","32","32","0","0","0","-","-","-","0","0","0","0","0","0","0","0","0","0","0","0","0","0","0","0","0","0","0","0","0","0","0","0","0","0","0","0","0","0","0","0","0","0","0","0","0","0","0","0","0","0","0","0"
"0x71177230c270","      FMNMX R132, R132, R157, !PT","0","0","0","2664","85248","85248","32","32","0","0","0","-","-","-","0","0","0","0","0","0","0","0","0","0","0","0","0","0","0","0","0","0","0","0","0","0","0","0","0","0","0","0","0","0","0","0","0","0","0","0","0","0","0","0","0","0","0","0"
"0x71177230c280","      FMUL R4, R135, R158","0","0","0","2664","85248","85248","32","32","0","0","0","-","-","-","0","0","0","0","0","0","0","0","0","0","0","0","0","0","0","0","0","0","0","0","0","0","0","0","0","0","0","0","0","0","0","0","0","0","0","0","0","0","0","0","0","0","0","0"
"0x71177230c290","      FMNMX R133, R8, R157, !PT","0","0","0","2664","85248","85248","32","32","0","0","0","-","-","-","0","0","0","0","0","0","0","0","0","0","0","0","0","0","0","0","0","0","0","0","0","0","0","0","0","0","0","0","0","0","0","0","0","0","0","0","0","0","0","0","0","0","0","0"
"0x71177230c2a0","      IMAD.MOV.U32 R12, RZ, RZ, R164","0","0","0","2664","85248","85248","32","32","0","0","0","-","-","-","0","0","0","0","0","0","0","0","0","0","0","0","0","0","0","0","0","0","0","0","0","0","0","0","0","0","0","0","0","0","0","0","0","0","0","0","0","0","0","0","0","0","0","0"
"0x71177230c2b0","      FMNMX R134, R134, R157, !PT","0","0","0","2664","85248","85248","32","32","0","0","0","-","-","-","0","0","0","0","0","0","0","0","0","0","0","0","0","0","0","0","0","0","0","0","0","0","0","0","0","0","0","0","0","0","0","0","0","0","0","0","0","0","0","0","0","0","0","0"
"0x71177230c2c0","      FMUL R144, R144, R158","3","1","3","2664","85248","85248","32","32","0","0","0","-","-","-","0","0","0","0","0","0","0","0","0","0","0","0","0","0","0","0","0","0","0","0","0","0","3","0","0","0","0","0","0","0","0","0","0","0","0","0","0","0","0","0","1","0","0","0"
"0x71177230c2d0","      FMNMX R135, R4, R157, !PT","0","0","0","2664","85248","85248","32","32","0","0","0","-","-","-","0","0","0","0","0","0","0","0","0","0","0","0","0","0","0","0","0","0","0","0","0","0","0","0","0","0","0","0","0","0","0","0","0","0","0","0","0","0","0","0","0","0","0","0"
"0x71177230c2e0","      FMUL R20, R145, R158","0","0","0","2664","85248","85248","32","32","0","0","0","-","-","-","0","0","0","0","0","0","0","0","0","0","0","0","0","0","0","0","0","0","0","0","0","0","0","0","0","0","0","0","0","0","0","0","0","0","0","0","0","0","0","0","0","0","0","0"
"0x71177230c2f0","@P1   STG.E.128 [R12], R136","1","0","1","2664","85248","84096","32","31","1","1","0","Global","Store","128","10512","0","0","0","0","0","42048","42048","0","0","0","0","0","0","0","0","0","0","0","0","0","1","0","0","0","0","0","0","0","0","0","0","0","0","0","0","0","0","0","0","0","0","0","0"
"0x71177230c300","      ISETP.LT.AND P1, PT, R156, c[0x0][0x160], P6","0","0","0","2664","85248","85248","32","32","1","0","0","-","-","-","0","0","0","0","0","0","0","0","0","0","0","0","0","0","0","0","0","0","0","0","0","0","0","0","0","0","0","0","0","0","0","0","0","0","0","0","0","0","0","0","0","0","0","0"
"0x71177230c310","      FMUL R146, R146, R158","0","0","0","2664","85248","85248","32","32","0","0","0","-","-","-","0","0","0","0","0","0","0","0","0","0","0","0","0","0","0","0","0","0","0","0","0","0","0","0","0","0","0","0","0","0","0","0","0","0","0","0","0","0","0","0","0","0","0","0"
"0x71177230c320","@P0   STG.E.128 [R12+0x100], R132","0","0","0","2664","85248","84096","32","31","1","1","0","Global","Store","128","10512","0","0","0","0","0","42048","42048","0","0","0","0","0","0","0","0","0","0","0","0","0","0","0","0","0","0","0","0","0","0","0","0","0","0","0","0","0","0","0","0","0","0","0","0"
"0x71177230c330","      ISETP.LT.AND P0, PT, R156, c[0x0][0x160], P2","0","0","0","2664","85248","85248","32","32","1","0","0","-","-","-","0","0","0","0","0","0","0","0","0","0","0","0","0","0","0","0","0","0","0","0","0","0","0","0","0","0","0","0","0","0","0","0","0","0","0","0","0","0","0","0","0","0","0","0"
"0x71177230c340","      FMUL R16, R147, R158","0","0","0","2664","85248","85248","32","32","0","0","0","-","-","-","0","0","0","0","0","0","0","0","0","0","0","0","0","0","0","0","0","0","0","0","0","0","0","0","0","0","0","0","0","0","0","0","0","0","0","0","0","0","0","0","0","0","0","0"
"0x71177230c350","      FMUL R140, R140, R158","3","2","3","2664","85248","85248","32","32","0","0","0","-","-","-","0","0","0","0","0","0","0","0","0","0","0","0","0","0","0","0","0","0","0","0","0","0","2","0","0","1","0","0","0","0","0","0","0","0","0","0","0","0","0","0","2","0","0","0"
"0x71177230c360","      FMUL R8, R141, R158","0","0","0","2664","85248","85248","32","32","0","0","0","-","-","-","0","0","0","0","0","0","0","0","0","0","0","0","0","0","0","0","0","0","0","0","0","0","0","0","0","0","0","0","0","0","0","0","0","0","0","0","0","0","0","0","0","0","0","0"
"0x71177230c370","      FMUL R142, R142, R158","1","0","1","2664","85248","85248","32","32","0","0","0","-","-","-","0","0","0","0","0","0","0","0","0","0","0","0","0","0","0","0","0","0","0","0","0","0","0","0","0","1","0","0","0","0","0","0","0","0","0","0","0","0","0","0","0","0","0","0"
"0x71177230c380","      FMUL R4, R143, R158","0","0","0","2664","85248","85248","32","32","0","0","0","-","-","-","0","0","0","0","0","0","0","0","0","0","0","0","0","0","0","0","0","0","0","0","0","0","0","0","0","0","0","0","0","0","0","0","0","0","0","0","0","0","0","0","0","0","0","0"
"0x71177230c390","      FMNMX R136, R144, R157, !PT","1","1","1","2664","85248","85248","32","32","0","0","0","-","-","-","0","0","0","0","0","0","0","0","0","0","0","0","0","0","1","0","0","0","0","0","0","0","0","0","0","0","0","0","0","0","0","0","1","0","0","0","0","0","0","0","0","0","0","0"
"0x71177230c3a0","      FMNMX R137, R20, R157, !PT","0","0","0","2664","85248","85248","32","32","0","0","0","-","-","-","0","0","0","0","0","0","0","0","0","0","0","0","0","0","0","0","0","0","0","0","0","0","0","0","0","0","0","0","0","0","0","0","0","0","0","0","0","0","0","0","0","0","0","0"
"0x71177230c3b0","      FMNMX R138, R146, R157, !PT","0","0","0","2664","85248","85248","32","32","0","0","0","-","-","-","0","0","0","0","0","0","0","0","0","0","0","0","0","0","0","0","0","0","0","0","0","0","0","0","0","0","0","0","0","0","0","0","0","0","0","0","0","0","0","0","0","0","0","0"
"0x71177230c3c0","      FMNMX R139, R16, R157, !PT","0","0","0","2664","85248","85248","32","32","0","0","0","-","-","-","0","0","0","0","0","0","0","0","0","0","0","0","0","0","0","0","0","0","0","0","0","0","0","0","0","0","0","0","0","0","0","0","0","0","0","0","0","0","0","0","0","0","0","0"
"0x71177230c3d0","      FMNMX R132, R140, R157, !PT","0","0","0","2664","85248","85248","32","32","0","0","0","-","-","-","0","0","0","0","0","0","0","0","0","0","0","0","0","0","0","0","0","0","0","0","0","0","0","0","0","0","0","0","0","0","0","0","0","0","0","0","0","0","0","0","0","0","0","0"
"0x71177230c3e0","      FMNMX R133, R8, R157, !PT","0","0","0","2664","85248","85248","32","32","0","0","0","-","-","-","0","0","0","0","0","0","0","0","0","0","0","0","0","0","0","0","0","0","0","0","0","0","0","0","0","0","0","0","0","0","0","0","0","0","0","0","0","0","0","0","0","0","0","0"
"0x71177230c3f0","@P1   STG.E.128 [R12+0x200], R136","1","0","1","2664","85248","84096","32","31","1","1","0","Global","Store","128","10512","0","0","0","0","0","42048","42048","0","0","0","0","0","0","0","0","0","0","0","0","0","1","0","0","0","0","0","0","0","0","0","0","0","0","0","0","0","0","0","0","0","0","0","0"
"0x71177230c400","      FMNMX R134, R142, R157, !PT","0","0","0","2664","85248","85248","32","32","1","0","0","-","-","-","0","0","0","0","0","0","0","0","0","0","0","0","0","0","0","0","0","0","0","0","0","0","0","0","0","0","0","0","0","0","0","0","0","0","0","0","0","0","0","0","0","0","0","0"
"0x71177230c410","      FMNMX R135, R4, R157, !PT","0","0","0","2664","85248","85248","32","32","0","0","0","-","-","-","0","0","0","0","0","0","0","0","0","0","0","0","0","0","0","0","0","0","0","0","0","0","0","0","0","0","0","0","0","0","0","0","0","0","0","0","0","0","0","0","0","0","0","0"
"0x71177230c420","@P0   STG.E.128 [R12+0x300], R132","0","0","0","2664","85248","84096","32","31","1","1","0","Global","Store","128","10512","0","0","0","0","0","42048","42048","0","0","0","0","0","0","0","0","0","0","0","0","0","0","0","0","0","0","0","0","0","0","0","0","0","0","0","0","0","0","0","0","0","0","0","0"
"0x71177230c430","      BAR.SYNC.DEFER_BLOCKING 0x0","4","4","4","2664","85248","85248","32","32","1","0","0","-","-","-","0","0","0","0","0","0","0","0","0","0","0","0","0","0","0","0","0","4","0","0","0","0","0","0","0","0","0","0","0","0","0","0","0","0","0","4","0","0","0","0","0","0","0","0"
"0x71177230c440","      IADD3 R20, P0, R164, c[0x0][0x238], RZ","1","0","1","2664","85248","85248","32","32","0","0","0","-","-","-","0","0","0","0","0","0","0","0","0","0","0","0","0","0","0","0","0","0","0","0","0","1","0","0","0","0","0","0","0","0","0","0","0","0","0","0","0","0","0","0","0","0","0","0"
"0x71177230c450","      IADD3.X R21, R165, c[0x0][0x23c], RZ, P0, !PT","1","0","1","2664","85248","85248","32","32","0","0","0","-","-","-","0","0","0","0","0","0","0","0","0","0","0","0","0","0","0","0","0","0","0","0","0","1","0","0","0","0","0","0","0","0","0","0","0","0","0","0","0","0","0","0","0","0","0","0"
"0x71177230c460","      STS.64 [R2.X8], R6","55","53","55","2664","85248","85248","32","32","0","0","0","Shared","Store","64","0","2","0","5328","5328","0","0","0","55","0","0","0","0","0","0","0","0","0","0","0","0","0","0","0","0","0","53","0","0","0","0","0","0","0","0","0","0","0","0","0","0","0","0","0"
"0x71177230c470","      STS.64 [R2.X8+0x20], R10","0","0","0","2664","85248","85248","32","32","0","0","0","Shared","Store","64","0","2","0","5328","5328","0","0","0","0","0","0","0","0","0","0","0","0","0","0","0","0","0","0","0","0","0","0","0","0","0","0","0","0","0","0","0","0","0","0","0","0","0","0","0"
"0x71177230c480","      STS.64 [R2.X8+0x40], R14","3","3","3","2664","85248","85248","32","32","0","0","0","Shared","Store","64","0","2","0","5328","5328","0","0","0","0","0","0","0","0","0","0","0","0","2","0","0","0","0","0","0","0","1","0","0","0","0","0","0","0","0","0","2","0","0","0","0","0","0","0","1"
"0x71177230c490","      STS.64 [R2.X8+0x60], R18","13","12","13","2664","85248","85248","32","32","0","0","0","Shared","Store","64","0","2","0","5328","5328","0","0","0","0","0","0","0","0","0","0","0","0","10","0","0","1","0","0","0","0","2","0","0","0","0","0","0","0","0","0","10","0","0","0","0","0","0","0","2"
"0x71177230c4a0","      STS.64 [R2.X8+0x80], R22","2","2","2","2664","85248","85248","32","32","0","0","0","Shared","Store","64","0","2","0","5328","5328","0","0","0","0","0","0","0","0","0","0","0","0","2","0","0","0","0","0","0","0","0","0","0","0","0","0","0","0","0","0","2","0","0","0","0","0","0","0","0"
"0x71177230c4b0","      STS.64 [R2.X8+0xa0], R26","0","0","0","2664","85248","85248","32","32","0","0","0","Shared","Store","64","0","2","0","5328","5328","0","0","0","0","0","0","0","0","0","0","0","0","0","0","0","0","0","0","0","0","0","0","0","0","0","0","0","0","0","0","0","0","0","0","0","0","0","0","0"
"0x71177230c4c0","      STS.64 [R2.X8+0xc0], R30","2","2","2","2664","85248","85248","32","32","0","0","0","Shared","Store","64","0","2","0","5328","5328","0","0","0","0","0","0","0","0","0","0","0","0","2","0","0","0","0","0","0","0","0","0","0","0","0","0","0","0","0","0","2","0","0","0","0","0","0","0","0"
"0x71177230c4d0","      STS.64 [R2.X8+0xe0], R34","2","2","2","2664","85248","85248","32","32","0","0","0","Shared","Store","64","0","2","0","5328","5328","0","0","0","0","0","0","0","0","0","0","0","0","1","0","0","0","0","0","0","0","1","0","0","0","0","0","0","0","0","0","1","0","0","0","0","0","0","0","1"
"0x71177230c4e0","      BAR.SYNC.DEFER_BLOCKING 0x0","3","3","3","2664","85248","85248","32","32","0","0","0","-","-","-","0","0","0","0","0","0","0","0","0","0","0","0","0","0","0","0","0","2","0","0","0","0","0","0","0","1","0","0","0","0","0","0","0","0","0","2","0","0","0","0","0","0","0","1"
"0x71177230c4f0","      IADD3 R14, R156, 0x8, RZ","0","0","0","2664","85248","85248","32","32","0","0","0","-","-","-","0","0","0","0","0","0","0","0","0","0","0","0","0","0","0","0","0","0","0","0","0","0","0","0","0","0","0","0","0","0","0","0","0","0","0","0","0","0","0","0","0","0","0","0"
"0x71177230c500","      ISETP.LT.AND P1, PT, R14, c[0x0][0x160], P4","0","0","0","2664","85248","85248","32","32","0","0","0","-","-","-","0","0","0","0","0","0","0","0","0","0","0","0","0","0","0","0","0","0","0","0","0","0","0","0","0","0","0","0","0","0","0","0","0","0","0","0","0","0","0","0","0","0","0","0"
"0x71177230c510","      ISETP.LT.AND P0, PT, R14, c[0x0][0x160], P5","0","0","0","2664","85248","85248","32","32","0","0","0","-","-","-","0","0","0","0","0","0","0","0","0","0","0","0","0","0","0","0","0","0","0","0","0","0","0","0","0","0","0","0","0","0","0","0","0","0","0","0","0","0","0","0","0","0","0","0"
"0x71177230c520","      LDS.128 R144, [R3]","15","14","15","2664","85248","85248","32","32","0","0","0","Shared","Load","128","0","4","0","10656","10656","0","0","0","15","0","0","0","0","0","0","0","0","0","0","0","0","0","0","0","0","0","14","0","0","0","0","0","0","0","0","0","0","0","0","0","0","0","0","0"
"0x71177230c530","      LDS.128 R140, [R3+0x100]","1","1","1","2664","85248","85248","32","32","0","0","0","Shared","Load","128","0","4","0","10656","10656","0","0","0","0","0","0","0","0","0","0","0","0","0","0","0","0","0","0","0","0","1","0","0","0","0","0","0","0","0","0","0","0","0","0","0","0","0","0","1"
"0x71177230c540","      LDS.128 R136, [R3+0x200]","0","0","0","2664","85248","85248","32","32","0","0","0","Shared","Load","128","0","4","0","10656","10656","0","0","0","0","0","0","0","0","0","0","0","0","0","0","0","0","0","0","0","0","0","0","0","0","0","0","0","0","0","0","0","0","0","0","0","0","0","0","0"
"0x71177230c550","      LDS.128 R132, [R3+0x300]","2","1","2","2664","85248","85248","32","32","0","0","0","Shared","Load","128","0","4","0","10656","10656","0","0","0","0","0","0","0","0","0","0","0","0","1","0","0","0","0","0","0","0","1","0","0","0","0","0","0","0","0","0","1","0","0","0","0","0","0","0","0"
"0x71177230c560","      FMUL R8, R144, R158","4","4","4","2664","85248","85248","32","32","0","0","0","-","-","-","0","0","0","0","0","0","0","0","0","0","0","0","0","0","0","0","0","0","0","0","0","0","4","0","0","0","0","0","0","0","0","0","0","0","0","0","0","0","0","0","4","0","0","0"
"0x71177230c570","      FMUL R24, R145, R158","0","0","0","2664","85248","85248","32","32","0","0","0","-","-","-","0","0","0","0","0","0","0","0","0","0","0","0","0","0","0","0","0","0","0","0","0","0","0","0","0","0","0","0","0","0","0","0","0","0","0","0","0","0","0","0","0","0","0","0"
"0x71177230c580","      FMUL R10, R146, R158","0","0","0","2664","85248","85248","32","32","0","0","0","-","-","-","0","0","0","0","0","0","0","0","0","0","0","0","0","0","0","0","0","0","0","0","0","0","0","0","0","0","0","0","0","0","0","0","0","0","0","0","0","0","0","0","0","0","0","0"
"0x71177230c590","      FMNMX R8, R8, R157, !PT","0","0","0","2664","85248","85248","32","32","0","0","0","-","-","-","0","0","0","0","0","0","0","0","0","0","0","0","0","0","0","0","0","0","0","0","0","0","0","0","0","0","0","0","0","0","0","0","0","0","0","0","0","0","0","0","0","0","0","0"
"0x71177230c5a0","      FMUL R22, R147, R158","0","0","0","2664","85248","85248","32","32","0","0","0","-","-","-","0","0","0","0","0","0","0","0","0","0","0","0","0","0","0","0","0","0","0","0","0","0","0","0","0","0","0","0","0","0","0","0","0","0","0","0","0","0","0","0","0","0","0","0"
"0x71177230c5b0","      FMNMX R9, R24, R157, !PT","0","0","0","2664","85248","85248","32","32","0","0","0","-","-","-","0","0","0","0","0","0","0","0","0","0","0","0","0","0","0","0","0","0","0","0","0","0","0","0","0","0","0","0","0","0","0","0","0","0","0","0","0","0","0","0","0","0","0","0"
"0x71177230c5c0","      FMUL R4, R140, R158","6","5","6","2664","85248","85248","32","32","0","0","0","-","-","-","0","0","0","0","0","0","0","0","0","0","0","0","0","0","0","0","0","0","0","0","0","0","6","0","0","0","0","0","0","0","0","0","0","0","0","0","0","0","0","0","5","0","0","0"
"0x71177230c5d0","      FMNMX R10, R10, R157, !PT","0","0","0","2664","85248","85248","32","32","0","0","0","-","-","-","0","0","0","0","0","0","0","0","0","0","0","0","0","0","0","0","0","0","0","0","0","0","0","0","0","0","0","0","0","0","0","0","0","0","0","0","0","0","0","0","0","0","0","0"
"0x71177230c5e0","      FMUL R18, R141, R158","1","0","1","2664","85248","85248","32","32","0","0","0","-","-","-","0","0","0","0","0","0","0","0","0","0","0","0","0","0","0","0","0","0","0","0","0","1","0","0","0","0","0","0","0","0","0","0","0","0","0","0","0","0","0","0","0","0","0","0"
"0x71177230c5f0","      FMNMX R11, R22, R157, !PT","0","0","0","2664","85248","85248","32","32","0","0","0","-","-","-","0","0","0","0","0","0","0","0","0","0","0","0","0","0","0","0","0","0","0","0","0","0","0","0","0","0","0","0","0","0","0","0","0","0","0","0","0","0","0","0","0","0","0","0"
"0x71177230c600","      FMUL R6, R142, R158","1","0","1","2664","85248","85248","32","32","0","0","0","-","-","-","0","0","0","0","0","0","0","0","0","0","0","0","0","0","0","0","0","0","0","0","0","1","0","0","0","0","0","0","0","0","0","0","0","0","0","0","0","0","0","0","0","0","0","0"
"0x71177230c610","      FMNMX R4, R4, R157, !PT","0","0","0","2664","85248","85248","32","32","0","0","0","-","-","-","0","0","0","0","0","0","0","0","0","0","0","0","0","0","0","0","0","0","0","0","0","0","0","0","0","0","0","0","0","0","0","0","0","0","0","0","0","0","0","0","0","0","0","0"
"0x71177230c620","      FMUL R16, R143, R158","0","0","0","2664","85248","85248","32","32","0","0","0","-","-","-","0","0","0","0","0","0","0","0","0","0","0","0","0","0","0","0","0","0","0","0","0","0","0","0","0","0","0","0","0","0","0","0","0","0","0","0","0","0","0","0","0","0","0","0"
"0x71177230c630","      FMNMX R5, R18, R157, !PT","0","0","0","2664","85248","85248","32","32","0","0","0","-","-","-","0","0","0","0","0","0","0","0","0","0","0","0","0","0","0","0","0","0","0","0","0","0","0","0","0","0","0","0","0","0","0","0","0","0","0","0","0","0","0","0","0","0","0","0"
"0x71177230c640","@P1   STG.E.128 [R20], R8","0","0","0","2664","85248","83664","32","31","1","1","0","Global","Store","128","10458","0","0","0","0","0","41832","41832","0","0","0","0","0","0","0","0","0","0","0","0","0","0","0","0","0","0","0","0","0","0","0","0","0","0","0","0","0","0","0","0","0","0","0","0"
"0x71177230c650","      FMNMX R6, R6, R157, !PT","0","0","0","2664","85248","85248","32","32","1","0","0","-","-","-","0","0","0","0","0","0","0","0","0","0","0","0","0","0","0","0","0","0","0","0","0","0","0","0","0","0","0","0","0","0","0","0","0","0","0","0","0","0","0","0","0","0","0","0"
"0x71177230c660","      FMUL R136, R136, R158","2","1","2","2664","85248","85248","32","32","0","0","0","-","-","-","0","0","0","0","0","0","0","0","0","0","0","0","0","0","0","0","0","0","0","0","0","0","2","0","0","0","0","0","0","0","0","0","0","0","0","0","0","0","0","0","1","0","0","0"
"0x71177230c670","      FMNMX R7, R16, R157, !PT","0","0","0","2664","85248","85248","32","32","0","0","0","-","-","-","0","0","0","0","0","0","0","0","0","0","0","0","0","0","0","0","0","0","0","0","0","0","0","0","0","0","0","0","0","0","0","0","0","0","0","0","0","0","0","0","0","0","0","0"
"0x71177230c680","      FMUL R22, R137, R158","0","0","0","2664","85248","85248","32","32","0","0","0","-","-","-","0","0","0","0","0","0","0","0","0","0","0","0","0","0","0","0","0","0","0","0","0","0","0","0","0","0","0","0","0","0","0","0","0","0","0","0","0","0","0","0","0","0","0","0"
"0x71177230c690","      ISETP.LT.AND P1, PT, R14, c[0x0][0x160], P6","0","0","0","2664","85248","85248","32","32","0","0","0","-","-","-","0","0","0","0","0","0","0","0","0","0","0","0","0","0","0","0","0","0","0","0","0","0","0","0","0","0","0","0","0","0","0","0","0","0","0","0","0","0","0","0","0","0","0","0"
"0x71177230c6a0","      FMUL R138, R138, R158","0","0","0","2664","85248","85248","32","32","0","0","0","-","-","-","0","0","0","0","0","0","0","0","0","0","0","0","0","0","0","0","0","0","0","0","0","0","0","0","0","0","0","0","0","0","0","0","0","0","0","0","0","0","0","0","0","0","0","0"
"0x71177230c6b0","      IADD3 R24, R156, 0x10, RZ","0","0","0","2664","85248","85248","32","32","0","0","0","-","-","-","0","0","0","0","0","0","0","0","0","0","0","0","0","0","0","0","0","0","0","0","0","0","0","0","0","0","0","0","0","0","0","0","0","0","0","0","0","0","0","0","0","0","0","0"
"0x71177230c6c0","@P0   STG.E.128 [R12.64+UR8], R4","0","0","0","2664","85248","83664","32","31","1","1","0","Global","Store","128","10458","0","0","0","0","0","41832","41832","0","0","0","0","0","0","0","0","0","0","0","0","0","0","0","0","0","0","0","0","0","0","0","0","0","0","0","0","0","0","0","0","0","0","0","0"
"0x71177230c6d0","      ISETP.LT.AND P0, PT, R14, c[0x0][0x160], P2","0","0","0","2664","85248","85248","32","32","1","0","0","-","-","-","0","0","0","0","0","0","0","0","0","0","0","0","0","0","0","0","0","0","0","0","0","0","0","0","0","0","0","0","0","0","0","0","0","0","0","0","0","0","0","0","0","0","0","0"
"0x71177230c6e0","      FMUL R18, R139, R158","0","0","0","2664","85248","85248","32","32","0","0","0","-","-","-","0","0","0","0","0","0","0","0","0","0","0","0","0","0","0","0","0","0","0","0","0","0","0","0","0","0","0","0","0","0","0","0","0","0","0","0","0","0","0","0","0","0","0","0"
"0x71177230c6f0","      FMUL R132, R132, R158","6","4","6","2664","85248","85248","32","32","0","0","0","-","-","-","0","0","0","0","0","0","0","0","0","0","0","0","0","0","0","0","0","0","0","0","0","0","6","0","0","0","0","0","0","0","0","0","0","0","0","0","0","0","0","0","4","0","0","0"
"0x71177230c700","      FMUL R16, R133, R158","0","0","0","2664","85248","85248","32","32","0","0","0","-","-","-","0","0","0","0","0","0","0","0","0","0","0","0","0","0","0","0","0","0","0","0","0","0","0","0","0","0","0","0","0","0","0","0","0","0","0","0","0","0","0","0","0","0","0","0"
"0x71177230c710","      FMUL R14, R135, R158","0","0","0","2664","85248","85248","32","32","0","0","0","-","-","-","0","0","0","0","0","0","0","0","0","0","0","0","0","0","0","0","0","0","0","0","0","0","0","0","0","0","0","0","0","0","0","0","0","0","0","0","0","0","0","0","0","0","0","0"
"0x71177230c720","      FMNMX R8, R136, R157, !PT","1","0","1","2664","85248","85248","32","32","0","0","0","-","-","-","0","0","0","0","0","0","0","0","0","0","0","0","0","0","0","0","0","0","0","0","0","1","0","0","0","0","0","0","0","0","0","0","0","0","0","0","0","0","0","0","0","0","0","0"
"0x71177230c730","      FMNMX R9, R22, R157, !PT","0","0","0","2664","85248","85248","32","32","0","0","0","-","-","-","0","0","0","0","0","0","0","0","0","0","0","0","0","0","0","0","0","0","0","0","0","0","0","0","0","0","0","0","0","0","0","0","0","0","0","0","0","0","0","0","0","0","0","0"
"0x71177230c740","      FMNMX R10, R138, R157, !PT","0","0","0","2664","85248","85248","32","32","0","0","0","-","-","-","0","0","0","0","0","0","0","0","0","0","0","0","0","0","0","0","0","0","0","0","0","0","0","0","0","0","0","0","0","0","0","0","0","0","0","0","0","0","0","0","0","0","0","0"
"0x71177230c750","      FMNMX R11, R18, R157, !PT","0","0","0","2664","85248","85248","32","32","0","0","0","-","-","-","0","0","0","0","0","0","0","0","0","0","0","0","0","0","0","0","0","0","0","0","0","0","0","0","0","0","0","0","0","0","0","0","0","0","0","0","0","0","0","0","0","0","0","0"
"0x71177230c760","      FMUL R6, R134, R158","9","9","9","2664","85248","85248","32","32","0","0","0","-","-","-","0","0","0","0","0","0","0","0","0","0","0","0","0","0","9","0","0","0","0","0","0","0","0","0","0","0","0","0","0","0","0","0","9","0","0","0","0","0","0","0","0","0","0","0"
"0x71177230c770","      FMNMX R4, R132, R157, !PT","0","0","0","2664","85248","85248","32","32","0","0","0","-","-","-","0","0","0","0","0","0","0","0","0","0","0","0","0","0","0","0","0","0","0","0","0","0","0","0","0","0","0","0","0","0","0","0","0","0","0","0","0","0","0","0","0","0","0","0"
"0x71177230c780","      FMNMX R5, R16, R157, !PT","1","0","1","2664","85248","85248","32","32","0","0","0","-","-","-","0","0","0","0","0","0","0","0","0","0","0","0","0","0","0","0","0","0","0","0","0","1","0","0","0","0","0","0","0","0","0","0","0","0","0","0","0","0","0","0","0","0","0","0"
"0x71177230c790","@P1   STG.E.128 [R12.64+UR6], R8","0","0","0","2664","85248","83664","32","31","1","1","0","Global","Store","128","10458","0","0","0","0","0","41832","41832","0","0","0","0","0","0","0","0","0","0","0","0","0","0","0","0","0","0","0","0","0","0","0","0","0","0","0","0","0","0","0","0","0","0","0","0"
"0x71177230c7a0","      FMNMX R6, R6, R157, !PT","0","0","0","2664","85248","85248","32","32","1","0","0","-","-","-","0","0","0","0","0","0","0","0","0","0","0","0","0","0","0","0","0","0","0","0","0","0","0","0","0","0","0","0","0","0","0","0","0","0","0","0","0","0","0","0","0","0","0","0"
"0x71177230c7b0","      FMNMX R7, R14, R157, !PT","0","0","0","2664","85248","85248","32","32","0","0","0","-","-","-","0","0","0","0","0","0","0","0","0","0","0","0","0","0","0","0","0","0","0","0","0","0","0","0","0","0","0","0","0","0","0","0","0","0","0","0","0","0","0","0","0","0","0","0"
"0x71177230c7c0","      ISETP.LT.AND P1, PT, R24, c[0x0][0x160], P4","0","0","0","2664","85248","85248","32","32","0","0","0","-","-","-","0","0","0","0","0","0","0","0","0","0","0","0","0","0","0","0","0","0","0","0","0","0","0","0","0","0","0","0","0","0","0","0","0","0","0","0","0","0","0","0","0","0","0","0"
"0x71177230c7d0","@P0   STG.E.128 [R12.64+UR4], R4","0","0","0","2664","85248","83664","32","31","1","1","0","Global","Store","128","10458","0","0","0","0","0","41832","41832","0","0","0","0","0","0","0","0","0","0","0","0","0","0","0","0","0","0","0","0","0","0","0","0","0","0","0","0","0","0","0","0","0","0","0","0"
"0x71177230c7e0","      BAR.SYNC.DEFER_BLOCKING 0x0","3","3","3","2664","85248","85248","32","32","1","0","0","-","-","-","0","0","0","0","0","0","0","0","0","0","0","0","0","0","0","0","0","2","0","0","0","0","0","0","0","1","0","0","0","0","0","0","0","0","0","2","0","0","0","0","0","0","0","1"
"0x71177230c7f0","      IADD3 R22, P0, R20, c[0x0][0x238], RZ","0","0","0","2664","85248","85248","32","32","0","0","0","-","-","-","0","0","0","0","0","0","0","0","0","0","0","0","0","0","0","0","0","0","0","0","0","0","0","0","0","0","0","0","0","0","0","0","0","0","0","0","0","0","0","0","0","0","0","0"
"0x71177230c800","      IADD3.X R23, R21, c[0x0][0x23c], RZ, P0, !PT","2","2","2","2664","85248","85248","32","32","0","0","0","-","-","-","0","0","0","0","0","0","0","0","0","0","0","0","0","0","0","0","0","0","0","0","0","0","0","0","0","2","0","0","0","0","0","0","0","0","0","0","0","0","0","0","0","0","0","2"
"0x71177230c810","      ISETP.LT.AND P0, PT, R24, c[0x0][0x160], P5","0","0","0","2664","85248","85248","32","32","0","0","0","-","-","-","0","0","0","0","0","0","0","0","0","0","0","0","0","0","0","0","0","0","0","0","0","0","0","0","0","0","0","0","0","0","0","0","0","0","0","0","0","0","0","0","0","0","0","0"
"0x71177230c820","      STS.64 [R2.X8], R64","44","43","44","2664","85248","85248","32","32","0","0","0","Shared","Store","64","0","2","0","5328","5328","0","0","0","44","0","0","0","0","0","0","0","0","0","0","0","0","0","0","0","0","0","43","0","0","0","0","0","0","0","0","0","0","0","0","0","0","0","0","0"
"0x71177230c830","      STS.64 [R2.X8+0x20], R60","0","0","0","2664","85248","85248","32","32","0","0","0","Shared","Store","64","0","2","0","5328","5328","0","0","0","0","0","0","0","0","0","0","0","0","0","0","0","0","0","0","0","0","0","0","0","0","0","0","0","0","0","0","0","0","0","0","0","0","0","0","0"
"0x71177230c840","      STS.64 [R2.X8+0x40], R56","0","0","0","2664","85248","85248","32","32","0","0","0","Shared","Store","64","0","2","0","5328","5328","0","0","0","0","0","0","0","0","0","0","0","0","0","0","0","0","0","0","0","0","0","0","0","0","0","0","0","0","0","0","0","0","0","0","0","0","0","0","0"
"0x71177230c850","      STS.64 [R2.X8+0x60], R52","1","1","1","2664","85248","85248","32","32","0","0","0","Shared","Store","64","0","2","0","5328","5328","0","0","0","0","0","0","0","0","0","0","0","0","1","0","0","0","0","0","0","0","0","0","0","0","0","0","0","0","0","0","1","0","0","0","0","0","0","0","0"
"0x71177230c860","      STS.64 [R2.X8+0x80], R48","1","1","1","2664","85248","85248","32","32","0","0","0","Shared","Store","64","0","2","0","5328","5328","0","0","0","0","0","0","0","0","0","0","0","0","1","0","0","0","0","0","0","0","0","0","0","0","0","0","0","0","0","0","1","0","0","0","0","0","0","0","0"
"0x71177230c870","      STS.64 [R2.X8+0xa0], R44","1","1","1","2664","85248","85248","32","32","0","0","0","Shared","Store","64","0","2","0","5328","5328","0","0","0","0","0","0","0","0","0","0","0","0","1","0","0","0","0","0","0","0","0","0","0","0","0","0","0","0","0","0","1","0","0","0","0","0","0","0","0"
"0x71177230c880","      STS.64 [R2.X8+0xc0], R40","2","2","2","2664","85248","85248","32","32","0","0","0","Shared","Store","64","0","2","0","5328","5328","0","0","0","0","0","0","0","0","0","0","0","0","1","0","0","0","0","0","0","0","1","0","0","0","0","0","0","0","0","0","1","0","0","0","0","0","0","0","1"
"0x71177230c890","      STS.64 [R2.X8+0xe0], R36","0","0","0","2664","85248","85248","32","32","0","0","0","Shared","Store","64","0","2","0","5328","5328","0","0","0","0","0","0","0","0","0","0","0","0","0","0","0","0","0","0","0","0","0","0","0","0","0","0","0","0","0","0","0","0","0","0","0","0","0","0","0"
"0x71177230c8a0","      BAR.SYNC.DEFER_BLOCKING 0x0","3","3","3","2664","85248","85248","32","32","0","0","0","-","-","-","0","0","0","0","0","0","0","0","0","0","0","0","0","0","0","0","0","3","0","0","0","0","0","0","0","0","0","0","0","0","0","0","0","0","0","3","0","0","0","0","0","0","0","0"
"0x71177230c8b0","      LDS.128 R8, [R3]","6","6","6","2664","85248","85248","32","32","0","0","0","Shared","Load","128","0","4","0","10656","10656","0","0","0","6","0","0","0","0","0","0","0","0","0","0","0","0","0","0","0","0","0","6","0","0","0","0","0","0","0","0","0","0","0","0","0","0","0","0","0"
"0x71177230c8c0","      LDS.128 R4, [R3+0x100]","0","0","0","2664","85248","85248","32","32","0","0","0","Shared","Load","128","0","4","0","10656","10656","0","0","0","0","0","0","0","0","0","0","0","0","0","0","0","0","0","0","0","0","0","0","0","0","0","0","0","0","0","0","0","0","0","0","0","0","0","0","0"
"0x71177230c8d0","      LDS.128 R16, [R3+0x200]","0","0","0","2664","85248","85248","32","32","0","0","0","Shared","Load","128","0","4","0","10656","10656","0","0","0","0","0","0","0","0","0","0","0","0","0","0","0","0","0","0","0","0","0","0","0","0","0","0","0","0","0","0","0","0","0","0","0","0","0","0","0"
"0x71177230c8e0","      LDS.128 R12, [R3+0x300]","2","2","2","2664","85248","85248","32","32","0","0","0","Shared","Load","128","0","4","0","10656","10656","0","0","0","0","0","0","0","0","0","0","0","0","1","0","0","0","0","0","0","0","1","0","0","0","0","0","0","0","0","0","1","0","0","0","0","0","0","0","1"
"0x71177230c8f0","      FMUL R8, R8, R158","1","1","1","2664","85248","85248","32","32","0","0","0","-","-","-","0","0","0","0","0","0","0","0","0","0","0","0","0","0","0","0","0","0","0","0","0","0","1","0","0","0","0","0","0","0","0","0","0","0","0","0","0","0","0","0","1","0","0","0"
"0x71177230c900","      FMUL R32, R9, R158","0","0","0","2664","85248","85248","32","32","0","0","0","-","-","-","0","0","0","0","0","0","0","0","0","0","0","0","0","0","0","0","0","0","0","0","0","0","0","0","0","0","0","0","0","0","0","0","0","0","0","0","0","0","0","0","0","0","0","0"
"0x71177230c910","      FMUL R10, R10, R158","1","1","1","2664","85248","85248","32","32","0","0","0","-","-","-","0","0","0","0","0","0","0","0","0","0","0","0","0","0","0","0","0","0","0","0","0","0","0","0","0","1","0","0","0","0","0","0","0","0","0","0","0","0","0","0","0","0","0","1"
"0x71177230c920","      FMNMX R8, R8, R157, !PT","0","0","0","2664","85248","85248","32","32","0","0","0","-","-","-","0","0","0","0","0","0","0","0","0","0","0","0","0","0","0","0","0","0","0","0","0","0","0","0","0","0","0","0","0","0","0","0","0","0","0","0","0","0","0","0","0","0","0","0"
"0x71177230c930","      FMUL R30, R11, R158","0","0","0","2664","85248","85248","32","32","0","0","0","-","-","-","0","0","0","0","0","0","0","0","0","0","0","0","0","0","0","0","0","0","0","0","0","0","0","0","0","0","0","0","0","0","0","0","0","0","0","0","0","0","0","0","0","0","0","0"
"0x71177230c940","      FMNMX R9, R32, R157, !PT","0","0","0","2664","85248","85248","32","32","0","0","0","-","-","-","0","0","0","0","0","0","0","0","0","0","0","0","0","0","0","0","0","0","0","0","0","0","0","0","0","0","0","0","0","0","0","0","0","0","0","0","0","0","0","0","0","0","0","0"
"0x71177230c950","      FMUL R4, R4, R158","1","1","1","2664","85248","85248","32","32","0","0","0","-","-","-","0","0","0","0","0","0","0","0","0","0","0","0","0","0","0","0","0","0","0","0","0","0","1","0","0","0","0","0","0","0","0","0","0","0","0","0","0","0","0","0","1","0","0","0"
"0x71177230c960","      FMNMX R10, R10, R157, !PT","0","0","0","2664","85248","85248","32","32","0","0","0","-","-","-","0","0","0","0","0","0","0","0","0","0","0","0","0","0","0","0","0","0","0","0","0","0","0","0","0","0","0","0","0","0","0","0","0","0","0","0","0","0","0","0","0","0","0","0"
"0x71177230c970","      FMUL R28, R5, R158","0","0","0","2664","85248","85248","32","32","0","0","0","-","-","-","0","0","0","0","0","0","0","0","0","0","0","0","0","0","0","0","0","0","0","0","0","0","0","0","0","0","0","0","0","0","0","0","0","0","0","0","0","0","0","0","0","0","0","0"
"0x71177230c980","      FMNMX R11, R30, R157, !PT","0","0","0","2664","85248","85248","32","32","0","0","0","-","-","-","0","0","0","0","0","0","0","0","0","0","0","0","0","0","0","0","0","0","0","0","0","0","0","0","0","0","0","0","0","0","0","0","0","0","0","0","0","0","0","0","0","0","0","0"
"0x71177230c990","      FMUL R6, R6, R158","0","0","0","2664","85248","85248","32","32","0","0","0","-","-","-","0","0","0","0","0","0","0","0","0","0","0","0","0","0","0","0","0","0","0","0","0","0","0","0","0","0","0","0","0","0","0","0","0","0","0","0","0","0","0","0","0","0","0","0"
"0x71177230c9a0","      FMNMX R4, R4, R157, !PT","0","0","0","2664","85248","85248","32","32","0","0","0","-","-","-","0","0","0","0","0","0","0","0","0","0","0","0","0","0","0","0","0","0","0","0","0","0","0","0","0","0","0","0","0","0","0","0","0","0","0","0","0","0","0","0","0","0","0","0"
"0x71177230c9b0","      FMUL R26, R7, R158","0","0","0","2664","85248","85248","32","32","0","0","0","-","-","-","0","0","0","0","0","0","0","0","0","0","0","0","0","0","0","0","0","0","0","0","0","0","0","0","0","0","0","0","0","0","0","0","0","0","0","0","0","0","0","0","0","0","0","0"
"0x71177230c9c0","      FMNMX R5, R28, R157, !PT","0","0","0","2664","85248","85248","32","32","0","0","0","-","-","-","0","0","0","0","0","0","0","0","0","0","0","0","0","0","0","0","0","0","0","0","0","0","0","0","0","0","0","0","0","0","0","0","0","0","0","0","0","0","0","0","0","0","0","0"
"0x71177230c9d0","@P1   STG.E.128 [R22], R8","0","0","0","2664","85248","82944","32","31","1","1","0","Global","Store","128","10368","0","0","0","0","0","41472","41472","0","0","0","0","0","0","0","0","0","0","0","0","0","0","0","0","0","0","0","0","0","0","0","0","0","0","0","0","0","0","0","0","0","0","0","0"
"0x71177230c9e0","      FMNMX R6, R6, R157, !PT","0","0","0","2664","85248","85248","32","32","1","0","0","-","-","-","0","0","0","0","0","0","0","0","0","0","0","0","0","0","0","0","0","0","0","0","0","0","0","0","0","0","0","0","0","0","0","0","0","0","0","0","0","0","0","0","0","0","0","0"
"0x71177230c9f0","      FMUL R30, R16, R158","0","0","0","2664","85248","85248","32","32","0","0","0","-","-","-","0","0","0","0","0","0","0","0","0","0","0","0","0","0","0","0","0","0","0","0","0","0","0","0","0","0","0","0","0","0","0","0","0","0","0","0","0","0","0","0","0","0","0","0"
"0x71177230ca00","      FMNMX R7, R26, R157, !PT","0","0","0","2664","85248","85248","32","32","0","0","0","-","-","-","0","0","0","0","0","0","0","0","0","0","0","0","0","0","0","0","0","0","0","0","0","0","0","0","0","0","0","0","0","0","0","0","0","0","0","0","0","0","0","0","0","0","0","0"
"0x71177230ca10","      FMUL R26, R18, R158","0","0","0","2664","85248","85248","32","32","0","0","0","-","-","-","0","0","0","0","0","0","0","0","0","0","0","0","0","0","0","0","0","0","0","0","0","0","0","0","0","0","0","0","0","0","0","0","0","0","0","0","0","0","0","0","0","0","0","0"
"0x71177230ca20","      ISETP.LT.AND P1, PT, R24, c[0x0][0x160], P6","0","0","0","2664","85248","85248","32","32","0","0","0","-","-","-","0","0","0","0","0","0","0","0","0","0","0","0","0","0","0","0","0","0","0","0","0","0","0","0","0","0","0","0","0","0","0","0","0","0","0","0","0","0","0","0","0","0","0","0"
"0x71177230ca30","      FMUL R28, R17, R158","0","0","0","2664","85248","85248","32","32","0","0","0","-","-","-","0","0","0","0","0","0","0","0","0","0","0","0","0","0","0","0","0","0","0","0","0","0","0","0","0","0","0","0","0","0","0","0","0","0","0","0","0","0","0","0","0","0","0","0"
"0x71177230ca40","@P0   STG.E.128 [R20.64+UR8], R4","0","0","0","2664","85248","82944","32","31","1","1","0","Global","Store","128","10368","0","0","0","0","0","41472","41472","0","0","0","0","0","0","0","0","0","0","0","0","0","0","0","0","0","0","0","0","0","0","0","0","0","0","0","0","0","0","0","0","0","0","0","0"
"0x71177230ca50","      ISETP.LT.AND P0, PT, R24, c[0x0][0x160], P2","0","0","0","2664","85248","85248","32","32","1","0","0","-","-","-","0","0","0","0","0","0","0","0","0","0","0","0","0","0","0","0","0","0","0","0","0","0","0","0","0","0","0","0","0","0","0","0","0","0","0","0","0","0","0","0","0","0","0","0"
"0x71177230ca60","      FMUL R24, R19, R158","0","0","0","2664","85248","85248","32","32","0","0","0","-","-","-","0","0","0","0","0","0","0","0","0","0","0","0","0","0","0","0","0","0","0","0","0","0","0","0","0","0","0","0","0","0","0","0","0","0","0","0","0","0","0","0","0","0","0","0"
"0x71177230ca70","      FMUL R18, R12, R158","2","2","2","2664","85248","85248","32","32","0","0","0","-","-","-","0","0","0","0","0","0","0","0","0","0","0","0","0","0","0","0","0","0","0","0","0","0","1","0","0","1","0","0","0","0","0","0","0","0","0","0","0","0","0","0","1","0","0","1"
"0x71177230ca80","      FMUL R16, R13, R158","1","0","1","2664","85248","85248","32","32","0","0","0","-","-","-","0","0","0","0","0","0","0","0","0","0","0","0","0","0","0","0","0","0","0","0","0","1","0","0","0","0","0","0","0","0","0","0","0","0","0","0","0","0","0","0","0","0","0","0"
"0x71177230ca90","      FMUL R14, R14, R158","0","0","0","2664","85248","85248","32","32","0","0","0","-","-","-","0","0","0","0","0","0","0","0","0","0","0","0","0","0","0","0","0","0","0","0","0","0","0","0","0","0","0","0","0","0","0","0","0","0","0","0","0","0","0","0","0","0","0","0"
"0x71177230caa0","      FMUL R12, R15, R158","0","0","0","2664","85248","85248","32","32","0","0","0","-","-","-","0","0","0","0","0","0","0","0","0","0","0","0","0","0","0","0","0","0","0","0","0","0","0","0","0","0","0","0","0","0","0","0","0","0","0","0","0","0","0","0","0","0","0","0"
"0x71177230cab0","      FMNMX R8, R30, R157, !PT","0","0","0","2664","85248","85248","32","32","0","0","0","-","-","-","0","0","0","0","0","0","0","0","0","0","0","0","0","0","0","0","0","0","0","0","0","0","0","0","0","0","0","0","0","0","0","0","0","0","0","0","0","0","0","0","0","0","0","0"
"0x71177230cac0","      FMNMX R9, R28, R157, !PT","0","0","0","2664","85248","85248","32","32","0","0","0","-","-","-","0","0","0","0","0","0","0","0","0","0","0","0","0","0","0","0","0","0","0","0","0","0","0","0","0","0","0","0","0","0","0","0","0","0","0","0","0","0","0","0","0","0","0","0"
"0x71177230cad0","      FMNMX R10, R26, R157, !PT","0","0","0","2664","85248","85248","32","32","0","0","0","-","-","-","0","0","0","0","0","0","0","0","0","0","0","0","0","0","0","0","0","0","0","0","0","0","0","0","0","0","0","0","0","0","0","0","0","0","0","0","0","0","0","0","0","0","0","0"
"0x71177230cae0","      FMNMX R11, R24, R157, !PT","0","0","0","2664","85248","85248","32","32","0","0","0","-","-","-","0","0","0","0","0","0","0","0","0","0","0","0","0","0","0","0","0","0","0","0","0","0","0","0","0","0","0","0","0","0","0","0","0","0","0","0","0","0","0","0","0","0","0","0"
"0x71177230caf0","      FMNMX R4, R18, R157, !PT","2","2","2","2664","85248","85248","32","32","0","0","0","-","-","-","0","0","0","0","0","0","0","0","0","0","0","0","0","0","2","0","0","0","0","0","0","0","0","0","0","0","0","0","0","0","0","0","2","0","0","0","0","0","0","0","0","0","0","0"
"0x71177230cb00","      FMNMX R5, R16, R157, !PT","0","0","0","2664","85248","85248","32","32","0","0","0","-","-","-","0","0","0","0","0","0","0","0","0","0","0","0","0","0","0","0","0","0","0","0","0","0","0","0","0","0","0","0","0","0","0","0","0","0","0","0","0","0","0","0","0","0","0","0"
"0x71177230cb10","@P1   STG.E.128 [R20.64+UR6], R8","0","0","0","2664","85248","82944","32","31","1","1","0","Global","Store","128","10368","0","0","0","0","0","41472","41472","0","0","0","0","0","0","0","0","0","0","0","0","0","0","0","0","0","0","0","0","0","0","0","0","0","0","0","0","0","0","0","0","0","0","0","0"
"0x71177230cb20","      FMNMX R6, R14, R157, !PT","0","0","0","2664","85248","85248","32","32","1","0","0","-","-","-","0","0","0","0","0","0","0","0","0","0","0","0","0","0","0","0","0","0","0","0","0","0","0","0","0","0","0","0","0","0","0","0","0","0","0","0","0","0","0","0","0","0","0","0"
"0x71177230cb30","      FMNMX R7, R12, R157, !PT","0","0","0","2664","85248","85248","32","32","0","0","0","-","-","-","0","0","0","0","0","0","0","0","0","0","0","0","0","0","0","0","0","0","0","0","0","0","0","0","0","0","0","0","0","0","0","0","0","0","0","0","0","0","0","0","0","0","0","0"
"0x71177230cb40","      IADD3 R24, R156, 0x18, RZ","0","0","0","2664","85248","85248","32","32","0","0","0","-","-","-","0","0","0","0","0","0","0","0","0","0","0","0","0","0","0","0","0","0","0","0","0","0","0","0","0","0","0","0","0","0","0","0","0","0","0","0","0","0","0","0","0","0","0","0"
"0x71177230cb50","@P0   STG.E.128 [R20.64+UR4], R4","0","0","0","2664","85248","82944","32","31","1","1","0","Global","Store","128","10368","0","0","0","0","0","41472","41472","0","0","0","0","0","0","0","0","0","0","0","0","0","0","0","0","0","0","0","0","0","0","0","0","0","0","0","0","0","0","0","0","0","0","0","0"
"0x71177230cb60","      BAR.SYNC.DEFER_BLOCKING 0x0","1","1","1","2664","85248","85248","32","32","1","0","0","-","-","-","0","0","0","0","0","0","0","0","0","0","0","0","0","0","0","0","0","1","0","0","0","0","0","0","0","0","0","0","0","0","0","0","0","0","0","1","0","0","0","0","0","0","0","0"
"0x71177230cb70","      ISETP.LT.AND P1, PT, R24, c[0x0][0x160], P4","0","0","0","2664","85248","85248","32","32","0","0","0","-","-","-","0","0","0","0","0","0","0","0","0","0","0","0","0","0","0","0","0","0","0","0","0","0","0","0","0","0","0","0","0","0","0","0","0","0","0","0","0","0","0","0","0","0","0","0"
"0x71177230cb80","      STS.64 [R2.X8], R66","46","43","46","2664","85248","85248","32","32","0","0","0","Shared","Store","64","0","2","0","5328","5328","0","0","0","45","0","0","0","0","0","0","0","0","0","0","0","0","0","0","0","0","1","42","0","0","0","0","0","0","0","0","0","0","0","0","0","0","0","0","1"
"0x71177230cb90","      STS.64 [R2.X8+0x20], R62","1","0","1","2664","85248","85248","32","32","0","0","0","Shared","Store","64","0","2","0","5328","5328","0","0","0","0","0","0","0","0","0","0","0","0","0","0","0","1","0","0","0","0","0","0","0","0","0","0","0","0","0","0","0","0","0","0","0","0","0","0","0"
"0x71177230cba0","      IADD3 R20, P0, R22, c[0x0][0x238], RZ","0","0","0","2664","85248","85248","32","32","0","0","0","-","-","-","0","0","0","0","0","0","0","0","0","0","0","0","0","0","0","0","0","0","0","0","0","0","0","0","0","0","0","0","0","0","0","0","0","0","0","0","0","0","0","0","0","0","0","0"
"0x71177230cbb0","      STS.64 [R2.X8+0x40], R58","0","0","0","2664","85248","85248","32","32","0","0","0","Shared","Store","64","0","2","0","5328","5328","0","0","0","0","0","0","0","0","0","0","0","0","0","0","0","0","0","0","0","0","0","0","0","0","0","0","0","0","0","0","0","0","0","0","0","0","0","0","0"
"0x71177230cbc0","      IADD3.X R21, R23, c[0x0][0x23c], RZ, P0, !PT","0","0","0","2664","85248","85248","32","32","0","0","0","-","-","-","0","0","0","0","0","0","0","0","0","0","0","0","0","0","0","0","0","0","0","0","0","0","0","0","0","0","0","0","0","0","0","0","0","0","0","0","0","0","0","0","0","0","0","0"
"0x71177230cbd0","      ISETP.LT.AND P0, PT, R24, c[0x0][0x160], P5","0","0","0","2664","85248","85248","32","32","0","0","0","-","-","-","0","0","0","0","0","0","0","0","0","0","0","0","0","0","0","0","0","0","0","0","0","0","0","0","0","0","0","0","0","0","0","0","0","0","0","0","0","0","0","0","0","0","0","0"
"0x71177230cbe0","      STS.64 [R2.X8+0x60], R54","9","7","9","2664","85248","85248","32","32","0","0","0","Shared","Store","64","0","2","0","5328","5328","0","0","0","0","0","0","0","0","0","0","0","0","7","0","0","2","0","0","0","0","0","0","0","0","0","0","0","0","0","0","7","0","0","0","0","0","0","0","0"
"0x71177230cbf0","      STS.64 [R2.X8+0x80], R50","3","2","3","2664","85248","85248","32","32","0","0","0","Shared","Store","64","0","2","0","5328","5328","0","0","0","0","0","0","0","0","0","0","0","0","2","0","0","1","0","0","0","0","0","0","0","0","0","0","0","0","0","0","2","0","0","0","0","0","0","0","0"
"0x71177230cc00","      STS.64 [R2.X8+0xa0], R46","6","6","6","2664","85248","85248","32","32","0","0","0","Shared","Store","64","0","2","0","5328","5328","0","0","0","0","0","0","0","0","0","0","0","0","5","0","0","0","0","0","0","0","1","0","0","0","0","0","0","0","0","0","5","0","0","0","0","0","0","0","1"
"0x71177230cc10","      STS.64 [R2.X8+0xc0], R42","2","2","2","2664","85248","85248","32","32","0","0","0","Shared","Store","64","0","2","0","5328","5328","0","0","0","0","0","0","0","0","0","0","0","0","2","0","0","0","0","0","0","0","0","0","0","0","0","0","0","0","0","0","2","0","0","0","0","0","0","0","0"
"0x71177230cc20","      STS.64 [R2.X8+0xe0], R38","3","3","3","2664","85248","85248","32","32","0","0","0","Shared","Store","64","0","2","0","5328","5328","0","0","0","0","0","0","0","0","0","0","0","0","2","0","0","0","0","0","0","0","1","0","0","0","0","0","0","0","0","0","2","0","0","0","0","0","0","0","1"
"0x71177230cc30","      BAR.SYNC.DEFER_BLOCKING 0x0","0","0","0","2664","85248","85248","32","32","0","0","0","-","-","-","0","0","0","0","0","0","0","0","0","0","0","0","0","0","0","0","0","0","0","0","0","0","0","0","0","0","0","0","0","0","0","0","0","0","0","0","0","0","0","0","0","0","0","0"
"0x71177230cc40","      LDS.128 R8, [R3]","8","8","8","2664","85248","85248","32","32","0","0","0","Shared","Load","128","0","4","0","10656","10656","0","0","0","7","0","0","0","0","0","0","0","0","0","0","0","0","0","0","0","0","1","7","0","0","0","0","0","0","0","0","0","0","0","0","0","0","0","0","1"
"0x71177230cc50","      LDS.128 R4, [R3+0x100]","0","0","0","2664","85248","85248","32","32","0","0","0","Shared","Load","128","0","4","0","10656","10656","0","0","0","0","0","0","0","0","0","0","0","0","0","0","0","0","0","0","0","0","0","0","0","0","0","0","0","0","0","0","0","0","0","0","0","0","0","0","0"
"0x71177230cc60","      LDS.128 R16, [R3+0x200]","0","0","0","2664","85248","85248","32","32","0","0","0","Shared","Load","128","0","4","0","10656","10656","0","0","0","0","0","0","0","0","0","0","0","0","0","0","0","0","0","0","0","0","0","0","0","0","0","0","0","0","0","0","0","0","0","0","0","0","0","0","0"
"0x71177230cc70","      LDS.128 R12, [R3+0x300]","2","2","2","2664","85248","85248","32","32","0","0","0","Shared","Load","128","0","4","0","10656","10656","0","0","0","0","0","0","0","0","0","0","0","0","1","0","0","0","0","0","0","0","1","0","0","0","0","0","0","0","0","0","1","0","0","0","0","0","0","0","1"
"0x71177230cc80","      FMUL R8, R8, R158","2","2","2","2664","85248","85248","32","32","0","0","0","-","-","-","0","0","0","0","0","0","0","0","0","0","0","0","0","0","0","0","0","0","0","0","0","0","2","0","0","0","0","0","0","0","0","0","0","0","0","0","0","0","0","0","2","0","0","0"
"0x71177230cc90","      FMUL R32, R9, R158","0","0","0","2664","85248","85248","32","32","0","0","0","-","-","-","0","0","0","0","0","0","0","0","0","0","0","0","0","0","0","0","0","0","0","0","0","0","0","0","0","0","0","0","0","0","0","0","0","0","0","0","0","0","0","0","0","0","0","0"
"0x71177230cca0","      FMUL R10, R10, R158","1","0","1","2664","85248","85248","32","32","0","0","0","-","-","-","0","0","0","0","0","0","0","0","0","0","0","0","0","0","0","0","0","0","0","0","0","1","0","0","0","0","0","0","0","0","0","0","0","0","0","0","0","0","0","0","0","0","0","0"
"0x71177230ccb0","      FMNMX R8, R8, R157, !PT","0","0","0","2664","85248","85248","32","32","0","0","0","-","-","-","0","0","0","0","0","0","0","0","0","0","0","0","0","0","0","0","0","0","0","0","0","0","0","0","0","0","0","0","0","0","0","0","0","0","0","0","0","0","0","0","0","0","0","0"
"0x71177230ccc0","      FMUL R30, R11, R158","1","0","1","2664","85248","85248","32","32","0","0","0","-","-","-","0","0","0","0","0","0","0","0","0","0","0","0","0","0","0","0","0","0","0","0","0","1","0","0","0","0","0","0","0","0","0","0","0","0","0","0","0","0","0","0","0","0","0","0"
"0x71177230ccd0","      FMNMX R9, R32, R157, !PT","0","0","0","2664","85248","85248","32","32","0","0","0","-","-","-","0","0","0","0","0","0","0","0","0","0","0","0","0","0","0","0","0","0","0","0","0","0","0","0","0","0","0","0","0","0","0","0","0","0","0","0","0","0","0","0","0","0","0","0"
"0x71177230cce0","      FMUL R4, R4, R158","2","1","2","2664","85248","85248","32","32","0","0","0","-","-","-","0","0","0","0","0","0","0","0","0","0","0","0","0","0","0","0","0","0","0","0","0","0","2","0","0","0","0","0","0","0","0","0","0","0","0","0","0","0","0","0","1","0","0","0"
"0x71177230ccf0","      FMNMX R10, R10, R157, !PT","0","0","0","2664","85248","85248","32","32","0","0","0","-","-","-","0","0","0","0","0","0","0","0","0","0","0","0","0","0","0","0","0","0","0","0","0","0","0","0","0","0","0","0","0","0","0","0","0","0","0","0","0","0","0","0","0","0","0","0"
"0x71177230cd00","      FMUL R28, R5, R158","0","0","0","2664","85248","85248","32","32","0","0","0","-","-","-","0","0","0","0","0","0","0","0","0","0","0","0","0","0","0","0","0","0","0","0","0","0","0","0","0","0","0","0","0","0","0","0","0","0","0","0","0","0","0","0","0","0","0","0"
"0x71177230cd10","      FMNMX R11, R30, R157, !PT","0","0","0","2664","85248","85248","32","32","0","0","0","-","-","-","0","0","0","0","0","0","0","0","0","0","0","0","0","0","0","0","0","0","0","0","0","0","0","0","0","0","0","0","0","0","0","0","0","0","0","0","0","0","0","0","0","0","0","0"
"0x71177230cd20","      FMUL R6, R6, R158","0","0","0","2664","85248","85248","32","32","0","0","0","-","-","-","0","0","0","0","0","0","0","0","0","0","0","0","0","0","0","0","0","0","0","0","0","0","0","0","0","0","0","0","0","0","0","0","0","0","0","0","0","0","0","0","0","0","0","0"
"0x71177230cd30","      FMNMX R4, R4, R157, !PT","0","0","0","2664","85248","85248","32","32","0","0","0","-","-","-","0","0","0","0","0","0","0","0","0","0","0","0","0","0","0","0","0","0","0","0","0","0","0","0","0","0","0","0","0","0","0","0","0","0","0","0","0","0","0","0","0","0","0","0"
"0x71177230cd40","      FMUL R26, R7, R158","0","0","0","2664","85248","85248","32","32","0","0","0","-","-","-","0","0","0","0","0","0","0","0","0","0","0","0","0","0","0","0","0","0","0","0","0","0","0","0","0","0","0","0","0","0","0","0","0","0","0","0","0","0","0","0","0","0","0","0"
"0x71177230cd50","      FMNMX R5, R28, R157, !PT","0","0","0","2664","85248","85248","32","32","0","0","0","-","-","-","0","0","0","0","0","0","0","0","0","0","0","0","0","0","0","0","0","0","0","0","0","0","0","0","0","0","0","0","0","0","0","0","0","0","0","0","0","0","0","0","0","0","0","0"
"0x71177230cd60","@P1   STG.E.128 [R20], R8","0","0","0","2664","85248","82944","32","31","1","1","0","Global","Store","128","10368","0","0","0","0","0","41472","41472","0","0","0","0","0","0","0","0","0","0","0","0","0","0","0","0","0","0","0","0","0","0","0","0","0","0","0","0","0","0","0","0","0","0","0","0"
"0x71177230cd70","      FMNMX R6, R6, R157, !PT","0","0","0","2664","85248","85248","32","32","1","0","0","-","-","-","0","0","0","0","0","0","0","0","0","0","0","0","0","0","0","0","0","0","0","0","0","0","0","0","0","0","0","0","0","0","0","0","0","0","0","0","0","0","0","0","0","0","0","0"
"0x71177230cd80","      FMUL R30, R16, R158","5","2","5","2664","85248","85248","32","32","0","0","0","-","-","-","0","0","0","0","0","0","0","0","0","0","0","0","0","0","0","0","0","0","0","0","0","0","5","0","0","0","0","0","0","0","0","0","0","0","0","0","0","0","0","0","2","0","0","0"
"0x71177230cd90","      FMNMX R7, R26, R157, !PT","0","0","0","2664","85248","85248","32","32","0","0","0","-","-","-","0","0","0","0","0","0","0","0","0","0","0","0","0","0","0","0","0","0","0","0","0","0","0","0","0","0","0","0","0","0","0","0","0","0","0","0","0","0","0","0","0","0","0","0"
"0x71177230cda0","      FMUL R26, R18, R158","0","0","0","2664","85248","85248","32","32","0","0","0","-","-","-","0","0","0","0","0","0","0","0","0","0","0","0","0","0","0","0","0","0","0","0","0","0","0","0","0","0","0","0","0","0","0","0","0","0","0","0","0","0","0","0","0","0","0","0"
"0x71177230cdb0","      ISETP.LT.AND P1, PT, R24, c[0x0][0x160], P6","0","0","0","2664","85248","85248","32","32","0","0","0","-","-","-","0","0","0","0","0","0","0","0","0","0","0","0","0","0","0","0","0","0","0","0","0","0","0","0","0","0","0","0","0","0","0","0","0","0","0","0","0","0","0","0","0","0","0","0"
"0x71177230cdc0","      FMUL R28, R17, R158","0","0","0","2664","85248","85248","32","32","0","0","0","-","-","-","0","0","0","0","0","0","0","0","0","0","0","0","0","0","0","0","0","0","0","0","0","0","0","0","0","0","0","0","0","0","0","0","0","0","0","0","0","0","0","0","0","0","0","0"
"0x71177230cdd0","@P0   STG.E.128 [R22.64+UR8], R4","0","0","0","2664","85248","82944","32","31","1","1","0","Global","Store","128","10368","0","0","0","0","0","41472","41472","0","0","0","0","0","0","0","0","0","0","0","0","0","0","0","0","0","0","0","0","0","0","0","0","0","0","0","0","0","0","0","0","0","0","0","0"
"0x71177230cde0","      ISETP.LT.AND P0, PT, R24, c[0x0][0x160], P2","0","0","0","2664","85248","85248","32","32","1","0","0","-","-","-","0","0","0","0","0","0","0","0","0","0","0","0","0","0","0","0","0","0","0","0","0","0","0","0","0","0","0","0","0","0","0","0","0","0","0","0","0","0","0","0","0","0","0","0"
"0x71177230cdf0","      FMUL R24, R19, R158","0","0","0","2664","85248","85248","32","32","0","0","0","-","-","-","0","0","0","0","0","0","0","0","0","0","0","0","0","0","0","0","0","0","0","0","0","0","0","0","0","0","0","0","0","0","0","0","0","0","0","0","0","0","0","0","0","0","0","0"
"0x71177230ce00","      FMUL R18, R12, R158","6","5","6","2664","85248","85248","32","32","0","0","0","-","-","-","0","0","0","0","0","0","0","0","0","0","0","0","0","0","0","0","0","0","0","0","0","0","6","0","0","0","0","0","0","0","0","0","0","0","0","0","0","0","0","0","5","0","0","0"
"0x71177230ce10","      FMUL R16, R13, R158","0","0","0","2664","85248","85248","32","32","0","0","0","-","-","-","0","0","0","0","0","0","0","0","0","0","0","0","0","0","0","0","0","0","0","0","0","0","0","0","0","0","0","0","0","0","0","0","0","0","0","0","0","0","0","0","0","0","0","0"
"0x71177230ce20","      FMUL R14, R14, R158","0","0","0","2664","85248","85248","32","32","0","0","0","-","-","-","0","0","0","0","0","0","0","0","0","0","0","0","0","0","0","0","0","0","0","0","0","0","0","0","0","0","0","0","0","0","0","0","0","0","0","0","0","0","0","0","0","0","0","0"
"0x71177230ce30","      FMUL R12, R15, R158","0","0","0","2664","85248","85248","32","32","0","0","0","-","-","-","0","0","0","0","0","0","0","0","0","0","0","0","0","0","0","0","0","0","0","0","0","0","0","0","0","0","0","0","0","0","0","0","0","0","0","0","0","0","0","0","0","0","0","0"
"0x71177230ce40","      FMNMX R8, R30, R157, !PT","1","1","1","2664","85248","85248","32","32","0","0","0","-","-","-","0","0","0","0","0","0","0","0","0","0","0","0","0","0","1","0","0","0","0","0","0","0","0","0","0","0","0","0","0","0","0","0","1","0","0","0","0","0","0","0","0","0","0","0"
"0x71177230ce50","      FMNMX R9, R28, R157, !PT","0","0","0","2664","85248","85248","32","32","0","0","0","-","-","-","0","0","0","0","0","0","0","0","0","0","0","0","0","0","0","0","0","0","0","0","0","0","0","0","0","0","0","0","0","0","0","0","0","0","0","0","0","0","0","0","0","0","0","0"
"0x71177230ce60","      FMNMX R10, R26, R157, !PT","0","0","0","2664","85248","85248","32","32","0","0","0","-","-","-","0","0","0","0","0","0","0","0","0","0","0","0","0","0","0","0","0","0","0","0","0","0","0","0","0","0","0","0","0","0","0","0","0","0","0","0","0","0","0","0","0","0","0","0"
"0x71177230ce70","      FMNMX R11, R24, R157, !PT","0","0","0","2664","85248","85248","32","32","0","0","0","-","-","-","0","0","0","0","0","0","0","0","0","0","0","0","0","0","0","0","0","0","0","0","0","0","0","0","0","0","0","0","0","0","0","0","0","0","0","0","0","0","0","0","0","0","0","0"
"0x71177230ce80","      FMNMX R4, R18, R157, !PT","14","14","14","2664","85248","85248","32","32","0","0","0","-","-","-","0","0","0","0","0","0","0","0","0","0","0","0","0","0","14","0","0","0","0","0","0","0","0","0","0","0","0","0","0","0","0","0","14","0","0","0","0","0","0","0","0","0","0","0"
"0x71177230ce90","      FMNMX R5, R16, R157, !PT","0","0","0","2664","85248","85248","32","32","0","0","0","-","-","-","0","0","0","0","0","0","0","0","0","0","0","0","0","0","0","0","0","0","0","0","0","0","0","0","0","0","0","0","0","0","0","0","0","0","0","0","0","0","0","0","0","0","0","0"
"0x71177230cea0","@P1   STG.E.128 [R22.64+UR6], R8","0","0","0","2664","85248","82944","32","31","1","1","0","Global","Store","128","10368","0","0","0","0","0","41472","41472","0","0","0","0","0","0","0","0","0","0","0","0","0","0","0","0","0","0","0","0","0","0","0","0","0","0","0","0","0","0","0","0","0","0","0","0"
"0x71177230ceb0","      FMNMX R6, R14, R157, !PT","0","0","0","2664","85248","85248","32","32","1","0","0","-","-","-","0","0","0","0","0","0","0","0","0","0","0","0","0","0","0","0","0","0","0","0","0","0","0","0","0","0","0","0","0","0","0","0","0","0","0","0","0","0","0","0","0","0","0","0"
"0x71177230cec0","      FMNMX R7, R12, R157, !PT","0","0","0","2664","85248","85248","32","32","0","0","0","-","-","-","0","0","0","0","0","0","0","0","0","0","0","0","0","0","0","0","0","0","0","0","0","0","0","0","0","0","0","0","0","0","0","0","0","0","0","0","0","0","0","0","0","0","0","0"
"0x71177230ced0","      IADD3 R24, R156, 0x20, RZ","0","0","0","2664","85248","85248","32","32","0","0","0","-","-","-","0","0","0","0","0","0","0","0","0","0","0","0","0","0","0","0","0","0","0","0","0","0","0","0","0","0","0","0","0","0","0","0","0","0","0","0","0","0","0","0","0","0","0","0"
"0x71177230cee0","@P0   STG.E.128 [R22.64+UR4], R4","0","0","0","2664","85248","82944","32","31","1","1","0","Global","Store","128","10368","0","0","0","0","0","41472","41472","0","0","0","0","0","0","0","0","0","0","0","0","0","0","0","0","0","0","0","0","0","0","0","0","0","0","0","0","0","0","0","0","0","0","0","0"
"0x71177230cef0","      BAR.SYNC.DEFER_BLOCKING 0x0","10","9","10","2664","85248","85248","32","32","1","0","0","-","-","-","0","0","0","0","0","0","0","0","0","0","0","0","0","0","0","0","0","9","0","0","0","1","0","0","0","0","0","0","0","0","0","0","0","0","0","9","0","0","0","0","0","0","0","0"
"0x71177230cf00","      ISETP.LT.AND P1, PT, R24, c[0x0][0x160], P4","0","0","0","2664","85248","85248","32","32","0","0","0","-","-","-","0","0","0","0","0","0","0","0","0","0","0","0","0","0","0","0","0","0","0","0","0","0","0","0","0","0","0","0","0","0","0","0","0","0","0","0","0","0","0","0","0","0","0","0"
"0x71177230cf10","      STS.64 [R2.X8], R68","90","90","90","2664","85248","85248","32","32","0","0","0","Shared","Store","64","0","2","0","5328","5328","0","0","0","90","0","0","0","0","0","0","0","0","0","0","0","0","0","0","0","0","0","90","0","0","0","0","0","0","0","0","0","0","0","0","0","0","0","0","0"
"0x71177230cf20","      STS.64 [R2.X8+0x20], R72","0","0","0","2664","85248","85248","32","32","0","0","0","Shared","Store","64","0","2","0","5328","5328","0","0","0","0","0","0","0","0","0","0","0","0","0","0","0","0","0","0","0","0","0","0","0","0","0","0","0","0","0","0","0","0","0","0","0","0","0","0","0"
"0x71177230cf30","      IADD3 R22, P0, R20, c[0x0][0x238], RZ","0","0","0","2664","85248","85248","32","32","0","0","0","-","-","-","0","0","0","0","0","0","0","0","0","0","0","0","0","0","0","0","0","0","0","0","0","0","0","0","0","0","0","0","0","0","0","0","0","0","0","0","0","0","0","0","0","0","0","0"
"0x71177230cf40","      STS.64 [R2.X8+0x40], R76","0","0","0","2664","85248","85248","32","32","0","0","0","Shared","Store","64","0","2","0","5328","5328","0","0","0","0","0","0","0","0","0","0","0","0","0","0","0","0","0","0","0","0","0","0","0","0","0","0","0","0","0","0","0","0","0","0","0","0","0","0","0"
"0x71177230cf50","      IADD3.X R23, R21, c[0x0][0x23c], RZ, P0, !PT","0","0","0","2664","85248","85248","32","32","0","0","0","-","-","-","0","0","0","0","0","0","0","0","0","0","0","0","0","0","0","0","0","0","0","0","0","0","0","0","0","0","0","0","0","0","0","0","0","0","0","0","0","0","0","0","0","0","0","0"
"0x71177230cf60","      ISETP.LT.AND P0, PT, R24, c[0x0][0x160], P5","0","0","0","2664","85248","85248","32","32","0","0","0","-","-","-","0","0","0","0","0","0","0","0","0","0","0","0","0","0","0","0","0","0","0","0","0","0","0","0","0","0","0","0","0","0","0","0","0","0","0","0","0","0","0","0","0","0","0","0"
"0x71177230cf70","      STS.64 [R2.X8+0x60], R80","2","2","2","2664","85248","85248","32","32","0","0","0","Shared","Store","64","0","2","0","5328","5328","0","0","0","0","0","0","0","0","0","0","0","0","2","0","0","0","0","0","0","0","0","0","0","0","0","0","0","0","0","0","2","0","0","0","0","0","0","0","0"
"0x71177230cf80","      STS.64 [R2.X8+0x80], R84","5","5","5","2664","85248","85248","32","32","0","0","0","Shared","Store","64","0","2","0","5328","5328","0","0","0","0","0","0","0","0","0","0","0","0","4","0","0","0","0","0","0","0","1","0","0","0","0","0","0","0","0","0","4","0","0","0","0","0","0","0","1"
"0x71177230cf90","      STS.64 [R2.X8+0xa0], R88","3","3","3","2664","85248","85248","32","32","0","0","0","Shared","Store","64","0","2","0","5328","5328","0","0","0","0","0","0","0","0","0","0","0","0","3","0","0","0","0","0","0","0","0","0","0","0","0","0","0","0","0","0","3","0","0","0","0","0","0","0","0"
"0x71177230cfa0","      STS.64 [R2.X8+0xc0], R92","2","0","2","2664","85248","85248","32","32","0","0","0","Shared","Store","64","0","2","0","5328","5328","0","0","0","0","0","0","0","0","0","0","0","0","0","0","0","2","0","0","0","0","0","0","0","0","0","0","0","0","0","0","0","0","0","0","0","0","0","0","0"
"0x71177230cfb0","      STS.64 [R2.X8+0xe0], R96","1","0","1","2664","85248","85248","32","32","0","0","0","Shared","Store","64","0","2","0","5328","5328","0","0","0","0","0","0","0","0","0","0","0","0","0","0","0","0","1","0","0","0","0","0","0","0","0","0","0","0","0","0","0","0","0","0","0","0","0","0","0"
"0x71177230cfc0","      BAR.SYNC.DEFER_BLOCKING 0x0","5","5","5","2664","85248","85248","32","32","0","0","0","-","-","-","0","0","0","0","0","0","0","0","0","0","0","0","0","0","0","0","0","4","0","0","0","0","0","0","0","1","0","0","0","0","0","0","0","0","0","4","0","0","0","0","0","0","0","1"
"0x71177230cfd0","      LDS.128 R8, [R3]","3","3","3","2664","85248","85248","32","32","0","0","0","Shared","Load","128","0","4","0","10656","10656","0","0","0","3","0","0","0","0","0","0","0","0","0","0","0","0","0","0","0","0","0","3","0","0","0","0","0","0","0","0","0","0","0","0","0","0","0","0","0"
"0x71177230cfe0","      LDS.128 R4, [R3+0x100]","0","0","0","2664","85248","85248","32","32","0","0","0","Shared","Load","128","0","4","0","10656","10656","0","0","0","0","0","0","0","0","0","0","0","0","0","0","0","0","0","0","0","0","0","0","0","0","0","0","0","0","0","0","0","0","0","0","0","0","0","0","0"
"0x71177230cff0","      LDS.128 R16, [R3+0x200]","1","1","1","2664","85248","85248","32","32","0","0","0","Shared","Load","128","0","4","0","10656","10656","0","0","0","0","0","0","0","0","0","0","0","0","1","0","0","0","0","0","0","0","0","0","0","0","0","0","0","0","0","0","1","0","0","0","0","0","0","0","0"
"0x71177230d000","      LDS.128 R12, [R3+0x300]","1","1","1","2664","85248","85248","32","32","0","0","0","Shared","Load","128","0","4","0","10656","10656","0","0","0","0","0","0","0","0","0","0","0","0","1","0","0","0","0","0","0","0","0","0","0","0","0","0","0","0","0","0","1","0","0","0","0","0","0","0","0"
"0x71177230d010","      FMUL R8, R8, R158","3","2","3","2664","85248","85248","32","32","0","0","0","-","-","-","0","0","0","0","0","0","0","0","0","0","0","0","0","0","0","0","0","0","0","0","0","0","3","0","0","0","0","0","0","0","0","0","0","0","0","0","0","0","0","0","2","0","0","0"
"0x71177230d020","      FMUL R32, R9, R158","0","0","0","2664","85248","85248","32","32","0","0","0","-","-","-","0","0","0","0","0","0","0","0","0","0","0","0","0","0","0","0","0","0","0","0","0","0","0","0","0","0","0","0","0","0","0","0","0","0","0","0","0","0","0","0","0","0","0","0"
"0x71177230d030","      FMUL R10, R10, R158","0","0","0","2664","85248","85248","32","32","0","0","0","-","-","-","0","0","0","0","0","0","0","0","0","0","0","0","0","0","0","0","0","0","0","0","0","0","0","0","0","0","0","0","0","0","0","0","0","0","0","0","0","0","0","0","0","0","0","0"
"0x71177230d040","      FMNMX R8, R8, R157, !PT","0","0","0","2664","85248","85248","32","32","0","0","0","-","-","-","0","0","0","0","0","0","0","0","0","0","0","0","0","0","0","0","0","0","0","0","0","0","0","0","0","0","0","0","0","0","0","0","0","0","0","0","0","0","0","0","0","0","0","0"
"0x71177230d050","      FMUL R30, R11, R158","0","0","0","2664","85248","85248","32","32","0","0","0","-","-","-","0","0","0","0","0","0","0","0","0","0","0","0","0","0","0","0","0","0","0","0","0","0","0","0","0","0","0","0","0","0","0","0","0","0","0","0","0","0","0","0","0","0","0","0"
"0x71177230d060","      FMNMX R9, R32, R157, !PT","0","0","0","2664","85248","85248","32","32","0","0","0","-","-","-","0","0","0","0","0","0","0","0","0","0","0","0","0","0","0","0","0","0","0","0","0","0","0","0","0","0","0","0","0","0","0","0","0","0","0","0","0","0","0","0","0","0","0","0"
"0x71177230d070","      FMUL R4, R4, R158","2","2","2","2664","85248","85248","32","32","0","0","0","-","-","-","0","0","0","0","0","0","0","0","0","0","0","0","0","0","0","0","0","0","0","0","0","0","2","0","0","0","0","0","0","0","0","0","0","0","0","0","0","0","0","0","2","0","0","0"
"0x71177230d080","      FMNMX R10, R10, R157, !PT","0","0","0","2664","85248","85248","32","32","0","0","0","-","-","-","0","0","0","0","0","0","0","0","0","0","0","0","0","0","0","0","0","0","0","0","0","0","0","0","0","0","0","0","0","0","0","0","0","0","0","0","0","0","0","0","0","0","0","0"
"0x71177230d090","      FMUL R28, R5, R158","0","0","0","2664","85248","85248","32","32","0","0","0","-","-","-","0","0","0","0","0","0","0","0","0","0","0","0","0","0","0","0","0","0","0","0","0","0","0","0","0","0","0","0","0","0","0","0","0","0","0","0","0","0","0","0","0","0","0","0"
"0x71177230d0a0","      FMNMX R11, R30, R157, !PT","0","0","0","2664","85248","85248","32","32","0","0","0","-","-","-","0","0","0","0","0","0","0","0","0","0","0","0","0","0","0","0","0","0","0","0","0","0","0","0","0","0","0","0","0","0","0","0","0","0","0","0","0","0","0","0","0","0","0","0"
"0x71177230d0b0","      FMUL R6, R6, R158","0","0","0","2664","85248","85248","32","32","0","0","0","-","-","-","0","0","0","0","0","0","0","0","0","0","0","0","0","0","0","0","0","0","0","0","0","0","0","0","0","0","0","0","0","0","0","0","0","0","0","0","0","0","0","0","0","0","0","0"
"0x71177230d0c0","      FMNMX R4, R4, R157, !PT","0","0","0","2664","85248","85248","32","32","0","0","0","-","-","-","0","0","0","0","0","0","0","0","0","0","0","0","0","0","0","0","0","0","0","0","0","0","0","0","0","0","0","0","0","0","0","0","0","0","0","0","0","0","0","0","0","0","0","0"
"0x71177230d0d0","      FMUL R26, R7, R158","0","0","0","2664","85248","85248","32","32","0","0","0","-","-","-","0","0","0","0","0","0","0","0","0","0","0","0","0","0","0","0","0","0","0","0","0","0","0","0","0","0","0","0","0","0","0","0","0","0","0","0","0","0","0","0","0","0","0","0"
"0x71177230d0e0","      FMNMX R5, R28, R157, !PT","0","0","0","2664","85248","85248","32","32","0","0","0","-","-","-","0","0","0","0","0","0","0","0","0","0","0","0","0","0","0","0","0","0","0","0","0","0","0","0","0","0","0","0","0","0","0","0","0","0","0","0","0","0","0","0","0","0","0","0"
"0x71177230d0f0","@P1   STG.E.128 [R22], R8","0","0","0","2664","85248","82944","32","31","1","1","0","Global","Store","128","10368","0","0","0","0","0","41472","41472","0","0","0","0","0","0","0","0","0","0","0","0","0","0","0","0","0","0","0","0","0","0","0","0","0","0","0","0","0","0","0","0","0","0","0","0"
"0x71177230d100","      FMNMX R6, R6, R157, !PT","0","0","0","2664","85248","85248","32","32","1","0","0","-","-","-","0","0","0","0","0","0","0","0","0","0","0","0","0","0","0","0","0","0","0","0","0","0","0","0","0","0","0","0","0","0","0","0","0","0","0","0","0","0","0","0","0","0","0","0"
"0x71177230d110","      FMUL R30, R16, R158","1","1","1","2664","85248","85248","32","32","0","0","0","-","-","-","0","0","0","0","0","0","0","0","0","0","0","0","0","0","0","0","0","0","0","0","0","0","1","0","0","0","0","0","0","0","0","0","0","0","0","0","0","0","0","0","1","0","0","0"
"0x71177230d120","      FMNMX R7, R26, R157, !PT","0","0","0","2664","85248","85248","32","32","0","0","0","-","-","-","0","0","0","0","0","0","0","0","0","0","0","0","0","0","0","0","0","0","0","0","0","0","0","0","0","0","0","0","0","0","0","0","0","0","0","0","0","0","0","0","0","0","0","0"
"0x71177230d130","      FMUL R26, R18, R158","0","0","0","2664","85248","85248","32","32","0","0","0","-","-","-","0","0","0","0","0","0","0","0","0","0","0","0","0","0","0","0","0","0","0","0","0","0","0","0","0","0","0","0","0","0","0","0","0","0","0","0","0","0","0","0","0","0","0","0"
"0x71177230d140","      ISETP.LT.AND P1, PT, R24, c[0x0][0x160], P6","0","0","0","2664","85248","85248","32","32","0","0","0","-","-","-","0","0","0","0","0","0","0","0","0","0","0","0","0","0","0","0","0","0","0","0","0","0","0","0","0","0","0","0","0","0","0","0","0","0","0","0","0","0","0","0","0","0","0","0"
"0x71177230d150","      FMUL R28, R17, R158","0","0","0","2664","85248","85248","32","32","0","0","0","-","-","-","0","0","0","0","0","0","0","0","0","0","0","0","0","0","0","0","0","0","0","0","0","0","0","0","0","0","0","0","0","0","0","0","0","0","0","0","0","0","0","0","0","0","0","0"
"0x71177230d160","@P0   STG.E.128 [R20.64+UR8], R4","0","0","0","2664","85248","82944","32","31","1","1","0","Global","Store","128","10368","0","0","0","0","0","41472","41472","0","0","0","0","0","0","0","0","0","0","0","0","0","0","0","0","0","0","0","0","0","0","0","0","0","0","0","0","0","0","0","0","0","0","0","0"
"0x71177230d170","      ISETP.LT.AND P0, PT, R24, c[0x0][0x160], P2","0","0","0","2664","85248","85248","32","32","1","0","0","-","-","-","0","0","0","0","0","0","0","0","0","0","0","0","0","0","0","0","0","0","0","0","0","0","0","0","0","0","0","0","0","0","0","0","0","0","0","0","0","0","0","0","0","0","0","0"
"0x71177230d180","      FMUL R24, R19, R158","0","0","0","2664","85248","85248","32","32","0","0","0","-","-","-","0","0","0","0","0","0","0","0","0","0","0","0","0","0","0","0","0","0","0","0","0","0","0","0","0","0","0","0","0","0","0","0","0","0","0","0","0","0","0","0","0","0","0","0"
"0x71177230d190","      FMUL R18, R12, R158","1","1","1","2664","85248","85248","32","32","0","0","0","-","-","-","0","0","0","0","0","0","0","0","0","0","0","0","0","0","0","0","0","0","0","0","0","0","1","0","0","0","0","0","0","0","0","0","0","0","0","0","0","0","0","0","1","0","0","0"
"0x71177230d1a0","      FMUL R16, R13, R158","0","0","0","2664","85248","85248","32","32","0","0","0","-","-","-","0","0","0","0","0","0","0","0","0","0","0","0","0","0","0","0","0","0","0","0","0","0","0","0","0","0","0","0","0","0","0","0","0","0","0","0","0","0","0","0","0","0","0","0"
"0x71177230d1b0","      FMUL R14, R14, R158","0","0","0","2664","85248","85248","32","32","0","0","0","-","-","-","0","0","0","0","0","0","0","0","0","0","0","0","0","0","0","0","0","0","0","0","0","0","0","0","0","0","0","0","0","0","0","0","0","0","0","0","0","0","0","0","0","0","0","0"
"0x71177230d1c0","      FMUL R12, R15, R158","0","0","0","2664","85248","85248","32","32","0","0","0","-","-","-","0","0","0","0","0","0","0","0","0","0","0","0","0","0","0","0","0","0","0","0","0","0","0","0","0","0","0","0","0","0","0","0","0","0","0","0","0","0","0","0","0","0","0","0"
"0x71177230d1d0","      FMNMX R8, R30, R157, !PT","0","0","0","2664","85248","85248","32","32","0","0","0","-","-","-","0","0","0","0","0","0","0","0","0","0","0","0","0","0","0","0","0","0","0","0","0","0","0","0","0","0","0","0","0","0","0","0","0","0","0","0","0","0","0","0","0","0","0","0"
"0x71177230d1e0","      FMNMX R9, R28, R157, !PT","0","0","0","2664","85248","85248","32","32","0","0","0","-","-","-","0","0","0","0","0","0","0","0","0","0","0","0","0","0","0","0","0","0","0","0","0","0","0","0","0","0","0","0","0","0","0","0","0","0","0","0","0","0","0","0","0","0","0","0"
"0x71177230d1f0","      FMNMX R10, R26, R157, !PT","0","0","0","2664","85248","85248","32","32","0","0","0","-","-","-","0","0","0","0","0","0","0","0","0","0","0","0","0","0","0","0","0","0","0","0","0","0","0","0","0","0","0","0","0","0","0","0","0","0","0","0","0","0","0","0","0","0","0","0"
"0x71177230d200","      FMNMX R11, R24, R157, !PT","0","0","0","2664","85248","85248","32","32","0","0","0","-","-","-","0","0","0","0","0","0","0","0","0","0","0","0","0","0","0","0","0","0","0","0","0","0","0","0","0","0","0","0","0","0","0","0","0","0","0","0","0","0","0","0","0","0","0","0"
"0x71177230d210","      FMNMX R4, R18, R157, !PT","9","9","9","2664","85248","85248","32","32","0","0","0","-","-","-","0","0","0","0","0","0","0","0","0","0","0","0","0","0","9","0","0","0","0","0","0","0","0","0","0","0","0","0","0","0","0","0","9","0","0","0","0","0","0","0","0","0","0","0"
"0x71177230d220","      FMNMX R5, R16, R157, !PT","0","0","0","2664","85248","85248","32","32","0","0","0","-","-","-","0","0","0","0","0","0","0","0","0","0","0","0","0","0","0","0","0","0","0","0","0","0","0","0","0","0","0","0","0","0","0","0","0","0","0","0","0","0","0","0","0","0","0","0"
"0x71177230d230","@P1   STG.E.128 [R20.64+UR6], R8","0","0","0","2664","85248","82944","32","31","1","1","0","Global","Store","128","10368","0","0","0","0","0","41472","41472","0","0","0","0","0","0","0","0","0","0","0","0","0","0","0","0","0","0","0","0","0","0","0","0","0","0","0","0","0","0","0","0","0","0","0","0"
"0x71177230d240","      FMNMX R6, R14, R157, !PT","0","0","0","2664","85248","85248","32","32","1","0","0","-","-","-","0","0","0","0","0","0","0","0","0","0","0","0","0","0","0","0","0","0","0","0","0","0","0","0","0","0","0","0","0","0","0","0","0","0","0","0","0","0","0","0","0","0","0","0"
"0x71177230d250","      FMNMX R7, R12, R157, !PT","0","0","0","2664","85248","85248","32","32","0","0","0","-","-","-","0","0","0","0","0","0","0","0","0","0","0","0","0","0","0","0","0","0","0","0","0","0","0","0","0","0","0","0","0","0","0","0","0","0","0","0","0","0","0","0","0","0","0","0"
"0x71177230d260","      IADD3 R24, R156, 0x28, RZ","0","0","0","2664","85248","85248","32","32","0","0","0","-","-","-","0","0","0","0","0","0","0","0","0","0","0","0","0","0","0","0","0","0","0","0","0","0","0","0","0","0","0","0","0","0","0","0","0","0","0","0","0","0","0","0","0","0","0","0"
"0x71177230d270","@P0   STG.E.128 [R20.64+UR4], R4","0","0","0","2664","85248","82944","32","31","1","1","0","Global","Store","128","10368","0","0","0","0","0","41472","41472","0","0","0","0","0","0","0","0","0","0","0","0","0","0","0","0","0","0","0","0","0","0","0","0","0","0","0","0","0","0","0","0","0","0","0","0"
"0x71177230d280","      BAR.SYNC.DEFER_BLOCKING 0x0","2","1","2","2664","85248","85248","32","32","1","0","0","-","-","-","0","0","0","0","0","0","0","0","0","0","0","0","0","0","0","0","0","1","0","0","0","1","0","0","0","0","0","0","0","0","0","0","0","0","0","1","0","0","0","0","0","0","0","0"
"0x71177230d290","      ISETP.LT.AND P1, PT, R24, c[0x0][0x160], P4","0","0","0","2664","85248","85248","32","32","0","0","0","-","-","-","0","0","0","0","0","0","0","0","0","0","0","0","0","0","0","0","0","0","0","0","0","0","0","0","0","0","0","0","0","0","0","0","0","0","0","0","0","0","0","0","0","0","0","0"
"0x71177230d2a0","      STS.64 [R2.X8], R70","65","63","65","2664","85248","85248","32","32","0","0","0","Shared","Store","64","0","2","0","5328","5328","0","0","0","63","0","0","0","0","0","0","0","0","0","0","0","2","0","0","0","0","0","63","0","0","0","0","0","0","0","0","0","0","0","0","0","0","0","0","0"
"0x71177230d2b0","      STS.64 [R2.X8+0x20], R74","0","0","0","2664","85248","85248","32","32","0","0","0","Shared","Store","64","0","2","0","5328","5328","0","0","0","0","0","0","0","0","0","0","0","0","0","0","0","0","0","0","0","0","0","0","0","0","0","0","0","0","0","0","0","0","0","0","0","0","0","0","0"
"0x71177230d2c0","      IADD3 R20, P0, R22, c[0x0][0x238], RZ","0","0","0","2664","85248","85248","32","32","0","0","0","-","-","-","0","0","0","0","0","0","0","0","0","0","0","0","0","0","0","0","0","0","0","0","0","0","0","0","0","0","0","0","0","0","0","0","0","0","0","0","0","0","0","0","0","0","0","0"
"0x71177230d2d0","      STS.64 [R2.X8+0x40], R78","3","2","3","2664","85248","85248","32","32","0","0","0","Shared","Store","64","0","2","0","5328","5328","0","0","0","0","0","0","0","0","0","0","0","0","3","0","0","0","0","0","0","0","0","0","0","0","0","0","0","0","0","0","2","0","0","0","0","0","0","0","0"
"0x71177230d2e0","      IADD3.X R21, R23, c[0x0][0x23c], RZ, P0, !PT","0","0","0","2664","85248","85248","32","32","0","0","0","-","-","-","0","0","0","0","0","0","0","0","0","0","0","0","0","0","0","0","0","0","0","0","0","0","0","0","0","0","0","0","0","0","0","0","0","0","0","0","0","0","0","0","0","0","0","0"
"0x71177230d2f0","      ISETP.LT.AND P0, PT, R24, c[0x0][0x160], P5","0","0","0","2664","85248","85248","32","32","0","0","0","-","-","-","0","0","0","0","0","0","0","0","0","0","0","0","0","0","0","0","0","0","0","0","0","0","0","0","0","0","0","0","0","0","0","0","0","0","0","0","0","0","0","0","0","0","0","0"
"0x71177230d300","      STS.64 [R2.X8+0x60], R82","2","2","2","2664","85248","85248","32","32","0","0","0","Shared","Store","64","0","2","0","5328","5328","0","0","0","0","0","0","0","0","0","0","0","0","2","0","0","0","0","0","0","0","0","0","0","0","0","0","0","0","0","0","2","0","0","0","0","0","0","0","0"
"0x71177230d310","      STS.64 [R2.X8+0x80], R86","1","1","1","2664","85248","85248","32","32","0","0","0","Shared","Store","64","0","2","0","5328","5328","0","0","0","0","0","0","0","0","0","0","0","0","1","0","0","0","0","0","0","0","0","0","0","0","0","0","0","0","0","0","1","0","0","0","0","0","0","0","0"
"0x71177230d320","      STS.64 [R2.X8+0xa0], R90","5","5","5","2664","85248","85248","32","32","0","0","0","Shared","Store","64","0","2","0","5328","5328","0","0","0","0","0","0","0","0","0","0","0","0","5","0","0","0","0","0","0","0","0","0","0","0","0","0","0","0","0","0","5","0","0","0","0","0","0","0","0"
"0x71177230d330","      STS.64 [R2.X8+0xc0], R94","2","2","2","2664","85248","85248","32","32","0","0","0","Shared","Store","64","0","2","0","5328","5328","0","0","0","0","0","0","0","0","0","0","0","0","2","0","0","0","0","0","0","0","0","0","0","0","0","0","0","0","0","0","2","0","0","0","0","0","0","0","0"
"0x71177230d340","      STS.64 [R2.X8+0xe0], R98","0","0","0","2664","85248","85248","32","32","0","0","0","Shared","Store","64","0","2","0","5328","5328","0","0","0","0","0","0","0","0","0","0","0","0","0","0","0","0","0","0","0","0","0","0","0","0","0","0","0","0","0","0","0","0","0","0","0","0","0","0","0"
"0x71177230d350","      BAR.SYNC.DEFER_BLOCKING 0x0","2","2","2","2664","85248","85248","32","32","0","0","0","-","-","-","0","0","0","0","0","0","0","0","0","0","0","0","0","0","0","0","0","1","0","0","0","0","0","0","0","1","0","0","0","0","0","0","0","0","0","1","0","0","0","0","0","0","0","1"
"0x71177230d360","      LDS.128 R8, [R3]","3","2","3","2664","85248","85248","32","32","0","0","0","Shared","Load","128","0","4","0","10656","10656","0","0","0","2","0","0","0","0","0","0","0","0","0","0","0","0","1","0","0","0","0","2","0","0","0","0","0","0","0","0","0","0","0","0","0","0","0","0","0"
"0x71177230d370","      LDS.128 R4, [R3+0x100]","0","0","0","2664","85248","85248","32","32","0","0","0","Shared","Load","128","0","4","0","10656","10656","0","0","0","0","0","0","0","0","0","0","0","0","0","0","0","0","0","0","0","0","0","0","0","0","0","0","0","0","0","0","0","0","0","0","0","0","0","0","0"
"0x71177230d380","      LDS.128 R16, [R3+0x200]","1","1","1","2664","85248","85248","32","32","0","0","0","Shared","Load","128","0","4","0","10656","10656","0","0","0","0","0","0","0","0","0","0","0","0","1","0","0","0","0","0","0","0","0","0","0","0","0","0","0","0","0","0","1","0","0","0","0","0","0","0","0"
"0x71177230d390","      LDS.128 R12, [R3+0x300]","1","1","1","2664","85248","85248","32","32","0","0","0","Shared","Load","128","0","4","0","10656","10656","0","0","0","0","0","0","0","0","0","0","0","0","1","0","0","0","0","0","0","0","0","0","0","0","0","0","0","0","0","0","1","0","0","0","0","0","0","0","0"
"0x71177230d3a0","      FMUL R8, R8, R158","3","1","3","2664","85248","85248","32","32","0","0","0","-","-","-","0","0","0","0","0","0","0","0","0","0","0","0","0","0","0","0","0","0","0","0","0","1","2","0","0","0","0","0","0","0","0","0","0","0","0","0","0","0","0","0","1","0","0","0"
"0x71177230d3b0","      FMUL R32, R9, R158","0","0","0","2664","85248","85248","32","32","0","0","0","-","-","-","0","0","0","0","0","0","0","0","0","0","0","0","0","0","0","0","0","0","0","0","0","0","0","0","0","0","0","0","0","0","0","0","0","0","0","0","0","0","0","0","0","0","0","0"
"0x71177230d3c0","      FMUL R10, R10, R158","0","0","0","2664","85248","85248","32","32","0","0","0","-","-","-","0","0","0","0","0","0","0","0","0","0","0","0","0","0","0","0","0","0","0","0","0","0","0","0","0","0","0","0","0","0","0","0","0","0","0","0","0","0","0","0","0","0","0","0"
"0x71177230d3d0","      FMNMX R8, R8, R157, !PT","0","0","0","2664","85248","85248","32","32","0","0","0","-","-","-","0","0","0","0","0","0","0","0","0","0","0","0","0","0","0","0","0","0","0","0","0","0","0","0","0","0","0","0","0","0","0","0","0","0","0","0","0","0","0","0","0","0","0","0"
"0x71177230d3e0","      FMUL R30, R11, R158","0","0","0","2664","85248","85248","32","32","0","0","0","-","-","-","0","0","0","0","0","0","0","0","0","0","0","0","0","0","0","0","0","0","0","0","0","0","0","0","0","0","0","0","0","0","0","0","0","0","0","0","0","0","0","0","0","0","0","0"
"0x71177230d3f0","      FMNMX R9, R32, R157, !PT","0","0","0","2664","85248","85248","32","32","0","0","0","-","-","-","0","0","0","0","0","0","0","0","0","0","0","0","0","0","0","0","0","0","0","0","0","0","0","0","0","0","0","0","0","0","0","0","0","0","0","0","0","0","0","0","0","0","0","0"
"0x71177230d400","      FMUL R4, R4, R158","2","1","2","2664","85248","85248","32","32","0","0","0","-","-","-","0","0","0","0","0","0","0","0","0","0","0","0","0","0","0","0","0","0","0","0","0","0","2","0","0","0","0","0","0","0","0","0","0","0","0","0","0","0","0","0","1","0","0","0"
"0x71177230d410","      FMNMX R10, R10, R157, !PT","0","0","0","2664","85248","85248","32","32","0","0","0","-","-","-","0","0","0","0","0","0","0","0","0","0","0","0","0","0","0","0","0","0","0","0","0","0","0","0","0","0","0","0","0","0","0","0","0","0","0","0","0","0","0","0","0","0","0","0"
"0x71177230d420","      FMUL R28, R5, R158","0","0","0","2664","85248","85248","32","32","0","0","0","-","-","-","0","0","0","0","0","0","0","0","0","0","0","0","0","0","0","0","0","0","0","0","0","0","0","0","0","0","0","0","0","0","0","0","0","0","0","0","0","0","0","0","0","0","0","0"
"0x71177230d430","      FMNMX R11, R30, R157, !PT","0","0","0","2664","85248","85248","32","32","0","0","0","-","-","-","0","0","0","0","0","0","0","0","0","0","0","0","0","0","0","0","0","0","0","0","0","0","0","0","0","0","0","0","0","0","0","0","0","0","0","0","0","0","0","0","0","0","0","0"
"0x71177230d440","      FMUL R6, R6, R158","0","0","0","2664","85248","85248","32","32","0","0","0","-","-","-","0","0","0","0","0","0","0","0","0","0","0","0","0","0","0","0","0","0","0","0","0","0","0","0","0","0","0","0","0","0","0","0","0","0","0","0","0","0","0","0","0","0","0","0"
"0x71177230d450","      FMNMX R4, R4, R157, !PT","0","0","0","2664","85248","85248","32","32","0","0","0","-","-","-","0","0","0","0","0","0","0","0","0","0","0","0","0","0","0","0","0","0","0","0","0","0","0","0","0","0","0","0","0","0","0","0","0","0","0","0","0","0","0","0","0","0","0","0"
"0x71177230d460","      FMUL R26, R7, R158","0","0","0","2664","85248","85248","32","32","0","0","0","-","-","-","0","0","0","0","0","0","0","0","0","0","0","0","0","0","0","0","0","0","0","0","0","0","0","0","0","0","0","0","0","0","0","0","0","0","0","0","0","0","0","0","0","0","0","0"
"0x71177230d470","      FMNMX R5, R28, R157, !PT","0","0","0","2664","85248","85248","32","32","0","0","0","-","-","-","0","0","0","0","0","0","0","0","0","0","0","0","0","0","0","0","0","0","0","0","0","0","0","0","0","0","0","0","0","0","0","0","0","0","0","0","0","0","0","0","0","0","0","0"
"0x71177230d480","@P1   STG.E.128 [R20], R8","0","0","0","2664","85248","82944","32","31","1","1","0","Global","Store","128","10368","0","0","0","0","0","41472","41472","0","0","0","0","0","0","0","0","0","0","0","0","0","0","0","0","0","0","0","0","0","0","0","0","0","0","0","0","0","0","0","0","0","0","0","0"
"0x71177230d490","      FMNMX R6, R6, R157, !PT","0","0","0","2664","85248","85248","32","32","1","0","0","-","-","-","0","0","0","0","0","0","0","0","0","0","0","0","0","0","0","0","0","0","0","0","0","0","0","0","0","0","0","0","0","0","0","0","0","0","0","0","0","0","0","0","0","0","0","0"
"0x71177230d4a0","      FMUL R30, R16, R158","1","1","1","2664","85248","85248","32","32","0","0","0","-","-","-","0","0","0","0","0","0","0","0","0","0","0","0","0","0","0","0","0","0","0","0","0","0","1","0","0","0","0","0","0","0","0","0","0","0","0","0","0","0","0","0","1","0","0","0"
"0x71177230d4b0","      FMNMX R7, R26, R157, !PT","0","0","0","2664","85248","85248","32","32","0","0","0","-","-","-","0","0","0","0","0","0","0","0","0","0","0","0","0","0","0","0","0","0","0","0","0","0","0","0","0","0","0","0","0","0","0","0","0","0","0","0","0","0","0","0","0","0","0","0"
"0x71177230d4c0","      FMUL R26, R18, R158","0","0","0","2664","85248","85248","32","32","0","0","0","-","-","-","0","0","0","0","0","0","0","0","0","0","0","0","0","0","0","0","0","0","0","0","0","0","0","0","0","0","0","0","0","0","0","0","0","0","0","0","0","0","0","0","0","0","0","0"
"0x71177230d4d0","      ISETP.LT.AND P1, PT, R24, c[0x0][0x160], P6","0","0","0","2664","85248","85248","32","32","0","0","0","-","-","-","0","0","0","0","0","0","0","0","0","0","0","0","0","0","0","0","0","0","0","0","0","0","0","0","0","0","0","0","0","0","0","0","0","0","0","0","0","0","0","0","0","0","0","0"
"0x71177230d4e0","      FMUL R28, R17, R158","0","0","0","2664","85248","85248","32","32","0","0","0","-","-","-","0","0","0","0","0","0","0","0","0","0","0","0","0","0","0","0","0","0","0","0","0","0","0","0","0","0","0","0","0","0","0","0","0","0","0","0","0","0","0","0","0","0","0","0"
"0x71177230d4f0","@P0   STG.E.128 [R22.64+UR8], R4","0","0","0","2664","85248","82944","32","31","1","1","0","Global","Store","128","10368","0","0","0","0","0","41472","41472","0","0","0","0","0","0","0","0","0","0","0","0","0","0","0","0","0","0","0","0","0","0","0","0","0","0","0","0","0","0","0","0","0","0","0","0"
"0x71177230d500","      ISETP.LT.AND P0, PT, R24, c[0x0][0x160], P2","0","0","0","2664","85248","85248","32","32","1","0","0","-","-","-","0","0","0","0","0","0","0","0","0","0","0","0","0","0","0","0","0","0","0","0","0","0","0","0","0","0","0","0","0","0","0","0","0","0","0","0","0","0","0","0","0","0","0","0"
"0x71177230d510","      FMUL R24, R19, R158","0","0","0","2664","85248","85248","32","32","0","0","0","-","-","-","0","0","0","0","0","0","0","0","0","0","0","0","0","0","0","0","0","0","0","0","0","0","0","0","0","0","0","0","0","0","0","0","0","0","0","0","0","0","0","0","0","0","0","0"
"0x71177230d520","      FMUL R18, R12, R158","0","0","0","2664","85248","85248","32","32","0","0","0","-","-","-","0","0","0","0","0","0","0","0","0","0","0","0","0","0","0","0","0","0","0","0","0","0","0","0","0","0","0","0","0","0","0","0","0","0","0","0","0","0","0","0","0","0","0","0"
"0x71177230d530","      FMUL R16, R13, R158","0","0","0","2664","85248","85248","32","32","0","0","0","-","-","-","0","0","0","0","0","0","0","0","0","0","0","0","0","0","0","0","0","0","0","0","0","0","0","0","0","0","0","0","0","0","0","0","0","0","0","0","0","0","0","0","0","0","0","0"
"0x71177230d540","      FMUL R14, R14, R158","0","0","0","2664","85248","85248","32","32","0","0","0","-","-","-","0","0","0","0","0","0","0","0","0","0","0","0","0","0","0","0","0","0","0","0","0","0","0","0","0","0","0","0","0","0","0","0","0","0","0","0","0","0","0","0","0","0","0","0"
"0x71177230d550","      FMUL R12, R15, R158","1","1","1","2664","85248","85248","32","32","0","0","0","-","-","-","0","0","0","0","0","0","0","0","0","0","0","0","0","0","0","0","0","0","0","0","0","0","0","0","0","1","0","0","0","0","0","0","0","0","0","0","0","0","0","0","0","0","0","1"
"0x71177230d560","      FMNMX R8, R30, R157, !PT","0","0","0","2664","85248","85248","32","32","0","0","0","-","-","-","0","0","0","0","0","0","0","0","0","0","0","0","0","0","0","0","0","0","0","0","0","0","0","0","0","0","0","0","0","0","0","0","0","0","0","0","0","0","0","0","0","0","0","0"
"0x71177230d570","      FMNMX R9, R28, R157, !PT","2","1","2","2664","85248","85248","32","32","0","0","0","-","-","-","0","0","0","0","0","0","0","0","0","0","0","0","0","0","0","0","0","0","0","0","0","1","0","0","0","1","0","0","0","0","0","0","0","0","0","0","0","0","0","0","0","0","0","1"
"0x71177230d580","      FMNMX R10, R26, R157, !PT","1","0","1","2664","85248","85248","32","32","0","0","0","-","-","-","0","0","0","0","0","0","0","0","0","0","0","0","0","0","0","0","0","0","0","0","0","1","0","0","0","0","0","0","0","0","0","0","0","0","0","0","0","0","0","0","0","0","0","0"
"0x71177230d590","      FMNMX R11, R24, R157, !PT","0","0","0","2664","85248","85248","32","32","0","0","0","-","-","-","0","0","0","0","0","0","0","0","0","0","0","0","0","0","0","0","0","0","0","0","0","0","0","0","0","0","0","0","0","0","0","0","0","0","0","0","0","0","0","0","0","0","0","0"
"0x71177230d5a0","      FMNMX R4, R18, R157, !PT","18","17","18","2664","85248","85248","32","32","0","0","0","-","-","-","0","0","0","0","0","0","0","0","0","0","0","0","0","0","18","0","0","0","0","0","0","0","0","0","0","0","0","0","0","0","0","0","17","0","0","0","0","0","0","0","0","0","0","0"
"0x71177230d5b0","      FMNMX R5, R16, R157, !PT","0","0","0","2664","85248","85248","32","32","0","0","0","-","-","-","0","0","0","0","0","0","0","0","0","0","0","0","0","0","0","0","0","0","0","0","0","0","0","0","0","0","0","0","0","0","0","0","0","0","0","0","0","0","0","0","0","0","0","0"
"0x71177230d5c0","@P1   STG.E.128 [R22.64+UR6], R8","0","0","0","2664","85248","82944","32","31","1","1","0","Global","Store","128","10368","0","0","0","0","0","41472","41472","0","0","0","0","0","0","0","0","0","0","0","0","0","0","0","0","0","0","0","0","0","0","0","0","0","0","0","0","0","0","0","0","0","0","0","0"
"0x71177230d5d0","      FMNMX R6, R14, R157, !PT","0","0","0","2664","85248","85248","32","32","1","0","0","-","-","-","0","0","0","0","0","0","0","0","0","0","0","0","0","0","0","0","0","0","0","0","0","0","0","0","0","0","0","0","0","0","0","0","0","0","0","0","0","0","0","0","0","0","0","0"
"0x71177230d5e0","      FMNMX R7, R12, R157, !PT","0","0","0","2664","85248","85248","32","32","0","0","0","-","-","-","0","0","0","0","0","0","0","0","0","0","0","0","0","0","0","0","0","0","0","0","0","0","0","0","0","0","0","0","0","0","0","0","0","0","0","0","0","0","0","0","0","0","0","0"
"0x71177230d5f0","      IADD3 R24, R156, 0x30, RZ","0","0","0","2664","85248","85248","32","32","0","0","0","-","-","-","0","0","0","0","0","0","0","0","0","0","0","0","0","0","0","0","0","0","0","0","0","0","0","0","0","0","0","0","0","0","0","0","0","0","0","0","0","0","0","0","0","0","0","0"
"0x71177230d600","      IADD3 R156, R156, 0x38, RZ","0","0","0","2664","85248","85248","32","32","0","0","0","-","-","-","0","0","0","0","0","0","0","0","0","0","0","0","0","0","0","0","0","0","0","0","0","0","0","0","0","0","0","0","0","0","0","0","0","0","0","0","0","0","0","0","0","0","0","0"
"0x71177230d610","@P0   STG.E.128 [R22.64+UR4], R4","0","0","0","2664","85248","82944","32","31","1","1","0","Global","Store","128","10368","0","0","0","0","0","41472","41472","0","0","0","0","0","0","0","0","0","0","0","0","0","0","0","0","0","0","0","0","0","0","0","0","0","0","0","0","0","0","0","0","0","0","0","0"
"0x71177230d620","      BAR.SYNC.DEFER_BLOCKING 0x0","9","9","9","2664","85248","85248","32","32","1","0","0","-","-","-","0","0","0","0","0","0","0","0","0","0","0","0","0","0","0","0","0","9","0","0","0","0","0","0","0","0","0","0","0","0","0","0","0","0","0","9","0","0","0","0","0","0","0","0"
"0x71177230d630","      ISETP.LT.AND P1, PT, R24, c[0x0][0x160], P4","0","0","0","2664","85248","85248","32","32","0","0","0","-","-","-","0","0","0","0","0","0","0","0","0","0","0","0","0","0","0","0","0","0","0","0","0","0","0","0","0","0","0","0","0","0","0","0","0","0","0","0","0","0","0","0","0","0","0","0"
"0x71177230d640","      ISETP.LT.AND P4, PT, R156, c[0x0][0x160], P4","1","0","1","2664","85248","85248","32","32","0","0","0","-","-","-","0","0","0","0","0","0","0","0","0","0","0","0","0","0","0","0","0","0","0","0","0","1","0","0","0","0","0","0","0","0","0","0","0","0","0","0","0","0","0","0","0","0","0","0"
"0x71177230d650","      STS.64 [R2.X8], R128","83","83","83","2664","85248","85248","32","32","0","0","0","Shared","Store","64","0","2","0","5328","5328","0","0","0","82","0","0","0","0","0","0","0","0","0","0","0","0","0","0","0","0","1","82","0","0","0","0","0","0","0","0","0","0","0","0","0","0","0","0","1"
"0x71177230d660","      STS.64 [R2.X8+0x20], R124","0","0","0","2664","85248","85248","32","32","0","0","0","Shared","Store","64","0","2","0","5328","5328","0","0","0","0","0","0","0","0","0","0","0","0","0","0","0","0","0","0","0","0","0","0","0","0","0","0","0","0","0","0","0","0","0","0","0","0","0","0","0"
"0x71177230d670","      IADD3 R22, P0, R20, c[0x0][0x238], RZ","0","0","0","2664","85248","85248","32","32","0","0","0","-","-","-","0","0","0","0","0","0","0","0","0","0","0","0","0","0","0","0","0","0","0","0","0","0","0","0","0","0","0","0","0","0","0","0","0","0","0","0","0","0","0","0","0","0","0","0"
"0x71177230d680","      STS.64 [R2.X8+0x40], R120","4","4","4","2664","85248","85248","32","32","0","0","0","Shared","Store","64","0","2","0","5328","5328","0","0","0","0","0","0","0","0","0","0","0","0","4","0","0","0","0","0","0","0","0","0","0","0","0","0","0","0","0","0","4","0","0","0","0","0","0","0","0"
"0x71177230d690","      IADD3.X R23, R21, c[0x0][0x23c], RZ, P0, !PT","1","0","1","2664","85248","85248","32","32","0","0","0","-","-","-","0","0","0","0","0","0","0","0","0","0","0","0","0","0","0","0","0","0","0","0","0","1","0","0","0","0","0","0","0","0","0","0","0","0","0","0","0","0","0","0","0","0","0","0"
"0x71177230d6a0","      ISETP.LT.AND P0, PT, R24, c[0x0][0x160], P5","0","0","0","2664","85248","85248","32","32","0","0","0","-","-","-","0","0","0","0","0","0","0","0","0","0","0","0","0","0","0","0","0","0","0","0","0","0","0","0","0","0","0","0","0","0","0","0","0","0","0","0","0","0","0","0","0","0","0","0"
"0x71177230d6b0","      STS.64 [R2.X8+0x60], R116","7","7","7","2664","85248","85248","32","32","0","0","0","Shared","Store","64","0","2","0","5328","5328","0","0","0","0","0","0","0","0","0","0","0","0","7","0","0","0","0","0","0","0","0","0","0","0","0","0","0","0","0","0","7","0","0","0","0","0","0","0","0"
"0x71177230d6c0","      ISETP.LT.AND P5, PT, R156, c[0x0][0x160], P5","0","0","0","2664","85248","85248","32","32","0","0","0","-","-","-","0","0","0","0","0","0","0","0","0","0","0","0","0","0","0","0","0","0","0","0","0","0","0","0","0","0","0","0","0","0","0","0","0","0","0","0","0","0","0","0","0","0","0","0"
"0x71177230d6d0","      STS.64 [R2.X8+0x80], R112","4","4","4","2664","85248","85248","32","32","0","0","0","Shared","Store","64","0","2","0","5328","5328","0","0","0","0","0","0","0","0","0","0","0","0","4","0","0","0","0","0","0","0","0","0","0","0","0","0","0","0","0","0","4","0","0","0","0","0","0","0","0"
"0x71177230d6e0","      STS.64 [R2.X8+0xa0], R108","1","1","1","2664","85248","85248","32","32","0","0","0","Shared","Store","64","0","2","0","5328","5328","0","0","0","0","0","0","0","0","0","0","0","0","1","0","0","0","0","0","0","0","0","0","0","0","0","0","0","0","0","0","1","0","0","0","0","0","0","0","0"
"0x71177230d6f0","      STS.64 [R2.X8+0xc0], R104","2","2","2","2664","85248","85248","32","32","0","0","0","Shared","Store","64","0","2","0","5328","5328","0","0","0","0","0","0","0","0","0","0","0","0","2","0","0","0","0","0","0","0","0","0","0","0","0","0","0","0","0","0","2","0","0","0","0","0","0","0","0"
"0x71177230d700","      STS.64 [R2.X8+0xe0], R100","1","1","1","2664","85248","85248","32","32","0","0","0","Shared","Store","64","0","2","0","5328","5328","0","0","0","0","0","0","0","0","0","0","0","0","0","0","0","0","0","0","0","0","1","0","0","0","0","0","0","0","0","0","0","0","0","0","0","0","0","0","1"
"0x71177230d710","      BAR.SYNC.DEFER_BLOCKING 0x0","1","1","1","2664","85248","85248","32","32","0","0","0","-","-","-","0","0","0","0","0","0","0","0","0","0","0","0","0","0","0","0","0","1","0","0","0","0","0","0","0","0","0","0","0","0","0","0","0","0","0","1","0","0","0","0","0","0","0","0"
"0x71177230d720","      LDS.128 R8, [R3]","8","7","8","2664","85248","85248","32","32","0","0","0","Shared","Load","128","0","4","0","10656","10656","0","0","0","7","0","0","0","0","0","0","0","0","0","0","0","1","0","0","0","0","0","7","0","0","0","0","0","0","0","0","0","0","0","0","0","0","0","0","0"
"0x71177230d730","      LDS.128 R4, [R3+0x100]","1","0","1","2664","85248","85248","32","32","0","0","0","Shared","Load","128","0","4","0","10656","10656","0","0","0","0","0","0","0","0","0","0","0","0","0","0","0","0","0","0","0","0","1","0","0","0","0","0","0","0","0","0","0","0","0","0","0","0","0","0","0"
"0x71177230d740","      LDS.128 R16, [R3+0x200]","0","0","0","2664","85248","85248","32","32","0","0","0","Shared","Load","128","0","4","0","10656","10656","0","0","0","0","0","0","0","0","0","0","0","0","0","0","0","0","0","0","0","0","0","0","0","0","0","0","0","0","0","0","0","0","0","0","0","0","0","0","0"
"0x71177230d750","      LDS.128 R12, [R3+0x300]","2","2","2","2664","85248","85248","32","32","0","0","0","Shared","Load","128","0","4","0","10656","10656","0","0","0","0","0","0","0","0","0","0","0","0","2","0","0","0","0","0","0","0","0","0","0","0","0","0","0","0","0","0","2","0","0","0","0","0","0","0","0"
"0x71177230d760","      FMUL R8, R8, R158","2","2","2","2664","85248","85248","32","32","0","0","0","-","-","-","0","0","0","0","0","0","0","0","0","0","0","0","0","0","0","0","0","0","0","0","0","0","2","0","0","0","0","0","0","0","0","0","0","0","0","0","0","0","0","0","2","0","0","0"
"0x71177230d770","      FMUL R32, R9, R158","0","0","0","2664","85248","85248","32","32","0","0","0","-","-","-","0","0","0","0","0","0","0","0","0","0","0","0","0","0","0","0","0","0","0","0","0","0","0","0","0","0","0","0","0","0","0","0","0","0","0","0","0","0","0","0","0","0","0","0"
"0x71177230d780","      FMUL R10, R10, R158","0","0","0","2664","85248","85248","32","32","0","0","0","-","-","-","0","0","0","0","0","0","0","0","0","0","0","0","0","0","0","0","0","0","0","0","0","0","0","0","0","0","0","0","0","0","0","0","0","0","0","0","0","0","0","0","0","0","0","0"
"0x71177230d790","      FMNMX R8, R8, R157, !PT","0","0","0","2664","85248","85248","32","32","0","0","0","-","-","-","0","0","0","0","0","0","0","0","0","0","0","0","0","0","0","0","0","0","0","0","0","0","0","0","0","0","0","0","0","0","0","0","0","0","0","0","0","0","0","0","0","0","0","0"
"0x71177230d7a0","      FMUL R30, R11, R158","0","0","0","2664","85248","85248","32","32","0","0","0","-","-","-","0","0","0","0","0","0","0","0","0","0","0","0","0","0","0","0","0","0","0","0","0","0","0","0","0","0","0","0","0","0","0","0","0","0","0","0","0","0","0","0","0","0","0","0"
"0x71177230d7b0","      FMNMX R9, R32, R157, !PT","0","0","0","2664","85248","85248","32","32","0","0","0","-","-","-","0","0","0","0","0","0","0","0","0","0","0","0","0","0","0","0","0","0","0","0","0","0","0","0","0","0","0","0","0","0","0","0","0","0","0","0","0","0","0","0","0","0","0","0"
"0x71177230d7c0","      FMUL R4, R4, R158","2","2","2","2664","85248","85248","32","32","0","0","0","-","-","-","0","0","0","0","0","0","0","0","0","0","0","0","0","0","0","0","0","0","0","0","0","0","2","0","0","0","0","0","0","0","0","0","0","0","0","0","0","0","0","0","2","0","0","0"
"0x71177230d7d0","      FMNMX R10, R10, R157, !PT","1","0","1","2664","85248","85248","32","32","0","0","0","-","-","-","0","0","0","0","0","0","0","0","0","0","0","0","0","0","0","0","0","0","0","0","0","1","0","0","0","0","0","0","0","0","0","0","0","0","0","0","0","0","0","0","0","0","0","0"
"0x71177230d7e0","      FMUL R28, R5, R158","0","0","0","2664","85248","85248","32","32","0","0","0","-","-","-","0","0","0","0","0","0","0","0","0","0","0","0","0","0","0","0","0","0","0","0","0","0","0","0","0","0","0","0","0","0","0","0","0","0","0","0","0","0","0","0","0","0","0","0"
"0x71177230d7f0","      FMNMX R11, R30, R157, !PT","0","0","0","2664","85248","85248","32","32","0","0","0","-","-","-","0","0","0","0","0","0","0","0","0","0","0","0","0","0","0","0","0","0","0","0","0","0","0","0","0","0","0","0","0","0","0","0","0","0","0","0","0","0","0","0","0","0","0","0"
"0x71177230d800","      FMUL R6, R6, R158","0","0","0","2664","85248","85248","32","32","0","0","0","-","-","-","0","0","0","0","0","0","0","0","0","0","0","0","0","0","0","0","0","0","0","0","0","0","0","0","0","0","0","0","0","0","0","0","0","0","0","0","0","0","0","0","0","0","0","0"
"0x71177230d810","      FMNMX R4, R4, R157, !PT","1","0","1","2664","85248","85248","32","32","0","0","0","-","-","-","0","0","0","0","0","0","0","0","0","0","0","0","0","0","0","0","0","0","0","0","0","1","0","0","0","0","0","0","0","0","0","0","0","0","0","0","0","0","0","0","0","0","0","0"
"0x71177230d820","      FMUL R26, R7, R158","0","0","0","2664","85248","85248","32","32","0","0","0","-","-","-","0","0","0","0","0","0","0","0","0","0","0","0","0","0","0","0","0","0","0","0","0","0","0","0","0","0","0","0","0","0","0","0","0","0","0","0","0","0","0","0","0","0","0","0"
"0x71177230d830","      FMNMX R5, R28, R157, !PT","0","0","0","2664","85248","85248","32","32","0","0","0","-","-","-","0","0","0","0","0","0","0","0","0","0","0","0","0","0","0","0","0","0","0","0","0","0","0","0","0","0","0","0","0","0","0","0","0","0","0","0","0","0","0","0","0","0","0","0"
"0x71177230d840","@P1   STG.E.128 [R22], R8","0","0","0","2664","85248","82944","32","31","1","1","0","Global","Store","128","10368","0","0","0","0","0","41472","41472","0","0","0","0","0","0","0","0","0","0","0","0","0","0","0","0","0","0","0","0","0","0","0","0","0","0","0","0","0","0","0","0","0","0","0","0"
"0x71177230d850","      FMNMX R6, R6, R157, !PT","0","0","0","2664","85248","85248","32","32","1","0","0","-","-","-","0","0","0","0","0","0","0","0","0","0","0","0","0","0","0","0","0","0","0","0","0","0","0","0","0","0","0","0","0","0","0","0","0","0","0","0","0","0","0","0","0","0","0","0"
"0x71177230d860","      FMUL R30, R16, R158","2","1","2","2664","85248","85248","32","32","0","0","0","-","-","-","0","0","0","0","0","0","0","0","0","0","0","0","0","0","0","0","0","0","0","0","0","0","2","0","0","0","0","0","0","0","0","0","0","0","0","0","0","0","0","0","1","0","0","0"
"0x71177230d870","      FMNMX R7, R26, R157, !PT","0","0","0","2664","85248","85248","32","32","0","0","0","-","-","-","0","0","0","0","0","0","0","0","0","0","0","0","0","0","0","0","0","0","0","0","0","0","0","0","0","0","0","0","0","0","0","0","0","0","0","0","0","0","0","0","0","0","0","0"
"0x71177230d880","      FMUL R26, R18, R158","0","0","0","2664","85248","85248","32","32","0","0","0","-","-","-","0","0","0","0","0","0","0","0","0","0","0","0","0","0","0","0","0","0","0","0","0","0","0","0","0","0","0","0","0","0","0","0","0","0","0","0","0","0","0","0","0","0","0","0"
"0x71177230d890","      ISETP.LT.AND P1, PT, R24, c[0x0][0x160], P6","0","0","0","2664","85248","85248","32","32","0","0","0","-","-","-","0","0","0","0","0","0","0","0","0","0","0","0","0","0","0","0","0","0","0","0","0","0","0","0","0","0","0","0","0","0","0","0","0","0","0","0","0","0","0","0","0","0","0","0"
"0x71177230d8a0","      FMUL R28, R17, R158","0","0","0","2664","85248","85248","32","32","0","0","0","-","-","-","0","0","0","0","0","0","0","0","0","0","0","0","0","0","0","0","0","0","0","0","0","0","0","0","0","0","0","0","0","0","0","0","0","0","0","0","0","0","0","0","0","0","0","0"
"0x71177230d8b0","      ISETP.LT.AND P6, PT, R156, c[0x0][0x160], P6","0","0","0","2664","85248","85248","32","32","0","0","0","-","-","-","0","0","0","0","0","0","0","0","0","0","0","0","0","0","0","0","0","0","0","0","0","0","0","0","0","0","0","0","0","0","0","0","0","0","0","0","0","0","0","0","0","0","0","0"
"0x71177230d8c0","@P0   STG.E.128 [R20.64+UR8], R4","0","0","0","2664","85248","82944","32","31","1","1","0","Global","Store","128","10368","0","0","0","0","0","41472","41472","0","0","0","0","0","0","0","0","0","0","0","0","0","0","0","0","0","0","0","0","0","0","0","0","0","0","0","0","0","0","0","0","0","0","0","0"
"0x71177230d8d0","      ISETP.LT.AND P0, PT, R24, c[0x0][0x160], P2","0","0","0","2664","85248","85248","32","32","1","0","0","-","-","-","0","0","0","0","0","0","0","0","0","0","0","0","0","0","0","0","0","0","0","0","0","0","0","0","0","0","0","0","0","0","0","0","0","0","0","0","0","0","0","0","0","0","0","0"
"0x71177230d8e0","      FMUL R24, R19, R158","0","0","0","2664","85248","85248","32","32","0","0","0","-","-","-","0","0","0","0","0","0","0","0","0","0","0","0","0","0","0","0","0","0","0","0","0","0","0","0","0","0","0","0","0","0","0","0","0","0","0","0","0","0","0","0","0","0","0","0"
"0x71177230d8f0","      FMUL R18, R12, R158","1","0","1","2664","85248","85248","32","32","0","0","0","-","-","-","0","0","0","0","0","0","0","0","0","0","0","0","0","0","0","0","0","0","0","0","0","0","1","0","0","0","0","0","0","0","0","0","0","0","0","0","0","0","0","0","0","0","0","0"
"0x71177230d900","      FMUL R16, R13, R158","0","0","0","2664","85248","85248","32","32","0","0","0","-","-","-","0","0","0","0","0","0","0","0","0","0","0","0","0","0","0","0","0","0","0","0","0","0","0","0","0","0","0","0","0","0","0","0","0","0","0","0","0","0","0","0","0","0","0","0"
"0x71177230d910","      FMUL R14, R14, R158","1","0","1","2664","85248","85248","32","32","0","0","0","-","-","-","0","0","0","0","0","0","0","0","0","0","0","0","0","0","0","0","0","0","0","0","0","1","0","0","0","0","0","0","0","0","0","0","0","0","0","0","0","0","0","0","0","0","0","0"
"0x71177230d920","      FMUL R12, R15, R158","1","0","1","2664","85248","85248","32","32","0","0","0","-","-","-","0","0","0","0","0","0","0","0","0","0","0","0","0","0","0","0","0","0","0","0","0","1","0","0","0","0","0","0","0","0","0","0","0","0","0","0","0","0","0","0","0","0","0","0"
"0x71177230d930","      FMNMX R8, R30, R157, !PT","0","0","0","2664","85248","85248","32","32","0","0","0","-","-","-","0","0","0","0","0","0","0","0","0","0","0","0","0","0","0","0","0","0","0","0","0","0","0","0","0","0","0","0","0","0","0","0","0","0","0","0","0","0","0","0","0","0","0","0"
"0x71177230d940","      FMNMX R9, R28, R157, !PT","2","1","2","2664","85248","85248","32","32","0","0","0","-","-","-","0","0","0","0","0","0","0","0","0","0","0","0","0","0","0","0","0","0","0","0","0","1","0","0","0","1","0","0","0","0","0","0","0","0","0","0","0","0","0","0","0","0","0","1"
"0x71177230d950","      FMNMX R10, R26, R157, !PT","0","0","0","2664","85248","85248","32","32","0","0","0","-","-","-","0","0","0","0","0","0","0","0","0","0","0","0","0","0","0","0","0","0","0","0","0","0","0","0","0","0","0","0","0","0","0","0","0","0","0","0","0","0","0","0","0","0","0","0"
"0x71177230d960","      FMNMX R11, R24, R157, !PT","0","0","0","2664","85248","85248","32","32","0","0","0","-","-","-","0","0","0","0","0","0","0","0","0","0","0","0","0","0","0","0","0","0","0","0","0","0","0","0","0","0","0","0","0","0","0","0","0","0","0","0","0","0","0","0","0","0","0","0"
"0x71177230d970","      FMNMX R4, R18, R157, !PT","19","17","19","2664","85248","85248","32","32","0","0","0","-","-","-","0","0","0","0","0","0","0","0","0","0","0","0","0","0","18","0","0","0","0","0","0","1","0","0","0","0","0","0","0","0","0","0","17","0","0","0","0","0","0","0","0","0","0","0"
"0x71177230d980","      FMNMX R5, R16, R157, !PT","0","0","0","2664","85248","85248","32","32","0","0","0","-","-","-","0","0","0","0","0","0","0","0","0","0","0","0","0","0","0","0","0","0","0","0","0","0","0","0","0","0","0","0","0","0","0","0","0","0","0","0","0","0","0","0","0","0","0","0"
"0x71177230d990","@P1   STG.E.128 [R20.64+UR6], R8","0","0","0","2664","85248","82944","32","31","1","1","0","Global","Store","128","10368","0","0","0","0","0","41472","41472","0","0","0","0","0","0","0","0","0","0","0","0","0","0","0","0","0","0","0","0","0","0","0","0","0","0","0","0","0","0","0","0","0","0","0","0"
"0x71177230d9a0","      FMNMX R6, R14, R157, !PT","0","0","0","2664","85248","85248","32","32","1","0","0","-","-","-","0","0","0","0","0","0","0","0","0","0","0","0","0","0","0","0","0","0","0","0","0","0","0","0","0","0","0","0","0","0","0","0","0","0","0","0","0","0","0","0","0","0","0","0"
"0x71177230d9b0","      FMNMX R7, R12, R157, !PT","0","0","0","2664","85248","85248","32","32","0","0","0","-","-","-","0","0","0","0","0","0","0","0","0","0","0","0","0","0","0","0","0","0","0","0","0","0","0","0","0","0","0","0","0","0","0","0","0","0","0","0","0","0","0","0","0","0","0","0"
"0x71177230d9c0","@P0   STG.E.128 [R20.64+UR4], R4","1","1","1","2664","85248","82944","32","31","1","1","0","Global","Store","128","10368","0","0","0","0","0","41472","41472","0","0","0","0","0","0","0","0","0","0","0","0","0","0","0","0","0","1","0","0","0","0","0","0","0","0","0","0","0","0","0","0","0","0","0","1"
"0x71177230d9d0","      BAR.SYNC.DEFER_BLOCKING 0x0","6","6","6","2664","85248","85248","32","32","1","0","0","-","-","-","0","0","0","0","0","0","0","0","0","0","0","0","0","0","0","0","0","6","0","0","0","0","0","0","0","0","0","0","0","0","0","0","0","0","0","6","0","0","0","0","0","0","0","0"
"0x71177230d9e0","      ISETP.LT.AND P0, PT, R156, c[0x0][0x160], P2","0","0","0","2664","85248","85248","32","32","0","0","0","-","-","-","0","0","0","0","0","0","0","0","0","0","0","0","0","0","0","0","0","0","0","0","0","0","0","0","0","0","0","0","0","0","0","0","0","0","0","0","0","0","0","0","0","0","0","0"
"0x71177230d9f0","      STS.64 [R2.X8], R130","41","41","41","2664","85248","85248","32","32","0","0","0","Shared","Store","64","0","2","0","5328","5328","0","0","0","41","0","0","0","0","0","0","0","0","0","0","0","0","0","0","0","0","0","41","0","0","0","0","0","0","0","0","0","0","0","0","0","0","0","0","0"
"0x71177230da00","      STS.64 [R2.X8+0x20], R126","0","0","0","2664","85248","85248","32","32","0","0","0","Shared","Store","64","0","2","0","5328","5328","0","0","0","0","0","0","0","0","0","0","0","0","0","0","0","0","0","0","0","0","0","0","0","0","0","0","0","0","0","0","0","0","0","0","0","0","0","0","0"
"0x71177230da10","      STS.64 [R2.X8+0x40], R122","1","1","1","2664","85248","85248","32","32","0","0","0","Shared","Store","64","0","2","0","5328","5328","0","0","0","0","0","0","0","0","0","0","0","0","0","0","0","0","0","0","0","0","1","0","0","0","0","0","0","0","0","0","0","0","0","0","0","0","0","0","1"
"0x71177230da20","      STS.64 [R2.X8+0x60], R118","3","3","3","2664","85248","85248","32","32","0","0","0","Shared","Store","64","0","2","0","5328","5328","0","0","0","0","0","0","0","0","0","0","0","0","3","0","0","0","0","0","0","0","0","0","0","0","0","0","0","0","0","0","3","0","0","0","0","0","0","0","0"
"0x71177230da30","      STS.64 [R2.X8+0x80], R114","1","1","1","2664","85248","85248","32","32","0","0","0","Shared","Store","64","0","2","0","5328","5328","0","0","0","0","0","0","0","0","0","0","0","0","1","0","0","0","0","0","0","0","0","0","0","0","0","0","0","0","0","0","1","0","0","0","0","0","0","0","0"
"0x71177230da40","      STS.64 [R2.X8+0xa0], R110","1","1","1","2664","85248","85248","32","32","0","0","0","Shared","Store","64","0","2","0","5328","5328","0","0","0","0","0","0","0","0","0","0","0","0","1","0","0","0","0","0","0","0","0","0","0","0","0","0","0","0","0","0","1","0","0","0","0","0","0","0","0"
"0x71177230da50","      STS.64 [R2.X8+0xc0], R106","1","1","1","2664","85248","85248","32","32","0","0","0","Shared","Store","64","0","2","0","5328","5328","0","0","0","0","0","0","0","0","0","0","0","0","0","0","0","0","0","0","0","0","1","0","0","0","0","0","0","0","0","0","0","0","0","0","0","0","0","0","1"
"0x71177230da60","      STS.64 [R2.X8+0xe0], R102","0","0","0","2664","85248","85248","32","32","0","0","0","Shared","Store","64","0","2","0","5328","5328","0","0","0","0","0","0","0","0","0","0","0","0","0","0","0","0","0","0","0","0","0","0","0","0","0","0","0","0","0","0","0","0","0","0","0","0","0","0","0"
"0x71177230da70","      BAR.SYNC.DEFER_BLOCKING 0x0","1","1","1","2664","85248","85248","32","32","0","0","0","-","-","-","0","0","0","0","0","0","0","0","0","0","0","0","0","0","0","0","0","0","0","0","0","0","0","0","0","1","0","0","0","0","0","0","0","0","0","0","0","0","0","0","0","0","0","1"
"0x71177230da80","      LDS.128 R12, [R3]","7","7","7","2664","85248","85248","32","32","0","0","0","Shared","Load","128","0","4","0","10656","10656","0","0","0","7","0","0","0","0","0","0","0","0","0","0","0","0","0","0","0","0","0","7","0","0","0","0","0","0","0","0","0","0","0","0","0","0","0","0","0"
"0x71177230da90","      LDS.128 R8, [R3+0x100]","2","0","2","2664","85248","85248","32","32","0","0","0","Shared","Load","128","0","4","0","10656","10656","0","0","0","0","0","0","0","0","0","0","0","0","0","0","0","0","1","0","0","0","1","0","0","0","0","0","0","0","0","0","0","0","0","0","0","0","0","0","0"
"0x71177230daa0","      LDS.128 R4, [R3+0x200]","2","1","2","2664","85248","85248","32","32","0","0","0","Shared","Load","128","0","4","0","10656","10656","0","0","0","0","0","0","0","0","0","0","0","0","0","0","0","0","1","0","0","0","1","0","0","0","0","0","0","0","0","0","0","0","0","0","0","0","0","0","1"
"0x71177230dab0","      LDS.128 R16, [R3+0x300]","1","1","1","2664","85248","85248","32","32","0","0","0","Shared","Load","128","0","4","0","10656","10656","0","0","0","0","0","0","0","0","0","0","0","0","0","0","0","0","0","0","0","0","1","0","0","0","0","0","0","0","0","0","0","0","0","0","0","0","0","0","1"
"0x71177230dac0","      FMUL R12, R12, R158","2","1","2","2664","85248","85248","32","32","0","0","0","-","-","-","0","0","0","0","0","0","0","0","0","0","0","0","0","0","0","0","0","0","0","0","0","1","1","0","0","0","0","0","0","0","0","0","0","0","0","0","0","0","0","0","1","0","0","0"
"0x71177230dad0","      FMUL R32, R13, R158","0","0","0","2664","85248","85248","32","32","0","0","0","-","-","-","0","0","0","0","0","0","0","0","0","0","0","0","0","0","0","0","0","0","0","0","0","0","0","0","0","0","0","0","0","0","0","0","0","0","0","0","0","0","0","0","0","0","0","0"
"0x71177230dae0","      FMUL R14, R14, R158","0","0","0","2664","85248","85248","32","32","0","0","0","-","-","-","0","0","0","0","0","0","0","0","0","0","0","0","0","0","0","0","0","0","0","0","0","0","0","0","0","0","0","0","0","0","0","0","0","0","0","0","0","0","0","0","0","0","0","0"
"0x71177230daf0","      FMNMX R12, R12, R157, !PT","0","0","0","2664","85248","85248","32","32","0","0","0","-","-","-","0","0","0","0","0","0","0","0","0","0","0","0","0","0","0","0","0","0","0","0","0","0","0","0","0","0","0","0","0","0","0","0","0","0","0","0","0","0","0","0","0","0","0","0"
"0x71177230db00","      FMUL R30, R15, R158","0","0","0","2664","85248","85248","32","32","0","0","0","-","-","-","0","0","0","0","0","0","0","0","0","0","0","0","0","0","0","0","0","0","0","0","0","0","0","0","0","0","0","0","0","0","0","0","0","0","0","0","0","0","0","0","0","0","0","0"
"0x71177230db10","      FMNMX R13, R32, R157, !PT","0","0","0","2664","85248","85248","32","32","0","0","0","-","-","-","0","0","0","0","0","0","0","0","0","0","0","0","0","0","0","0","0","0","0","0","0","0","0","0","0","0","0","0","0","0","0","0","0","0","0","0","0","0","0","0","0","0","0","0"
"0x71177230db20","      FMUL R8, R8, R158","4","4","4","2664","85248","85248","32","32","0","0","0","-","-","-","0","0","0","0","0","0","0","0","0","0","0","0","0","0","0","0","0","0","0","0","0","0","4","0","0","0","0","0","0","0","0","0","0","0","0","0","0","0","0","0","4","0","0","0"
"0x71177230db30","      FMNMX R14, R14, R157, !PT","0","0","0","2664","85248","85248","32","32","0","0","0","-","-","-","0","0","0","0","0","0","0","0","0","0","0","0","0","0","0","0","0","0","0","0","0","0","0","0","0","0","0","0","0","0","0","0","0","0","0","0","0","0","0","0","0","0","0","0"
"0x71177230db40","      FMUL R28, R9, R158","0","0","0","2664","85248","85248","32","32","0","0","0","-","-","-","0","0","0","0","0","0","0","0","0","0","0","0","0","0","0","0","0","0","0","0","0","0","0","0","0","0","0","0","0","0","0","0","0","0","0","0","0","0","0","0","0","0","0","0"
"0x71177230db50","      FMNMX R15, R30, R157, !PT","0","0","0","2664","85248","85248","32","32","0","0","0","-","-","-","0","0","0","0","0","0","0","0","0","0","0","0","0","0","0","0","0","0","0","0","0","0","0","0","0","0","0","0","0","0","0","0","0","0","0","0","0","0","0","0","0","0","0","0"
"0x71177230db60","      FMUL R10, R10, R158","0","0","0","2664","85248","85248","32","32","0","0","0","-","-","-","0","0","0","0","0","0","0","0","0","0","0","0","0","0","0","0","0","0","0","0","0","0","0","0","0","0","0","0","0","0","0","0","0","0","0","0","0","0","0","0","0","0","0","0"
"0x71177230db70","      FMNMX R8, R8, R157, !PT","0","0","0","2664","85248","85248","32","32","0","0","0","-","-","-","0","0","0","0","0","0","0","0","0","0","0","0","0","0","0","0","0","0","0","0","0","0","0","0","0","0","0","0","0","0","0","0","0","0","0","0","0","0","0","0","0","0","0","0"
"0x71177230db80","      FMUL R26, R11, R158","0","0","0","2664","85248","85248","32","32","0","0","0","-","-","-","0","0","0","0","0","0","0","0","0","0","0","0","0","0","0","0","0","0","0","0","0","0","0","0","0","0","0","0","0","0","0","0","0","0","0","0","0","0","0","0","0","0","0","0"
"0x71177230db90","      FMNMX R9, R28, R157, !PT","0","0","0","2664","85248","85248","32","32","0","0","0","-","-","-","0","0","0","0","0","0","0","0","0","0","0","0","0","0","0","0","0","0","0","0","0","0","0","0","0","0","0","0","0","0","0","0","0","0","0","0","0","0","0","0","0","0","0","0"
"0x71177230dba0","      FMUL R4, R4, R158","2","2","2","2664","85248","85248","32","32","0","0","0","-","-","-","0","0","0","0","0","0","0","0","0","0","0","0","0","0","0","0","0","0","0","0","0","0","2","0","0","0","0","0","0","0","0","0","0","0","0","0","0","0","0","0","2","0","0","0"
"0x71177230dbb0","      FMNMX R10, R10, R157, !PT","1","0","1","2664","85248","85248","32","32","0","0","0","-","-","-","0","0","0","0","0","0","0","0","0","0","0","0","0","0","0","0","0","0","0","0","0","1","0","0","0","0","0","0","0","0","0","0","0","0","0","0","0","0","0","0","0","0","0","0"
"0x71177230dbc0","      FMUL R24, R5, R158","0","0","0","2664","85248","85248","32","32","0","0","0","-","-","-","0","0","0","0","0","0","0","0","0","0","0","0","0","0","0","0","0","0","0","0","0","0","0","0","0","0","0","0","0","0","0","0","0","0","0","0","0","0","0","0","0","0","0","0"
"0x71177230dbd0","      FMNMX R11, R26, R157, !PT","0","0","0","2664","85248","85248","32","32","0","0","0","-","-","-","0","0","0","0","0","0","0","0","0","0","0","0","0","0","0","0","0","0","0","0","0","0","0","0","0","0","0","0","0","0","0","0","0","0","0","0","0","0","0","0","0","0","0","0"
"0x71177230dbe0","      FMUL R6, R6, R158","0","0","0","2664","85248","85248","32","32","0","0","0","-","-","-","0","0","0","0","0","0","0","0","0","0","0","0","0","0","0","0","0","0","0","0","0","0","0","0","0","0","0","0","0","0","0","0","0","0","0","0","0","0","0","0","0","0","0","0"
"0x71177230dbf0","      FMNMX R4, R4, R157, !PT","0","0","0","2664","85248","85248","32","32","0","0","0","-","-","-","0","0","0","0","0","0","0","0","0","0","0","0","0","0","0","0","0","0","0","0","0","0","0","0","0","0","0","0","0","0","0","0","0","0","0","0","0","0","0","0","0","0","0","0"
"0x71177230dc00","      FMUL R20, R7, R158","0","0","0","2664","85248","85248","32","32","0","0","0","-","-","-","0","0","0","0","0","0","0","0","0","0","0","0","0","0","0","0","0","0","0","0","0","0","0","0","0","0","0","0","0","0","0","0","0","0","0","0","0","0","0","0","0","0","0","0"
"0x71177230dc10","      FMNMX R5, R24, R157, !PT","0","0","0","2664","85248","85248","32","32","0","0","0","-","-","-","0","0","0","0","0","0","0","0","0","0","0","0","0","0","0","0","0","0","0","0","0","0","0","0","0","0","0","0","0","0","0","0","0","0","0","0","0","0","0","0","0","0","0","0"
"0x71177230dc20","      FMUL R16, R16, R158","0","0","0","2664","85248","85248","32","32","0","0","0","-","-","-","0","0","0","0","0","0","0","0","0","0","0","0","0","0","0","0","0","0","0","0","0","0","0","0","0","0","0","0","0","0","0","0","0","0","0","0","0","0","0","0","0","0","0","0"
"0x71177230dc30","      FMNMX R6, R6, R157, !PT","0","0","0","2664","85248","85248","32","32","0","0","0","-","-","-","0","0","0","0","0","0","0","0","0","0","0","0","0","0","0","0","0","0","0","0","0","0","0","0","0","0","0","0","0","0","0","0","0","0","0","0","0","0","0","0","0","0","0","0"
"0x71177230dc40","      FMUL R2, R17, R158","0","0","0","2664","85248","85248","32","32","0","0","0","-","-","-","0","0","0","0","0","0","0","0","0","0","0","0","0","0","0","0","0","0","0","0","0","0","0","0","0","0","0","0","0","0","0","0","0","0","0","0","0","0","0","0","0","0","0","0"
"0x71177230dc50","      FMNMX R7, R20, R157, !PT","1","0","1","2664","85248","85248","32","32","0","0","0","-","-","-","0","0","0","0","0","0","0","0","0","0","0","0","0","0","0","0","0","0","0","0","0","1","0","0","0","0","0","0","0","0","0","0","0","0","0","0","0","0","0","0","0","0","0","0"
"0x71177230dc60","      FMUL R18, R18, R158","0","0","0","2664","85248","85248","32","32","0","0","0","-","-","-","0","0","0","0","0","0","0","0","0","0","0","0","0","0","0","0","0","0","0","0","0","0","0","0","0","0","0","0","0","0","0","0","0","0","0","0","0","0","0","0","0","0","0","0"
"0x71177230dc70","      FMNMX R16, R16, R157, !PT","0","0","0","2664","85248","85248","32","32","0","0","0","-","-","-","0","0","0","0","0","0","0","0","0","0","0","0","0","0","0","0","0","0","0","0","0","0","0","0","0","0","0","0","0","0","0","0","0","0","0","0","0","0","0","0","0","0","0","0"
"0x71177230dc80","      FMUL R158, R19, R158","0","0","0","2664","85248","85248","32","32","0","0","0","-","-","-","0","0","0","0","0","0","0","0","0","0","0","0","0","0","0","0","0","0","0","0","0","0","0","0","0","0","0","0","0","0","0","0","0","0","0","0","0","0","0","0","0","0","0","0"
"0x71177230dc90","      FMNMX R17, R2, R157, !PT","0","0","0","2664","85248","85248","32","32","0","0","0","-","-","-","0","0","0","0","0","0","0","0","0","0","0","0","0","0","0","0","0","0","0","0","0","0","0","0","0","0","0","0","0","0","0","0","0","0","0","0","0","0","0","0","0","0","0","0"
"0x71177230dca0","@P4   STG.E.128 [R22.64+UR10], R12","0","0","0","2664","85248","82944","32","31","1","1","0","Global","Store","128","10368","0","0","0","0","0","41472","41472","0","0","0","0","0","0","0","0","0","0","0","0","0","0","0","0","0","0","0","0","0","0","0","0","0","0","0","0","0","0","0","0","0","0","0","0"
"0x71177230dcb0","      FMNMX R18, R18, R157, !PT","0","0","0","2664","85248","85248","32","32","1","0","0","-","-","-","0","0","0","0","0","0","0","0","0","0","0","0","0","0","0","0","0","0","0","0","0","0","0","0","0","0","0","0","0","0","0","0","0","0","0","0","0","0","0","0","0","0","0","0"
"0x71177230dcc0","      FMNMX R19, R158, R157, !PT","0","0","0","2664","85248","85248","32","32","0","0","0","-","-","-","0","0","0","0","0","0","0","0","0","0","0","0","0","0","0","0","0","0","0","0","0","0","0","0","0","0","0","0","0","0","0","0","0","0","0","0","0","0","0","0","0","0","0","0"
"0x71177230dcd0","@P5   STG.E.128 [R22.64+UR8], R8","0","0","0","2664","85248","82944","32","31","1","1","0","Global","Store","128","10368","0","0","0","0","0","41472","41472","0","0","0","0","0","0","0","0","0","0","0","0","0","0","0","0","0","0","0","0","0","0","0","0","0","0","0","0","0","0","0","0","0","0","0","0"
"0x71177230dce0","@P6   STG.E.128 [R22.64+UR6], R4","1","0","1","2664","85248","82944","32","31","0","1","0","Global","Store","128","10368","0","0","0","0","0","41472","41472","0","0","0","0","0","0","0","0","0","0","0","0","1","0","0","0","0","0","0","0","0","0","0","0","0","0","0","0","0","0","0","0","0","0","0","0"
"0x71177230dcf0","@P0   STG.E.128 [R22.64+UR4], R16","2","2","2","2664","85248","82944","32","31","0","1","0","Global","Store","128","10368","0","0","0","0","0","41472","41472","0","0","0","0","0","2","0","0","0","0","0","0","0","0","0","0","0","0","0","0","0","0","0","2","0","0","0","0","0","0","0","0","0","0","0","0"
"0x71177230dd00","      BSYNC B0","0","0","0","2664","85248","85248","32","32","1","0","0","-","-","-","0","0","0","0","0","0","0","0","0","0","0","0","0","0","0","0","0","0","0","0","0","0","0","0","0","0","0","0","0","0","0","0","0","0","0","0","0","0","0","0","0","0","0","0"
"0x71177230dd10","      ISETP.NE.AND P0, PT, R159, RZ, PT","0","0","0","2664","85248","85248","32","32","0","0","0","-","-","-","0","0","0","0","0","0","0","0","0","0","0","0","0","0","0","0","0","0","0","0","0","0","0","0","0","0","0","0","0","0","0","0","0","0","0","0","0","0","0","0","0","0","0","0"
"0x71177230dd20","@!P0  EXIT","3","3","3","2664","85248","85248","32","32","0","0","0","-","-","-","0","0","0","0","0","0","0","0","0","0","0","0","0","0","0","0","0","0","0","0","0","0","0","0","0","3","0","0","0","0","0","0","0","0","0","0","0","0","0","0","0","0","0","3"
"0x71177230dd30","      BAR.SYNC.DEFER_BLOCKING 0x0","85","85","85","0","0","0","0","0","32","32","0","-","-","-","0","0","0","0","0","0","0","0","0","1","0","83","0","0","0","0","0","0","0","0","0","0","0","0","0","1","0","1","0","83","0","0","0","0","0","0","0","0","0","0","0","0","0","1"
"0x71177230dd40","      ISETP.GT.AND P0, PT, R0, RZ, PT","0","0","0","0","0","0","0","0","0","32","0","-","-","-","0","0","0","0","0","0","0","0","0","0","0","0","0","0","0","0","0","0","0","0","0","0","0","0","0","0","0","0","0","0","0","0","0","0","0","0","0","0","0","0","0","0","0","0"
"0x71177230dd50","@P0   EXIT","0","0","0","0","0","0","0","0","0","32","0","-","-","-","0","0","0","0","0","0","0","0","0","0","0","0","0","0","0","0","0","0","0","0","0","0","0","0","0","0","0","0","0","0","0","0","0","0","0","0","0","0","0","0","0","0","0","0"
"0x71177230dd60","@!PT  LDS RZ, [RZ]","0","0","0","0","0","0","0","0","0","32","0","","","","0","0","0","0","0","0","0","0","0","0","0","0","0","0","0","0","0","0","0","0","0","0","0","0","0","0","0","0","0","0","0","0","0","0","0","0","0","0","0","0","0","0","0","0"
"0x71177230dd70","@!PT  LDS RZ, [RZ]","0","0","0","0","0","0","0","0","0","32","0","","","","0","0","0","0","0","0","0","0","0","0","0","0","0","0","0","0","0","0","0","0","0","0","0","0","0","0","0","0","0","0","0","0","0","0","0","0","0","0","0","0","0","0","0","0"
"0x71177230dd80","@!PT  LDS RZ, [RZ]","0","0","0","0","0","0","0","0","0","32","0","","","","0","0","0","0","0","0","0","0","0","0","0","0","0","0","0","0","0","0","0","0","0","0","0","0","0","0","0","0","0","0","0","0","0","0","0","0","0","0","0","0","0","0","0","0"
"0x71177230dd90","@!PT  LDS RZ, [RZ]","0","0","0","0","0","0","0","0","0","32","0","","","","0","0","0","0","0","0","0","0","0","0","0","0","0","0","0","0","0","0","0","0","0","0","0","0","0","0","0","0","0","0","0","0","0","0","0","0","0","0","0","0","0","0","0","0"
"0x71177230dda0","      MEMBAR.ALL.GPU","0","0","0","0","0","0","0","0","0","32","0","-","-","-","0","0","0","0","0","0","0","0","0","0","0","0","0","0","0","0","0","0","0","0","0","0","0","0","0","0","0","0","0","0","0","0","0","0","0","0","0","0","0","0","0","0","0","0"
"0x71177230ddb0","      IADD3 R182, R182, 0x1, RZ","0","0","0","0","0","0","0","0","0","32","0","-","-","-","0","0","0","0","0","0","0","0","0","0","0","0","0","0","0","0","0","0","0","0","0","0","0","0","0","0","0","0","0","0","0","0","0","0","0","0","0","0","0","0","0","0","0","0"
"0x71177230ddc0","      ERRBAR","0","0","0","0","0","0","0","0","0","32","0","-","-","-","0","0","0","0","0","0","0","0","0","0","0","0","0","0","0","0","0","0","0","0","0","0","0","0","0","0","0","0","0","0","0","0","0","0","0","0","0","0","0","0","0","0","0","0"
"0x71177230ddd0","      ISETP.NE.AND P0, PT, R182, c[0x0][0x174], PT","0","0","0","0","0","0","0","0","0","32","0","-","-","-","0","0","0","0","0","0","0","0","0","0","0","0","0","0","0","0","0","0","0","0","0","0","0","0","0","0","0","0","0","0","0","0","0","0","0","0","0","0","0","0","0","0","0","0"
"0x71177230dde0","      SEL R3, R182, RZ, P0","0","0","0","0","0","0","0","0","0","32","0","-","-","-","0","0","0","0","0","0","0","0","0","0","0","0","0","0","0","0","0","0","0","0","0","0","0","0","0","0","0","0","0","0","0","0","0","0","0","0","0","0","0","0","0","0","0","0"
"0x71177230ddf0","      STG.E.STRONG.GPU [R160], R3","0","0","0","0","0","0","0","0","0","32","0","","","","0","0","0","0","0","0","0","0","0","0","0","0","0","0","0","0","0","0","0","0","0","0","0","0","0","0","0","0","0","0","0","0","0","0","0","0","0","0","0","0","0","0","0","0"
"0x71177230de00","      EXIT","0","0","0","0","0","0","0","0","0","32","0","-","-","-","0","0","0","0","0","0","0","0","0","0","0","0","0","0","0","0","0","0","0","0","0","0","0","0","0","0","0","0","0","0","0","0","0","0","0","0","0","0","0","0","0","0","0","0"
"0x71177230de10","      BRA `(.L_x_0) 0x71177230de10","0","0","0","0","0","0","0","0","0","0","0","-","-","-","0","0","0","0","0","0","0","0","0","0","0","0","0","0","0","0","0","0","0","0","0","0","0","0","0","0","0","0","0","0","0","0","0","0","0","0","0","0","0","0","0","0","0","0"
"0x71177230de20","      NOP","0","0","0","0","0","0","0","0","0","0","0","-","-","-","0","0","0","0","0","0","0","0","0","0","0","0","0","0","0","0","0","0","0","0","0","0","0","0","0","0","0","0","0","0","0","0","0","0","0","0","0","0","0","0","0","0","0","0"
"0x71177230de30","      NOP","0","0","0","0","0","0","0","0","0","0","0","-","-","-","0","0","0","0","0","0","0","0","0","0","0","0","0","0","0","0","0","0","0","0","0","0","0","0","0","0","0","0","0","0","0","0","0","0","0","0","0","0","0","0","0","0","0","0"
"0x71177230de40","      NOP","0","0","0","0","0","0","0","0","0","0","0","-","-","-","0","0","0","0","0","0","0","0","0","0","0","0","0","0","0","0","0","0","0","0","0","0","0","0","0","0","0","0","0","0","0","0","0","0","0","0","0","0","0","0","0","0","0","0"
"0x71177230de50","      NOP","0","0","0","0","0","0","0","0","0","0","0","-","-","-","0","0","0","0","0","0","0","0","0","0","0","0","0","0","0","0","0","0","0","0","0","0","0","0","0","0","0","0","0","0","0","0","0","0","0","0","0","0","0","0","0","0","0","0"
"0x71177230de60","      NOP","0","0","0","0","0","0","0","0","0","0","0","-","-","-","0","0","0","0","0","0","0","0","0","0","0","0","0","0","0","0","0","0","0","0","0","0","0","0","0","0","0","0","0","0","0","0","0","0","0","0","0","0","0","0","0","0","0","0"
"0x71177230de70","      NOP","0","0","0","0","0","0","0","0","0","0","0","-","-","-","0","0","0","0","0","0","0","0","0","0","0","0","0","0","0","0","0","0","0","0","0","0","0","0","0","0","0","0","0","0","0","0","0","0","0","0","0","0","0","0","0","0","0","0"
"0x71177230de80","      NOP","0","0","0","0","0","0","0","0","0","0","0","-","-","-","0","0","0","0","0","0","0","0","0","0","0","0","0","0","0","0","0","0","0","0","0","0","0","0","0","0","0","0","0","0","0","0","0","0","0","0","0","0","0","0","0","0","0","0"
"0x71177230de90","      NOP","0","0","0","0","0","0","0","0","0","0","0","-","-","-","0","0","0","0","0","0","0","0","0","0","0","0","0","0","0","0","0","0","0","0","0","0","0","0","0","0","0","0","0","0","0","0","0","0","0","0","0","0","0","0","0","0","0","0"
"0x71177230dea0","      NOP","0","0","0","0","0","0","0","0","0","0","0","-","-","-","0","0","0","0","0","0","0","0","0","0","0","0","0","0","0","0","0","0","0","0","0","0","0","0","0","0","0","0","0","0","0","0","0","0","0","0","0","0","0","0","0","0","0","0"
"0x71177230deb0","      NOP","0","0","0","0","0","0","0","0","0","0","0","-","-","-","0","0","0","0","0","0","0","0","0","0","0","0","0","0","0","0","0","0","0","0","0","0","0","0","0","0","0","0","0","0","0","0","0","0","0","0","0","0","0","0","0","0","0","0"
"0x71177230dec0","      NOP","0","0","0","0","0","0","0","0","0","0","0","-","-","-","0","0","0","0","0","0","0","0","0","0","0","0","0","0","0","0","0","0","0","0","0","0","0","0","0","0","0","0","0","0","0","0","0","0","0","0","0","0","0","0","0","0","0","0"
"0x71177230ded0","      NOP","0","0","0","0","0","0","0","0","0","0","0","-","-","-","0","0","0","0","0","0","0","0","0","0","0","0","0","0","0","0","0","0","0","0","0","0","0","0","0","0","0","0","0","0","0","0","0","0","0","0","0","0","0","0","0","0","0","0"
"0x71177230dee0","      NOP","0","0","0","0","0","0","0","0","0","0","0","-","-","-","0","0","0","0","0","0","0","0","0","0","0","0","0","0","0","0","0","0","0","0","0","0","0","0","0","0","0","0","0","0","0","0","0","0","0","0","0","0","0","0","0","0","0","0"
"0x71177230def0","      NOP","0","0","0","0","0","0","0","0","0","0","0","-","-","-","0","0","0","0","0","0","0","0","0","0","0","0","0","0","0","0","0","0","0","0","0","0","0","0","0","0","0","0","0","0","0","0","0","0","0","0","0","0","0","0","0","0","0","0"
