warning: use of deprecated method `mamba_ssm::gpu::context::GpuCtx::set_batch_invariant`: use GpuCtx::set_gemm_mode
    --> src/mamba_ssm/gpu/blas.rs:2892:13
     |
2892 |         ctx.set_batch_invariant(true);
     |             ^^^^^^^^^^^^^^^^^^^
     |
     = note: `#[warn(deprecated)]` on by default

warning: use of deprecated method `mamba_ssm::gpu::context::GpuCtx::set_batch_invariant`: use GpuCtx::set_gemm_mode
    --> src/mamba_ssm/gpu/blas.rs:3219:13
     |
3219 |         ctx.set_batch_invariant(true);
     |             ^^^^^^^^^^^^^^^^^^^

warning: use of deprecated method `mamba_ssm::gpu::context::GpuCtx::set_batch_invariant`: use GpuCtx::set_gemm_mode
     --> src/mamba_ssm/gpu/gemm_bi_triad/launch.rs:13902:13
      |
13902 |         ctx.set_batch_invariant(true);
      |             ^^^^^^^^^^^^^^^^^^^

warning: use of deprecated method `mamba_ssm::gpu::context::GpuCtx::set_batch_invariant`: use GpuCtx::set_gemm_mode
     --> src/mamba_ssm/gpu/gemm_bi_triad/launch.rs:13933:13
      |
13933 |         ctx.set_batch_invariant(true);
      |             ^^^^^^^^^^^^^^^^^^^

warning: use of deprecated method `mamba_ssm::gpu::context::GpuCtx::set_batch_invariant`: use GpuCtx::set_gemm_mode
     --> src/mamba_ssm/gpu/gemm_bi_triad/launch.rs:14012:13
      |
14012 |         ctx.set_batch_invariant(true);
      |             ^^^^^^^^^^^^^^^^^^^

warning: use of deprecated method `mamba_ssm::gpu::context::GpuCtx::set_batch_invariant`: use GpuCtx::set_gemm_mode
     --> src/mamba_ssm/gpu/gemm_bi_triad/launch.rs:14116:13
      |
14116 |         ctx.set_batch_invariant(true);
      |             ^^^^^^^^^^^^^^^^^^^

warning: use of deprecated method `mamba_ssm::gpu::context::GpuCtx::set_batch_invariant`: use GpuCtx::set_gemm_mode
   --> src/mamba_ssm/gpu/gemm_bi_triad/scalar_nt_tests.rs:618:9
    |
618 |     ctx.set_batch_invariant(true);
    |         ^^^^^^^^^^^^^^^^^^^

warning: use of deprecated method `mamba_ssm::gpu::context::GpuCtx::set_batch_invariant`: use GpuCtx::set_gemm_mode
   --> src/mamba_ssm/gpu/gemm_bi_triad/scalar_nt_tests.rs:817:9
    |
817 |     ctx.set_batch_invariant(true);
    |         ^^^^^^^^^^^^^^^^^^^

warning: use of deprecated method `mamba_ssm::gpu::context::GpuCtx::set_batch_invariant`: use GpuCtx::set_gemm_mode
   --> src/mamba_ssm/gpu/gemm_bi_triad/scalar_nt_tests.rs:950:9
    |
950 |     ctx.set_batch_invariant(true);
    |         ^^^^^^^^^^^^^^^^^^^

warning: use of deprecated method `mamba_ssm::gpu::context::GpuCtx::set_batch_invariant`: use GpuCtx::set_gemm_mode
    --> src/mamba_ssm/gpu/gemm_bi_triad/scalar_nt_tests.rs:1082:9
     |
1082 |     ctx.set_batch_invariant(true);
     |         ^^^^^^^^^^^^^^^^^^^

warning: use of deprecated method `mamba_ssm::gpu::context::GpuCtx::set_batch_invariant`: use GpuCtx::set_gemm_mode
    --> src/mamba_ssm/gpu/gemm_bi_triad/scalar_nt_tests.rs:1212:9
     |
1212 |     ctx.set_batch_invariant(true);
     |         ^^^^^^^^^^^^^^^^^^^

warning: use of deprecated method `mamba_ssm::gpu::context::GpuCtx::set_batch_invariant`: use GpuCtx::set_gemm_mode
    --> src/mamba_ssm/gpu/gemm_bi_triad/scalar_nt_tests.rs:1292:9
     |
1292 |     ctx.set_batch_invariant(true);
     |         ^^^^^^^^^^^^^^^^^^^

warning: use of deprecated method `mamba_ssm::gpu::context::GpuCtx::set_batch_invariant`: use GpuCtx::set_gemm_mode
    --> src/mamba_ssm/gpu/gemm_bi_triad/scalar_nt_tests.rs:1328:9
     |
1328 |     ctx.set_batch_invariant(true);
     |         ^^^^^^^^^^^^^^^^^^^

warning: use of deprecated method `mamba_ssm::gpu::context::GpuCtx::set_batch_invariant`: use GpuCtx::set_gemm_mode
    --> src/mamba_ssm/gpu/gemm_bi_triad/scalar_nt_tests.rs:1350:9
     |
1350 |     ctx.set_batch_invariant(true);
     |         ^^^^^^^^^^^^^^^^^^^

warning: use of deprecated method `mamba_ssm::gpu::context::GpuCtx::set_batch_invariant`: use GpuCtx::set_gemm_mode
    --> src/mamba_ssm/gpu/gemm_bi_triad/scalar_nn_tn_tests.rs:1242:9
     |
1242 |     ctx.set_batch_invariant(true);
     |         ^^^^^^^^^^^^^^^^^^^

warning: use of deprecated method `mamba_ssm::gpu::context::GpuCtx::set_fast_gemm`: use GpuCtx::set_gemm_mode
    --> src/mamba_ssm/gpu/gemm_bi_triad/scalar_nn_tn_tests.rs:1245:9
     |
1245 |     ctx.set_fast_gemm(false);
     |         ^^^^^^^^^^^^^

warning: use of deprecated method `mamba_ssm::gpu::context::GpuCtx::set_batch_invariant`: use GpuCtx::set_gemm_mode
    --> src/mamba_ssm/gpu/gemm_bi_triad/qualification.rs:5679:13
     |
5679 |         ctx.set_batch_invariant(true);
     |             ^^^^^^^^^^^^^^^^^^^

warning: use of deprecated method `mamba_ssm::gpu::context::GpuCtx::set_fast_gemm`: use GpuCtx::set_gemm_mode
    --> src/mamba_ssm/gpu/gemm_bi_triad/qualification.rs:5681:13
     |
5681 |         ctx.set_fast_gemm(false);
     |             ^^^^^^^^^^^^^

warning: use of deprecated method `mamba_ssm::gpu::context::GpuCtx::set_batch_invariant`: use GpuCtx::set_gemm_mode
    --> src/mamba_ssm/gpu/gemm_bi_triad/qualification.rs:5726:13
     |
5726 |         ctx.set_batch_invariant(true);
     |             ^^^^^^^^^^^^^^^^^^^

warning: use of deprecated method `mamba_ssm::gpu::context::GpuCtx::set_fast_gemm`: use GpuCtx::set_gemm_mode
    --> src/mamba_ssm/gpu/gemm_bi_triad/qualification.rs:5728:13
     |
5728 |         ctx.set_fast_gemm(false);
     |             ^^^^^^^^^^^^^

warning: use of deprecated method `mamba_ssm::gpu::context::GpuCtx::set_batch_invariant`: use GpuCtx::set_gemm_mode
   --> src/mamba_ssm/gpu/gemm_bi_triad/training_pipeline_tests.rs:712:13
    |
712 |         ctx.set_batch_invariant(true);
    |             ^^^^^^^^^^^^^^^^^^^

warning: use of deprecated method `mamba_ssm::gpu::context::GpuCtx::set_fast_gemm`: use GpuCtx::set_gemm_mode
   --> src/mamba_ssm/gpu/gemm_bi_triad/training_pipeline_tests.rs:715:13
    |
715 |         ctx.set_fast_gemm(false);
    |             ^^^^^^^^^^^^^

warning: use of deprecated method `mamba_ssm::gpu::context::GpuCtx::set_batch_invariant`: use GpuCtx::set_gemm_mode
    --> src/mamba_ssm/gpu/kernel_identity.rs:6641:13
     |
6641 |         ctx.set_batch_invariant(true);
     |             ^^^^^^^^^^^^^^^^^^^

warning: `mamba-rs` (lib test) generated 23 warnings
warning: use of deprecated method `mamba_rs::gpu::context::GpuCtx::set_batch_invariant`: use GpuCtx::set_gemm_mode
   --> tests/gemm_bi_scalar_nn_m64n64_bcg_experiment.rs:678:24
    |
678 |         production_ctx.set_batch_invariant(true);
    |                        ^^^^^^^^^^^^^^^^^^^
    |
    = note: `#[warn(deprecated)]` on by default

warning: use of deprecated method `mamba_rs::gpu::context::GpuCtx::set_batch_invariant`: use GpuCtx::set_gemm_mode
   --> tests/gemm_bi_tf32_joint_cohort_binding.rs:204:13
    |
204 |         ctx.set_batch_invariant(true);
    |             ^^^^^^^^^^^^^^^^^^^
    |
    = note: `#[warn(deprecated)]` on by default

warning: use of deprecated method `mamba_rs::gpu::context::GpuCtx::set_batch_invariant`: use GpuCtx::set_gemm_mode
   --> tests/gemm_bi_invariance_matrix.rs:277:9
    |
277 |     ctx.set_batch_invariant(true);
    |         ^^^^^^^^^^^^^^^^^^^
    |
    = note: `#[warn(deprecated)]` on by default

warning: use of deprecated method `mamba_rs::gpu::context::GpuCtx::set_batch_invariant`: use GpuCtx::set_gemm_mode
   --> tests/gemm_bi_invariance_matrix.rs:314:9
    |
314 |     ctx.set_batch_invariant(true);
    |         ^^^^^^^^^^^^^^^^^^^

warning: use of deprecated method `mamba_rs::gpu::context::GpuCtx::set_batch_invariant`: use GpuCtx::set_gemm_mode
   --> tests/gemm_bi_invariance_matrix.rs:358:9
    |
358 |     ctx.set_batch_invariant(true);
    |         ^^^^^^^^^^^^^^^^^^^

warning: use of deprecated method `mamba_rs::gpu::context::GpuCtx::set_batch_invariant`: use GpuCtx::set_gemm_mode
   --> tests/gemm_bi_invariance_matrix.rs:419:9
    |
419 |     ctx.set_batch_invariant(true);
    |         ^^^^^^^^^^^^^^^^^^^

warning: use of deprecated method `mamba_rs::gpu::context::GpuCtx::set_batch_invariant`: use GpuCtx::set_gemm_mode
   --> tests/gemm_bi_invariance_matrix.rs:464:9
    |
464 |     ctx.set_batch_invariant(true);
    |         ^^^^^^^^^^^^^^^^^^^

warning: use of deprecated method `mamba_rs::gpu::context::GpuCtx::set_batch_invariant`: use GpuCtx::set_gemm_mode
   --> tests/gemm_bi_invariance_matrix.rs:514:9
    |
514 |     ctx.set_batch_invariant(true);
    |         ^^^^^^^^^^^^^^^^^^^

warning: use of deprecated method `mamba_rs::gpu::context::GpuCtx::set_batch_invariant`: use GpuCtx::set_gemm_mode
   --> tests/gemm_bi_half_tn_m96n64_regpipe_vec2_bf16_d768_in_discovery.rs:731:13
    |
731 |         ctx.set_batch_invariant(true);
    |             ^^^^^^^^^^^^^^^^^^^
    |
    = note: `#[warn(deprecated)]` on by default

warning: use of deprecated method `mamba_rs::gpu::context::GpuCtx::set_fast_gemm`: use GpuCtx::set_gemm_mode
   --> tests/gemm_bi_half_tn_m96n64_regpipe_vec2_bf16_d768_in_discovery.rs:733:13
    |
733 |         ctx.set_fast_gemm(false);
    |             ^^^^^^^^^^^^^

warning: use of deprecated method `mamba_rs::gpu::context::GpuCtx::set_batch_invariant`: use GpuCtx::set_gemm_mode
   --> tests/gemm_bi_scalar_tn_copyplan_dual_chunk_m128n64_bk16_d768_in_discovery.rs:923:13
    |
923 |         ctx.set_batch_invariant(true);
    |             ^^^^^^^^^^^^^^^^^^^
    |
    = note: `#[warn(deprecated)]` on by default

warning: use of deprecated method `mamba_rs::gpu::context::GpuCtx::set_fast_gemm`: use GpuCtx::set_gemm_mode
   --> tests/gemm_bi_scalar_tn_copyplan_dual_chunk_m128n64_bk16_d768_in_discovery.rs:926:13
    |
926 |         ctx.set_fast_gemm(false);
    |             ^^^^^^^^^^^^^

warning: use of deprecated method `mamba_rs::gpu::context::GpuCtx::set_batch_invariant`: use GpuCtx::set_gemm_mode
   --> tests/gemm_bi_tf32_nn_n96_direct_epilogue_nobarrier_prism_discovery.rs:475:13
    |
475 |         ctx.set_batch_invariant(true);
    |             ^^^^^^^^^^^^^^^^^^^
    |
    = note: `#[warn(deprecated)]` on by default

warning: use of deprecated method `mamba_rs::gpu::context::GpuCtx::set_fast_gemm`: use GpuCtx::set_gemm_mode
   --> tests/gemm_bi_tf32_nn_n96_direct_epilogue_nobarrier_prism_discovery.rs:478:13
    |
478 |         ctx.set_fast_gemm(false);
    |             ^^^^^^^^^^^^^

warning: use of deprecated method `mamba_rs::gpu::context::GpuCtx::set_batch_invariant`: use GpuCtx::set_gemm_mode
   --> tests/gemm_bi_half_tn_one_wave_atlas_bf16_d768_out_discovery.rs:790:13
    |
790 |         ctx.set_batch_invariant(true);
    |             ^^^^^^^^^^^^^^^^^^^
    |
    = note: `#[warn(deprecated)]` on by default

warning: use of deprecated method `mamba_rs::gpu::context::GpuCtx::set_fast_gemm`: use GpuCtx::set_gemm_mode
   --> tests/gemm_bi_half_tn_one_wave_atlas_bf16_d768_out_discovery.rs:792:13
    |
792 |         ctx.set_fast_gemm(false);
    |             ^^^^^^^^^^^^^

    Checking mamba-rs v0.6.9 (/root/mamba-model-gemm-guards-final.7dt0nG)
warning: use of deprecated method `mamba_rs::gpu::context::GpuCtx::set_batch_invariant`: use GpuCtx::set_gemm_mode
   --> tests/gemm_bi_scalar_tn_transpose_32x8_d768_in_discovery.rs:859:13
    |
859 |         ctx.set_batch_invariant(true);
    |             ^^^^^^^^^^^^^^^^^^^
    |
    = note: `#[warn(deprecated)]` on by default

warning: use of deprecated method `mamba_rs::gpu::context::GpuCtx::set_fast_gemm`: use GpuCtx::set_gemm_mode
   --> tests/gemm_bi_scalar_tn_transpose_32x8_d768_in_discovery.rs:862:13
    |
862 |         ctx.set_fast_gemm(false);
    |             ^^^^^^^^^^^^^

warning: variant `RawStore` is never constructed
   --> tests/gemm_bi_scalar_tn_transpose_32x8_d768_in_discovery.rs:439:9
    |
437 |     enum CandidateFixed {
    |          -------------- variant in this enum
438 |         Production,
439 |         RawStore,
    |         ^^^^^^^^
    |
    = note: `CandidateFixed` has derived impls for the traits `Debug` and `Clone`, but these are intentionally ignored during dead code analysis
    = note: `#[warn(dead_code)]` (part of `#[warn(unused)]`) on by default

warning: enum `RawPartialError` is never used
   --> tests/gemm_bi_scalar_tn_transpose_32x8_d768_in_discovery.rs:443:10
    |
443 |     enum RawPartialError {
    |          ^^^^^^^^^^^^^^^

warning: fields `raw_fixed` and `raw_source_sha` are never read
   --> tests/gemm_bi_scalar_tn_transpose_32x8_d768_in_discovery.rs:660:9
    |
654 |     struct Runtime {
    |            ------- fields in this struct
...
660 |         raw_fixed: CudaFunction,
    |         ^^^^^^^^^
...
663 |         raw_source_sha: String,
    |         ^^^^^^^^^^^^^^

warning: function `fixed_function` is never used
   --> tests/gemm_bi_scalar_tn_transpose_32x8_d768_in_discovery.rs:958:8
    |
958 |     fn fixed_function(
    |        ^^^^^^^^^^^^^^

warning: function `launch_retained_partials` is never used
   --> tests/gemm_bi_scalar_tn_transpose_32x8_d768_in_discovery.rs:996:8
    |
996 |     fn launch_retained_partials(
    |        ^^^^^^^^^^^^^^^^^^^^^^^^

warning: function `compare_raw_partials` is never used
    --> tests/gemm_bi_scalar_tn_transpose_32x8_d768_in_discovery.rs:1241:8
     |
1241 |     fn compare_raw_partials(
     |        ^^^^^^^^^^^^^^^^^^^^

warning: function `select_candidate` is never used
    --> tests/gemm_bi_scalar_tn_transpose_32x8_d768_in_discovery.rs:1300:8
     |
1300 |     fn select_candidate(runtime: &Runtime) -> Result<CandidateFixed, String> {
     |        ^^^^^^^^^^^^^^^^

warning: use of deprecated method `mamba_rs::gpu::context::GpuCtx::set_batch_invariant`: use GpuCtx::set_gemm_mode
  --> tests/training_graph_parity.rs:60:9
   |
60 |     ctx.set_batch_invariant(true);
   |         ^^^^^^^^^^^^^^^^^^^
   |
   = note: `#[warn(deprecated)]` on by default

warning: use of deprecated method `mamba_rs::gpu::context::GpuCtx::set_fast_gemm`: use GpuCtx::set_gemm_mode
  --> tests/training_graph_parity.rs:63:9
   |
63 |     ctx.set_fast_gemm(false);
   |         ^^^^^^^^^^^^^

warning: use of deprecated method `mamba_rs::gpu::context::GpuCtx::set_batch_invariant`: use GpuCtx::set_gemm_mode
  --> tests/training_graph_parity.rs:94:19
   |
94 |     trainer.ctx().set_batch_invariant(true);
   |                   ^^^^^^^^^^^^^^^^^^^

warning: use of deprecated method `mamba_rs::gpu::context::GpuCtx::set_fast_gemm`: use GpuCtx::set_gemm_mode
  --> tests/training_graph_parity.rs:97:19
   |
97 |     trainer.ctx().set_fast_gemm(false);
   |                   ^^^^^^^^^^^^^

warning: use of deprecated method `mamba_rs::gpu::context::GpuCtx::set_batch_invariant`: use GpuCtx::set_gemm_mode
    --> tests/gemm_bi_scalar_nt_copyplan_siblings_discovery.rs:1296:13
     |
1296 |         ctx.set_batch_invariant(true);
     |             ^^^^^^^^^^^^^^^^^^^
     |
     = note: `#[warn(deprecated)]` on by default

warning: use of deprecated method `mamba_rs::gpu::context::GpuCtx::set_fast_gemm`: use GpuCtx::set_gemm_mode
    --> tests/gemm_bi_scalar_nt_copyplan_siblings_discovery.rs:1299:13
     |
1299 |         ctx.set_fast_gemm(false);
     |             ^^^^^^^^^^^^^

warning: use of deprecated method `mamba_rs::gpu::context::GpuCtx::set_batch_invariant`: use GpuCtx::set_gemm_mode
    --> tests/gemm_bi_scalar_nt_copyplan_siblings_discovery.rs:1456:13
     |
1456 |         ctx.set_batch_invariant(true);
     |             ^^^^^^^^^^^^^^^^^^^

warning: use of deprecated method `mamba_rs::gpu::context::GpuCtx::set_fast_gemm`: use GpuCtx::set_gemm_mode
    --> tests/gemm_bi_scalar_nt_copyplan_siblings_discovery.rs:1459:13
     |
1459 |         ctx.set_fast_gemm(false);
     |             ^^^^^^^^^^^^^

warning: use of deprecated method `mamba_rs::gpu::context::GpuCtx::set_batch_invariant`: use GpuCtx::set_gemm_mode
    --> tests/gemm_bi_scalar_nt_copyplan_siblings_discovery.rs:1677:13
     |
1677 |         ctx.set_batch_invariant(true);
     |             ^^^^^^^^^^^^^^^^^^^

warning: use of deprecated method `mamba_rs::gpu::context::GpuCtx::set_fast_gemm`: use GpuCtx::set_gemm_mode
    --> tests/gemm_bi_scalar_nt_copyplan_siblings_discovery.rs:1680:13
     |
1680 |         ctx.set_fast_gemm(false);
     |             ^^^^^^^^^^^^^

warning: constant `SYMBOL_PREFIX` is never used
 --> tests/support/triad_half_nt_fixed_s3_source.rs:1:11
  |
1 | pub const SYMBOL_PREFIX: &str = "gemm_bi_nt_test_fixed_s3_bxor_";
  |           ^^^^^^^^^^^^^
  |
  = note: `#[warn(dead_code)]` (part of `#[warn(unused)]`) on by default

warning: constant `BLOCK_THREADS` is never used
 --> tests/support/triad_half_nt_m96n128_s3_source.rs:8:11
  |
8 | pub const BLOCK_THREADS: u32 = 384;
  |           ^^^^^^^^^^^^^

warning: constant `DYNAMIC_SHARED_BYTES` is never used
 --> tests/support/triad_half_nt_m96n128_s3_source.rs:9:11
  |
9 | pub const DYNAMIC_SHARED_BYTES: usize = 86_016;
  |           ^^^^^^^^^^^^^^^^^^^^

warning: constant `MAX_REGISTERS` is never used
  --> tests/support/triad_half_nt_m96n128_s3_source.rs:10:11
   |
10 | pub const MAX_REGISTERS: i32 = 168;
   |           ^^^^^^^^^^^^^

warning: constant `REQUIRED_OCCUPANCY` is never used
  --> tests/support/triad_half_nt_m96n128_s3_source.rs:11:11
   |
11 | pub const REQUIRED_OCCUPANCY: u32 = 1;
   |           ^^^^^^^^^^^^^^^^^^

warning: constant `EXPECTED_HMMA` is never used
  --> tests/support/triad_half_nt_m96n128_s3_source.rs:12:11
   |
12 | pub const EXPECTED_HMMA: usize = 64;
   |           ^^^^^^^^^^^^^

warning: constant `EXPECTED_LDGSTS` is never used
  --> tests/support/triad_half_nt_m96n128_s3_source.rs:13:11
   |
13 | pub const EXPECTED_LDGSTS: usize = 15;
   |           ^^^^^^^^^^^^^^^

warning: constant `RETAINED_BLOCK_THREADS` is never used
  --> tests/support/triad_half_nt_m96n128_s3_source.rs:14:11
   |
14 | pub const RETAINED_BLOCK_THREADS: u32 = parent::BLOCK_THREADS;
   |           ^^^^^^^^^^^^^^^^^^^^^^

warning: constant `RETAINED_DYNAMIC_SHARED_BYTES` is never used
  --> tests/support/triad_half_nt_m96n128_s3_source.rs:15:11
   |
15 | pub const RETAINED_DYNAMIC_SHARED_BYTES: usize = parent::DYNAMIC_SHARED_BYTES;
   |           ^^^^^^^^^^^^^^^^^^^^^^^^^^^^^

warning: constant `RETAINED_MAX_REGISTERS` is never used
  --> tests/support/triad_half_nt_m96n128_s3_source.rs:16:11
   |
16 | pub const RETAINED_MAX_REGISTERS: i32 = parent::MAX_REGISTERS;
   |           ^^^^^^^^^^^^^^^^^^^^^^

warning: constant `RETAINED_REQUIRED_OCCUPANCY` is never used
  --> tests/support/triad_half_nt_m96n128_s3_source.rs:17:11
   |
17 | pub const RETAINED_REQUIRED_OCCUPANCY: u32 = parent::REQUIRED_OCCUPANCY;
   |           ^^^^^^^^^^^^^^^^^^^^^^^^^^^

warning: constant `RETAINED_EXPECTED_HMMA` is never used
  --> tests/support/triad_half_nt_m96n128_s3_source.rs:18:11
   |
18 | pub const RETAINED_EXPECTED_HMMA: usize = 64;
   |           ^^^^^^^^^^^^^^^^^^^^^^

warning: constant `RETAINED_EXPECTED_LDGSTS` is never used
  --> tests/support/triad_half_nt_m96n128_s3_source.rs:19:11
   |
19 | pub const RETAINED_EXPECTED_LDGSTS: usize = 18;
   |           ^^^^^^^^^^^^^^^^^^^^^^^^

warning: function `all_strata_pass` is never used
   --> tests/support/triad_half_nt_m96n128_s3_source.rs:169:8
    |
169 | pub fn all_strata_pass(strata: &[[f64; 2]]) -> bool {
    |        ^^^^^^^^^^^^^^^

warning: constant `BLOCK_THREADS` is never used
 --> tests/support/triad_half_nt_m64n192_s3_source.rs:5:11
  |
5 | pub const BLOCK_THREADS: u32 = 384;
  |           ^^^^^^^^^^^^^

warning: constant `DYNAMIC_SHARED_BYTES` is never used
 --> tests/support/triad_half_nt_m64n192_s3_source.rs:6:11
  |
6 | pub const DYNAMIC_SHARED_BYTES: usize = 98_304;
  |           ^^^^^^^^^^^^^^^^^^^^

warning: constant `MAX_REGISTERS` is never used
 --> tests/support/triad_half_nt_m64n192_s3_source.rs:7:11
  |
7 | pub const MAX_REGISTERS: i32 = 168;
  |           ^^^^^^^^^^^^^

warning: constant `REQUIRED_OCCUPANCY` is never used
 --> tests/support/triad_half_nt_m64n192_s3_source.rs:8:11
  |
8 | pub const REQUIRED_OCCUPANCY: u32 = 1;
  |           ^^^^^^^^^^^^^^^^^^

warning: function `measured_s3_source` is never used
   --> tests/support/triad_half_nt_m64n192_s3_source.rs:125:8
    |
125 | pub fn measured_s3_source(swizzle: &str, s3: &str) -> Result<String, String> {
    |        ^^^^^^^^^^^^^^^^^^

warning: function `all_strata_pass` is never used
   --> tests/support/triad_half_nt_m64n192_s3_source.rs:129:8
    |
129 | pub fn all_strata_pass(strata: &[[f64; 2]]) -> bool {
    |        ^^^^^^^^^^^^^^^

warning: constant `SYMBOL_PREFIX` is never used
 --> tests/support/triad_half_nt_m64n128_s3_source.rs:4:11
  |
4 | pub const SYMBOL_PREFIX: &str = "gemm_bi_nt_test_fixed_s3_m64n128_";
  |           ^^^^^^^^^^^^^

warning: use of deprecated method `mamba_rs::gpu::context::GpuCtx::set_batch_invariant`: use GpuCtx::set_gemm_mode
   --> tests/gemm_bi_scalar_tn_direct_d768_out_bk16_discovery.rs:739:13
    |
739 |         ctx.set_batch_invariant(true);
    |             ^^^^^^^^^^^^^^^^^^^
    |
    = note: `#[warn(deprecated)]` on by default

warning: use of deprecated method `mamba_rs::gpu::context::GpuCtx::set_fast_gemm`: use GpuCtx::set_gemm_mode
   --> tests/gemm_bi_scalar_tn_direct_d768_out_bk16_discovery.rs:742:13
    |
742 |         ctx.set_fast_gemm(false);
    |             ^^^^^^^^^^^^^

warning: use of deprecated method `mamba_rs::gpu::context::GpuCtx::set_batch_invariant`: use GpuCtx::set_gemm_mode
   --> tests/gemm_bi_fixed_sm120_performance.rs:139:9
    |
139 |     ctx.set_batch_invariant(true);
    |         ^^^^^^^^^^^^^^^^^^^
    |
    = note: `#[warn(deprecated)]` on by default

warning: use of deprecated method `mamba_rs::gpu::context::GpuCtx::set_fast_gemm`: use GpuCtx::set_gemm_mode
   --> tests/gemm_bi_fixed_sm120_performance.rs:142:9
    |
142 |     ctx.set_fast_gemm(false);
    |         ^^^^^^^^^^^^^

warning: use of deprecated method `mamba_rs::gpu::context::GpuCtx::set_batch_invariant`: use GpuCtx::set_gemm_mode
   --> tests/gemm_bi_tf32_tn_transpose_rna_n96_siblings_discovery.rs:715:13
    |
715 |         ctx.set_batch_invariant(true);
    |             ^^^^^^^^^^^^^^^^^^^
    |
    = note: `#[warn(deprecated)]` on by default

warning: use of deprecated method `mamba_rs::gpu::context::GpuCtx::set_fast_gemm`: use GpuCtx::set_gemm_mode
   --> tests/gemm_bi_tf32_tn_transpose_rna_n96_siblings_discovery.rs:718:13
    |
718 |         ctx.set_fast_gemm(false);
    |             ^^^^^^^^^^^^^

warning: use of deprecated method `mamba_rs::gpu::context::GpuCtx::set_batch_invariant`: use GpuCtx::set_gemm_mode
   --> tests/gemm_bi_tf32_tn_pre_rna_m64n96_s2_prism_discovery.rs:637:13
    |
637 |         ctx.set_batch_invariant(true);
    |             ^^^^^^^^^^^^^^^^^^^
    |
    = note: `#[warn(deprecated)]` on by default

warning: use of deprecated method `mamba_rs::gpu::context::GpuCtx::set_fast_gemm`: use GpuCtx::set_gemm_mode
   --> tests/gemm_bi_tf32_tn_pre_rna_m64n96_s2_prism_discovery.rs:640:13
    |
640 |         ctx.set_fast_gemm(false);
    |             ^^^^^^^^^^^^^

warning: use of deprecated method `mamba_rs::gpu::context::GpuCtx::set_batch_invariant`: use GpuCtx::set_gemm_mode
   --> tests/gpu_pooled_prefill.rs:271:23
    |
271 |             &|| r.ctx.set_batch_invariant(!r.ctx.batch_invariant()),
    |                       ^^^^^^^^^^^^^^^^^^^
    |
    = note: `#[warn(deprecated)]` on by default

warning: use of deprecated method `mamba_rs::gpu::context::GpuCtx::set_batch_invariant`: use GpuCtx::set_gemm_mode
   --> tests/gpu_pooled_prefill.rs:272:23
    |
272 |             &|| r.ctx.set_batch_invariant(!r.ctx.batch_invariant()),
    |                       ^^^^^^^^^^^^^^^^^^^

warning: use of deprecated method `mamba_rs::gpu::context::GpuCtx::set_fast_gemm`: use GpuCtx::set_gemm_mode
   --> tests/gpu_pooled_prefill.rs:274:33
    |
274 |         ("fast_gemm", &|| r.ctx.set_fast_gemm(true), &|| {
    |                                 ^^^^^^^^^^^^^

warning: use of deprecated method `mamba_rs::gpu::context::GpuCtx::set_fast_gemm`: use GpuCtx::set_gemm_mode
   --> tests/gpu_pooled_prefill.rs:275:19
    |
275 |             r.ctx.set_fast_gemm(false)
    |                   ^^^^^^^^^^^^^

warning: use of deprecated method `mamba_rs::gpu::context::GpuCtx::disable_tf32`: use GpuCtx::set_gemm_mode
   --> tests/gpu_pooled_prefill.rs:299:11
    |
299 |     r.ctx.disable_tf32();
    |           ^^^^^^^^^^^^

warning: use of deprecated method `mamba_rs::gpu::context::GpuCtx::set_batch_invariant`: use GpuCtx::set_gemm_mode
   --> tests/gemm_bi_half_tn_regpipe_vec2_sliced_d768_in_discovery.rs:676:13
    |
676 |         ctx.set_batch_invariant(true);
    |             ^^^^^^^^^^^^^^^^^^^
    |
    = note: `#[warn(deprecated)]` on by default

warning: use of deprecated method `mamba_rs::gpu::context::GpuCtx::set_fast_gemm`: use GpuCtx::set_gemm_mode
   --> tests/gemm_bi_half_tn_regpipe_vec2_sliced_d768_in_discovery.rs:678:13
    |
678 |         ctx.set_fast_gemm(false);
    |             ^^^^^^^^^^^^^

warning: use of deprecated method `mamba_rs::gpu::context::GpuCtx::set_batch_invariant`: use GpuCtx::set_gemm_mode
   --> tests/gemm_bi_scalar_nn_m64n64_exactshape_experiment.rs:733:24
    |
733 |         production_ctx.set_batch_invariant(true);
    |                        ^^^^^^^^^^^^^^^^^^^
    |
    = note: `#[warn(deprecated)]` on by default

warning: use of deprecated method `mamba_rs::gpu::context::GpuCtx::set_batch_invariant`: use GpuCtx::set_gemm_mode
   --> tests/gemm_bi_half_tn_vec2_exact_entry_discovery.rs:806:13
    |
806 |         ctx.set_batch_invariant(true);
    |             ^^^^^^^^^^^^^^^^^^^
    |
    = note: `#[warn(deprecated)]` on by default

warning: use of deprecated method `mamba_rs::gpu::context::GpuCtx::set_fast_gemm`: use GpuCtx::set_gemm_mode
   --> tests/gemm_bi_half_tn_vec2_exact_entry_discovery.rs:808:13
    |
808 |         ctx.set_fast_gemm(false);
    |             ^^^^^^^^^^^^^

warning: use of deprecated method `mamba_rs::gpu::context::GpuCtx::set_batch_invariant`: use GpuCtx::set_gemm_mode
   --> tests/gemm_bi_scalar_nn_splitk_m32n128_experiment.rs:687:13
    |
687 |         ctx.set_batch_invariant(true);
    |             ^^^^^^^^^^^^^^^^^^^
    |
    = note: `#[warn(deprecated)]` on by default

warning: use of deprecated method `mamba_rs::gpu::context::GpuCtx::set_batch_invariant`: use GpuCtx::set_gemm_mode
   --> tests/gemm_bi_tf32_nt_a_ldmatrix_prism_full_domain_discovery.rs:545:13
    |
545 |         ctx.set_batch_invariant(true);
    |             ^^^^^^^^^^^^^^^^^^^
    |
    = note: `#[warn(deprecated)]` on by default

warning: use of deprecated method `mamba_rs::gpu::context::GpuCtx::set_fast_gemm`: use GpuCtx::set_gemm_mode
   --> tests/gemm_bi_tf32_nt_a_ldmatrix_prism_full_domain_discovery.rs:547:13
    |
547 |         ctx.set_fast_gemm(false);
    |             ^^^^^^^^^^^^^

warning: use of deprecated method `mamba_rs::gpu::context::GpuCtx::set_batch_invariant`: use GpuCtx::set_gemm_mode
   --> tests/gemm_bi_scalar_nt_d768_transpose_tournament.rs:306:13
    |
306 |         ctx.set_batch_invariant(true);
    |             ^^^^^^^^^^^^^^^^^^^
    |
    = note: `#[warn(deprecated)]` on by default

warning: use of deprecated method `mamba_rs::gpu::context::GpuCtx::set_batch_invariant`: use GpuCtx::set_gemm_mode
   --> tests/gemm_bi_tf32_nt_compact_a_ldmatrix_sliced_d768_out_discovery.rs:502:13
    |
502 |         ctx.set_batch_invariant(true);
    |             ^^^^^^^^^^^^^^^^^^^
    |
    = note: `#[warn(deprecated)]` on by default

warning: use of deprecated method `mamba_rs::gpu::context::GpuCtx::set_fast_gemm`: use GpuCtx::set_gemm_mode
   --> tests/gemm_bi_tf32_nt_compact_a_ldmatrix_sliced_d768_out_discovery.rs:504:13
    |
504 |         ctx.set_fast_gemm(false);
    |             ^^^^^^^^^^^^^

warning: use of deprecated method `mamba_rs::gpu::context::GpuCtx::set_batch_invariant`: use GpuCtx::set_gemm_mode
   --> tests/gemm_bi_tf32_nn_m96n96_s2_single_fragment_prism_discovery.rs:779:13
    |
779 |         ctx.set_batch_invariant(true);
    |             ^^^^^^^^^^^^^^^^^^^
    |
    = note: `#[warn(deprecated)]` on by default

warning: use of deprecated method `mamba_rs::gpu::context::GpuCtx::set_fast_gemm`: use GpuCtx::set_gemm_mode
   --> tests/gemm_bi_tf32_nn_m96n96_s2_single_fragment_prism_discovery.rs:782:13
    |
782 |         ctx.set_fast_gemm(false);
    |             ^^^^^^^^^^^^^

warning: use of deprecated method `mamba_rs::gpu::context::GpuCtx::set_batch_invariant`: use GpuCtx::set_gemm_mode
   --> tests/gemm_bi_tf32_nn_n96_direct_epilogue_discovery.rs:481:13
    |
481 |         ctx.set_batch_invariant(true);
    |             ^^^^^^^^^^^^^^^^^^^
    |
    = note: `#[warn(deprecated)]` on by default

warning: use of deprecated method `mamba_rs::gpu::context::GpuCtx::set_fast_gemm`: use GpuCtx::set_gemm_mode
   --> tests/gemm_bi_tf32_nn_n96_direct_epilogue_discovery.rs:484:13
    |
484 |         ctx.set_fast_gemm(false);
    |             ^^^^^^^^^^^^^

warning: use of deprecated method `mamba_rs::gpu::context::GpuCtx::set_batch_invariant`: use GpuCtx::set_gemm_mode
   --> tests/gemm_bi_determinism.rs:106:19
    |
106 |     trainer.ctx().set_batch_invariant(invariant);
    |                   ^^^^^^^^^^^^^^^^^^^
    |
    = note: `#[warn(deprecated)]` on by default

warning: use of deprecated method `mamba_rs::gpu::context::GpuCtx::set_batch_invariant`: use GpuCtx::set_gemm_mode
   --> tests/gemm_bi_determinism.rs:217:9
    |
217 |     ctx.set_batch_invariant(true);
    |         ^^^^^^^^^^^^^^^^^^^

warning: use of deprecated method `mamba_rs::gpu::context::GpuCtx::set_batch_invariant`: use GpuCtx::set_gemm_mode
   --> tests/gemm_bi_determinism.rs:300:22
    |
300 |             tr.ctx().set_batch_invariant(invariant);
    |                      ^^^^^^^^^^^^^^^^^^^

warning: `mamba-rs` (test "gemm_bi_scalar_nn_m64n64_bcg_experiment") generated 1 warning
warning: `mamba-rs` (test "gemm_bi_tf32_joint_cohort_binding") generated 1 warning
warning: `mamba-rs` (test "gemm_bi_invariance_matrix") generated 6 warnings
warning: `mamba-rs` (test "gemm_bi_half_tn_m96n64_regpipe_vec2_bf16_d768_in_discovery") generated 2 warnings
warning: `mamba-rs` (test "gemm_bi_scalar_tn_copyplan_dual_chunk_m128n64_bk16_d768_in_discovery") generated 2 warnings
warning: `mamba-rs` (test "gemm_bi_tf32_nn_n96_direct_epilogue_nobarrier_prism_discovery") generated 2 warnings
warning: `mamba-rs` (test "gemm_bi_half_tn_one_wave_atlas_bf16_d768_out_discovery") generated 2 warnings
warning: `mamba-rs` (test "gemm_bi_scalar_tn_transpose_32x8_d768_in_discovery") generated 9 warnings
warning: `mamba-rs` (test "training_graph_parity") generated 4 warnings
warning: `mamba-rs` (test "gemm_bi_scalar_nt_copyplan_siblings_discovery") generated 6 warnings
warning: `mamba-rs` (test "sm89_half_source_freeze") generated 21 warnings
warning: `mamba-rs` (test "gemm_bi_scalar_tn_direct_d768_out_bk16_discovery") generated 2 warnings
warning: `mamba-rs` (test "gemm_bi_fixed_sm120_performance") generated 2 warnings
warning: `mamba-rs` (test "gemm_bi_tf32_tn_transpose_rna_n96_siblings_discovery") generated 2 warnings
warning: `mamba-rs` (test "gemm_bi_tf32_tn_pre_rna_m64n96_s2_prism_discovery") generated 2 warnings
warning: `mamba-rs` (test "gpu_pooled_prefill") generated 5 warnings
warning: `mamba-rs` (test "gemm_bi_half_tn_regpipe_vec2_sliced_d768_in_discovery") generated 2 warnings
warning: `mamba-rs` (test "gemm_bi_scalar_nn_m64n64_exactshape_experiment") generated 1 warning
warning: `mamba-rs` (test "gemm_bi_half_tn_vec2_exact_entry_discovery") generated 2 warnings
warning: `mamba-rs` (test "gemm_bi_scalar_nn_splitk_m32n128_experiment") generated 1 warning
warning: `mamba-rs` (test "gemm_bi_tf32_nt_a_ldmatrix_prism_full_domain_discovery") generated 2 warnings
warning: `mamba-rs` (test "gemm_bi_scalar_nt_d768_transpose_tournament") generated 1 warning
warning: `mamba-rs` (test "gemm_bi_tf32_nt_compact_a_ldmatrix_sliced_d768_out_discovery") generated 2 warnings
warning: `mamba-rs` (test "gemm_bi_tf32_nn_m96n96_s2_single_fragment_prism_discovery") generated 2 warnings
warning: `mamba-rs` (test "gemm_bi_tf32_nn_n96_direct_epilogue_discovery") generated 2 warnings
warning: `mamba-rs` (test "gemm_bi_determinism") generated 3 warnings
warning: use of deprecated method `mamba_rs::gpu::context::GpuCtx::set_batch_invariant`: use GpuCtx::set_gemm_mode
   --> tests/gemm_bi_tf32_tn_streamk_tournament.rs:647:13
    |
647 |         ctx.set_batch_invariant(true);
    |             ^^^^^^^^^^^^^^^^^^^
    |
    = note: `#[warn(deprecated)]` on by default

warning: use of deprecated method `mamba_rs::gpu::context::GpuCtx::set_batch_invariant`: use GpuCtx::set_gemm_mode
   --> tests/gemm_bi_tc.rs:217:11
    |
217 |     t.ctx.set_batch_invariant(true);
    |           ^^^^^^^^^^^^^^^^^^^
    |
    = note: `#[warn(deprecated)]` on by default

warning: use of deprecated method `mamba_rs::gpu::context::GpuCtx::set_batch_invariant`: use GpuCtx::set_gemm_mode
   --> tests/gemm_bi_tc.rs:472:18
    |
472 |         tr.ctx().set_batch_invariant(true);
    |                  ^^^^^^^^^^^^^^^^^^^

warning: use of deprecated method `mamba_rs::gpu::context::GpuCtx::set_batch_invariant`: use GpuCtx::set_gemm_mode
    --> tests/gemm_bi_tc.rs:1017:11
     |
1017 |     t.ctx.set_batch_invariant(true);
     |           ^^^^^^^^^^^^^^^^^^^

warning: use of deprecated method `mamba_rs::gpu::context::GpuCtx::set_batch_invariant`: use GpuCtx::set_gemm_mode
    --> tests/gemm_bi_tc.rs:2221:11
     |
2221 |     t.ctx.set_batch_invariant(true);
     |           ^^^^^^^^^^^^^^^^^^^

warning: use of deprecated method `mamba_rs::gpu::context::GpuCtx::set_batch_invariant`: use GpuCtx::set_gemm_mode
   --> tests/gemm_bi_tf32_nn_m96n96_s2_direct_prism_discovery.rs:769:13
    |
769 |         ctx.set_batch_invariant(true);
    |             ^^^^^^^^^^^^^^^^^^^
    |
    = note: `#[warn(deprecated)]` on by default

warning: use of deprecated method `mamba_rs::gpu::context::GpuCtx::set_fast_gemm`: use GpuCtx::set_gemm_mode
   --> tests/gemm_bi_tf32_nn_m96n96_s2_direct_prism_discovery.rs:772:13
    |
772 |         ctx.set_fast_gemm(false);
    |             ^^^^^^^^^^^^^

warning: use of deprecated method `mamba_rs::gpu::context::GpuCtx::set_batch_invariant`: use GpuCtx::set_gemm_mode
   --> tests/gemm_bi_half_tn_m64n96_regpipe_vec2_bf16_d768_out_discovery.rs:737:13
    |
737 |         ctx.set_batch_invariant(true);
    |             ^^^^^^^^^^^^^^^^^^^
    |
    = note: `#[warn(deprecated)]` on by default

warning: use of deprecated method `mamba_rs::gpu::context::GpuCtx::set_fast_gemm`: use GpuCtx::set_gemm_mode
   --> tests/gemm_bi_half_tn_m64n96_regpipe_vec2_bf16_d768_out_discovery.rs:739:13
    |
739 |         ctx.set_fast_gemm(false);
    |             ^^^^^^^^^^^^^

warning: use of deprecated method `mamba_rs::gpu::context::GpuCtx::set_batch_invariant`: use GpuCtx::set_gemm_mode
  --> tests/m3_training_graph_parity.rs:53:9
   |
53 |     ctx.set_batch_invariant(true);
   |         ^^^^^^^^^^^^^^^^^^^
   |
   = note: `#[warn(deprecated)]` on by default

warning: use of deprecated method `mamba_rs::gpu::context::GpuCtx::set_fast_gemm`: use GpuCtx::set_gemm_mode
  --> tests/m3_training_graph_parity.rs:56:9
   |
56 |     ctx.set_fast_gemm(false);
   |         ^^^^^^^^^^^^^

warning: use of deprecated method `mamba_rs::gpu::context::GpuCtx::set_batch_invariant`: use GpuCtx::set_gemm_mode
   --> tests/gemm_bi_scalar_tn_copyplan_d768_in_discovery.rs:563:13
    |
563 |         ctx.set_batch_invariant(true);
    |             ^^^^^^^^^^^^^^^^^^^
    |
    = note: `#[warn(deprecated)]` on by default

warning: use of deprecated method `mamba_rs::gpu::context::GpuCtx::set_fast_gemm`: use GpuCtx::set_gemm_mode
   --> tests/gemm_bi_scalar_tn_copyplan_d768_in_discovery.rs:566:13
    |
566 |         ctx.set_fast_gemm(false);
    |             ^^^^^^^^^^^^^

warning: use of deprecated method `mamba_rs::gpu::context::GpuCtx::disable_tf32`: use GpuCtx::set_gemm_mode
   --> tests/m3_cpu_gpu_train_parity.rs:438:9
    |
438 |     ctx.disable_tf32();
    |         ^^^^^^^^^^^^
    |
    = note: `#[warn(deprecated)]` on by default

warning: use of deprecated method `mamba_rs::gpu::context::GpuCtx::set_batch_invariant`: use GpuCtx::set_gemm_mode
   --> tests/gemm_bi_scalar_tn_underfill_direct_experiment.rs:948:20
    |
948 |         production.set_batch_invariant(true);
    |                    ^^^^^^^^^^^^^^^^^^^
    |
    = note: `#[warn(deprecated)]` on by default

warning: use of deprecated method `mamba_rs::gpu::context::GpuCtx::set_batch_invariant`: use GpuCtx::set_gemm_mode
   --> tests/gemm_bi_tf32_nt_tournament.rs:691:13
    |
691 |         ctx.set_batch_invariant(true);
    |             ^^^^^^^^^^^^^^^^^^^
    |
    = note: `#[warn(deprecated)]` on by default

warning: use of deprecated method `mamba_rs::gpu::context::GpuCtx::set_fast_gemm`: use GpuCtx::set_gemm_mode
   --> tests/gemm_bi_tf32_nt_tournament.rs:693:13
    |
693 |         ctx.set_fast_gemm(false);
    |             ^^^^^^^^^^^^^

warning: use of deprecated method `mamba_rs::gpu::context::GpuCtx::set_batch_invariant`: use GpuCtx::set_gemm_mode
   --> tests/gemm_bi_tf32_tn_transpose_ab_rna_n96_d768_out_discovery.rs:740:13
    |
740 |         ctx.set_batch_invariant(true);
    |             ^^^^^^^^^^^^^^^^^^^
    |
    = note: `#[warn(deprecated)]` on by default

warning: use of deprecated method `mamba_rs::gpu::context::GpuCtx::set_fast_gemm`: use GpuCtx::set_gemm_mode
   --> tests/gemm_bi_tf32_tn_transpose_ab_rna_n96_d768_out_discovery.rs:743:13
    |
743 |         ctx.set_fast_gemm(false);
    |             ^^^^^^^^^^^^^

warning: use of deprecated method `mamba_rs::gpu::context::GpuCtx::set_batch_invariant`: use GpuCtx::set_gemm_mode
   --> tests/gemm_bi_tf32_nt_a_ldmatrix_prism_k8_regpipe_discovery.rs:534:13
    |
534 |         ctx.set_batch_invariant(true);
    |             ^^^^^^^^^^^^^^^^^^^
    |
    = note: `#[warn(deprecated)]` on by default

warning: use of deprecated method `mamba_rs::gpu::context::GpuCtx::set_fast_gemm`: use GpuCtx::set_gemm_mode
   --> tests/gemm_bi_tf32_nt_a_ldmatrix_prism_k8_regpipe_discovery.rs:536:13
    |
536 |         ctx.set_fast_gemm(false);
    |             ^^^^^^^^^^^^^

warning: use of deprecated method `mamba_rs::gpu::context::GpuCtx::set_batch_invariant`: use GpuCtx::set_gemm_mode
  --> tests/classifier_gemm_tier_bench.rs:66:21
   |
66 |                 ctx.set_batch_invariant(bi);
   |                     ^^^^^^^^^^^^^^^^^^^
   |
   = note: `#[warn(deprecated)]` on by default

warning: use of deprecated method `mamba_rs::gpu::context::GpuCtx::disable_tf32`: use GpuCtx::set_gemm_mode
  --> tests/classifier_gemm_tier_bench.rs:87:17
   |
87 |             ctx.disable_tf32();
   |                 ^^^^^^^^^^^^

warning: use of deprecated method `mamba_rs::gpu::context::GpuCtx::set_batch_invariant`: use GpuCtx::set_gemm_mode
  --> tests/classifier_gemm_tier_bench.rs:92:17
   |
92 |             ctx.set_batch_invariant(false);
   |                 ^^^^^^^^^^^^^^^^^^^

warning: use of deprecated method `mamba_rs::gpu::context::GpuCtx::set_batch_invariant`: use GpuCtx::set_gemm_mode
  --> tests/gemm_bi_fixed_correctness.rs:80:13
   |
80 |         ctx.set_batch_invariant(true);
   |             ^^^^^^^^^^^^^^^^^^^
   |
   = note: `#[warn(deprecated)]` on by default

warning: use of deprecated method `mamba_rs::gpu::context::GpuCtx::set_batch_invariant`: use GpuCtx::set_gemm_mode
  --> tests/gemm_bi_fixed_correctness.rs:85:13
   |
85 |         ctx.set_batch_invariant(false);
   |             ^^^^^^^^^^^^^^^^^^^

warning: use of deprecated method `mamba_rs::gpu::context::GpuCtx::set_batch_invariant`: use GpuCtx::set_gemm_mode
   --> tests/gemm_bi_half_tn_8warp_16x32_discovery.rs:797:13
    |
797 |         ctx.set_batch_invariant(true);
    |             ^^^^^^^^^^^^^^^^^^^
    |
    = note: `#[warn(deprecated)]` on by default

warning: use of deprecated method `mamba_rs::gpu::context::GpuCtx::set_fast_gemm`: use GpuCtx::set_gemm_mode
   --> tests/gemm_bi_half_tn_8warp_16x32_discovery.rs:799:13
    |
799 |         ctx.set_fast_gemm(false);
    |             ^^^^^^^^^^^^^

warning: use of deprecated method `mamba_rs::gpu::context::GpuCtx::set_batch_invariant`: use GpuCtx::set_gemm_mode
   --> tests/gemm_bi_tf32_nn_m96n96_s2_copy_lifetime_prism_discovery.rs:776:13
    |
776 |         ctx.set_batch_invariant(true);
    |             ^^^^^^^^^^^^^^^^^^^
    |
    = note: `#[warn(deprecated)]` on by default

warning: use of deprecated method `mamba_rs::gpu::context::GpuCtx::set_fast_gemm`: use GpuCtx::set_gemm_mode
   --> tests/gemm_bi_tf32_nn_m96n96_s2_copy_lifetime_prism_discovery.rs:779:13
    |
779 |         ctx.set_fast_gemm(false);
    |             ^^^^^^^^^^^^^

warning: use of deprecated method `mamba_rs::gpu::context::GpuCtx::set_batch_invariant`: use GpuCtx::set_gemm_mode
   --> tests/extreme_edge_coverage.rs:116:19
    |
116 |         lm1.ctx().set_batch_invariant(true);
    |                   ^^^^^^^^^^^^^^^^^^^
    |
    = note: `#[warn(deprecated)]` on by default

warning: use of deprecated method `mamba_rs::gpu::context::GpuCtx::set_batch_invariant`: use GpuCtx::set_gemm_mode
   --> tests/extreme_edge_coverage.rs:125:24
    |
125 |         lm_large.ctx().set_batch_invariant(true);
    |                        ^^^^^^^^^^^^^^^^^^^

warning: use of deprecated method `mamba_rs::gpu::context::GpuCtx::set_batch_invariant`: use GpuCtx::set_gemm_mode
  --> tests/matvec_probe.rs:43:9
   |
43 |     ctx.set_batch_invariant(true);
   |         ^^^^^^^^^^^^^^^^^^^
   |
   = note: `#[warn(deprecated)]` on by default

warning: use of deprecated method `mamba_rs::gpu::context::GpuCtx::set_fast_gemm`: use GpuCtx::set_gemm_mode
  --> tests/matvec_probe.rs:46:9
   |
46 |     ctx.set_fast_gemm(false);
   |         ^^^^^^^^^^^^^

warning: use of deprecated method `mamba_rs::gpu::context::GpuCtx::set_batch_invariant`: use GpuCtx::set_gemm_mode
   --> tests/gemm_bi_scalar_nt_prism_tournament.rs:725:13
    |
725 |         ctx.set_batch_invariant(true);
    |             ^^^^^^^^^^^^^^^^^^^
    |
    = note: `#[warn(deprecated)]` on by default

warning: use of deprecated method `mamba_rs::gpu::context::GpuCtx::set_batch_invariant`: use GpuCtx::set_gemm_mode
   --> tests/gemm_bi_scalar_nn_splitk_m32n64_exactshape_tournament.rs:670:13
    |
670 |         ctx.set_batch_invariant(true);
    |             ^^^^^^^^^^^^^^^^^^^
    |
    = note: `#[warn(deprecated)]` on by default

warning: use of deprecated method `mamba_rs::gpu::context::GpuCtx::set_batch_invariant`: use GpuCtx::set_gemm_mode
   --> tests/gemm_bi_sm120_tf32_selector_qualification.rs:700:9
    |
700 |     ctx.set_batch_invariant(true);
    |         ^^^^^^^^^^^^^^^^^^^
    |
    = note: `#[warn(deprecated)]` on by default

warning: use of deprecated method `mamba_rs::gpu::context::GpuCtx::set_fast_gemm`: use GpuCtx::set_gemm_mode
   --> tests/gemm_bi_sm120_tf32_selector_qualification.rs:702:9
    |
702 |     ctx.set_fast_gemm(false);
    |         ^^^^^^^^^^^^^

warning: use of deprecated method `mamba_rs::gpu::context::GpuCtx::set_batch_invariant`: use GpuCtx::set_gemm_mode
  --> tests/thin_rung_decode_bench.rs:40:9
   |
40 |     ctx.set_batch_invariant(true);
   |         ^^^^^^^^^^^^^^^^^^^
   |
   = note: `#[warn(deprecated)]` on by default

warning: use of deprecated method `mamba_rs::gpu::context::GpuCtx::set_batch_invariant`: use GpuCtx::set_gemm_mode
   --> tests/thin_rung_decode_bench.rs:153:9
    |
153 |     ctx.set_batch_invariant(true);
    |         ^^^^^^^^^^^^^^^^^^^

warning: use of deprecated method `mamba_rs::gpu::context::GpuCtx::set_batch_invariant`: use GpuCtx::set_gemm_mode
   --> tests/thin_rung_decode_bench.rs:218:17
    |
218 |             ctx.set_batch_invariant(false);
    |                 ^^^^^^^^^^^^^^^^^^^

warning: use of deprecated method `mamba_rs::gpu::context::GpuCtx::set_fast_gemm`: use GpuCtx::set_gemm_mode
   --> tests/thin_rung_decode_bench.rs:219:17
    |
219 |             ctx.set_fast_gemm(fast);
    |                 ^^^^^^^^^^^^^

warning: use of deprecated method `mamba_rs::gpu::context::GpuCtx::set_fast_gemm`: use GpuCtx::set_gemm_mode
   --> tests/thin_rung_decode_bench.rs:247:17
    |
247 |             ctx.set_fast_gemm(false);
    |                 ^^^^^^^^^^^^^

warning: use of deprecated method `mamba_rs::gpu::context::GpuCtx::set_batch_invariant`: use GpuCtx::set_gemm_mode
   --> tests/thin_rung_decode_bench.rs:248:17
    |
248 |             ctx.set_batch_invariant(true);
    |                 ^^^^^^^^^^^^^^^^^^^

warning: use of deprecated method `mamba_rs::gpu::context::GpuCtx::set_batch_invariant`: use GpuCtx::set_gemm_mode
   --> tests/thin_rung_decode_bench.rs:260:17
    |
260 |             ctx.set_batch_invariant(false);
    |                 ^^^^^^^^^^^^^^^^^^^

warning: use of deprecated method `mamba_rs::gpu::context::GpuCtx::set_batch_invariant`: use GpuCtx::set_gemm_mode
   --> tests/thin_rung_decode_bench.rs:279:17
    |
279 |             ctx.set_batch_invariant(true);
    |                 ^^^^^^^^^^^^^^^^^^^

warning: use of deprecated method `mamba_rs::gpu::context::GpuCtx::set_batch_invariant`: use GpuCtx::set_gemm_mode
    --> tests/gemm_bi_fixed_performance.rs:1663:9
     |
1663 |     ctx.set_batch_invariant(true);
     |         ^^^^^^^^^^^^^^^^^^^
     |
     = note: `#[warn(deprecated)]` on by default

warning: use of deprecated method `mamba_rs::gpu::context::GpuCtx::set_batch_invariant`: use GpuCtx::set_gemm_mode
    --> tests/gemm_bi_fixed_performance.rs:1756:9
     |
1756 |     ctx.set_batch_invariant(true);
     |         ^^^^^^^^^^^^^^^^^^^

warning: use of deprecated method `mamba_rs::gpu::context::GpuCtx::set_batch_invariant`: use GpuCtx::set_gemm_mode
    --> tests/gemm_bi_fixed_performance.rs:1845:9
     |
1845 |     ctx.set_batch_invariant(true);
     |         ^^^^^^^^^^^^^^^^^^^

warning: use of deprecated method `mamba_rs::gpu::context::GpuCtx::set_batch_invariant`: use GpuCtx::set_gemm_mode
    --> tests/gemm_bi_fixed_performance.rs:1946:9
     |
1946 |     ctx.set_batch_invariant(true);
     |         ^^^^^^^^^^^^^^^^^^^

warning: use of deprecated method `mamba_rs::gpu::context::GpuCtx::set_batch_invariant`: use GpuCtx::set_gemm_mode
    --> tests/gemm_bi_fixed_performance.rs:2117:9
     |
2117 |     ctx.set_batch_invariant(true);
     |         ^^^^^^^^^^^^^^^^^^^

warning: use of deprecated method `mamba_rs::gpu::context::GpuCtx::set_batch_invariant`: use GpuCtx::set_gemm_mode
    --> tests/gemm_bi_fixed_performance.rs:2198:9
     |
2198 |     ctx.set_batch_invariant(true);
     |         ^^^^^^^^^^^^^^^^^^^

warning: use of deprecated method `mamba_rs::gpu::context::GpuCtx::set_batch_invariant`: use GpuCtx::set_gemm_mode
    --> tests/gemm_bi_fixed_performance.rs:2257:9
     |
2257 |     ctx.set_batch_invariant(true);
     |         ^^^^^^^^^^^^^^^^^^^

warning: use of deprecated method `mamba_rs::gpu::context::GpuCtx::set_batch_invariant`: use GpuCtx::set_gemm_mode
    --> tests/gemm_bi_fixed_performance.rs:2418:9
     |
2418 |     ctx.set_batch_invariant(true);
     |         ^^^^^^^^^^^^^^^^^^^

warning: use of deprecated method `mamba_rs::gpu::context::GpuCtx::set_batch_invariant`: use GpuCtx::set_gemm_mode
    --> tests/gemm_bi_fixed_performance.rs:2456:13
     |
2456 |         ctx.set_batch_invariant(false);
     |             ^^^^^^^^^^^^^^^^^^^

warning: use of deprecated method `mamba_rs::gpu::context::GpuCtx::set_fast_gemm`: use GpuCtx::set_gemm_mode
    --> tests/gemm_bi_fixed_performance.rs:2457:13
     |
2457 |         ctx.set_fast_gemm(true);
     |             ^^^^^^^^^^^^^

warning: use of deprecated method `mamba_rs::gpu::context::GpuCtx::set_batch_invariant`: use GpuCtx::set_gemm_mode
    --> tests/gemm_bi_fixed_performance.rs:2469:13
     |
2469 |         ctx.set_batch_invariant(true);
     |             ^^^^^^^^^^^^^^^^^^^

warning: use of deprecated method `mamba_rs::gpu::context::GpuCtx::set_batch_invariant`: use GpuCtx::set_gemm_mode
    --> tests/gemm_bi_fixed_performance.rs:2592:9
     |
2592 |     ctx.set_batch_invariant(true);
     |         ^^^^^^^^^^^^^^^^^^^

warning: use of deprecated method `mamba_rs::gpu::context::GpuCtx::set_batch_invariant`: use GpuCtx::set_gemm_mode
    --> tests/gemm_bi_fixed_performance.rs:2930:9
     |
2930 |     ctx.set_batch_invariant(true);
     |         ^^^^^^^^^^^^^^^^^^^

warning: use of deprecated method `mamba_rs::gpu::context::GpuCtx::set_batch_invariant`: use GpuCtx::set_gemm_mode
    --> tests/gemm_bi_fixed_performance.rs:3029:9
     |
3029 |     ctx.set_batch_invariant(true);
     |         ^^^^^^^^^^^^^^^^^^^

warning: use of deprecated method `mamba_rs::gpu::context::GpuCtx::set_batch_invariant`: use GpuCtx::set_gemm_mode
    --> tests/gemm_bi_fixed_performance.rs:3151:9
     |
3151 |     ctx.set_batch_invariant(true);
     |         ^^^^^^^^^^^^^^^^^^^

warning: use of deprecated method `mamba_rs::gpu::context::GpuCtx::set_batch_invariant`: use GpuCtx::set_gemm_mode
    --> tests/gemm_bi_fixed_performance.rs:3377:9
     |
3377 |     ctx.set_batch_invariant(true);
     |         ^^^^^^^^^^^^^^^^^^^

warning: use of deprecated method `mamba_rs::gpu::context::GpuCtx::set_batch_invariant`: use GpuCtx::set_gemm_mode
    --> tests/gemm_bi_fixed_performance.rs:3411:17
     |
3411 |             ctx.set_batch_invariant(false);
     |                 ^^^^^^^^^^^^^^^^^^^

warning: use of deprecated method `mamba_rs::gpu::context::GpuCtx::set_fast_gemm`: use GpuCtx::set_gemm_mode
    --> tests/gemm_bi_fixed_performance.rs:3412:17
     |
3412 |             ctx.set_fast_gemm(true);
     |                 ^^^^^^^^^^^^^

warning: use of deprecated method `mamba_rs::gpu::context::GpuCtx::set_batch_invariant`: use GpuCtx::set_gemm_mode
    --> tests/gemm_bi_fixed_performance.rs:3424:17
     |
3424 |             ctx.set_batch_invariant(true);
     |                 ^^^^^^^^^^^^^^^^^^^

warning: use of deprecated method `mamba_rs::gpu::context::GpuCtx::set_fast_gemm`: use GpuCtx::set_gemm_mode
    --> tests/gemm_bi_fixed_performance.rs:3425:17
     |
3425 |             ctx.set_fast_gemm(false);
     |                 ^^^^^^^^^^^^^

warning: use of deprecated method `mamba_rs::gpu::context::GpuCtx::set_batch_invariant`: use GpuCtx::set_gemm_mode
    --> tests/gemm_bi_fixed_performance.rs:3709:9
     |
3709 |     ctx.set_batch_invariant(true);
     |         ^^^^^^^^^^^^^^^^^^^

warning: use of deprecated method `mamba_rs::gpu::context::GpuCtx::set_batch_invariant`: use GpuCtx::set_gemm_mode
    --> tests/gemm_bi_fixed_performance.rs:3747:9
     |
3747 |     ctx.set_batch_invariant(true);
     |         ^^^^^^^^^^^^^^^^^^^

warning: use of deprecated method `mamba_rs::gpu::context::GpuCtx::set_batch_invariant`: use GpuCtx::set_gemm_mode
    --> tests/gemm_bi_fixed_performance.rs:3786:9
     |
3786 |     ctx.set_batch_invariant(true);
     |         ^^^^^^^^^^^^^^^^^^^

warning: use of deprecated method `mamba_rs::gpu::context::GpuCtx::set_batch_invariant`: use GpuCtx::set_gemm_mode
    --> tests/gemm_bi_fixed_performance.rs:3888:9
     |
3888 |     ctx.set_batch_invariant(true);
     |         ^^^^^^^^^^^^^^^^^^^

warning: use of deprecated method `mamba_rs::gpu::context::GpuCtx::set_batch_invariant`: use GpuCtx::set_gemm_mode
    --> tests/gemm_bi_fixed_performance.rs:3979:9
     |
3979 |     ctx.set_batch_invariant(true);
     |         ^^^^^^^^^^^^^^^^^^^

warning: use of deprecated method `mamba_rs::gpu::context::GpuCtx::set_batch_invariant`: use GpuCtx::set_gemm_mode
    --> tests/gemm_bi_fixed_performance.rs:4261:9
     |
4261 |     ctx.set_batch_invariant(true);
     |         ^^^^^^^^^^^^^^^^^^^

warning: use of deprecated method `mamba_rs::gpu::context::GpuCtx::set_batch_invariant`: use GpuCtx::set_gemm_mode
    --> tests/gemm_bi_fixed_performance.rs:4554:9
     |
4554 |     ctx.set_batch_invariant(true);
     |         ^^^^^^^^^^^^^^^^^^^

warning: use of deprecated method `mamba_rs::gpu::context::GpuCtx::set_batch_invariant`: use GpuCtx::set_gemm_mode
    --> tests/gemm_bi_fixed_performance.rs:4754:9
     |
4754 |     ctx.set_batch_invariant(true);
     |         ^^^^^^^^^^^^^^^^^^^

warning: use of deprecated method `mamba_rs::gpu::context::GpuCtx::set_batch_invariant`: use GpuCtx::set_gemm_mode
    --> tests/gemm_bi_fixed_performance.rs:4827:9
     |
4827 |     ctx.set_batch_invariant(true);
     |         ^^^^^^^^^^^^^^^^^^^

warning: use of deprecated method `mamba_rs::gpu::context::GpuCtx::set_batch_invariant`: use GpuCtx::set_gemm_mode
    --> tests/gemm_bi_fixed_performance.rs:4900:9
     |
4900 |     ctx.set_batch_invariant(true);
     |         ^^^^^^^^^^^^^^^^^^^

warning: use of deprecated method `mamba_rs::gpu::context::GpuCtx::set_batch_invariant`: use GpuCtx::set_gemm_mode
    --> tests/gemm_bi_fixed_performance.rs:4959:9
     |
4959 |     ctx.set_batch_invariant(true);
     |         ^^^^^^^^^^^^^^^^^^^

warning: use of deprecated method `mamba_rs::gpu::context::GpuCtx::set_batch_invariant`: use GpuCtx::set_gemm_mode
    --> tests/gemm_bi_fixed_performance.rs:5020:9
     |
5020 |     ctx.set_batch_invariant(true);
     |         ^^^^^^^^^^^^^^^^^^^

warning: use of deprecated method `mamba_rs::gpu::context::GpuCtx::set_batch_invariant`: use GpuCtx::set_gemm_mode
    --> tests/gemm_bi_fixed_performance.rs:5080:17
     |
5080 |             ctx.set_batch_invariant(false);
     |                 ^^^^^^^^^^^^^^^^^^^

warning: use of deprecated method `mamba_rs::gpu::context::GpuCtx::set_fast_gemm`: use GpuCtx::set_gemm_mode
    --> tests/gemm_bi_fixed_performance.rs:5081:17
     |
5081 |             ctx.set_fast_gemm(true);
     |                 ^^^^^^^^^^^^^

warning: use of deprecated method `mamba_rs::gpu::context::GpuCtx::set_batch_invariant`: use GpuCtx::set_gemm_mode
    --> tests/gemm_bi_fixed_performance.rs:5093:17
     |
5093 |             ctx.set_batch_invariant(true);
     |                 ^^^^^^^^^^^^^^^^^^^

warning: use of deprecated method `mamba_rs::gpu::context::GpuCtx::set_fast_gemm`: use GpuCtx::set_gemm_mode
    --> tests/gemm_bi_fixed_performance.rs:5094:17
     |
5094 |             ctx.set_fast_gemm(false);
     |                 ^^^^^^^^^^^^^

warning: use of deprecated method `mamba_rs::gpu::context::GpuCtx::set_batch_invariant`: use GpuCtx::set_gemm_mode
    --> tests/gemm_bi_fixed_performance.rs:5139:9
     |
5139 |     ctx.set_batch_invariant(true);
     |         ^^^^^^^^^^^^^^^^^^^

warning: use of deprecated method `mamba_rs::gpu::context::GpuCtx::set_batch_invariant`: use GpuCtx::set_gemm_mode
    --> tests/gemm_bi_fixed_performance.rs:5156:17
     |
5156 |             ctx.set_batch_invariant(false);
     |                 ^^^^^^^^^^^^^^^^^^^

warning: use of deprecated method `mamba_rs::gpu::context::GpuCtx::set_fast_gemm`: use GpuCtx::set_gemm_mode
    --> tests/gemm_bi_fixed_performance.rs:5157:17
     |
5157 |             ctx.set_fast_gemm(true);
     |                 ^^^^^^^^^^^^^

warning: use of deprecated method `mamba_rs::gpu::context::GpuCtx::set_batch_invariant`: use GpuCtx::set_gemm_mode
    --> tests/gemm_bi_fixed_performance.rs:5169:17
     |
5169 |             ctx.set_batch_invariant(true);
     |                 ^^^^^^^^^^^^^^^^^^^

warning: use of deprecated method `mamba_rs::gpu::context::GpuCtx::set_fast_gemm`: use GpuCtx::set_gemm_mode
    --> tests/gemm_bi_fixed_performance.rs:5170:17
     |
5170 |             ctx.set_fast_gemm(false);
     |                 ^^^^^^^^^^^^^

warning: use of deprecated method `mamba_rs::gpu::context::GpuCtx::set_batch_invariant`: use GpuCtx::set_gemm_mode
    --> tests/gemm_bi_fixed_performance.rs:5199:9
     |
5199 |     ctx.set_batch_invariant(true);
     |         ^^^^^^^^^^^^^^^^^^^

warning: use of deprecated method `mamba_rs::gpu::context::GpuCtx::set_batch_invariant`: use GpuCtx::set_gemm_mode
    --> tests/gemm_bi_fixed_performance.rs:5376:9
     |
5376 |     ctx.set_batch_invariant(true);
     |         ^^^^^^^^^^^^^^^^^^^

warning: use of deprecated method `mamba_rs::gpu::context::GpuCtx::set_batch_invariant`: use GpuCtx::set_gemm_mode
    --> tests/gemm_bi_fixed_performance.rs:5538:9
     |
5538 |     ctx.set_batch_invariant(true);
     |         ^^^^^^^^^^^^^^^^^^^

warning: use of deprecated method `mamba_rs::gpu::context::GpuCtx::set_batch_invariant`: use GpuCtx::set_gemm_mode
    --> tests/gemm_bi_fixed_performance.rs:5803:9
     |
5803 |     ctx.set_batch_invariant(true);
     |         ^^^^^^^^^^^^^^^^^^^

warning: use of deprecated method `mamba_rs::gpu::context::GpuCtx::set_batch_invariant`: use GpuCtx::set_gemm_mode
    --> tests/gemm_bi_fixed_performance.rs:5927:9
     |
5927 |     ctx.set_batch_invariant(true);
     |         ^^^^^^^^^^^^^^^^^^^

warning: use of deprecated method `mamba_rs::gpu::context::GpuCtx::set_batch_invariant`: use GpuCtx::set_gemm_mode
    --> tests/gemm_bi_fixed_performance.rs:6176:9
     |
6176 |     ctx.set_batch_invariant(true);
     |         ^^^^^^^^^^^^^^^^^^^

warning: use of deprecated method `mamba_rs::gpu::context::GpuCtx::set_batch_invariant`: use GpuCtx::set_gemm_mode
    --> tests/gemm_bi_fixed_performance.rs:6355:9
     |
6355 |     ctx.set_batch_invariant(true);
     |         ^^^^^^^^^^^^^^^^^^^

warning: use of deprecated method `mamba_rs::gpu::context::GpuCtx::set_batch_invariant`: use GpuCtx::set_gemm_mode
    --> tests/gemm_bi_fixed_performance.rs:6407:17
     |
6407 |             ctx.set_batch_invariant(false);
     |                 ^^^^^^^^^^^^^^^^^^^

warning: use of deprecated method `mamba_rs::gpu::context::GpuCtx::set_fast_gemm`: use GpuCtx::set_gemm_mode
    --> tests/gemm_bi_fixed_performance.rs:6408:17
     |
6408 |             ctx.set_fast_gemm(true);
     |                 ^^^^^^^^^^^^^

warning: use of deprecated method `mamba_rs::gpu::context::GpuCtx::set_batch_invariant`: use GpuCtx::set_gemm_mode
    --> tests/gemm_bi_fixed_performance.rs:6420:17
     |
6420 |             ctx.set_batch_invariant(true);
     |                 ^^^^^^^^^^^^^^^^^^^

warning: use of deprecated method `mamba_rs::gpu::context::GpuCtx::set_fast_gemm`: use GpuCtx::set_gemm_mode
    --> tests/gemm_bi_fixed_performance.rs:6421:17
     |
6421 |             ctx.set_fast_gemm(false);
     |                 ^^^^^^^^^^^^^

warning: use of deprecated method `mamba_rs::gpu::context::GpuCtx::set_batch_invariant`: use GpuCtx::set_gemm_mode
    --> tests/gemm_bi_fixed_performance.rs:6469:9
     |
6469 |     ctx.set_batch_invariant(true);
     |         ^^^^^^^^^^^^^^^^^^^

warning: use of deprecated method `mamba_rs::gpu::context::GpuCtx::set_batch_invariant`: use GpuCtx::set_gemm_mode
    --> tests/gemm_bi_fixed_performance.rs:6510:13
     |
6510 |         ctx.set_batch_invariant(false);
     |             ^^^^^^^^^^^^^^^^^^^

warning: use of deprecated method `mamba_rs::gpu::context::GpuCtx::set_fast_gemm`: use GpuCtx::set_gemm_mode
    --> tests/gemm_bi_fixed_performance.rs:6511:13
     |
6511 |         ctx.set_fast_gemm(true);
     |             ^^^^^^^^^^^^^

warning: use of deprecated method `mamba_rs::gpu::context::GpuCtx::set_batch_invariant`: use GpuCtx::set_gemm_mode
    --> tests/gemm_bi_fixed_performance.rs:6523:13
     |
6523 |         ctx.set_batch_invariant(true);
     |             ^^^^^^^^^^^^^^^^^^^

warning: use of deprecated method `mamba_rs::gpu::context::GpuCtx::set_fast_gemm`: use GpuCtx::set_gemm_mode
    --> tests/gemm_bi_fixed_performance.rs:6524:13
     |
6524 |         ctx.set_fast_gemm(false);
     |             ^^^^^^^^^^^^^

warning: use of deprecated method `mamba_rs::gpu::context::GpuCtx::set_batch_invariant`: use GpuCtx::set_gemm_mode
    --> tests/gemm_bi_fixed_performance.rs:6541:9
     |
6541 |     ctx.set_batch_invariant(true);
     |         ^^^^^^^^^^^^^^^^^^^

warning: use of deprecated method `mamba_rs::gpu::context::GpuCtx::set_fast_gemm`: use GpuCtx::set_gemm_mode
    --> tests/gemm_bi_fixed_performance.rs:6625:17
     |
6625 |             ctx.set_fast_gemm(false);
     |                 ^^^^^^^^^^^^^

warning: use of deprecated method `mamba_rs::gpu::context::GpuCtx::set_batch_invariant`: use GpuCtx::set_gemm_mode
    --> tests/gemm_bi_fixed_performance.rs:6626:17
     |
6626 |             ctx.set_batch_invariant(true);
     |                 ^^^^^^^^^^^^^^^^^^^

warning: use of deprecated method `mamba_rs::gpu::context::GpuCtx::set_batch_invariant`: use GpuCtx::set_gemm_mode
    --> tests/gemm_bi_fixed_performance.rs:6641:17
     |
6641 |             ctx.set_batch_invariant(false);
     |                 ^^^^^^^^^^^^^^^^^^^

warning: use of deprecated method `mamba_rs::gpu::context::GpuCtx::set_fast_gemm`: use GpuCtx::set_gemm_mode
    --> tests/gemm_bi_fixed_performance.rs:6642:17
     |
6642 |             ctx.set_fast_gemm(true);
     |                 ^^^^^^^^^^^^^

warning: use of deprecated method `mamba_rs::gpu::context::GpuCtx::set_batch_invariant`: use GpuCtx::set_gemm_mode
    --> tests/gemm_bi_fixed_performance.rs:6704:9
     |
6704 |     ctx.set_batch_invariant(true);
     |         ^^^^^^^^^^^^^^^^^^^

warning: use of deprecated method `mamba_rs::gpu::context::GpuCtx::set_batch_invariant`: use GpuCtx::set_gemm_mode
    --> tests/gemm_bi_fixed_performance.rs:6735:9
     |
6735 |     ctx.set_batch_invariant(true);
     |         ^^^^^^^^^^^^^^^^^^^

warning: use of deprecated method `mamba_rs::gpu::context::GpuCtx::set_batch_invariant`: use GpuCtx::set_gemm_mode
    --> tests/gemm_bi_fixed_performance.rs:7243:9
     |
7243 |     ctx.set_batch_invariant(true);
     |         ^^^^^^^^^^^^^^^^^^^

warning: use of deprecated method `mamba_rs::gpu::context::GpuCtx::set_batch_invariant`: use GpuCtx::set_gemm_mode
    --> tests/gemm_bi_fixed_performance.rs:7457:9
     |
7457 |     ctx.set_batch_invariant(true);
     |         ^^^^^^^^^^^^^^^^^^^

warning: use of deprecated method `mamba_rs::gpu::context::GpuCtx::set_batch_invariant`: use GpuCtx::set_gemm_mode
     --> tests/gemm_bi_fixed_performance.rs:10212:9
      |
10212 |     ctx.set_batch_invariant(true);
      |         ^^^^^^^^^^^^^^^^^^^

warning: use of deprecated method `mamba_rs::gpu::context::GpuCtx::set_fast_gemm`: use GpuCtx::set_gemm_mode
     --> tests/gemm_bi_fixed_performance.rs:10215:9
      |
10215 |     ctx.set_fast_gemm(false);
      |         ^^^^^^^^^^^^^

warning: use of deprecated method `mamba_rs::gpu::context::GpuCtx::set_batch_invariant`: use GpuCtx::set_gemm_mode
     --> tests/gemm_bi_fixed_performance.rs:10220:9
      |
10220 |     ctx.set_batch_invariant(false);
      |         ^^^^^^^^^^^^^^^^^^^

warning: use of deprecated method `mamba_rs::gpu::context::GpuCtx::set_fast_gemm`: use GpuCtx::set_gemm_mode
     --> tests/gemm_bi_fixed_performance.rs:10223:9
      |
10223 |     ctx.set_fast_gemm(true);
      |         ^^^^^^^^^^^^^

warning: use of deprecated method `mamba_rs::gpu::context::GpuCtx::set_batch_invariant`: use GpuCtx::set_gemm_mode
     --> tests/gemm_bi_fixed_performance.rs:10754:9
      |
10754 |     ctx.set_batch_invariant(true);
      |         ^^^^^^^^^^^^^^^^^^^

warning: use of deprecated method `mamba_rs::gpu::context::GpuCtx::set_fast_gemm`: use GpuCtx::set_gemm_mode
     --> tests/gemm_bi_fixed_performance.rs:10756:9
      |
10756 |     ctx.set_fast_gemm(false);
      |         ^^^^^^^^^^^^^

warning: use of deprecated method `mamba_rs::gpu::context::GpuCtx::set_batch_invariant`: use GpuCtx::set_gemm_mode
     --> tests/gemm_bi_fixed_performance.rs:15926:9
      |
15926 |     ctx.set_batch_invariant(true);
      |         ^^^^^^^^^^^^^^^^^^^

warning: use of deprecated method `mamba_rs::gpu::context::GpuCtx::set_batch_invariant`: use GpuCtx::set_gemm_mode
     --> tests/gemm_bi_fixed_performance.rs:16339:9
      |
16339 |     ctx.set_batch_invariant(true);
      |         ^^^^^^^^^^^^^^^^^^^

warning: use of deprecated method `mamba_rs::gpu::context::GpuCtx::set_fast_gemm`: use GpuCtx::set_gemm_mode
     --> tests/gemm_bi_fixed_performance.rs:16341:9
      |
16341 |     ctx.set_fast_gemm(false);
      |         ^^^^^^^^^^^^^

warning: use of deprecated method `mamba_rs::gpu::context::GpuCtx::set_batch_invariant`: use GpuCtx::set_gemm_mode
     --> tests/gemm_bi_fixed_performance.rs:16352:9
      |
16352 |     ctx.set_batch_invariant(true);
      |         ^^^^^^^^^^^^^^^^^^^

warning: use of deprecated method `mamba_rs::gpu::context::GpuCtx::set_fast_gemm`: use GpuCtx::set_gemm_mode
     --> tests/gemm_bi_fixed_performance.rs:16354:9
      |
16354 |     ctx.set_fast_gemm(false);
      |         ^^^^^^^^^^^^^

warning: use of deprecated method `mamba_rs::gpu::context::GpuCtx::set_batch_invariant`: use GpuCtx::set_gemm_mode
     --> tests/gemm_bi_fixed_performance.rs:16365:9
      |
16365 |     ctx.set_batch_invariant(false);
      |         ^^^^^^^^^^^^^^^^^^^

warning: use of deprecated method `mamba_rs::gpu::context::GpuCtx::set_fast_gemm`: use GpuCtx::set_gemm_mode
     --> tests/gemm_bi_fixed_performance.rs:16366:9
      |
16366 |     ctx.set_fast_gemm(true);
      |         ^^^^^^^^^^^^^

warning: use of deprecated method `mamba_rs::gpu::context::GpuCtx::set_batch_invariant`: use GpuCtx::set_gemm_mode
     --> tests/gemm_bi_fixed_performance.rs:16609:13
      |
16609 |         ctx.set_batch_invariant(false);
      |             ^^^^^^^^^^^^^^^^^^^

warning: use of deprecated method `mamba_rs::gpu::context::GpuCtx::set_fast_gemm`: use GpuCtx::set_gemm_mode
     --> tests/gemm_bi_fixed_performance.rs:16610:13
      |
16610 |         ctx.set_fast_gemm(true);
      |             ^^^^^^^^^^^^^

warning: use of deprecated method `mamba_rs::gpu::context::GpuCtx::set_batch_invariant`: use GpuCtx::set_gemm_mode
   --> tests/kernel_identity_cuda.rs:444:9
    |
444 |     ctx.set_batch_invariant(true);
    |         ^^^^^^^^^^^^^^^^^^^
    |
    = note: `#[warn(deprecated)]` on by default

warning: use of deprecated method `mamba_rs::gpu::context::GpuCtx::set_batch_invariant`: use GpuCtx::set_gemm_mode
   --> tests/kernel_identity_cuda.rs:676:9
    |
676 |     ctx.set_batch_invariant(false);
    |         ^^^^^^^^^^^^^^^^^^^

warning: use of deprecated method `mamba_rs::gpu::context::GpuCtx::set_batch_invariant`: use GpuCtx::set_gemm_mode
   --> tests/gemm_bi_scalar_tn_copyplan_fused_finalize_d768_in_discovery.rs:607:13
    |
607 |         ctx.set_batch_invariant(true);
    |             ^^^^^^^^^^^^^^^^^^^
    |
    = note: `#[warn(deprecated)]` on by default

warning: use of deprecated method `mamba_rs::gpu::context::GpuCtx::set_fast_gemm`: use GpuCtx::set_gemm_mode
   --> tests/gemm_bi_scalar_tn_copyplan_fused_finalize_d768_in_discovery.rs:610:13
    |
610 |         ctx.set_fast_gemm(false);
    |             ^^^^^^^^^^^^^

warning: use of deprecated method `mamba_rs::gpu::context::GpuCtx::set_batch_invariant`: use GpuCtx::set_gemm_mode
   --> tests/gemm_bi_fixed_half_batch_discovery.rs:448:9
    |
448 |     ctx.set_batch_invariant(arm != Arm::Fast);
    |         ^^^^^^^^^^^^^^^^^^^
    |
    = note: `#[warn(deprecated)]` on by default

warning: use of deprecated method `mamba_rs::gpu::context::GpuCtx::set_fast_gemm`: use GpuCtx::set_gemm_mode
   --> tests/gemm_bi_fixed_half_batch_discovery.rs:449:9
    |
449 |     ctx.set_fast_gemm(arm == Arm::Fast);
    |         ^^^^^^^^^^^^^

warning: use of deprecated method `mamba_rs::gpu::context::GpuCtx::set_batch_invariant`: use GpuCtx::set_gemm_mode
   --> tests/m3_prefill_typed_parity.rs:355:9
    |
355 |     ctx.set_batch_invariant(true);
    |         ^^^^^^^^^^^^^^^^^^^
    |
    = note: `#[warn(deprecated)]` on by default

warning: `mamba-rs` (test "gemm_bi_tf32_tn_streamk_tournament") generated 1 warning
warning: `mamba-rs` (test "gemm_bi_tc") generated 4 warnings
warning: `mamba-rs` (test "gemm_bi_tf32_nn_m96n96_s2_direct_prism_discovery") generated 2 warnings
warning: `mamba-rs` (test "gemm_bi_half_tn_m64n96_regpipe_vec2_bf16_d768_out_discovery") generated 2 warnings
warning: `mamba-rs` (test "m3_training_graph_parity") generated 2 warnings
warning: `mamba-rs` (test "gemm_bi_scalar_tn_copyplan_d768_in_discovery") generated 2 warnings
warning: `mamba-rs` (test "m3_cpu_gpu_train_parity") generated 1 warning
warning: `mamba-rs` (test "gemm_bi_scalar_tn_underfill_direct_experiment") generated 1 warning
warning: `mamba-rs` (test "gemm_bi_tf32_nt_tournament") generated 2 warnings
warning: `mamba-rs` (test "gemm_bi_tf32_tn_transpose_ab_rna_n96_d768_out_discovery") generated 2 warnings
warning: `mamba-rs` (test "gemm_bi_tf32_nt_a_ldmatrix_prism_k8_regpipe_discovery") generated 2 warnings
warning: `mamba-rs` (test "classifier_gemm_tier_bench") generated 3 warnings
warning: `mamba-rs` (test "gemm_bi_fixed_correctness") generated 2 warnings
warning: `mamba-rs` (test "gemm_bi_half_tn_8warp_16x32_discovery") generated 2 warnings
warning: `mamba-rs` (test "gemm_bi_tf32_nn_m96n96_s2_copy_lifetime_prism_discovery") generated 2 warnings
warning: `mamba-rs` (test "extreme_edge_coverage") generated 2 warnings
warning: `mamba-rs` (test "matvec_probe") generated 2 warnings
warning: `mamba-rs` (test "gemm_bi_scalar_nt_prism_tournament") generated 1 warning
warning: `mamba-rs` (test "gemm_bi_scalar_nn_splitk_m32n64_exactshape_tournament") generated 1 warning
warning: `mamba-rs` (test "gemm_bi_sm120_tf32_selector_qualification") generated 2 warnings
warning: `mamba-rs` (test "thin_rung_decode_bench") generated 8 warnings
warning: `mamba-rs` (test "gemm_bi_fixed_performance") generated 81 warnings
warning: `mamba-rs` (test "kernel_identity_cuda") generated 2 warnings
warning: `mamba-rs` (test "gemm_bi_scalar_tn_copyplan_fused_finalize_d768_in_discovery") generated 2 warnings
warning: `mamba-rs` (test "gemm_bi_fixed_half_batch_discovery") generated 2 warnings
warning: `mamba-rs` (test "m3_prefill_typed_parity") generated 1 warning
warning: use of deprecated method `mamba_rs::gpu::context::GpuCtx::set_batch_invariant`: use GpuCtx::set_gemm_mode
   --> tests/gemm_bi_fixed_tf32_m64n128_qualification.rs:608:17
    |
608 |             ctx.set_batch_invariant(true);
    |                 ^^^^^^^^^^^^^^^^^^^
    |
    = note: `#[warn(deprecated)]` on by default

warning: use of deprecated method `mamba_rs::gpu::context::GpuCtx::set_fast_gemm`: use GpuCtx::set_gemm_mode
   --> tests/gemm_bi_fixed_tf32_m64n128_qualification.rs:609:17
    |
609 |             ctx.set_fast_gemm(false);
    |                 ^^^^^^^^^^^^^

warning: use of deprecated method `mamba_rs::gpu::context::GpuCtx::set_batch_invariant`: use GpuCtx::set_gemm_mode
   --> tests/gemm_bi_fixed_tf32_m64n128_qualification.rs:612:17
    |
612 |             ctx.set_batch_invariant(false);
    |                 ^^^^^^^^^^^^^^^^^^^

warning: use of deprecated method `mamba_rs::gpu::context::GpuCtx::set_fast_gemm`: use GpuCtx::set_gemm_mode
   --> tests/gemm_bi_fixed_tf32_m64n128_qualification.rs:613:17
    |
613 |             ctx.set_fast_gemm(true);
    |                 ^^^^^^^^^^^^^

warning: use of deprecated method `mamba_rs::gpu::context::GpuCtx::set_batch_invariant`: use GpuCtx::set_gemm_mode
   --> tests/prefill_serve_bench.rs:116:17
    |
116 |             ctx.set_batch_invariant(false);
    |                 ^^^^^^^^^^^^^^^^^^^
    |
    = note: `#[warn(deprecated)]` on by default

warning: use of deprecated method `mamba_rs::gpu::context::GpuCtx::set_fast_gemm`: use GpuCtx::set_gemm_mode
   --> tests/prefill_serve_bench.rs:118:17
    |
118 |             ctx.set_fast_gemm(false);
    |                 ^^^^^^^^^^^^^

warning: use of deprecated method `mamba_rs::gpu::context::GpuCtx::set_batch_invariant`: use GpuCtx::set_gemm_mode
   --> tests/prefill_serve_bench.rs:121:17
    |
121 |             ctx.set_batch_invariant(false);
    |                 ^^^^^^^^^^^^^^^^^^^

warning: use of deprecated method `mamba_rs::gpu::context::GpuCtx::set_fast_gemm`: use GpuCtx::set_gemm_mode
   --> tests/prefill_serve_bench.rs:123:17
    |
123 |             ctx.set_fast_gemm(false);
    |                 ^^^^^^^^^^^^^

warning: use of deprecated method `mamba_rs::gpu::context::GpuCtx::disable_tf32`: use GpuCtx::set_gemm_mode
   --> tests/prefill_serve_bench.rs:124:17
    |
124 |             ctx.disable_tf32();
    |                 ^^^^^^^^^^^^

warning: use of deprecated method `mamba_rs::gpu::context::GpuCtx::set_batch_invariant`: use GpuCtx::set_gemm_mode
   --> tests/prefill_serve_bench.rs:127:17
    |
127 |             ctx.set_batch_invariant(true);
    |                 ^^^^^^^^^^^^^^^^^^^

warning: use of deprecated method `mamba_rs::gpu::context::GpuCtx::set_batch_invariant`: use GpuCtx::set_gemm_mode
   --> tests/prefill_serve_bench.rs:131:17
    |
131 |             ctx.set_batch_invariant(true);
    |                 ^^^^^^^^^^^^^^^^^^^

warning: use of deprecated method `mamba_rs::gpu::context::GpuCtx::set_batch_invariant`: use GpuCtx::set_gemm_mode
   --> tests/gemm_bi_tf32_cohort_binding.rs:245:9
    |
245 |     ctx.set_batch_invariant(true);
    |         ^^^^^^^^^^^^^^^^^^^
    |
    = note: `#[warn(deprecated)]` on by default

warning: use of deprecated method `mamba_rs::gpu::context::GpuCtx::set_batch_invariant`: use GpuCtx::set_gemm_mode
   --> tests/gemm_bi_tf32_cohort_binding.rs:680:9
    |
680 |     ctx.set_batch_invariant(true);
    |         ^^^^^^^^^^^^^^^^^^^

warning: use of deprecated method `mamba_rs::gpu::context::GpuCtx::set_batch_invariant`: use GpuCtx::set_gemm_mode
   --> tests/gemm_bi_tf32_cohort_binding.rs:763:9
    |
763 |     ctx.set_batch_invariant(true);
    |         ^^^^^^^^^^^^^^^^^^^

warning: use of deprecated method `mamba_rs::gpu::context::GpuCtx::set_batch_invariant`: use GpuCtx::set_gemm_mode
   --> tests/gemm_bi_scalar_tn_direct_prism_fused_n32_discovery.rs:754:13
    |
754 |         ctx.set_batch_invariant(true);
    |             ^^^^^^^^^^^^^^^^^^^
    |
    = note: `#[warn(deprecated)]` on by default

warning: use of deprecated method `mamba_rs::gpu::context::GpuCtx::set_fast_gemm`: use GpuCtx::set_gemm_mode
   --> tests/gemm_bi_scalar_tn_direct_prism_fused_n32_discovery.rs:757:13
    |
757 |         ctx.set_fast_gemm(false);
    |             ^^^^^^^^^^^^^

warning: unused variable: `candidate`
   --> tests/gemm_bi_scalar_tn_direct_prism_fused_n32_discovery.rs:986:9
    |
986 |         candidate: CandidateFixed,
    |         ^^^^^^^^^ help: if this is intentional, prefix it with an underscore: `_candidate`
    |
    = note: `#[warn(unused_variables)]` (part of `#[warn(unused)]`) on by default

warning: enum `RawPartialError` is never used
   --> tests/gemm_bi_scalar_tn_direct_prism_fused_n32_discovery.rs:411:10
    |
411 |     enum RawPartialError {
    |          ^^^^^^^^^^^^^^^
    |
    = note: `#[warn(dead_code)]` (part of `#[warn(unused)]`) on by default

warning: function `fixed_function` is never used
   --> tests/gemm_bi_scalar_tn_direct_prism_fused_n32_discovery.rs:799:8
    |
799 |     fn fixed_function(
    |        ^^^^^^^^^^^^^^

warning: function `launch_transpose` is never used
   --> tests/gemm_bi_scalar_tn_direct_prism_fused_n32_discovery.rs:817:8
    |
817 |     fn launch_transpose(runtime: &Runtime, fixture: &Fixture) -> Result<(), String> {
    |        ^^^^^^^^^^^^^^^^

warning: function `launch_retained_partials` is never used
   --> tests/gemm_bi_scalar_tn_direct_prism_fused_n32_discovery.rs:835:8
    |
835 |     fn launch_retained_partials(
    |        ^^^^^^^^^^^^^^^^^^^^^^^^

warning: use of deprecated method `mamba_rs::gpu::context::GpuCtx::set_batch_invariant`: use GpuCtx::set_gemm_mode
  --> tests/parallel_run_determinism.rs:93:51
   |
93 |         GemmTier::BatchInvariant => trainer.ctx().set_batch_invariant(true),
   |                                                   ^^^^^^^^^^^^^^^^^^^
   |
   = note: `#[warn(deprecated)]` on by default

warning: use of deprecated method `mamba_rs::gpu::context::GpuCtx::set_batch_invariant`: use GpuCtx::set_gemm_mode
  --> tests/parallel_run_determinism.rs:95:27
   |
95 |             trainer.ctx().set_batch_invariant(true);
   |                           ^^^^^^^^^^^^^^^^^^^

warning: use of deprecated method `mamba_rs::gpu::context::GpuCtx::set_batch_invariant`: use GpuCtx::set_gemm_mode
   --> tests/gemm_bi_fixed_f32_t256_discovery.rs:473:17
    |
473 |     runtime.ctx.set_batch_invariant(!matches!(arm, Arm::Fast));
    |                 ^^^^^^^^^^^^^^^^^^^
    |
    = note: `#[warn(deprecated)]` on by default

warning: use of deprecated method `mamba_rs::gpu::context::GpuCtx::set_fast_gemm`: use GpuCtx::set_gemm_mode
   --> tests/gemm_bi_fixed_f32_t256_discovery.rs:474:17
    |
474 |     runtime.ctx.set_fast_gemm(matches!(arm, Arm::Fast));
    |                 ^^^^^^^^^^^^^

warning: use of deprecated method `mamba_rs::gpu::context::GpuCtx::set_batch_invariant`: use GpuCtx::set_gemm_mode
   --> tests/gemm_bi_tf32_nn_n96_direct_grid_constant_prism_discovery.rs:793:13
    |
793 |         ctx.set_batch_invariant(true);
    |             ^^^^^^^^^^^^^^^^^^^
    |
    = note: `#[warn(deprecated)]` on by default

warning: use of deprecated method `mamba_rs::gpu::context::GpuCtx::set_fast_gemm`: use GpuCtx::set_gemm_mode
   --> tests/gemm_bi_tf32_nn_n96_direct_grid_constant_prism_discovery.rs:796:13
    |
796 |         ctx.set_fast_gemm(false);
    |             ^^^^^^^^^^^^^

warning: use of deprecated method `mamba_rs::gpu::context::GpuCtx::set_batch_invariant`: use GpuCtx::set_gemm_mode
   --> tests/gemm_bi_tf32_tn_transpose_rna_m64n64_d768_out_discovery.rs:728:13
    |
728 |         ctx.set_batch_invariant(true);
    |             ^^^^^^^^^^^^^^^^^^^
    |
    = note: `#[warn(deprecated)]` on by default

warning: use of deprecated method `mamba_rs::gpu::context::GpuCtx::set_fast_gemm`: use GpuCtx::set_gemm_mode
   --> tests/gemm_bi_tf32_tn_transpose_rna_m64n64_d768_out_discovery.rs:731:13
    |
731 |         ctx.set_fast_gemm(false);
    |             ^^^^^^^^^^^^^

warning: use of deprecated method `mamba_rs::gpu::context::GpuCtx::set_batch_invariant`: use GpuCtx::set_gemm_mode
  --> tests/gemm_bi_contract_census.rs:51:9
   |
51 |     ctx.set_batch_invariant(true);
   |         ^^^^^^^^^^^^^^^^^^^
   |
   = note: `#[warn(deprecated)]` on by default

warning: use of deprecated method `mamba_rs::gpu::context::GpuCtx::set_batch_invariant`: use GpuCtx::set_gemm_mode
   --> tests/gemm_bi_contract_census.rs:374:9
    |
374 |     ctx.set_batch_invariant(true);
    |         ^^^^^^^^^^^^^^^^^^^

warning: use of deprecated method `mamba_rs::gpu::context::GpuCtx::set_batch_invariant`: use GpuCtx::set_gemm_mode
   --> tests/gemm_bi_sm89_exact_f32_tn_selector_qualification.rs:250:13
    |
250 |         ctx.set_batch_invariant(true);
    |             ^^^^^^^^^^^^^^^^^^^
    |
    = note: `#[warn(deprecated)]` on by default

warning: use of deprecated method `mamba_rs::gpu::context::GpuCtx::set_fast_gemm`: use GpuCtx::set_gemm_mode
   --> tests/gemm_bi_sm89_exact_f32_tn_selector_qualification.rs:253:13
    |
253 |         ctx.set_fast_gemm(false);
    |             ^^^^^^^^^^^^^

warning: use of deprecated method `mamba_rs::gpu::context::GpuCtx::set_batch_invariant`: use GpuCtx::set_gemm_mode
   --> tests/gemm_bi_scalar_nt_prism_m64n64_tournament.rs:896:13
    |
896 |         ctx.set_batch_invariant(true);
    |             ^^^^^^^^^^^^^^^^^^^
    |
    = note: `#[warn(deprecated)]` on by default

warning: use of deprecated method `mamba_rs::gpu::context::GpuCtx::set_batch_invariant`: use GpuCtx::set_gemm_mode
   --> tests/gemm_bi_tf32_nn_n96_cross_bk_prefetch_prism_discovery.rs:806:13
    |
806 |         ctx.set_batch_invariant(true);
    |             ^^^^^^^^^^^^^^^^^^^
    |
    = note: `#[warn(deprecated)]` on by default

warning: use of deprecated method `mamba_rs::gpu::context::GpuCtx::set_fast_gemm`: use GpuCtx::set_gemm_mode
   --> tests/gemm_bi_tf32_nn_n96_cross_bk_prefetch_prism_discovery.rs:809:13
    |
809 |         ctx.set_fast_gemm(false);
    |             ^^^^^^^^^^^^^

warning: use of deprecated method `mamba_rs::gpu::context::GpuCtx::set_batch_invariant`: use GpuCtx::set_gemm_mode
   --> tests/hf_batch_parity.rs:454:19
    |
454 |         lm1.ctx().set_batch_invariant(true);
    |                   ^^^^^^^^^^^^^^^^^^^
    |
    = note: `#[warn(deprecated)]` on by default

warning: use of deprecated method `mamba_rs::gpu::context::GpuCtx::set_batch_invariant`: use GpuCtx::set_gemm_mode
   --> tests/hf_batch_parity.rs:464:19
    |
464 |         lm4.ctx().set_batch_invariant(true);
    |                   ^^^^^^^^^^^^^^^^^^^

warning: use of deprecated method `mamba_rs::gpu::context::GpuCtx::set_batch_invariant`: use GpuCtx::set_gemm_mode
  --> tests/gemm_bi_async_allocation.rs:63:9
   |
63 |     ctx.set_batch_invariant(true);
   |         ^^^^^^^^^^^^^^^^^^^
   |
   = note: `#[warn(deprecated)]` on by default

warning: use of deprecated method `mamba_rs::gpu::context::GpuCtx::set_batch_invariant`: use GpuCtx::set_gemm_mode
    --> tests/gemm_bi_scalar_tn_copyplan_dual_chunk_rolled_d768_in_discovery.rs:1040:13
     |
1040 |         ctx.set_batch_invariant(true);
     |             ^^^^^^^^^^^^^^^^^^^
     |
     = note: `#[warn(deprecated)]` on by default

warning: use of deprecated method `mamba_rs::gpu::context::GpuCtx::set_fast_gemm`: use GpuCtx::set_gemm_mode
    --> tests/gemm_bi_scalar_tn_copyplan_dual_chunk_rolled_d768_in_discovery.rs:1043:13
     |
1043 |         ctx.set_fast_gemm(false);
     |             ^^^^^^^^^^^^^

warning: use of deprecated method `mamba_rs::gpu::context::GpuCtx::set_batch_invariant`: use GpuCtx::set_gemm_mode
   --> tests/gemm_bi_scalar_tn_direct_prism_bk32_exact_tail_discovery.rs:781:13
    |
781 |         ctx.set_batch_invariant(true);
    |             ^^^^^^^^^^^^^^^^^^^
    |
    = note: `#[warn(deprecated)]` on by default

warning: use of deprecated method `mamba_rs::gpu::context::GpuCtx::set_fast_gemm`: use GpuCtx::set_gemm_mode
   --> tests/gemm_bi_scalar_tn_direct_prism_bk32_exact_tail_discovery.rs:784:13
    |
784 |         ctx.set_fast_gemm(false);
    |             ^^^^^^^^^^^^^

warning: unused variable: `candidate`
    --> tests/gemm_bi_scalar_tn_direct_prism_bk32_exact_tail_discovery.rs:1045:9
     |
1045 |         candidate: CandidateFixed,
     |         ^^^^^^^^^ help: if this is intentional, prefix it with an underscore: `_candidate`
     |
     = note: `#[warn(unused_variables)]` (part of `#[warn(unused)]`) on by default

warning: function `fixed_function` is never used
   --> tests/gemm_bi_scalar_tn_direct_prism_bk32_exact_tail_discovery.rs:849:8
    |
849 |     fn fixed_function(
    |        ^^^^^^^^^^^^^^
    |
    = note: `#[warn(dead_code)]` (part of `#[warn(unused)]`) on by default

warning: function `launch_transpose` is never used
   --> tests/gemm_bi_scalar_tn_direct_prism_bk32_exact_tail_discovery.rs:867:8
    |
867 |     fn launch_transpose(runtime: &Runtime, fixture: &Fixture) -> Result<(), String> {
    |        ^^^^^^^^^^^^^^^^

warning: function `launch_retained_partials` is never used
   --> tests/gemm_bi_scalar_tn_direct_prism_bk32_exact_tail_discovery.rs:885:8
    |
885 |     fn launch_retained_partials(
    |        ^^^^^^^^^^^^^^^^^^^^^^^^

warning: `mamba-rs` (test "gemm_bi_fixed_tf32_m64n128_qualification") generated 4 warnings
warning: `mamba-rs` (test "prefill_serve_bench") generated 7 warnings
warning: `mamba-rs` (test "gemm_bi_tf32_cohort_binding") generated 3 warnings
warning: `mamba-rs` (test "gemm_bi_scalar_tn_direct_prism_fused_n32_discovery") generated 7 warnings (run `cargo fix --test "gemm_bi_scalar_tn_direct_prism_fused_n32_discovery" -p mamba-rs` to apply 1 suggestion)
warning: `mamba-rs` (test "parallel_run_determinism") generated 2 warnings
warning: `mamba-rs` (test "gemm_bi_fixed_f32_t256_discovery") generated 2 warnings
warning: `mamba-rs` (test "gemm_bi_tf32_nn_n96_direct_grid_constant_prism_discovery") generated 2 warnings
warning: `mamba-rs` (test "gemm_bi_tf32_tn_transpose_rna_m64n64_d768_out_discovery") generated 2 warnings
warning: `mamba-rs` (test "gemm_bi_contract_census") generated 2 warnings
warning: `mamba-rs` (test "gemm_bi_sm89_exact_f32_tn_selector_qualification") generated 2 warnings
warning: `mamba-rs` (test "gemm_bi_scalar_nt_prism_m64n64_tournament") generated 1 warning
warning: `mamba-rs` (test "gemm_bi_tf32_nn_n96_cross_bk_prefetch_prism_discovery") generated 2 warnings
warning: `mamba-rs` (test "hf_batch_parity") generated 2 warnings
warning: `mamba-rs` (test "gemm_bi_async_allocation") generated 1 warning
warning: `mamba-rs` (test "gemm_bi_scalar_tn_copyplan_dual_chunk_rolled_d768_in_discovery") generated 2 warnings
warning: `mamba-rs` (test "gemm_bi_scalar_tn_direct_prism_bk32_exact_tail_discovery") generated 6 warnings (run `cargo fix --test "gemm_bi_scalar_tn_direct_prism_bk32_exact_tail_discovery" -p mamba-rs` to apply 1 suggestion)
warning: use of deprecated method `mamba_rs::gpu::context::GpuCtx::set_batch_invariant`: use GpuCtx::set_gemm_mode
   --> tests/gemm_bi_scalar_nn_m64n128_postproduction_experiment.rs:678:24
    |
678 |         production_ctx.set_batch_invariant(true);
    |                        ^^^^^^^^^^^^^^^^^^^
    |
    = note: `#[warn(deprecated)]` on by default

warning: use of deprecated method `mamba_rs::gpu::context::GpuCtx::set_batch_invariant`: use GpuCtx::set_gemm_mode
  --> tests/m3_training_graph_safety.rs:93:19
   |
93 |     trainer.ctx().set_batch_invariant(true);
   |                   ^^^^^^^^^^^^^^^^^^^
   |
   = note: `#[warn(deprecated)]` on by default

warning: use of deprecated method `mamba_rs::gpu::context::GpuCtx::set_fast_gemm`: use GpuCtx::set_gemm_mode
  --> tests/m3_training_graph_safety.rs:96:19
   |
96 |     trainer.ctx().set_fast_gemm(false);
   |                   ^^^^^^^^^^^^^

warning: use of deprecated method `mamba_rs::gpu::context::GpuCtx::set_batch_invariant`: use GpuCtx::set_gemm_mode
   --> tests/m3_training_graph_safety.rs:149:19
    |
149 |     trainer.ctx().set_batch_invariant(false);
    |                   ^^^^^^^^^^^^^^^^^^^

warning: use of deprecated method `mamba_rs::gpu::context::GpuCtx::set_batch_invariant`: use GpuCtx::set_gemm_mode
   --> tests/m3_training_graph_safety.rs:228:19
    |
228 |     trainer.ctx().set_batch_invariant(true);
    |                   ^^^^^^^^^^^^^^^^^^^

warning: use of deprecated method `mamba_rs::gpu::context::GpuCtx::set_fast_gemm`: use GpuCtx::set_gemm_mode
   --> tests/m3_training_graph_safety.rs:231:19
    |
231 |     trainer.ctx().set_fast_gemm(false);
    |                   ^^^^^^^^^^^^^

warning: use of deprecated method `mamba_rs::gpu::context::GpuCtx::set_batch_invariant`: use GpuCtx::set_gemm_mode
   --> tests/gemm_bi_scalar_nt_large_deep_m64n64_tournament.rs:523:13
    |
523 |         ctx.set_batch_invariant(true);
    |             ^^^^^^^^^^^^^^^^^^^
    |
    = note: `#[warn(deprecated)]` on by default

warning: use of deprecated method `mamba_rs::gpu::context::GpuCtx::set_batch_invariant`: use GpuCtx::set_gemm_mode
    --> tests/gemm_bi_scalar_nt_skinny_direct_experiment.rs:1146:20
     |
1146 |         production.set_batch_invariant(true);
     |                    ^^^^^^^^^^^^^^^^^^^
     |
     = note: `#[warn(deprecated)]` on by default

warning: use of deprecated method `mamba_rs::gpu::context::GpuCtx::set_batch_invariant`: use GpuCtx::set_gemm_mode
   --> tests/gemm_bi_scalar_tn_splitm_copyplan_siblings_discovery.rs:636:13
    |
636 |         ctx.set_batch_invariant(true);
    |             ^^^^^^^^^^^^^^^^^^^
    |
    = note: `#[warn(deprecated)]` on by default

warning: use of deprecated method `mamba_rs::gpu::context::GpuCtx::set_fast_gemm`: use GpuCtx::set_gemm_mode
   --> tests/gemm_bi_scalar_tn_splitm_copyplan_siblings_discovery.rs:639:13
    |
639 |         ctx.set_fast_gemm(false);
    |             ^^^^^^^^^^^^^

warning: use of deprecated method `mamba_rs::gpu::context::GpuCtx::set_batch_invariant`: use GpuCtx::set_gemm_mode
   --> tests/gemm_bi_sm120_tf32_vendor.rs:812:13
    |
812 |         ctx.set_batch_invariant(true);
    |             ^^^^^^^^^^^^^^^^^^^
    |
    = note: `#[warn(deprecated)]` on by default

warning: use of deprecated method `mamba_rs::gpu::context::GpuCtx::set_fast_gemm`: use GpuCtx::set_gemm_mode
   --> tests/gemm_bi_sm120_tf32_vendor.rs:814:13
    |
814 |         ctx.set_fast_gemm(false);
    |             ^^^^^^^^^^^^^

warning: use of deprecated method `mamba_rs::gpu::context::GpuCtx::set_batch_invariant`: use GpuCtx::set_gemm_mode
   --> tests/gemm_bi_half_tn_vec2_full_domain_discovery.rs:799:13
    |
799 |         ctx.set_batch_invariant(true);
    |             ^^^^^^^^^^^^^^^^^^^
    |
    = note: `#[warn(deprecated)]` on by default

warning: use of deprecated method `mamba_rs::gpu::context::GpuCtx::set_fast_gemm`: use GpuCtx::set_gemm_mode
   --> tests/gemm_bi_half_tn_vec2_full_domain_discovery.rs:801:13
    |
801 |         ctx.set_fast_gemm(false);
    |             ^^^^^^^^^^^^^

warning: use of deprecated method `mamba_rs::gpu::context::GpuCtx::set_batch_invariant`: use GpuCtx::set_gemm_mode
   --> tests/gemm_bi_tf32_splitk4_qualification.rs:300:9
    |
300 |     ctx.set_batch_invariant(true);
    |         ^^^^^^^^^^^^^^^^^^^
    |
    = note: `#[warn(deprecated)]` on by default

warning: use of deprecated method `mamba_rs::gpu::context::GpuCtx::set_fast_gemm`: use GpuCtx::set_gemm_mode
   --> tests/gemm_bi_tf32_splitk4_qualification.rs:302:9
    |
302 |     ctx.set_fast_gemm(false);
    |         ^^^^^^^^^^^^^

warning: use of deprecated method `mamba_rs::gpu::context::GpuCtx::set_batch_invariant`: use GpuCtx::set_gemm_mode
   --> tests/ddp_emulated_equivalence.rs:104:21
    |
104 |             t.ctx().set_batch_invariant(true);
    |                     ^^^^^^^^^^^^^^^^^^^
    |
    = note: `#[warn(deprecated)]` on by default

warning: use of deprecated method `mamba_rs::gpu::context::GpuCtx::set_batch_invariant`: use GpuCtx::set_gemm_mode
   --> tests/gemm_bi_tf32_selector_qualification.rs:242:9
    |
242 |     ctx.set_batch_invariant(true);
    |         ^^^^^^^^^^^^^^^^^^^
    |
    = note: `#[warn(deprecated)]` on by default

warning: use of deprecated method `mamba_rs::gpu::context::GpuCtx::set_fast_gemm`: use GpuCtx::set_gemm_mode
   --> tests/gemm_bi_tf32_selector_qualification.rs:244:9
    |
244 |     ctx.set_fast_gemm(false);
    |         ^^^^^^^^^^^^^

warning: use of deprecated method `mamba_rs::gpu::context::GpuCtx::set_batch_invariant`: use GpuCtx::set_gemm_mode
    --> tests/gemm_bi_tf32_nt_compact_xor.rs:3888:13
     |
3888 |         ctx.set_batch_invariant(true);
     |             ^^^^^^^^^^^^^^^^^^^
     |
     = note: `#[warn(deprecated)]` on by default

warning: use of deprecated method `mamba_rs::gpu::context::GpuCtx::set_fast_gemm`: use GpuCtx::set_gemm_mode
    --> tests/gemm_bi_tf32_nt_compact_xor.rs:3890:13
     |
3890 |         ctx.set_fast_gemm(false);
     |             ^^^^^^^^^^^^^

warning: use of deprecated method `mamba_rs::gpu::context::GpuCtx::set_batch_invariant`: use GpuCtx::set_gemm_mode
   --> tests/gemm_bi_tf32_tn_transpose_rna_m64n64_prism_discovery.rs:728:13
    |
728 |         ctx.set_batch_invariant(true);
    |             ^^^^^^^^^^^^^^^^^^^
    |
    = note: `#[warn(deprecated)]` on by default

warning: use of deprecated method `mamba_rs::gpu::context::GpuCtx::set_fast_gemm`: use GpuCtx::set_gemm_mode
   --> tests/gemm_bi_tf32_tn_transpose_rna_m64n64_prism_discovery.rs:731:13
    |
731 |         ctx.set_fast_gemm(false);
    |             ^^^^^^^^^^^^^

warning: use of deprecated method `mamba_rs::gpu::context::GpuCtx::set_batch_invariant`: use GpuCtx::set_gemm_mode
   --> tests/trainer_split.rs:373:15
    |
373 |     big.ctx().set_batch_invariant(true);
    |               ^^^^^^^^^^^^^^^^^^^
    |
    = note: `#[warn(deprecated)]` on by default

warning: use of deprecated method `mamba_rs::gpu::context::GpuCtx::set_batch_invariant`: use GpuCtx::set_gemm_mode
   --> tests/trainer_split.rs:386:17
    |
386 |     micro.ctx().set_batch_invariant(true);
    |                 ^^^^^^^^^^^^^^^^^^^

warning: use of deprecated method `mamba_rs::gpu::context::GpuCtx::set_fast_gemm`: use GpuCtx::set_gemm_mode
   --> tests/trainer_split.rs:452:19
    |
452 |     trainer.ctx().set_fast_gemm(true);
    |                   ^^^^^^^^^^^^^

warning: use of deprecated method `mamba_rs::gpu::context::GpuCtx::set_batch_invariant`: use GpuCtx::set_gemm_mode
   --> tests/trainer_split.rs:973:13
    |
973 |     t.ctx().set_batch_invariant(true);
    |             ^^^^^^^^^^^^^^^^^^^

warning: use of deprecated method `mamba_rs::gpu::context::GpuCtx::set_batch_invariant`: use GpuCtx::set_gemm_mode
    --> tests/trainer_split.rs:1014:13
     |
1014 |     t.ctx().set_batch_invariant(true);
     |             ^^^^^^^^^^^^^^^^^^^

warning: use of deprecated method `mamba_rs::gpu::context::GpuCtx::set_batch_invariant`: use GpuCtx::set_gemm_mode
    --> tests/trainer_split.rs:1031:13
     |
1031 |     t.ctx().set_batch_invariant(true);
     |             ^^^^^^^^^^^^^^^^^^^

warning: use of deprecated method `mamba_rs::gpu::context::GpuCtx::set_batch_invariant`: use GpuCtx::set_gemm_mode
    --> tests/gemm_bi_fixed_sm89_exact_n64.rs:1232:9
     |
1232 |     ctx.set_batch_invariant(true);
     |         ^^^^^^^^^^^^^^^^^^^
     |
     = note: `#[warn(deprecated)]` on by default

warning: use of deprecated method `mamba_rs::gpu::context::GpuCtx::set_fast_gemm`: use GpuCtx::set_gemm_mode
    --> tests/gemm_bi_fixed_sm89_exact_n64.rs:1235:9
     |
1235 |     ctx.set_fast_gemm(false);
     |         ^^^^^^^^^^^^^

warning: function `n96_grid` is never used
 --> tests/support/triad_tf32_nn_n96_direct_epilogue_source.rs:5:14
  |
5 | pub const fn n96_grid(m: usize, n: usize) -> usize {
  |              ^^^^^^^^
  |
  = note: `#[warn(dead_code)]` (part of `#[warn(unused)]`) on by default

warning: function `direct_pair_coordinates` is never used
  --> tests/support/triad_tf32_nn_n96_direct_epilogue_source.rs:37:14
   |
37 | pub const fn direct_pair_coordinates(
   |              ^^^^^^^^^^^^^^^^^^^^^^^

warning: method `name` is never used
  --> tests/support/triad_nn_n96_source.rs:99:18
   |
98 | impl BracketOrder {
   | ----------------- method in this implementation
99 |     pub const fn name(self) -> &'static str {
   |                  ^^^^

warning: constant `RETAINED_SYMBOL` is never used
 --> tests/support/triad_tf32_nt_a_ldmatrix_n96_s3_source.rs:2:11
  |
2 | pub const RETAINED_SYMBOL: &str = "gemm_bi_nt_test_scalar_a_n96_s3_sm89_v1";
  |           ^^^^^^^^^^^^^^^

warning: constant `BLOCK_THREADS` is never used
 --> tests/support/triad_tf32_nt_a_ldmatrix_n96_s3_source.rs:3:11
  |
3 | pub const BLOCK_THREADS: u32 = 256;
  |           ^^^^^^^^^^^^^

warning: constant `DYNAMIC_SHARED_BYTES` is never used
 --> tests/support/triad_tf32_nt_a_ldmatrix_n96_s3_source.rs:4:11
  |
4 | pub const DYNAMIC_SHARED_BYTES: u32 = 86_016;
  |           ^^^^^^^^^^^^^^^^^^^^

warning: constant `TARGET_D768_IN` is never used
 --> tests/support/triad_tf32_nt_a_ldmatrix_n96_s3_source.rs:5:11
  |
5 | pub const TARGET_D768_IN: (usize, usize, usize) = (2_048, 768, 3_072);
  |           ^^^^^^^^^^^^^^

warning: constant `TARGET_PRISM` is never used
 --> tests/support/triad_tf32_nt_a_ldmatrix_n96_s3_source.rs:6:11
  |
6 | pub const TARGET_PRISM: (usize, usize, usize) = (4_621, 384, 1_928);
  |           ^^^^^^^^^^^^

warning: function `retained_source` is never used
  --> tests/support/triad_tf32_nt_a_ldmatrix_n96_s3_source.rs:14:8
   |
14 | pub fn retained_source() -> String {
   |        ^^^^^^^^^^^^^^^

warning: constant `SCALAR_A_LOAD` is never used
  --> tests/support/triad_tf32_nt_a_ldmatrix_n96_s3_source.rs:24:7
   |
24 | const SCALAR_A_LOAD: &str = r#"#pragma unroll
   |       ^^^^^^^^^^^^^

warning: constant `BLOCK_THREADS` is never used
 --> tests/support/triad_tf32_tn_transpose_rna_m64n64_source.rs:6:11
  |
6 | pub const BLOCK_THREADS: u32 = 256;
  |           ^^^^^^^^^^^^^

warning: constant `DYNAMIC_SHARED_BYTES` is never used
 --> tests/support/triad_tf32_tn_transpose_rna_m64n64_source.rs:7:11
  |
7 | pub const DYNAMIC_SHARED_BYTES: usize = 49_152;
  |           ^^^^^^^^^^^^^^^^^^^^

warning: constant `MAX_REGISTERS` is never used
 --> tests/support/triad_tf32_tn_transpose_rna_m64n64_source.rs:8:11
  |
8 | pub const MAX_REGISTERS: i32 = 128;
  |           ^^^^^^^^^^^^^

warning: constant `REQUIRED_OCCUPANCY` is never used
 --> tests/support/triad_tf32_tn_transpose_rna_m64n64_source.rs:9:11
  |
9 | pub const REQUIRED_OCCUPANCY: u32 = 2;
  |           ^^^^^^^^^^^^^^^^^^

warning: constant `K8_ISSUE_OFFSETS` is never used
  --> tests/support/triad_tf32_tn_transpose_rna_m64n64_source.rs:10:11
   |
10 | pub const K8_ISSUE_OFFSETS: [u32; 4] = [0, 8, 16, 24];
   |           ^^^^^^^^^^^^^^^^

warning: function `retained_parent_fnv64` is never used
  --> tests/support/triad_tf32_tn_transpose_rna_m64n64_source.rs:16:8
   |
16 | pub fn retained_parent_fnv64(raw_tn_n96: &str) -> Result<u64, String> {
   |        ^^^^^^^^^^^^^^^^^^^^^

warning: function `fnv1a64` is never used
   --> tests/support/triad_tf32_tn_transpose_rna_m64n64_source.rs:456:4
    |
456 | fn fnv1a64(bytes: &[u8]) -> u64 {
    |    ^^^^^^^

warning: function `tf32_rna_bits` is never used
 --> tests/support/triad_tf32_tn_transpose_rna_n96_source.rs:7:14
  |
7 | pub const fn tf32_rna_bits(bits: u32) -> u32 {
  |              ^^^^^^^^^^^^^

warning: function `validate_rna_transposed_words` is never used
  --> tests/support/triad_tf32_tn_transpose_rna_n96_source.rs:15:8
   |
15 | pub fn validate_rna_transposed_words(
   |        ^^^^^^^^^^^^^^^^^^^^^^^^^^^^^

warning: function `restore_retained_source` is never used
  --> tests/support/triad_tf32_tn_transpose_rna_n96_source.rs:90:8
   |
90 | pub fn restore_retained_source(candidate_source: &str) -> Result<String, String> {
   |        ^^^^^^^^^^^^^^^^^^^^^^^

warning: constant `TRANSPOSE_SYMBOL` is never used
 --> tests/support/triad_tf32_tn_pre_rna_m64n96_s2_source.rs:3:11
  |
3 | pub const TRANSPOSE_SYMBOL: &str = "gemm_bi_tn_sm89_tf32_pre_rna_transpose_32x32_v1";
  |           ^^^^^^^^^^^^^^^^

warning: constant `BLOCK_THREADS` is never used
 --> tests/support/triad_tf32_tn_pre_rna_m64n96_s2_source.rs:4:11
  |
4 | pub const BLOCK_THREADS: u32 = 256;
  |           ^^^^^^^^^^^^^

warning: constant `DYNAMIC_SHARED_BYTES` is never used
 --> tests/support/triad_tf32_tn_pre_rna_m64n96_s2_source.rs:5:11
  |
5 | pub const DYNAMIC_SHARED_BYTES: u32 = 40_960;
  |           ^^^^^^^^^^^^^^^^^^^^

warning: constant `REGISTER_CAP` is never used
 --> tests/support/triad_tf32_tn_pre_rna_m64n96_s2_source.rs:6:11
  |
6 | pub const REGISTER_CAP: i32 = 128;
  |           ^^^^^^^^^^^^

warning: constant `REQUIRED_ACTIVE_BLOCKS` is never used
 --> tests/support/triad_tf32_tn_pre_rna_m64n96_s2_source.rs:7:11
  |
7 | pub const REQUIRED_ACTIVE_BLOCKS: u32 = 2;
  |           ^^^^^^^^^^^^^^^^^^^^^^

warning: function `tf32_rna_bits` is never used
  --> tests/support/triad_tf32_tn_pre_rna_m64n96_s2_source.rs:15:14
   |
15 | pub const fn tf32_rna_bits(bits: u32) -> u32 {
   |              ^^^^^^^^^^^^^

warning: function `padded_stride` is never used
  --> tests/support/triad_tf32_tn_pre_rna_m64n96_s2_source.rs:23:8
   |
23 | pub fn padded_stride(rows: usize) -> Result<usize, String> {
   |        ^^^^^^^^^^^^^

warning: function `validate_rna_transposed_words` is never used
  --> tests/support/triad_tf32_tn_pre_rna_m64n96_s2_source.rs:29:8
   |
29 | pub fn validate_rna_transposed_words(
   |        ^^^^^^^^^^^^^^^^^^^^^^^^^^^^^

warning: use of deprecated method `mamba_rs::gpu::context::GpuCtx::set_batch_invariant`: use GpuCtx::set_gemm_mode
    --> tests/gemm_bi_sm120_triad_census.rs:1104:9
     |
1104 |     ctx.set_batch_invariant(true);
     |         ^^^^^^^^^^^^^^^^^^^
     |
     = note: `#[warn(deprecated)]` on by default

warning: use of deprecated method `mamba_rs::gpu::context::GpuCtx::set_batch_invariant`: use GpuCtx::set_gemm_mode
   --> tests/gemm_bi_tf32_tn_splitm_tournament.rs:504:13
    |
504 |         ctx.set_batch_invariant(true);
    |             ^^^^^^^^^^^^^^^^^^^
    |
    = note: `#[warn(deprecated)]` on by default

warning: use of deprecated method `mamba_rs::gpu::context::GpuCtx::set_batch_invariant`: use GpuCtx::set_gemm_mode
   --> tests/inference_graph_route.rs:132:15
    |
132 |     f32.ctx().set_batch_invariant(false);
    |               ^^^^^^^^^^^^^^^^^^^
    |
    = note: `#[warn(deprecated)]` on by default

warning: use of deprecated method `mamba_rs::gpu::context::GpuCtx::set_batch_invariant`: use GpuCtx::set_gemm_mode
   --> tests/inference_graph_route.rs:165:17
    |
165 |     mixed.ctx().set_batch_invariant(false);
    |                 ^^^^^^^^^^^^^^^^^^^

warning: use of deprecated method `mamba_rs::gpu::context::GpuCtx::set_batch_invariant`: use GpuCtx::set_gemm_mode
   --> tests/inference_graph_route.rs:196:15
    |
196 |     f32.ctx().set_batch_invariant(false);
    |               ^^^^^^^^^^^^^^^^^^^

warning: use of deprecated method `mamba_rs::gpu::context::GpuCtx::set_batch_invariant`: use GpuCtx::set_gemm_mode
   --> tests/inference_graph_route.rs:229:30
    |
229 |     mixed.engine_ref().ctx().set_batch_invariant(false);
    |                              ^^^^^^^^^^^^^^^^^^^

warning: use of deprecated method `mamba_rs::gpu::context::GpuCtx::set_fast_gemm`: use GpuCtx::set_gemm_mode
   --> tests/trainer_split_m3.rs:240:19
    |
240 |     trainer.ctx().set_fast_gemm(true);
    |                   ^^^^^^^^^^^^^
    |
    = note: `#[warn(deprecated)]` on by default

warning: use of deprecated method `mamba_rs::gpu::context::GpuCtx::set_batch_invariant`: use GpuCtx::set_gemm_mode
   --> tests/gemm_bi_half_tn_bk32_s3_regpipe_vec2_bf16_d768_in_discovery.rs:695:13
    |
695 |         ctx.set_batch_invariant(true);
    |             ^^^^^^^^^^^^^^^^^^^
    |
    = note: `#[warn(deprecated)]` on by default

warning: use of deprecated method `mamba_rs::gpu::context::GpuCtx::set_fast_gemm`: use GpuCtx::set_gemm_mode
   --> tests/gemm_bi_half_tn_bk32_s3_regpipe_vec2_bf16_d768_in_discovery.rs:697:13
    |
697 |         ctx.set_fast_gemm(false);
    |             ^^^^^^^^^^^^^

warning: use of deprecated method `mamba_rs::gpu::context::GpuCtx::set_batch_invariant`: use GpuCtx::set_gemm_mode
   --> tests/gemm_bi_half_tn_packed_raster_bf16_d768_in_discovery.rs:723:13
    |
723 |         ctx.set_batch_invariant(true);
    |             ^^^^^^^^^^^^^^^^^^^
    |
    = note: `#[warn(deprecated)]` on by default

warning: use of deprecated method `mamba_rs::gpu::context::GpuCtx::set_fast_gemm`: use GpuCtx::set_gemm_mode
   --> tests/gemm_bi_half_tn_packed_raster_bf16_d768_in_discovery.rs:725:13
    |
725 |         ctx.set_fast_gemm(false);
    |             ^^^^^^^^^^^^^

warning: use of deprecated method `mamba_rs::gpu::context::GpuCtx::set_batch_invariant`: use GpuCtx::set_gemm_mode
   --> tests/gemm_bi_sm89_exact_f32_d128_selector_qualification.rs:307:13
    |
307 |         ctx.set_batch_invariant(true);
    |             ^^^^^^^^^^^^^^^^^^^
    |
    = note: `#[warn(deprecated)]` on by default

warning: use of deprecated method `mamba_rs::gpu::context::GpuCtx::set_fast_gemm`: use GpuCtx::set_gemm_mode
   --> tests/gemm_bi_sm89_exact_f32_d128_selector_qualification.rs:310:13
    |
310 |         ctx.set_fast_gemm(false);
    |             ^^^^^^^^^^^^^

warning: use of deprecated method `mamba_rs::gpu::context::GpuCtx::set_batch_invariant`: use GpuCtx::set_gemm_mode
   --> tests/gemm_bi_scalar_nt_d768_out_m64n64_tournament.rs:851:13
    |
851 |         ctx.set_batch_invariant(true);
    |             ^^^^^^^^^^^^^^^^^^^
    |
    = note: `#[warn(deprecated)]` on by default

warning: use of deprecated method `mamba_rs::gpu::context::GpuCtx::set_batch_invariant`: use GpuCtx::set_gemm_mode
   --> tests/gemm_bi_scalar_nt_d768_out_m64n64_tournament.rs:954:13
    |
954 |         ctx.set_batch_invariant(true);
    |             ^^^^^^^^^^^^^^^^^^^

warning: use of deprecated method `mamba_rs::gpu::context::GpuCtx::set_batch_invariant`: use GpuCtx::set_gemm_mode
   --> tests/gemm_bi_half_tn_vec2_full_tile_cg_discovery.rs:742:13
    |
742 |         ctx.set_batch_invariant(true);
    |             ^^^^^^^^^^^^^^^^^^^
    |
    = note: `#[warn(deprecated)]` on by default

warning: use of deprecated method `mamba_rs::gpu::context::GpuCtx::set_fast_gemm`: use GpuCtx::set_gemm_mode
   --> tests/gemm_bi_half_tn_vec2_full_tile_cg_discovery.rs:744:13
    |
744 |         ctx.set_fast_gemm(false);
    |             ^^^^^^^^^^^^^

warning: use of deprecated method `mamba_rs::gpu::context::GpuCtx::set_batch_invariant`: use GpuCtx::set_gemm_mode
   --> tests/gemm_bi_scalar_tn_direct_d768_in_bk16_retained_dual_discovery.rs:836:13
    |
836 |         ctx.set_batch_invariant(true);
    |             ^^^^^^^^^^^^^^^^^^^
    |
    = note: `#[warn(deprecated)]` on by default

warning: use of deprecated method `mamba_rs::gpu::context::GpuCtx::set_fast_gemm`: use GpuCtx::set_gemm_mode
   --> tests/gemm_bi_scalar_tn_direct_d768_in_bk16_retained_dual_discovery.rs:839:13
    |
839 |         ctx.set_fast_gemm(false);
    |             ^^^^^^^^^^^^^

warning: use of deprecated method `mamba_rs::gpu::context::GpuCtx::set_batch_invariant`: use GpuCtx::set_gemm_mode
    --> tests/gemm_bi_fixed_sm120_sliced.rs:1335:9
     |
1335 |     ctx.set_batch_invariant(true);
     |         ^^^^^^^^^^^^^^^^^^^
     |
     = note: `#[warn(deprecated)]` on by default

warning: use of deprecated method `mamba_rs::gpu::context::GpuCtx::set_fast_gemm`: use GpuCtx::set_gemm_mode
    --> tests/gemm_bi_fixed_sm120_sliced.rs:1338:9
     |
1338 |     ctx.set_fast_gemm(false);
     |         ^^^^^^^^^^^^^

warning: use of deprecated method `mamba_rs::gpu::context::GpuCtx::set_batch_invariant`: use GpuCtx::set_gemm_mode
  --> tests/f32_training_graph_parity.rs:57:9
   |
57 |     ctx.set_batch_invariant(true);
   |         ^^^^^^^^^^^^^^^^^^^
   |
   = note: `#[warn(deprecated)]` on by default

warning: use of deprecated method `mamba_rs::gpu::context::GpuCtx::set_fast_gemm`: use GpuCtx::set_gemm_mode
  --> tests/f32_training_graph_parity.rs:60:9
   |
60 |     ctx.set_fast_gemm(false);
   |         ^^^^^^^^^^^^^

warning: use of deprecated method `mamba_rs::gpu::context::GpuCtx::set_fast_gemm`: use GpuCtx::set_gemm_mode
   --> tests/f32_training_graph_parity.rs:320:9
    |
320 |     ctx.set_fast_gemm(true);
    |         ^^^^^^^^^^^^^

warning: use of deprecated method `mamba_rs::gpu::context::GpuCtx::set_batch_invariant`: use GpuCtx::set_gemm_mode
   --> tests/gemm_bi_fixed_tf32_w4_discovery.rs:696:21
    |
696 |         runtime.ctx.set_batch_invariant(false);
    |                     ^^^^^^^^^^^^^^^^^^^
    |
    = note: `#[warn(deprecated)]` on by default

warning: use of deprecated method `mamba_rs::gpu::context::GpuCtx::set_fast_gemm`: use GpuCtx::set_gemm_mode
   --> tests/gemm_bi_fixed_tf32_w4_discovery.rs:697:21
    |
697 |         runtime.ctx.set_fast_gemm(true);
    |                     ^^^^^^^^^^^^^

warning: use of deprecated method `mamba_rs::gpu::context::GpuCtx::set_batch_invariant`: use GpuCtx::set_gemm_mode
   --> tests/gemm_bi_fixed_tf32_w4_discovery.rs:702:21
    |
702 |         runtime.ctx.set_batch_invariant(true);
    |                     ^^^^^^^^^^^^^^^^^^^

warning: use of deprecated method `mamba_rs::gpu::context::GpuCtx::set_fast_gemm`: use GpuCtx::set_gemm_mode
   --> tests/gemm_bi_fixed_tf32_w4_discovery.rs:703:21
    |
703 |         runtime.ctx.set_fast_gemm(false);
    |                     ^^^^^^^^^^^^^

warning: use of deprecated method `mamba_rs::gpu::context::GpuCtx::set_batch_invariant`: use GpuCtx::set_gemm_mode
   --> tests/gemm_bi_tf32_nn_n96_direct_epilogue_ca_prism_discovery.rs:477:13
    |
477 |         ctx.set_batch_invariant(true);
    |             ^^^^^^^^^^^^^^^^^^^
    |
    = note: `#[warn(deprecated)]` on by default

warning: use of deprecated method `mamba_rs::gpu::context::GpuCtx::set_fast_gemm`: use GpuCtx::set_gemm_mode
   --> tests/gemm_bi_tf32_nn_n96_direct_epilogue_ca_prism_discovery.rs:480:13
    |
480 |         ctx.set_fast_gemm(false);
    |             ^^^^^^^^^^^^^

warning: `mamba-rs` (test "gemm_bi_scalar_nn_m64n128_postproduction_experiment") generated 1 warning
warning: `mamba-rs` (test "m3_training_graph_safety") generated 5 warnings
warning: `mamba-rs` (test "gemm_bi_scalar_nt_large_deep_m64n64_tournament") generated 1 warning
warning: `mamba-rs` (test "gemm_bi_scalar_nt_skinny_direct_experiment") generated 1 warning
warning: `mamba-rs` (test "gemm_bi_scalar_tn_splitm_copyplan_siblings_discovery") generated 2 warnings
warning: `mamba-rs` (test "gemm_bi_sm120_tf32_vendor") generated 2 warnings
warning: `mamba-rs` (test "gemm_bi_half_tn_vec2_full_domain_discovery") generated 2 warnings
warning: `mamba-rs` (test "gemm_bi_tf32_splitk4_qualification") generated 2 warnings
warning: `mamba-rs` (test "ddp_emulated_equivalence") generated 1 warning
warning: `mamba-rs` (test "gemm_bi_tf32_selector_qualification") generated 2 warnings
warning: `mamba-rs` (test "gemm_bi_tf32_nt_compact_xor") generated 2 warnings
warning: `mamba-rs` (test "gemm_bi_tf32_tn_transpose_rna_m64n64_prism_discovery") generated 2 warnings
warning: `mamba-rs` (test "trainer_split") generated 6 warnings
warning: `mamba-rs` (test "gemm_bi_fixed_sm89_exact_n64") generated 2 warnings
warning: `mamba-rs` (test "gemm_bi_tf32_joint_source_contract") generated 28 warnings
warning: `mamba-rs` (test "gemm_bi_sm120_triad_census") generated 1 warning
warning: `mamba-rs` (test "gemm_bi_half_nt_m64n128_s2_d768_out_discovery") generated 1 warning (1 duplicate)
warning: `mamba-rs` (test "gemm_bi_tf32_tn_splitm_tournament") generated 1 warning
warning: `mamba-rs` (test "inference_graph_route") generated 4 warnings
warning: `mamba-rs` (test "trainer_split_m3") generated 1 warning
warning: `mamba-rs` (test "gemm_bi_half_tn_bk32_s3_regpipe_vec2_bf16_d768_in_discovery") generated 2 warnings
warning: `mamba-rs` (test "gemm_bi_half_tn_packed_raster_bf16_d768_in_discovery") generated 2 warnings
warning: `mamba-rs` (test "gemm_bi_sm89_exact_f32_d128_selector_qualification") generated 2 warnings
warning: `mamba-rs` (test "gemm_bi_scalar_nt_d768_out_m64n64_tournament") generated 2 warnings
warning: `mamba-rs` (test "gemm_bi_half_tn_vec2_full_tile_cg_discovery") generated 2 warnings
warning: `mamba-rs` (test "gemm_bi_scalar_tn_direct_d768_in_bk16_retained_dual_discovery") generated 2 warnings
warning: `mamba-rs` (test "gemm_bi_fixed_sm120_sliced") generated 2 warnings
warning: `mamba-rs` (test "f32_training_graph_parity") generated 3 warnings
warning: `mamba-rs` (test "gemm_bi_fixed_tf32_w4_discovery") generated 4 warnings
warning: `mamba-rs` (test "gemm_bi_tf32_nn_n96_direct_epilogue_ca_prism_discovery") generated 2 warnings
warning: use of deprecated method `mamba_rs::gpu::context::GpuCtx::set_batch_invariant`: use GpuCtx::set_gemm_mode
   --> tests/gemm_bi_tf32_tn_transpose_rna_m64n128_s2_prism_discovery.rs:733:13
    |
733 |         ctx.set_batch_invariant(true);
    |             ^^^^^^^^^^^^^^^^^^^
    |
    = note: `#[warn(deprecated)]` on by default

warning: use of deprecated method `mamba_rs::gpu::context::GpuCtx::set_fast_gemm`: use GpuCtx::set_gemm_mode
   --> tests/gemm_bi_tf32_tn_transpose_rna_m64n128_s2_prism_discovery.rs:736:13
    |
736 |         ctx.set_fast_gemm(false);
    |             ^^^^^^^^^^^^^

warning: use of deprecated method `mamba_rs::gpu::context::GpuCtx::set_batch_invariant`: use GpuCtx::set_gemm_mode
   --> tests/gemm_bi_tf32_nn_n96_b_ldmatrix_discovery.rs:486:13
    |
486 |         ctx.set_batch_invariant(true);
    |             ^^^^^^^^^^^^^^^^^^^
    |
    = note: `#[warn(deprecated)]` on by default

warning: use of deprecated method `mamba_rs::gpu::context::GpuCtx::set_fast_gemm`: use GpuCtx::set_gemm_mode
   --> tests/gemm_bi_tf32_nn_n96_b_ldmatrix_discovery.rs:489:13
    |
489 |         ctx.set_fast_gemm(false);
    |             ^^^^^^^^^^^^^

warning: use of deprecated method `mamba_rs::gpu::context::GpuCtx::disable_tf32`: use GpuCtx::set_gemm_mode
   --> tests/trainer_benchmarks.rs:111:23
    |
111 |         trainer.ctx().disable_tf32();
    |                       ^^^^^^^^^^^^
    |
    = note: `#[warn(deprecated)]` on by default

warning: use of deprecated method `mamba_rs::gpu::context::GpuCtx::set_batch_invariant`: use GpuCtx::set_gemm_mode
    --> tests/trainer_benchmarks.rs:1067:9
     |
1067 |     ctx.set_batch_invariant(true);
     |         ^^^^^^^^^^^^^^^^^^^

warning: use of deprecated method `mamba_rs::gpu::context::GpuCtx::set_batch_invariant`: use GpuCtx::set_gemm_mode
   --> tests/gemm_bi_fixed_tf32_n96_discovery.rs:580:25
    |
580 |             runtime.ctx.set_batch_invariant(true);
    |                         ^^^^^^^^^^^^^^^^^^^
    |
    = note: `#[warn(deprecated)]` on by default

warning: use of deprecated method `mamba_rs::gpu::context::GpuCtx::set_fast_gemm`: use GpuCtx::set_gemm_mode
   --> tests/gemm_bi_fixed_tf32_n96_discovery.rs:581:25
    |
581 |             runtime.ctx.set_fast_gemm(false);
    |                         ^^^^^^^^^^^^^

warning: use of deprecated method `mamba_rs::gpu::context::GpuCtx::set_batch_invariant`: use GpuCtx::set_gemm_mode
   --> tests/gemm_bi_fixed_tf32_n96_discovery.rs:584:25
    |
584 |             runtime.ctx.set_batch_invariant(false);
    |                         ^^^^^^^^^^^^^^^^^^^

warning: use of deprecated method `mamba_rs::gpu::context::GpuCtx::set_fast_gemm`: use GpuCtx::set_gemm_mode
   --> tests/gemm_bi_fixed_tf32_n96_discovery.rs:585:25
    |
585 |             runtime.ctx.set_fast_gemm(true);
    |                         ^^^^^^^^^^^^^

warning: use of deprecated method `mamba_rs::gpu::context::GpuCtx::set_batch_invariant`: use GpuCtx::set_gemm_mode
    --> tests/gemm_bi_fixed_tf32_n96_discovery.rs:1275:13
     |
1275 |         ctx.set_batch_invariant(true);
     |             ^^^^^^^^^^^^^^^^^^^

warning: use of deprecated method `mamba_rs::gpu::context::GpuCtx::set_fast_gemm`: use GpuCtx::set_gemm_mode
    --> tests/gemm_bi_fixed_tf32_n96_discovery.rs:1277:13
     |
1277 |         ctx.set_fast_gemm(false);
     |             ^^^^^^^^^^^^^

warning: use of deprecated method `mamba_rs::gpu::context::GpuCtx::set_batch_invariant`: use GpuCtx::set_gemm_mode
    --> tests/gemm_bi_fixed_tf32_n96_discovery.rs:1395:29
     |
1395 |                 runtime.ctx.set_batch_invariant(true);
     |                             ^^^^^^^^^^^^^^^^^^^

warning: use of deprecated method `mamba_rs::gpu::context::GpuCtx::set_fast_gemm`: use GpuCtx::set_gemm_mode
    --> tests/gemm_bi_fixed_tf32_n96_discovery.rs:1396:29
     |
1396 |                 runtime.ctx.set_fast_gemm(false);
     |                             ^^^^^^^^^^^^^

warning: use of deprecated method `mamba_rs::gpu::context::GpuCtx::set_batch_invariant`: use GpuCtx::set_gemm_mode
    --> tests/gemm_bi_fixed_tf32_n96_discovery.rs:1401:29
     |
1401 |                 runtime.ctx.set_batch_invariant(true);
     |                             ^^^^^^^^^^^^^^^^^^^

warning: use of deprecated method `mamba_rs::gpu::context::GpuCtx::set_fast_gemm`: use GpuCtx::set_gemm_mode
    --> tests/gemm_bi_fixed_tf32_n96_discovery.rs:1402:29
     |
1402 |                 runtime.ctx.set_fast_gemm(false);
     |                             ^^^^^^^^^^^^^

warning: use of deprecated method `mamba_rs::gpu::context::GpuCtx::set_batch_invariant`: use GpuCtx::set_gemm_mode
    --> tests/gemm_bi_fixed_tf32_n96_discovery.rs:1407:29
     |
1407 |                 runtime.ctx.set_batch_invariant(false);
     |                             ^^^^^^^^^^^^^^^^^^^

warning: use of deprecated method `mamba_rs::gpu::context::GpuCtx::set_fast_gemm`: use GpuCtx::set_gemm_mode
    --> tests/gemm_bi_fixed_tf32_n96_discovery.rs:1408:29
     |
1408 |                 runtime.ctx.set_fast_gemm(true);
     |                             ^^^^^^^^^^^^^

warning: function `fixture_with_values` is never used
    --> tests/gemm_bi_fixed_tf32_n96_discovery.rs:1626:8
     |
1626 |     fn fixture_with_values(
     |        ^^^^^^^^^^^^^^^^^^^
     |
     = note: `#[warn(dead_code)]` (part of `#[warn(unused)]`) on by default

warning: use of deprecated method `mamba_rs::gpu::context::GpuCtx::set_batch_invariant`: use GpuCtx::set_gemm_mode
   --> tests/gemm_bi_tf32_nn_rect_wide_next_tournament.rs:751:13
    |
751 |         ctx.set_batch_invariant(true);
    |             ^^^^^^^^^^^^^^^^^^^
    |
    = note: `#[warn(deprecated)]` on by default

warning: use of deprecated method `mamba_rs::gpu::context::GpuCtx::set_batch_invariant`: use GpuCtx::set_gemm_mode
   --> tests/gemm_bi_half_tn_vec2_full_tile_stage_discovery.rs:740:13
    |
740 |         ctx.set_batch_invariant(true);
    |             ^^^^^^^^^^^^^^^^^^^
    |
    = note: `#[warn(deprecated)]` on by default

warning: use of deprecated method `mamba_rs::gpu::context::GpuCtx::set_fast_gemm`: use GpuCtx::set_gemm_mode
   --> tests/gemm_bi_half_tn_vec2_full_tile_stage_discovery.rs:742:13
    |
742 |         ctx.set_fast_gemm(false);
    |             ^^^^^^^^^^^^^

warning: use of deprecated method `mamba_rs::gpu::context::GpuCtx::set_batch_invariant`: use GpuCtx::set_gemm_mode
    --> tests/gemm_bi_scalar_nn_m64n64_qualification.rs:1993:13
     |
1993 |         ctx.set_batch_invariant(true);
     |             ^^^^^^^^^^^^^^^^^^^
     |
     = note: `#[warn(deprecated)]` on by default

warning: use of deprecated method `mamba_rs::gpu::context::GpuCtx::set_fast_gemm`: use GpuCtx::set_gemm_mode
    --> tests/gemm_bi_scalar_nn_m64n64_qualification.rs:1995:13
     |
1995 |         ctx.set_fast_gemm(false);
     |             ^^^^^^^^^^^^^

warning: use of deprecated method `mamba_rs::gpu::context::GpuCtx::set_batch_invariant`: use GpuCtx::set_gemm_mode
   --> tests/gemm_bi_half_tn_regpipe_vec2_bx4_d768_in_discovery.rs:496:13
    |
496 |         ctx.set_batch_invariant(true);
    |             ^^^^^^^^^^^^^^^^^^^
    |
    = note: `#[warn(deprecated)]` on by default

warning: use of deprecated method `mamba_rs::gpu::context::GpuCtx::set_fast_gemm`: use GpuCtx::set_gemm_mode
   --> tests/gemm_bi_half_tn_regpipe_vec2_bx4_d768_in_discovery.rs:498:13
    |
498 |         ctx.set_fast_gemm(false);
    |             ^^^^^^^^^^^^^

warning: field `active` is never read
   --> tests/gemm_bi_half_tn_regpipe_vec2_bx4_d768_in_discovery.rs:176:9
    |
173 |     struct GuardedHalf {
    |            ----------- field in this struct
...
176 |         active: usize,
    |         ^^^^^^
    |
    = note: `#[warn(dead_code)]` (part of `#[warn(unused)]`) on by default

warning: method `reset` is never used
   --> tests/gemm_bi_half_tn_regpipe_vec2_bx4_d768_in_discovery.rs:197:12
    |
179 |     impl GuardedHalf {
    |     ---------------- method in this implementation
...
197 |         fn reset(&mut self, ctx: &GpuCtx) -> Result<(), String> {
    |            ^^^^^

warning: use of deprecated method `mamba_rs::gpu::context::GpuCtx::set_batch_invariant`: use GpuCtx::set_gemm_mode
   --> tests/gemm_bi_tf32_m16n16_qualification.rs:131:9
    |
131 |     ctx.set_batch_invariant(true);
    |         ^^^^^^^^^^^^^^^^^^^
    |
    = note: `#[warn(deprecated)]` on by default

warning: use of deprecated method `mamba_rs::gpu::context::GpuCtx::set_fast_gemm`: use GpuCtx::set_gemm_mode
   --> tests/gemm_bi_tf32_m16n16_qualification.rs:133:9
    |
133 |     ctx.set_fast_gemm(false);
    |         ^^^^^^^^^^^^^

warning: use of deprecated method `mamba_rs::gpu::context::GpuCtx::set_batch_invariant`: use GpuCtx::set_gemm_mode
   --> tests/gemm_bi_tf32_nn_n96_full_domain_cpasync_prism_discovery.rs:806:13
    |
806 |         ctx.set_batch_invariant(true);
    |             ^^^^^^^^^^^^^^^^^^^
    |
    = note: `#[warn(deprecated)]` on by default

warning: use of deprecated method `mamba_rs::gpu::context::GpuCtx::set_fast_gemm`: use GpuCtx::set_gemm_mode
   --> tests/gemm_bi_tf32_nn_n96_full_domain_cpasync_prism_discovery.rs:809:13
    |
809 |         ctx.set_fast_gemm(false);
    |             ^^^^^^^^^^^^^

warning: use of deprecated method `mamba_rs::gpu::context::GpuCtx::set_batch_invariant`: use GpuCtx::set_gemm_mode
   --> tests/gemm_bi_tf32_nn_rect_wide_tournament.rs:767:13
    |
767 |         ctx.set_batch_invariant(true);
    |             ^^^^^^^^^^^^^^^^^^^
    |
    = note: `#[warn(deprecated)]` on by default

warning: use of deprecated method `mamba_rs::gpu::context::GpuCtx::set_batch_invariant`: use GpuCtx::set_gemm_mode
   --> tests/gemm_bi_tf32_nt_compact_a_ldmatrix_sliced_d768_in_discovery.rs:511:13
    |
511 |         ctx.set_batch_invariant(true);
    |             ^^^^^^^^^^^^^^^^^^^
    |
    = note: `#[warn(deprecated)]` on by default

warning: use of deprecated method `mamba_rs::gpu::context::GpuCtx::set_fast_gemm`: use GpuCtx::set_gemm_mode
   --> tests/gemm_bi_tf32_nt_compact_a_ldmatrix_sliced_d768_in_discovery.rs:513:13
    |
513 |         ctx.set_fast_gemm(false);
    |             ^^^^^^^^^^^^^

warning: use of deprecated method `mamba_rs::gpu::context::GpuCtx::set_batch_invariant`: use GpuCtx::set_gemm_mode
   --> tests/gemm_bi_tf32_tn_transpose_rna_n96_d768_out_discovery.rs:660:13
    |
660 |         ctx.set_batch_invariant(true);
    |             ^^^^^^^^^^^^^^^^^^^
    |
    = note: `#[warn(deprecated)]` on by default

warning: use of deprecated method `mamba_rs::gpu::context::GpuCtx::set_fast_gemm`: use GpuCtx::set_gemm_mode
   --> tests/gemm_bi_tf32_tn_transpose_rna_n96_d768_out_discovery.rs:663:13
    |
663 |         ctx.set_fast_gemm(false);
    |             ^^^^^^^^^^^^^

warning: use of deprecated method `mamba_rs::gpu::context::GpuCtx::set_batch_invariant`: use GpuCtx::set_gemm_mode
    --> tests/gemm_bi_tn_narrow_partition_tournament.rs:2755:13
     |
2755 |         ctx.set_batch_invariant(true);
     |             ^^^^^^^^^^^^^^^^^^^
     |
     = note: `#[warn(deprecated)]` on by default

warning: use of deprecated method `mamba_rs::gpu::context::GpuCtx::set_fast_gemm`: use GpuCtx::set_gemm_mode
    --> tests/gemm_bi_tn_narrow_partition_tournament.rs:2757:13
     |
2757 |         ctx.set_fast_gemm(false);
     |             ^^^^^^^^^^^^^

warning: use of deprecated method `mamba_rs::gpu::context::GpuCtx::set_batch_invariant`: use GpuCtx::set_gemm_mode
   --> tests/gemm_bi_scalar_tn_direct_d768_in_discovery.rs:557:13
    |
557 |         ctx.set_batch_invariant(true);
    |             ^^^^^^^^^^^^^^^^^^^
    |
    = note: `#[warn(deprecated)]` on by default

warning: use of deprecated method `mamba_rs::gpu::context::GpuCtx::set_fast_gemm`: use GpuCtx::set_gemm_mode
   --> tests/gemm_bi_scalar_tn_direct_d768_in_discovery.rs:560:13
    |
560 |         ctx.set_fast_gemm(false);
    |             ^^^^^^^^^^^^^

warning: use of deprecated method `mamba_rs::gpu::context::GpuCtx::set_batch_invariant`: use GpuCtx::set_gemm_mode
   --> tests/gemm_bi_scalar_tn_prism_vec4_reducer_discovery.rs:786:13
    |
786 |         ctx.set_batch_invariant(true);
    |             ^^^^^^^^^^^^^^^^^^^
    |
    = note: `#[warn(deprecated)]` on by default

warning: use of deprecated method `mamba_rs::gpu::context::GpuCtx::set_fast_gemm`: use GpuCtx::set_gemm_mode
   --> tests/gemm_bi_scalar_tn_prism_vec4_reducer_discovery.rs:789:13
    |
789 |         ctx.set_fast_gemm(false);
    |             ^^^^^^^^^^^^^

warning: unused variable: `candidate`
    --> tests/gemm_bi_scalar_tn_prism_vec4_reducer_discovery.rs:1071:9
     |
1071 |         candidate: CandidateFixed,
     |         ^^^^^^^^^ help: if this is intentional, prefix it with an underscore: `_candidate`
     |
     = note: `#[warn(unused_variables)]` (part of `#[warn(unused)]`) on by default

warning: function `fixed_function` is never used
   --> tests/gemm_bi_scalar_tn_prism_vec4_reducer_discovery.rs:861:8
    |
861 |     fn fixed_function(
    |        ^^^^^^^^^^^^^^
    |
    = note: `#[warn(dead_code)]` (part of `#[warn(unused)]`) on by default

warning: function `launch_transpose` is never used
   --> tests/gemm_bi_scalar_tn_prism_vec4_reducer_discovery.rs:879:8
    |
879 |     fn launch_transpose(runtime: &Runtime, fixture: &Fixture) -> Result<(), String> {
    |        ^^^^^^^^^^^^^^^^

warning: function `launch_retained_partials` is never used
   --> tests/gemm_bi_scalar_tn_prism_vec4_reducer_discovery.rs:897:8
    |
897 |     fn launch_retained_partials(
    |        ^^^^^^^^^^^^^^^^^^^^^^^^

warning: use of deprecated method `mamba_rs::gpu::context::GpuCtx::set_batch_invariant`: use GpuCtx::set_gemm_mode
   --> tests/gemm_bi_scalar_tn_direct_dual_chunk_fused_d768_in_discovery.rs:880:13
    |
880 |         ctx.set_batch_invariant(true);
    |             ^^^^^^^^^^^^^^^^^^^
    |
    = note: `#[warn(deprecated)]` on by default

warning: use of deprecated method `mamba_rs::gpu::context::GpuCtx::set_fast_gemm`: use GpuCtx::set_gemm_mode
   --> tests/gemm_bi_scalar_tn_direct_dual_chunk_fused_d768_in_discovery.rs:883:13
    |
883 |         ctx.set_fast_gemm(false);
    |             ^^^^^^^^^^^^^

warning: use of deprecated method `mamba_rs::gpu::context::GpuCtx::set_batch_invariant`: use GpuCtx::set_gemm_mode
   --> tests/gemm_bi_scalar_tn_copyplan_dual_chunk_fused_d768_in_discovery.rs:840:13
    |
840 |         ctx.set_batch_invariant(true);
    |             ^^^^^^^^^^^^^^^^^^^
    |
    = note: `#[warn(deprecated)]` on by default

warning: use of deprecated method `mamba_rs::gpu::context::GpuCtx::set_fast_gemm`: use GpuCtx::set_gemm_mode
   --> tests/gemm_bi_scalar_tn_copyplan_dual_chunk_fused_d768_in_discovery.rs:843:13
    |
843 |         ctx.set_fast_gemm(false);
    |             ^^^^^^^^^^^^^

warning: use of deprecated method `mamba_rs::gpu::context::GpuCtx::set_batch_invariant`: use GpuCtx::set_gemm_mode
    --> tests/gemm_bi_performance_matrix.rs:7133:13
     |
7133 |         ctx.set_batch_invariant(true);
     |             ^^^^^^^^^^^^^^^^^^^
     |
     = note: `#[warn(deprecated)]` on by default

warning: use of deprecated method `mamba_rs::gpu::context::GpuCtx::set_fast_gemm`: use GpuCtx::set_gemm_mode
    --> tests/gemm_bi_performance_matrix.rs:7135:13
     |
7135 |         ctx.set_fast_gemm(false);
     |             ^^^^^^^^^^^^^

warning: use of deprecated method `mamba_rs::gpu::context::GpuCtx::set_batch_invariant`: use GpuCtx::set_gemm_mode
    --> tests/gemm_bi_performance_matrix.rs:8535:13
     |
8535 |         ctx.set_batch_invariant(true);
     |             ^^^^^^^^^^^^^^^^^^^

warning: use of deprecated method `mamba_rs::gpu::context::GpuCtx::set_fast_gemm`: use GpuCtx::set_gemm_mode
    --> tests/gemm_bi_performance_matrix.rs:8537:13
     |
8537 |         ctx.set_fast_gemm(false);
     |             ^^^^^^^^^^^^^

warning: use of deprecated method `mamba_rs::gpu::context::GpuCtx::set_batch_invariant`: use GpuCtx::set_gemm_mode
    --> tests/gemm_bi_performance_matrix.rs:8609:9
     |
8609 |     ctx.set_batch_invariant(false);
     |         ^^^^^^^^^^^^^^^^^^^

warning: use of deprecated method `mamba_rs::gpu::context::GpuCtx::set_batch_invariant`: use GpuCtx::set_gemm_mode
    --> tests/gemm_bi_performance_matrix.rs:8691:14
     |
8691 |     auto_ctx.set_batch_invariant(true);
     |              ^^^^^^^^^^^^^^^^^^^

warning: use of deprecated method `mamba_rs::gpu::context::GpuCtx::set_fast_gemm`: use GpuCtx::set_gemm_mode
    --> tests/gemm_bi_performance_matrix.rs:8693:14
     |
8693 |     auto_ctx.set_fast_gemm(false);
     |              ^^^^^^^^^^^^^

warning: use of deprecated method `mamba_rs::gpu::context::GpuCtx::set_batch_invariant`: use GpuCtx::set_gemm_mode
    --> tests/gemm_bi_performance_matrix.rs:8751:9
     |
8751 |     ctx.set_batch_invariant(true);
     |         ^^^^^^^^^^^^^^^^^^^

warning: use of deprecated method `mamba_rs::gpu::context::GpuCtx::set_fast_gemm`: use GpuCtx::set_gemm_mode
    --> tests/gemm_bi_performance_matrix.rs:8753:9
     |
8753 |     ctx.set_fast_gemm(false);
     |         ^^^^^^^^^^^^^

warning: use of deprecated method `mamba_rs::gpu::context::GpuCtx::set_batch_invariant`: use GpuCtx::set_gemm_mode
    --> tests/gemm_bi_performance_matrix.rs:8833:9
     |
8833 |     ctx.set_batch_invariant(true);
     |         ^^^^^^^^^^^^^^^^^^^

warning: use of deprecated method `mamba_rs::gpu::context::GpuCtx::set_fast_gemm`: use GpuCtx::set_gemm_mode
    --> tests/gemm_bi_performance_matrix.rs:8835:9
     |
8835 |     ctx.set_fast_gemm(false);
     |         ^^^^^^^^^^^^^

warning: use of deprecated method `mamba_rs::gpu::context::GpuCtx::set_batch_invariant`: use GpuCtx::set_gemm_mode
    --> tests/gemm_bi_performance_matrix.rs:8899:9
     |
8899 |     ctx.set_batch_invariant(true);
     |         ^^^^^^^^^^^^^^^^^^^

warning: use of deprecated method `mamba_rs::gpu::context::GpuCtx::set_fast_gemm`: use GpuCtx::set_gemm_mode
    --> tests/gemm_bi_performance_matrix.rs:8901:9
     |
8901 |     ctx.set_fast_gemm(false);
     |         ^^^^^^^^^^^^^

warning: use of deprecated method `mamba_rs::gpu::context::GpuCtx::set_batch_invariant`: use GpuCtx::set_gemm_mode
    --> tests/gemm_bi_performance_matrix.rs:9033:9
     |
9033 |     ctx.set_batch_invariant(true);
     |         ^^^^^^^^^^^^^^^^^^^

warning: use of deprecated method `mamba_rs::gpu::context::GpuCtx::set_fast_gemm`: use GpuCtx::set_gemm_mode
    --> tests/gemm_bi_performance_matrix.rs:9035:9
     |
9035 |     ctx.set_fast_gemm(false);
     |         ^^^^^^^^^^^^^

warning: use of deprecated method `mamba_rs::gpu::context::GpuCtx::set_batch_invariant`: use GpuCtx::set_gemm_mode
     --> tests/gemm_bi_performance_matrix.rs:10883:13
      |
10883 |         ctx.set_batch_invariant(true);
      |             ^^^^^^^^^^^^^^^^^^^

warning: use of deprecated method `mamba_rs::gpu::context::GpuCtx::set_batch_invariant`: use GpuCtx::set_gemm_mode
   --> tests/gemm_bi_scalar_tn_copyplan_fused_finalize_n32_d768_in_discovery.rs:648:13
    |
648 |         ctx.set_batch_invariant(true);
    |             ^^^^^^^^^^^^^^^^^^^
    |
    = note: `#[warn(deprecated)]` on by default

warning: use of deprecated method `mamba_rs::gpu::context::GpuCtx::set_fast_gemm`: use GpuCtx::set_gemm_mode
   --> tests/gemm_bi_scalar_tn_copyplan_fused_finalize_n32_d768_in_discovery.rs:651:13
    |
651 |         ctx.set_fast_gemm(false);
    |             ^^^^^^^^^^^^^

warning: use of deprecated method `mamba_rs::gpu::context::GpuCtx::set_batch_invariant`: use GpuCtx::set_gemm_mode
   --> tests/gemm_bi_scalar_tn_direct_prism_bk16_discovery.rs:749:13
    |
749 |         ctx.set_batch_invariant(true);
    |             ^^^^^^^^^^^^^^^^^^^
    |
    = note: `#[warn(deprecated)]` on by default

warning: use of deprecated method `mamba_rs::gpu::context::GpuCtx::set_fast_gemm`: use GpuCtx::set_gemm_mode
   --> tests/gemm_bi_scalar_tn_direct_prism_bk16_discovery.rs:752:13
    |
752 |         ctx.set_fast_gemm(false);
    |             ^^^^^^^^^^^^^

warning: unused variable: `candidate`
   --> tests/gemm_bi_scalar_tn_direct_prism_bk16_discovery.rs:977:9
    |
977 |         candidate: CandidateFixed,
    |         ^^^^^^^^^ help: if this is intentional, prefix it with an underscore: `_candidate`
    |
    = note: `#[warn(unused_variables)]` (part of `#[warn(unused)]`) on by default

warning: function `fixed_function` is never used
   --> tests/gemm_bi_scalar_tn_direct_prism_bk16_discovery.rs:794:8
    |
794 |     fn fixed_function(
    |        ^^^^^^^^^^^^^^
    |
    = note: `#[warn(dead_code)]` (part of `#[warn(unused)]`) on by default

warning: function `launch_transpose` is never used
   --> tests/gemm_bi_scalar_tn_direct_prism_bk16_discovery.rs:812:8
    |
812 |     fn launch_transpose(runtime: &Runtime, fixture: &Fixture) -> Result<(), String> {
    |        ^^^^^^^^^^^^^^^^

warning: function `launch_retained_partials` is never used
   --> tests/gemm_bi_scalar_tn_direct_prism_bk16_discovery.rs:830:8
    |
830 |     fn launch_retained_partials(
    |        ^^^^^^^^^^^^^^^^^^^^^^^^

warning: use of deprecated method `mamba_rs::gpu::context::GpuCtx::set_batch_invariant`: use GpuCtx::set_gemm_mode
   --> tests/gemm_bi_tf32_nt_compact_a_ldmatrix_sliced_prism_discovery.rs:541:13
    |
541 |         ctx.set_batch_invariant(true);
    |             ^^^^^^^^^^^^^^^^^^^
    |
    = note: `#[warn(deprecated)]` on by default

warning: use of deprecated method `mamba_rs::gpu::context::GpuCtx::set_fast_gemm`: use GpuCtx::set_gemm_mode
   --> tests/gemm_bi_tf32_nt_compact_a_ldmatrix_sliced_prism_discovery.rs:543:13
    |
543 |         ctx.set_fast_gemm(false);
    |             ^^^^^^^^^^^^^

warning: use of deprecated method `mamba_rs::gpu::context::GpuCtx::set_batch_invariant`: use GpuCtx::set_gemm_mode
    --> tests/gemm_bi_scalar_wide_microtile_experiment.rs:1129:24
     |
1129 |         production_ctx.set_batch_invariant(true);
     |                        ^^^^^^^^^^^^^^^^^^^
     |
     = note: `#[warn(deprecated)]` on by default

warning: use of deprecated method `mamba_rs::gpu::context::GpuCtx::set_batch_invariant`: use GpuCtx::set_gemm_mode
   --> tests/m3_prefill_bench.rs:257:13
    |
257 |         ctx.set_batch_invariant(bi);
    |             ^^^^^^^^^^^^^^^^^^^
    |
    = note: `#[warn(deprecated)]` on by default

warning: `mamba-rs` (test "gemm_bi_tf32_tn_transpose_rna_m64n128_s2_prism_discovery") generated 2 warnings
warning: `mamba-rs` (test "gemm_bi_tf32_nn_n96_b_ldmatrix_discovery") generated 2 warnings
warning: `mamba-rs` (test "trainer_benchmarks") generated 2 warnings
warning: `mamba-rs` (test "gemm_bi_fixed_tf32_n96_discovery") generated 13 warnings
warning: `mamba-rs` (test "gemm_bi_tf32_nn_rect_wide_next_tournament") generated 1 warning
warning: `mamba-rs` (test "gemm_bi_half_tn_vec2_full_tile_stage_discovery") generated 2 warnings
warning: `mamba-rs` (test "gemm_bi_scalar_nn_m64n64_qualification") generated 2 warnings
warning: `mamba-rs` (test "gemm_bi_half_nt_m64n128_s3_groupm8_d768_out_discovery") generated 1 warning (1 duplicate)
warning: `mamba-rs` (test "gemm_bi_half_tn_regpipe_vec2_bx4_d768_in_discovery") generated 4 warnings
warning: `mamba-rs` (test "gemm_bi_tf32_m16n16_qualification") generated 2 warnings
warning: `mamba-rs` (test "gemm_bi_tf32_nn_n96_full_domain_cpasync_prism_discovery") generated 2 warnings
warning: `mamba-rs` (test "gemm_bi_tf32_nn_rect_wide_tournament") generated 1 warning
warning: `mamba-rs` (test "gemm_bi_tf32_nt_compact_a_ldmatrix_sliced_d768_in_discovery") generated 2 warnings
warning: `mamba-rs` (test "gemm_bi_tf32_tn_transpose_rna_n96_d768_out_discovery") generated 2 warnings
warning: `mamba-rs` (test "gemm_bi_tn_narrow_partition_tournament") generated 2 warnings
warning: `mamba-rs` (test "gemm_bi_scalar_tn_direct_d768_in_discovery") generated 2 warnings
warning: `mamba-rs` (test "gemm_bi_scalar_tn_prism_vec4_reducer_discovery") generated 6 warnings (run `cargo fix --test "gemm_bi_scalar_tn_prism_vec4_reducer_discovery" -p mamba-rs` to apply 1 suggestion)
warning: `mamba-rs` (test "gemm_bi_scalar_tn_direct_dual_chunk_fused_d768_in_discovery") generated 2 warnings
warning: `mamba-rs` (test "gemm_bi_scalar_tn_copyplan_dual_chunk_fused_d768_in_discovery") generated 2 warnings
warning: `mamba-rs` (test "gemm_bi_performance_matrix") generated 16 warnings
warning: `mamba-rs` (test "gemm_bi_scalar_tn_copyplan_fused_finalize_n32_d768_in_discovery") generated 2 warnings
warning: `mamba-rs` (test "gemm_bi_scalar_tn_direct_prism_bk16_discovery") generated 6 warnings (run `cargo fix --test "gemm_bi_scalar_tn_direct_prism_bk16_discovery" -p mamba-rs` to apply 1 suggestion)
warning: `mamba-rs` (test "gemm_bi_tf32_nt_compact_a_ldmatrix_sliced_prism_discovery") generated 2 warnings
warning: `mamba-rs` (test "gemm_bi_scalar_wide_microtile_experiment") generated 1 warning
warning: `mamba-rs` (test "m3_prefill_bench") generated 1 warning
warning: use of deprecated method `mamba_rs::gpu::context::GpuCtx::set_batch_invariant`: use GpuCtx::set_gemm_mode
   --> tests/gemm_bi_fixed_half_m64n128_qualification.rs:691:17
    |
691 |             ctx.set_batch_invariant(true);
    |                 ^^^^^^^^^^^^^^^^^^^
    |
    = note: `#[warn(deprecated)]` on by default

warning: use of deprecated method `mamba_rs::gpu::context::GpuCtx::set_fast_gemm`: use GpuCtx::set_gemm_mode
   --> tests/gemm_bi_fixed_half_m64n128_qualification.rs:692:17
    |
692 |             ctx.set_fast_gemm(false);
    |                 ^^^^^^^^^^^^^

warning: use of deprecated method `mamba_rs::gpu::context::GpuCtx::set_batch_invariant`: use GpuCtx::set_gemm_mode
   --> tests/gemm_bi_fixed_half_m64n128_qualification.rs:695:17
    |
695 |             ctx.set_batch_invariant(false);
    |                 ^^^^^^^^^^^^^^^^^^^

warning: use of deprecated method `mamba_rs::gpu::context::GpuCtx::set_fast_gemm`: use GpuCtx::set_gemm_mode
   --> tests/gemm_bi_fixed_half_m64n128_qualification.rs:696:17
    |
696 |             ctx.set_fast_gemm(true);
    |                 ^^^^^^^^^^^^^

warning: use of deprecated method `mamba_rs::gpu::context::GpuCtx::set_batch_invariant`: use GpuCtx::set_gemm_mode
   --> tests/gemm_bi_typed_parity.rs:143:13
    |
143 |         ctx.set_batch_invariant(true);
    |             ^^^^^^^^^^^^^^^^^^^
    |
    = note: `#[warn(deprecated)]` on by default

warning: use of deprecated method `mamba_rs::gpu::context::GpuCtx::set_fast_gemm`: use GpuCtx::set_gemm_mode
   --> tests/gemm_bi_typed_parity.rs:145:13
    |
145 |         ctx.set_fast_gemm(false);
    |             ^^^^^^^^^^^^^

warning: use of deprecated method `mamba_rs::gpu::context::GpuCtx::set_batch_invariant`: use GpuCtx::set_gemm_mode
   --> tests/gemm_bi_typed_parity.rs:159:13
    |
159 |         ctx.set_batch_invariant(true);
    |             ^^^^^^^^^^^^^^^^^^^

warning: use of deprecated method `mamba_rs::gpu::context::GpuCtx::set_fast_gemm`: use GpuCtx::set_gemm_mode
   --> tests/gemm_bi_typed_parity.rs:161:13
    |
161 |         ctx.set_fast_gemm(false);
    |             ^^^^^^^^^^^^^

warning: associated function `new` is never used
    --> tests/gemm_bi_typed_parity.rs:6370:8
     |
6369 | impl AdaHalfNtS3Fixture {
     | ----------------------- associated function in this implementation
6370 |     fn new(t: &Ctx, dtype: WeightDtype) -> Self {
     |        ^^^
     |
     = note: `#[warn(dead_code)]` (part of `#[warn(unused)]`) on by default

warning: constant `SYMBOL_PREFIX` is never used
 --> tests/support/triad_half_nt_fixed_s3_source.rs:1:11
  |
1 | pub const SYMBOL_PREFIX: &str = "gemm_bi_nt_test_fixed_s3_bxor_";
  |           ^^^^^^^^^^^^^

warning: use of deprecated method `mamba_rs::gpu::context::GpuCtx::set_batch_invariant`: use GpuCtx::set_gemm_mode
   --> tests/gemm_bi_tn_d128_fused_contract_tournament.rs:355:13
    |
355 |         ctx.set_batch_invariant(true);
    |             ^^^^^^^^^^^^^^^^^^^
    |
    = note: `#[warn(deprecated)]` on by default

warning: use of deprecated method `mamba_rs::gpu::context::GpuCtx::set_batch_invariant`: use GpuCtx::set_gemm_mode
   --> tests/gemm_bi_tn_d128_fused_contract_tournament.rs:763:13
    |
763 |         ctx.set_batch_invariant(true);
    |             ^^^^^^^^^^^^^^^^^^^

warning: use of deprecated method `mamba_rs::gpu::context::GpuCtx::set_fast_gemm`: use GpuCtx::set_gemm_mode
   --> tests/gemm_bi_tn_d128_fused_contract_tournament.rs:766:13
    |
766 |         ctx.set_fast_gemm(false);
    |             ^^^^^^^^^^^^^

warning: use of deprecated method `mamba_rs::gpu::context::GpuCtx::set_batch_invariant`: use GpuCtx::set_gemm_mode
   --> tests/gemm_bi_half_tn_regpipe_vec2_issue_d768_in_discovery.rs:762:13
    |
762 |         ctx.set_batch_invariant(true);
    |             ^^^^^^^^^^^^^^^^^^^
    |
    = note: `#[warn(deprecated)]` on by default

warning: use of deprecated method `mamba_rs::gpu::context::GpuCtx::set_fast_gemm`: use GpuCtx::set_gemm_mode
   --> tests/gemm_bi_half_tn_regpipe_vec2_issue_d768_in_discovery.rs:764:13
    |
764 |         ctx.set_fast_gemm(false);
    |             ^^^^^^^^^^^^^

warning: use of deprecated method `mamba_rs::gpu::context::GpuCtx::set_fast_gemm`: use GpuCtx::set_gemm_mode
  --> tests/scan_mode_bench.rs:60:23
   |
60 |         trainer.ctx().set_fast_gemm(fast);
   |                       ^^^^^^^^^^^^^
   |
   = note: `#[warn(deprecated)]` on by default

warning: use of deprecated method `mamba_rs::gpu::context::GpuCtx::set_batch_invariant`: use GpuCtx::set_gemm_mode
   --> tests/gemm_bi_tf32_tn_panel8_tournament.rs:445:13
    |
445 |         ctx.set_batch_invariant(true);
    |             ^^^^^^^^^^^^^^^^^^^
    |
    = note: `#[warn(deprecated)]` on by default

warning: use of deprecated method `mamba_rs::gpu::context::GpuCtx::set_batch_invariant`: use GpuCtx::set_gemm_mode
   --> tests/gemm_bi_scalar_tn_copyplan_fused_finalize_groupm12_d768_in_discovery.rs:657:13
    |
657 |         ctx.set_batch_invariant(true);
    |             ^^^^^^^^^^^^^^^^^^^
    |
    = note: `#[warn(deprecated)]` on by default

warning: use of deprecated method `mamba_rs::gpu::context::GpuCtx::set_fast_gemm`: use GpuCtx::set_gemm_mode
   --> tests/gemm_bi_scalar_tn_copyplan_fused_finalize_groupm12_d768_in_discovery.rs:660:13
    |
660 |         ctx.set_fast_gemm(false);
    |             ^^^^^^^^^^^^^

warning: use of deprecated method `mamba_rs::gpu::context::GpuCtx::set_batch_invariant`: use GpuCtx::set_gemm_mode
   --> tests/gemm_bi_tf32_tn_underfill_tournament.rs:713:13
    |
713 |         ctx.set_batch_invariant(true);
    |             ^^^^^^^^^^^^^^^^^^^
    |
    = note: `#[warn(deprecated)]` on by default

warning: enum `Sm89ExactF32TnRoute` is never used
  --> tests/../src/mamba_ssm/gpu/gemm_bi_triad/sm89_exact_f32_source.rs:18:10
   |
18 | pub enum Sm89ExactF32TnRoute {
   |          ^^^^^^^^^^^^^^^^^^^
   |
   = note: `#[warn(dead_code)]` (part of `#[warn(unused)]`) on by default

warning: method `symbol` is never used
  --> tests/../src/mamba_ssm/gpu/gemm_bi_triad/sm89_exact_f32_source.rs:25:18
   |
24 | impl Sm89ExactF32TnRoute {
   | ------------------------ method in this implementation
25 |     pub const fn symbol(self) -> &'static str {
   |                  ^^^^^^

warning: function `kernel_spec` is never used
   --> tests/../src/mamba_ssm/gpu/gemm_bi_triad/sm89_exact_f32_source.rs:130:8
    |
130 | pub fn kernel_spec(symbol: &str) -> Option<&'static Sm89ExactF32KernelSpec> {
    |        ^^^^^^^^^^^

warning: use of deprecated method `mamba_rs::gpu::context::GpuCtx::set_batch_invariant`: use GpuCtx::set_gemm_mode
   --> tests/gemm_bi_scalar_nt_d128_out_m64n64_tournament.rs:483:13
    |
483 |         ctx.set_batch_invariant(true);
    |             ^^^^^^^^^^^^^^^^^^^
    |
    = note: `#[warn(deprecated)]` on by default

warning: use of deprecated method `mamba_rs::gpu::context::GpuCtx::set_batch_invariant`: use GpuCtx::set_gemm_mode
   --> tests/gemm_bi_scalar_nn_splitk_m64n64_tournament.rs:589:13
    |
589 |         ctx.set_batch_invariant(true);
    |             ^^^^^^^^^^^^^^^^^^^
    |
    = note: `#[warn(deprecated)]` on by default

warning: use of deprecated method `mamba_rs::gpu::context::GpuCtx::set_batch_invariant`: use GpuCtx::set_gemm_mode
   --> tests/gemm_denominator_probe.rs:275:17
    |
275 |             ctx.set_batch_invariant(false);
    |                 ^^^^^^^^^^^^^^^^^^^
    |
    = note: `#[warn(deprecated)]` on by default

warning: use of deprecated method `mamba_rs::gpu::context::GpuCtx::set_fast_gemm`: use GpuCtx::set_gemm_mode
   --> tests/gemm_denominator_probe.rs:276:17
    |
276 |             ctx.set_fast_gemm(fast);
    |                 ^^^^^^^^^^^^^

warning: use of deprecated method `mamba_rs::gpu::context::GpuCtx::set_fast_gemm`: use GpuCtx::set_gemm_mode
   --> tests/gemm_denominator_probe.rs:281:17
    |
281 |             ctx.set_fast_gemm(false);
    |                 ^^^^^^^^^^^^^

warning: use of deprecated method `mamba_rs::gpu::context::GpuCtx::set_batch_invariant`: use GpuCtx::set_gemm_mode
   --> tests/gemm_denominator_probe.rs:282:17
    |
282 |             ctx.set_batch_invariant(true);
    |                 ^^^^^^^^^^^^^^^^^^^

warning: `mamba-rs` (test "gemm_bi_fixed_half_m64n128_qualification") generated 4 warnings
warning: `mamba-rs` (test "gemm_bi_typed_parity") generated 6 warnings
warning: `mamba-rs` (test "gemm_bi_tn_d128_fused_contract_tournament") generated 3 warnings
warning: `mamba-rs` (test "gemm_bi_half_tn_regpipe_vec2_issue_d768_in_discovery") generated 2 warnings
warning: `mamba-rs` (test "scan_mode_bench") generated 1 warning
warning: `mamba-rs` (test "gemm_bi_tf32_tn_panel8_tournament") generated 1 warning
warning: `mamba-rs` (test "gemm_bi_scalar_tn_copyplan_fused_finalize_groupm12_d768_in_discovery") generated 2 warnings
warning: `mamba-rs` (test "gemm_bi_tf32_tn_underfill_tournament") generated 1 warning
warning: `mamba-rs` (test "gemm_bi_sm89_exact_f32_source_contract") generated 3 warnings
warning: `mamba-rs` (test "gemm_bi_scalar_nt_d128_out_m64n64_tournament") generated 1 warning
warning: `mamba-rs` (test "gemm_bi_scalar_nn_splitk_m64n64_tournament") generated 1 warning
warning: `mamba-rs` (test "gemm_denominator_probe") generated 4 warnings
warning: use of deprecated method `mamba_rs::gpu::context::GpuCtx::set_batch_invariant`: use GpuCtx::set_gemm_mode
     --> tests/gemm_bi_tf32_contract.rs:13785:9
      |
13785 |     ctx.set_batch_invariant(true);
      |         ^^^^^^^^^^^^^^^^^^^
      |
      = note: `#[warn(deprecated)]` on by default

warning: use of deprecated method `mamba_rs::gpu::context::GpuCtx::set_fast_gemm`: use GpuCtx::set_gemm_mode
     --> tests/gemm_bi_tf32_contract.rs:13787:9
      |
13787 |     ctx.set_fast_gemm(false);
      |         ^^^^^^^^^^^^^

warning: `mamba-rs` (test "gemm_bi_tf32_contract") generated 2 warnings
    Finished `release` profile [optimized] target(s) in 0.99s
