   Compiling mamba-rs v0.6.9 (/root/mamba-ada-half-swizzle-force-20260906)
    Finished `release` profile [optimized] target(s) in 0.63s
     Running tests/gemm_bi_tf32_cohort_binding.rs (/root/target-ada-half-swizzle-force-cuda132-20260906/release/deps/gemm_bi_tf32_cohort_binding-c96a6105c026b3ba)

running 1 test
test tf32_cohort_binds_on_this_board ... mamba-rs cache trace: Fixed arch=sm_89 key=58c7853250f2f225830390289de0c1dfce34d81efede704436222e54d53ac991 path=Some("/root/mamba-kcache-ada-half-swizzle-force-cuda132-20260906/mamba-kernels-v1-58c7853250f2f225830390289de0c1dfce34d81efede704436222e54d53ac991.bin") source_len=688275
mamba-rs cache trace: Fixed hit artifact=c213b3c33d94e94e257d30e472cee583b5f3634d8dd5216e91a08b7c286d21c2
mamba-rs cache trace: TriadScalar arch=sm_89 key=822ebf0dda7dcf9c4f5c5a2213884dde42ab45f5cf238479a81856042c302b7c path=Some("/root/mamba-kcache-ada-half-swizzle-force-cuda132-20260906/mamba-kernels-v1-822ebf0dda7dcf9c4f5c5a2213884dde42ab45f5cf238479a81856042c302b7c.bin") source_len=360564
mamba-rs cache trace: TriadScalar hit artifact=7229de42e3562611fe451092c3a92d540e2908920b1fbac49a37cfe81e682096
mamba-rs cache trace: TriadSm80 arch=sm_89 key=3809af034718aa08dfdfc1b6baeb407715436dc7db87ef39825b033c2fd72541 path=Some("/root/mamba-kcache-ada-half-swizzle-force-cuda132-20260906/mamba-kernels-v1-3809af034718aa08dfdfc1b6baeb407715436dc7db87ef39825b033c2fd72541.bin") source_len=268383
mamba-rs cache trace: TriadSm80 hit artifact=c5cbde99978b9656cfbd824d9d13b35c7573554f240ef5e38e8775d013704e0c
cc=(8, 9) dims=(2048, 768, 3072) tf32=true served=TriadSm80:gemm_bi_nn_sm80_mma_tf32_v1_m128n128_bk32_s3
cc=(8, 9) dims=(2048, 1536, 768) tf32=true served=TriadSm80:gemm_bi_nn_sm80_mma_tf32_v1_m128n128_bk32_s3
cc=(8, 9) dims=(4621, 384, 1928) tf32=true served=TriadSm80:gemm_bi_nn_sm80_mma_tf32_v1_m128n128_bk32_s3
cc=(8, 9) dims=(1024, 256, 128) tf32=true served=TriadSm80:gemm_bi_nn_sm80_mma_tf32_v1_m16n32_bk32_s4
cc=(8, 9) dims=(1024, 128, 512) tf32=true served=TriadSm80:gemm_bi_nn_sm80_mma_tf32_v1_m64n64_bk32_s2
ok

test result: ok. 1 passed; 0 failed; 0 ignored; 0 measured; 2 filtered out; finished in 3.39s

    Finished `release` profile [optimized] target(s) in 0.07s

running 1 test
test sm89_tf32_bias_cohort_serves_the_qualified_wide_epilogues ...      Running tests/gemm_bi_tf32_cohort_binding.rs (/root/target-ada-half-swizzle-force-cuda132-20260906/release/deps/gemm_bi_tf32_cohort_binding-c96a6105c026b3ba)
mamba-rs cache trace: Fixed arch=sm_89 key=58c7853250f2f225830390289de0c1dfce34d81efede704436222e54d53ac991 path=Some("/root/mamba-kcache-ada-half-swizzle-force-cuda132-20260906/mamba-kernels-v1-58c7853250f2f225830390289de0c1dfce34d81efede704436222e54d53ac991.bin") source_len=688275
mamba-rs cache trace: Fixed hit artifact=c213b3c33d94e94e257d30e472cee583b5f3634d8dd5216e91a08b7c286d21c2
mamba-rs cache trace: TriadScalar arch=sm_89 key=822ebf0dda7dcf9c4f5c5a2213884dde42ab45f5cf238479a81856042c302b7c path=Some("/root/mamba-kcache-ada-half-swizzle-force-cuda132-20260906/mamba-kernels-v1-822ebf0dda7dcf9c4f5c5a2213884dde42ab45f5cf238479a81856042c302b7c.bin") source_len=360564
mamba-rs cache trace: TriadScalar hit artifact=7229de42e3562611fe451092c3a92d540e2908920b1fbac49a37cfe81e682096
mamba-rs cache trace: TriadSm80 arch=sm_89 key=3809af034718aa08dfdfc1b6baeb407715436dc7db87ef39825b033c2fd72541 path=Some("/root/mamba-kcache-ada-half-swizzle-force-cuda132-20260906/mamba-kernels-v1-3809af034718aa08dfdfc1b6baeb407715436dc7db87ef39825b033c2fd72541.bin") source_len=268383
mamba-rs cache trace: TriadSm80 hit artifact=c5cbde99978b9656cfbd824d9d13b35c7573554f240ef5e38e8775d013704e0c
Ada bias AUTO (2048, 768, 3072): wide M128N128/S3 served
Ada bias AUTO (2048, 1536, 768): wide M128N128/S3 served
Ada bias AUTO (4621, 384, 1928): wide M128N128/S3 served
Ada bias AUTO (4096, 3072, 1536): wide M128N128/S3 served
Ada bias AUTO (2048, 3072, 768): wide M128N128/S3 served
ok

test result: ok. 1 passed; 0 failed; 0 ignored; 0 measured; 2 filtered out; finished in 3.10s

    Finished `release` profile [optimized] target(s) in 0.07s

running 1 test
test fixed_sm89_tf32_c_auto_prefix_special_bias_graph_bits ...      Running tests/gemm_bi_fixed_performance.rs (/root/target-ada-half-swizzle-force-cuda132-20260906/release/deps/gemm_bi_fixed_performance-429f558dd590762a)
mamba-rs cache trace: Fixed arch=sm_89 key=58c7853250f2f225830390289de0c1dfce34d81efede704436222e54d53ac991 path=Some("/root/mamba-kcache-ada-half-swizzle-force-cuda132-20260906/mamba-kernels-v1-58c7853250f2f225830390289de0c1dfce34d81efede704436222e54d53ac991.bin") source_len=688275
mamba-rs cache trace: Fixed hit artifact=c213b3c33d94e94e257d30e472cee583b5f3634d8dd5216e91a08b7c286d21c2
mamba-rs cache trace: TriadScalar arch=sm_89 key=822ebf0dda7dcf9c4f5c5a2213884dde42ab45f5cf238479a81856042c302b7c path=Some("/root/mamba-kcache-ada-half-swizzle-force-cuda132-20260906/mamba-kernels-v1-822ebf0dda7dcf9c4f5c5a2213884dde42ab45f5cf238479a81856042c302b7c.bin") source_len=360564
mamba-rs cache trace: TriadScalar hit artifact=7229de42e3562611fe451092c3a92d540e2908920b1fbac49a37cfe81e682096
mamba-rs cache trace: TriadSm80 arch=sm_89 key=3809af034718aa08dfdfc1b6baeb407715436dc7db87ef39825b033c2fd72541 path=Some("/root/mamba-kcache-ada-half-swizzle-force-cuda132-20260906/mamba-kernels-v1-3809af034718aa08dfdfc1b6baeb407715436dc7db87ef39825b033c2fd72541.bin") source_len=268383
mamba-rs cache trace: TriadSm80 hit artifact=c5cbde99978b9656cfbd824d9d13b35c7573554f240ef5e38e8775d013704e0c
ok

test result: ok. 1 passed; 0 failed; 0 ignored; 0 measured; 104 filtered out; finished in 3.03s

    Finished `release` profile [optimized] target(s) in 0.07s

running 1 test
test fixed_sm89_half_pipeline_auto_hot_cell_prefix_view_graph_bits ...      Running tests/gemm_bi_fixed_sm89_pipeline.rs (/root/target-ada-half-swizzle-force-cuda132-20260906/release/deps/gemm_bi_fixed_sm89_pipeline-dc7ba369e2fa8165)
mamba-rs cache trace: Fixed arch=sm_89 key=58c7853250f2f225830390289de0c1dfce34d81efede704436222e54d53ac991 path=Some("/root/mamba-kcache-ada-half-swizzle-force-cuda132-20260906/mamba-kernels-v1-58c7853250f2f225830390289de0c1dfce34d81efede704436222e54d53ac991.bin") source_len=688275
mamba-rs cache trace: Fixed hit artifact=c213b3c33d94e94e257d30e472cee583b5f3634d8dd5216e91a08b7c286d21c2
mamba-rs cache trace: TriadScalar arch=sm_89 key=822ebf0dda7dcf9c4f5c5a2213884dde42ab45f5cf238479a81856042c302b7c path=Some("/root/mamba-kcache-ada-half-swizzle-force-cuda132-20260906/mamba-kernels-v1-822ebf0dda7dcf9c4f5c5a2213884dde42ab45f5cf238479a81856042c302b7c.bin") source_len=360564
mamba-rs cache trace: TriadScalar hit artifact=7229de42e3562611fe451092c3a92d540e2908920b1fbac49a37cfe81e682096
mamba-rs cache trace: TriadSm80 arch=sm_89 key=3809af034718aa08dfdfc1b6baeb407715436dc7db87ef39825b033c2fd72541 path=Some("/root/mamba-kcache-ada-half-swizzle-force-cuda132-20260906/mamba-kernels-v1-3809af034718aa08dfdfc1b6baeb407715436dc7db87ef39825b033c2fd72541.bin") source_len=268383
mamba-rs cache trace: TriadSm80 hit artifact=c5cbde99978b9656cfbd824d9d13b35c7573554f240ef5e38e8775d013704e0c
ok

test result: ok. 1 passed; 0 failed; 0 ignored; 0 measured; 7 filtered out; finished in 19.94s

   Compiling mamba-rs v0.6.9 (/root/mamba-ada-half-swizzle-force-20260906)
    Finished `release` profile [optimized] target(s) in 1.20s
     Running tests/gemm_bi_fixed_sm89_exact_n64.rs (/root/target-ada-half-swizzle-force-cuda132-20260906/release/deps/gemm_bi_fixed_sm89_exact_n64-3616c64e65c4e549)

running 1 test
test fixed_sm89_exact_n64_forced_bits_graph_views ... mamba-rs cache trace: Fixed arch=sm_89 key=58c7853250f2f225830390289de0c1dfce34d81efede704436222e54d53ac991 path=Some("/root/mamba-kcache-ada-half-swizzle-force-cuda132-20260906/mamba-kernels-v1-58c7853250f2f225830390289de0c1dfce34d81efede704436222e54d53ac991.bin") source_len=688275
mamba-rs cache trace: Fixed hit artifact=c213b3c33d94e94e257d30e472cee583b5f3634d8dd5216e91a08b7c286d21c2
mamba-rs cache trace: TriadScalar arch=sm_89 key=822ebf0dda7dcf9c4f5c5a2213884dde42ab45f5cf238479a81856042c302b7c path=Some("/root/mamba-kcache-ada-half-swizzle-force-cuda132-20260906/mamba-kernels-v1-822ebf0dda7dcf9c4f5c5a2213884dde42ab45f5cf238479a81856042c302b7c.bin") source_len=360564
mamba-rs cache trace: TriadScalar hit artifact=7229de42e3562611fe451092c3a92d540e2908920b1fbac49a37cfe81e682096
mamba-rs cache trace: TriadSm80 arch=sm_89 key=3809af034718aa08dfdfc1b6baeb407715436dc7db87ef39825b033c2fd72541 path=Some("/root/mamba-kcache-ada-half-swizzle-force-cuda132-20260906/mamba-kernels-v1-3809af034718aa08dfdfc1b6baeb407715436dc7db87ef39825b033c2fd72541.bin") source_len=268383
mamba-rs cache trace: TriadSm80 hit artifact=c5cbde99978b9656cfbd824d9d13b35c7573554f240ef5e38e8775d013704e0c
{"record":"FixedSm89ExactN64LiveAdmissionV1","symbol":"gemm_bi_nn_fixed_sm89_f32_n64_copyplan_v1","cc":[8,9],"sm":142,"registers":135,"static_shared":32768,"dynamic_shared":0,"local":0,"max_threads":128,"active_ctas":3,"carveout":100,"nvrtc":[13,2]}
{"record":"FixedSm89ExactN64ForcePreflightV1","dims_mkn":[65,1,65],"three_incumbents_eager_graph_raw":true,"independent_cpu_reference":true,"public_force":true}
{"record":"FixedSm89ExactN64CorrectnessV1","dtype":"f32","op":"nn","requested":"F32Sm89N64CopyPlan","actual":"gemm_bi_nn_fixed_sm89_f32_n64_copyplan_v1","dims_mkn":[65,1,65],"strides_lda_ldb_ldc":[1,65,65],"storage_rows":65,"row_view":0,"float_offsets_abc":[0,0,0],"bias":false,"alpha_bits":1065353216,"beta_bits":0,"corpus":"Signed","public_force":true,"full_raw_bits":true,"cpu_numeric":true,"eager_repeats":3,"captured_replays":2,"guards":true,"input_immutability":true}
{"record":"FixedSm89ExactN64ForcePreflightV1","dims_mkn":[129,0,65],"three_incumbents_eager_graph_raw":true,"independent_cpu_reference":true,"public_force":true}
{"record":"FixedSm89ExactN64CorrectnessV1","dtype":"f32","op":"nn","requested":"F32Sm89N64CopyPlan","actual":"gemm_bi_nn_fixed_sm89_f32_n64_copyplan_v1","dims_mkn":[129,0,65],"strides_lda_ldb_ldc":[0,65,65],"storage_rows":129,"row_view":0,"float_offsets_abc":[0,0,0],"bias":false,"alpha_bits":1065353216,"beta_bits":0,"corpus":"Signed","public_force":true,"full_raw_bits":true,"cpu_numeric":true,"eager_repeats":3,"captured_replays":2,"guards":true,"input_immutability":true}
{"record":"FixedSm89ExactN64ForcePreflightV1","dims_mkn":[1,0,65],"three_incumbents_eager_graph_raw":true,"independent_cpu_reference":true,"public_force":true}
{"record":"FixedSm89ExactN64CorrectnessV1","dtype":"f32","op":"nn","requested":"F32Sm89N64CopyPlan","actual":"gemm_bi_nn_fixed_sm89_f32_n64_copyplan_v1","dims_mkn":[1,0,65],"strides_lda_ldb_ldc":[0,65,65],"storage_rows":146,"row_view":0,"float_offsets_abc":[0,0,0],"bias":false,"alpha_bits":1065353216,"beta_bits":0,"corpus":"Signed","public_force":true,"full_raw_bits":true,"cpu_numeric":true,"eager_repeats":3,"captured_replays":2,"guards":true,"input_immutability":true}
{"record":"FixedSm89ExactN64ForcePreflightV1","dims_mkn":[32,0,65],"three_incumbents_eager_graph_raw":true,"independent_cpu_reference":true,"public_force":true}
{"record":"FixedSm89ExactN64CorrectnessV1","dtype":"f32","op":"nn","requested":"F32Sm89N64CopyPlan","actual":"gemm_bi_nn_fixed_sm89_f32_n64_copyplan_v1","dims_mkn":[32,0,65],"strides_lda_ldb_ldc":[0,65,65],"storage_rows":146,"row_view":0,"float_offsets_abc":[0,0,0],"bias":false,"alpha_bits":1065353216,"beta_bits":0,"corpus":"Signed","public_force":true,"full_raw_bits":true,"cpu_numeric":true,"eager_repeats":3,"captured_replays":2,"guards":true,"input_immutability":true}
{"record":"FixedSm89ExactN64ForcePreflightV1","dims_mkn":[64,0,65],"three_incumbents_eager_graph_raw":true,"independent_cpu_reference":true,"public_force":true}
{"record":"FixedSm89ExactN64CorrectnessV1","dtype":"f32","op":"nn","requested":"F32Sm89N64CopyPlan","actual":"gemm_bi_nn_fixed_sm89_f32_n64_copyplan_v1","dims_mkn":[64,0,65],"strides_lda_ldb_ldc":[0,65,65],"storage_rows":146,"row_view":0,"float_offsets_abc":[0,0,0],"bias":false,"alpha_bits":1065353216,"beta_bits":0,"corpus":"Signed","public_force":true,"full_raw_bits":true,"cpu_numeric":true,"eager_repeats":3,"captured_replays":2,"guards":true,"input_immutability":true}
{"record":"FixedSm89ExactN64ForcePreflightV1","dims_mkn":[17,0,65],"three_incumbents_eager_graph_raw":true,"independent_cpu_reference":true,"public_force":true}
{"record":"FixedSm89ExactN64CorrectnessV1","dtype":"f32","op":"nn","requested":"F32Sm89N64CopyPlan","actual":"gemm_bi_nn_fixed_sm89_f32_n64_copyplan_v1","dims_mkn":[17,0,65],"strides_lda_ldb_ldc":[0,65,65],"storage_rows":146,"row_view":17,"float_offsets_abc":[1,0,0],"bias":false,"alpha_bits":1065353216,"beta_bits":0,"corpus":"Signed","public_force":true,"full_raw_bits":true,"cpu_numeric":true,"eager_repeats":3,"captured_replays":2,"guards":true,"input_immutability":true}
{"record":"FixedSm89ExactN64ForcePreflightV1","dims_mkn":[65,0,65],"three_incumbents_eager_graph_raw":true,"independent_cpu_reference":true,"public_force":true}
{"record":"FixedSm89ExactN64CorrectnessV1","dtype":"f32","op":"nn","requested":"F32Sm89N64CopyPlan","actual":"gemm_bi_nn_fixed_sm89_f32_n64_copyplan_v1","dims_mkn":[65,0,65],"strides_lda_ldb_ldc":[0,65,65],"storage_rows":146,"row_view":17,"float_offsets_abc":[0,1,0],"bias":false,"alpha_bits":1065353216,"beta_bits":0,"corpus":"Signed","public_force":true,"full_raw_bits":true,"cpu_numeric":true,"eager_repeats":3,"captured_replays":2,"guards":true,"input_immutability":true}
{"record":"FixedSm89ExactN64ForcePreflightV1","dims_mkn":[129,0,65],"three_incumbents_eager_graph_raw":true,"independent_cpu_reference":true,"public_force":true}
{"record":"FixedSm89ExactN64CorrectnessV1","dtype":"f32","op":"nn","requested":"F32Sm89N64CopyPlan","actual":"gemm_bi_nn_fixed_sm89_f32_n64_copyplan_v1","dims_mkn":[129,0,65],"strides_lda_ldb_ldc":[0,65,65],"storage_rows":146,"row_view":17,"float_offsets_abc":[0,0,1],"bias":false,"alpha_bits":1065353216,"beta_bits":0,"corpus":"Signed","public_force":true,"full_raw_bits":true,"cpu_numeric":true,"eager_repeats":3,"captured_replays":2,"guards":true,"input_immutability":true}
{"record":"FixedSm89ExactN64ForcePreflightV1","dims_mkn":[129,0,65],"three_incumbents_eager_graph_raw":true,"independent_cpu_reference":true,"public_force":true}
{"record":"FixedSm89ExactN64CorrectnessV1","dtype":"f32","op":"nn","requested":"F32Sm89N64CopyPlan","actual":"gemm_bi_nn_fixed_sm89_f32_n64_copyplan_v1","dims_mkn":[129,0,65],"strides_lda_ldb_ldc":[0,65,65],"storage_rows":146,"row_view":17,"float_offsets_abc":[3,3,3],"bias":false,"alpha_bits":1065353216,"beta_bits":0,"corpus":"Signed","public_force":true,"full_raw_bits":true,"cpu_numeric":true,"eager_repeats":3,"captured_replays":2,"guards":true,"input_immutability":true}
{"record":"FixedSm89ExactN64ForcePreflightV1","dims_mkn":[129,31,65],"three_incumbents_eager_graph_raw":true,"independent_cpu_reference":true,"public_force":true}
{"record":"FixedSm89ExactN64CorrectnessV1","dtype":"f32","op":"nn","requested":"F32Sm89N64CopyPlan","actual":"gemm_bi_nn_fixed_sm89_f32_n64_copyplan_v1","dims_mkn":[129,31,65],"strides_lda_ldb_ldc":[31,65,65],"storage_rows":129,"row_view":0,"float_offsets_abc":[0,0,0],"bias":false,"alpha_bits":1065353216,"beta_bits":0,"corpus":"Signed","public_force":true,"full_raw_bits":true,"cpu_numeric":true,"eager_repeats":3,"captured_replays":2,"guards":true,"input_immutability":true}
{"record":"FixedSm89ExactN64ForcePreflightV1","dims_mkn":[1,31,65],"three_incumbents_eager_graph_raw":true,"independent_cpu_reference":true,"public_force":true}
{"record":"FixedSm89ExactN64CorrectnessV1","dtype":"f32","op":"nn","requested":"F32Sm89N64CopyPlan","actual":"gemm_bi_nn_fixed_sm89_f32_n64_copyplan_v1","dims_mkn":[1,31,65],"strides_lda_ldb_ldc":[31,65,65],"storage_rows":146,"row_view":0,"float_offsets_abc":[0,0,0],"bias":false,"alpha_bits":1065353216,"beta_bits":0,"corpus":"Signed","public_force":true,"full_raw_bits":true,"cpu_numeric":true,"eager_repeats":3,"captured_replays":2,"guards":true,"input_immutability":true}
{"record":"FixedSm89ExactN64ForcePreflightV1","dims_mkn":[32,31,65],"three_incumbents_eager_graph_raw":true,"independent_cpu_reference":true,"public_force":true}
{"record":"FixedSm89ExactN64CorrectnessV1","dtype":"f32","op":"nn","requested":"F32Sm89N64CopyPlan","actual":"gemm_bi_nn_fixed_sm89_f32_n64_copyplan_v1","dims_mkn":[32,31,65],"strides_lda_ldb_ldc":[31,65,65],"storage_rows":146,"row_view":0,"float_offsets_abc":[0,0,0],"bias":false,"alpha_bits":1065353216,"beta_bits":0,"corpus":"Signed","public_force":true,"full_raw_bits":true,"cpu_numeric":true,"eager_repeats":3,"captured_replays":2,"guards":true,"input_immutability":true}
{"record":"FixedSm89ExactN64ForcePreflightV1","dims_mkn":[64,31,65],"three_incumbents_eager_graph_raw":true,"independent_cpu_reference":true,"public_force":true}
{"record":"FixedSm89ExactN64CorrectnessV1","dtype":"f32","op":"nn","requested":"F32Sm89N64CopyPlan","actual":"gemm_bi_nn_fixed_sm89_f32_n64_copyplan_v1","dims_mkn":[64,31,65],"strides_lda_ldb_ldc":[31,65,65],"storage_rows":146,"row_view":0,"float_offsets_abc":[0,0,0],"bias":false,"alpha_bits":1065353216,"beta_bits":0,"corpus":"Signed","public_force":true,"full_raw_bits":true,"cpu_numeric":true,"eager_repeats":3,"captured_replays":2,"guards":true,"input_immutability":true}
{"record":"FixedSm89ExactN64ForcePreflightV1","dims_mkn":[17,31,65],"three_incumbents_eager_graph_raw":true,"independent_cpu_reference":true,"public_force":true}
{"record":"FixedSm89ExactN64CorrectnessV1","dtype":"f32","op":"nn","requested":"F32Sm89N64CopyPlan","actual":"gemm_bi_nn_fixed_sm89_f32_n64_copyplan_v1","dims_mkn":[17,31,65],"strides_lda_ldb_ldc":[31,65,65],"storage_rows":146,"row_view":17,"float_offsets_abc":[1,0,0],"bias":false,"alpha_bits":1065353216,"beta_bits":0,"corpus":"Signed","public_force":true,"full_raw_bits":true,"cpu_numeric":true,"eager_repeats":3,"captured_replays":2,"guards":true,"input_immutability":true}
{"record":"FixedSm89ExactN64ForcePreflightV1","dims_mkn":[65,31,65],"three_incumbents_eager_graph_raw":true,"independent_cpu_reference":true,"public_force":true}
{"record":"FixedSm89ExactN64CorrectnessV1","dtype":"f32","op":"nn","requested":"F32Sm89N64CopyPlan","actual":"gemm_bi_nn_fixed_sm89_f32_n64_copyplan_v1","dims_mkn":[65,31,65],"strides_lda_ldb_ldc":[31,65,65],"storage_rows":146,"row_view":17,"float_offsets_abc":[0,1,0],"bias":false,"alpha_bits":1065353216,"beta_bits":0,"corpus":"Signed","public_force":true,"full_raw_bits":true,"cpu_numeric":true,"eager_repeats":3,"captured_replays":2,"guards":true,"input_immutability":true}
{"record":"FixedSm89ExactN64ForcePreflightV1","dims_mkn":[129,31,65],"three_incumbents_eager_graph_raw":true,"independent_cpu_reference":true,"public_force":true}
{"record":"FixedSm89ExactN64CorrectnessV1","dtype":"f32","op":"nn","requested":"F32Sm89N64CopyPlan","actual":"gemm_bi_nn_fixed_sm89_f32_n64_copyplan_v1","dims_mkn":[129,31,65],"strides_lda_ldb_ldc":[31,65,65],"storage_rows":146,"row_view":17,"float_offsets_abc":[0,0,1],"bias":false,"alpha_bits":1065353216,"beta_bits":0,"corpus":"Signed","public_force":true,"full_raw_bits":true,"cpu_numeric":true,"eager_repeats":3,"captured_replays":2,"guards":true,"input_immutability":true}
{"record":"FixedSm89ExactN64ForcePreflightV1","dims_mkn":[129,31,65],"three_incumbents_eager_graph_raw":true,"independent_cpu_reference":true,"public_force":true}
{"record":"FixedSm89ExactN64CorrectnessV1","dtype":"f32","op":"nn","requested":"F32Sm89N64CopyPlan","actual":"gemm_bi_nn_fixed_sm89_f32_n64_copyplan_v1","dims_mkn":[129,31,65],"strides_lda_ldb_ldc":[31,65,65],"storage_rows":146,"row_view":17,"float_offsets_abc":[3,3,3],"bias":false,"alpha_bits":1065353216,"beta_bits":0,"corpus":"Signed","public_force":true,"full_raw_bits":true,"cpu_numeric":true,"eager_repeats":3,"captured_replays":2,"guards":true,"input_immutability":true}
{"record":"FixedSm89ExactN64ForcePreflightV1","dims_mkn":[129,32,136],"three_incumbents_eager_graph_raw":true,"independent_cpu_reference":true,"public_force":true}
{"record":"FixedSm89ExactN64CorrectnessV1","dtype":"f32","op":"nn","requested":"F32Sm89N64CopyPlan","actual":"gemm_bi_nn_fixed_sm89_f32_n64_copyplan_v1","dims_mkn":[129,32,136],"strides_lda_ldb_ldc":[32,136,136],"storage_rows":129,"row_view":0,"float_offsets_abc":[0,0,0],"bias":false,"alpha_bits":1065353216,"beta_bits":0,"corpus":"Signed","public_force":true,"full_raw_bits":true,"cpu_numeric":true,"eager_repeats":3,"captured_replays":2,"guards":true,"input_immutability":true}
{"record":"FixedSm89ExactN64ForcePreflightV1","dims_mkn":[1,32,136],"three_incumbents_eager_graph_raw":true,"independent_cpu_reference":true,"public_force":true}
{"record":"FixedSm89ExactN64CorrectnessV1","dtype":"f32","op":"nn","requested":"F32Sm89N64CopyPlan","actual":"gemm_bi_nn_fixed_sm89_f32_n64_copyplan_v1","dims_mkn":[1,32,136],"strides_lda_ldb_ldc":[32,136,136],"storage_rows":146,"row_view":0,"float_offsets_abc":[0,0,0],"bias":false,"alpha_bits":1065353216,"beta_bits":0,"corpus":"Signed","public_force":true,"full_raw_bits":true,"cpu_numeric":true,"eager_repeats":3,"captured_replays":2,"guards":true,"input_immutability":true}
{"record":"FixedSm89ExactN64ForcePreflightV1","dims_mkn":[32,32,136],"three_incumbents_eager_graph_raw":true,"independent_cpu_reference":true,"public_force":true}
{"record":"FixedSm89ExactN64CorrectnessV1","dtype":"f32","op":"nn","requested":"F32Sm89N64CopyPlan","actual":"gemm_bi_nn_fixed_sm89_f32_n64_copyplan_v1","dims_mkn":[32,32,136],"strides_lda_ldb_ldc":[32,136,136],"storage_rows":146,"row_view":0,"float_offsets_abc":[0,0,0],"bias":false,"alpha_bits":1065353216,"beta_bits":0,"corpus":"Signed","public_force":true,"full_raw_bits":true,"cpu_numeric":true,"eager_repeats":3,"captured_replays":2,"guards":true,"input_immutability":true}
{"record":"FixedSm89ExactN64ForcePreflightV1","dims_mkn":[64,32,136],"three_incumbents_eager_graph_raw":true,"independent_cpu_reference":true,"public_force":true}
{"record":"FixedSm89ExactN64CorrectnessV1","dtype":"f32","op":"nn","requested":"F32Sm89N64CopyPlan","actual":"gemm_bi_nn_fixed_sm89_f32_n64_copyplan_v1","dims_mkn":[64,32,136],"strides_lda_ldb_ldc":[32,136,136],"storage_rows":146,"row_view":0,"float_offsets_abc":[0,0,0],"bias":false,"alpha_bits":1065353216,"beta_bits":0,"corpus":"Signed","public_force":true,"full_raw_bits":true,"cpu_numeric":true,"eager_repeats":3,"captured_replays":2,"guards":true,"input_immutability":true}
{"record":"FixedSm89ExactN64ForcePreflightV1","dims_mkn":[17,32,136],"three_incumbents_eager_graph_raw":true,"independent_cpu_reference":true,"public_force":true}
{"record":"FixedSm89ExactN64CorrectnessV1","dtype":"f32","op":"nn","requested":"F32Sm89N64CopyPlan","actual":"gemm_bi_nn_fixed_sm89_f32_n64_copyplan_v1","dims_mkn":[17,32,136],"strides_lda_ldb_ldc":[32,136,136],"storage_rows":146,"row_view":17,"float_offsets_abc":[1,0,0],"bias":false,"alpha_bits":1065353216,"beta_bits":0,"corpus":"Signed","public_force":true,"full_raw_bits":true,"cpu_numeric":true,"eager_repeats":3,"captured_replays":2,"guards":true,"input_immutability":true}
{"record":"FixedSm89ExactN64ForcePreflightV1","dims_mkn":[65,32,136],"three_incumbents_eager_graph_raw":true,"independent_cpu_reference":true,"public_force":true}
{"record":"FixedSm89ExactN64CorrectnessV1","dtype":"f32","op":"nn","requested":"F32Sm89N64CopyPlan","actual":"gemm_bi_nn_fixed_sm89_f32_n64_copyplan_v1","dims_mkn":[65,32,136],"strides_lda_ldb_ldc":[32,136,136],"storage_rows":146,"row_view":17,"float_offsets_abc":[0,1,0],"bias":false,"alpha_bits":1065353216,"beta_bits":0,"corpus":"Signed","public_force":true,"full_raw_bits":true,"cpu_numeric":true,"eager_repeats":3,"captured_replays":2,"guards":true,"input_immutability":true}
{"record":"FixedSm89ExactN64ForcePreflightV1","dims_mkn":[129,32,136],"three_incumbents_eager_graph_raw":true,"independent_cpu_reference":true,"public_force":true}
{"record":"FixedSm89ExactN64CorrectnessV1","dtype":"f32","op":"nn","requested":"F32Sm89N64CopyPlan","actual":"gemm_bi_nn_fixed_sm89_f32_n64_copyplan_v1","dims_mkn":[129,32,136],"strides_lda_ldb_ldc":[32,136,136],"storage_rows":146,"row_view":17,"float_offsets_abc":[0,0,1],"bias":false,"alpha_bits":1065353216,"beta_bits":0,"corpus":"Signed","public_force":true,"full_raw_bits":true,"cpu_numeric":true,"eager_repeats":3,"captured_replays":2,"guards":true,"input_immutability":true}
{"record":"FixedSm89ExactN64ForcePreflightV1","dims_mkn":[129,32,136],"three_incumbents_eager_graph_raw":true,"independent_cpu_reference":true,"public_force":true}
{"record":"FixedSm89ExactN64CorrectnessV1","dtype":"f32","op":"nn","requested":"F32Sm89N64CopyPlan","actual":"gemm_bi_nn_fixed_sm89_f32_n64_copyplan_v1","dims_mkn":[129,32,136],"strides_lda_ldb_ldc":[32,136,136],"storage_rows":146,"row_view":17,"float_offsets_abc":[3,3,3],"bias":false,"alpha_bits":1065353216,"beta_bits":0,"corpus":"Signed","public_force":true,"full_raw_bits":true,"cpu_numeric":true,"eager_repeats":3,"captured_replays":2,"guards":true,"input_immutability":true}
{"record":"FixedSm89ExactN64ForcePreflightV1","dims_mkn":[129,33,131],"three_incumbents_eager_graph_raw":true,"independent_cpu_reference":true,"public_force":true}
{"record":"FixedSm89ExactN64CorrectnessV1","dtype":"f32","op":"nn","requested":"F32Sm89N64CopyPlan","actual":"gemm_bi_nn_fixed_sm89_f32_n64_copyplan_v1","dims_mkn":[129,33,131],"strides_lda_ldb_ldc":[33,131,131],"storage_rows":129,"row_view":0,"float_offsets_abc":[0,0,0],"bias":false,"alpha_bits":1065353216,"beta_bits":0,"corpus":"Signed","public_force":true,"full_raw_bits":true,"cpu_numeric":true,"eager_repeats":3,"captured_replays":2,"guards":true,"input_immutability":true}
{"record":"FixedSm89ExactN64ForcePreflightV1","dims_mkn":[1,33,131],"three_incumbents_eager_graph_raw":true,"independent_cpu_reference":true,"public_force":true}
{"record":"FixedSm89ExactN64CorrectnessV1","dtype":"f32","op":"nn","requested":"F32Sm89N64CopyPlan","actual":"gemm_bi_nn_fixed_sm89_f32_n64_copyplan_v1","dims_mkn":[1,33,131],"strides_lda_ldb_ldc":[33,131,131],"storage_rows":146,"row_view":0,"float_offsets_abc":[0,0,0],"bias":false,"alpha_bits":1065353216,"beta_bits":0,"corpus":"Signed","public_force":true,"full_raw_bits":true,"cpu_numeric":true,"eager_repeats":3,"captured_replays":2,"guards":true,"input_immutability":true}
{"record":"FixedSm89ExactN64ForcePreflightV1","dims_mkn":[32,33,131],"three_incumbents_eager_graph_raw":true,"independent_cpu_reference":true,"public_force":true}
{"record":"FixedSm89ExactN64CorrectnessV1","dtype":"f32","op":"nn","requested":"F32Sm89N64CopyPlan","actual":"gemm_bi_nn_fixed_sm89_f32_n64_copyplan_v1","dims_mkn":[32,33,131],"strides_lda_ldb_ldc":[33,131,131],"storage_rows":146,"row_view":0,"float_offsets_abc":[0,0,0],"bias":false,"alpha_bits":1065353216,"beta_bits":0,"corpus":"Signed","public_force":true,"full_raw_bits":true,"cpu_numeric":true,"eager_repeats":3,"captured_replays":2,"guards":true,"input_immutability":true}
{"record":"FixedSm89ExactN64ForcePreflightV1","dims_mkn":[64,33,131],"three_incumbents_eager_graph_raw":true,"independent_cpu_reference":true,"public_force":true}
{"record":"FixedSm89ExactN64CorrectnessV1","dtype":"f32","op":"nn","requested":"F32Sm89N64CopyPlan","actual":"gemm_bi_nn_fixed_sm89_f32_n64_copyplan_v1","dims_mkn":[64,33,131],"strides_lda_ldb_ldc":[33,131,131],"storage_rows":146,"row_view":0,"float_offsets_abc":[0,0,0],"bias":false,"alpha_bits":1065353216,"beta_bits":0,"corpus":"Signed","public_force":true,"full_raw_bits":true,"cpu_numeric":true,"eager_repeats":3,"captured_replays":2,"guards":true,"input_immutability":true}
{"record":"FixedSm89ExactN64ForcePreflightV1","dims_mkn":[17,33,131],"three_incumbents_eager_graph_raw":true,"independent_cpu_reference":true,"public_force":true}
{"record":"FixedSm89ExactN64CorrectnessV1","dtype":"f32","op":"nn","requested":"F32Sm89N64CopyPlan","actual":"gemm_bi_nn_fixed_sm89_f32_n64_copyplan_v1","dims_mkn":[17,33,131],"strides_lda_ldb_ldc":[33,131,131],"storage_rows":146,"row_view":17,"float_offsets_abc":[1,0,0],"bias":false,"alpha_bits":1065353216,"beta_bits":0,"corpus":"Signed","public_force":true,"full_raw_bits":true,"cpu_numeric":true,"eager_repeats":3,"captured_replays":2,"guards":true,"input_immutability":true}
{"record":"FixedSm89ExactN64ForcePreflightV1","dims_mkn":[65,33,131],"three_incumbents_eager_graph_raw":true,"independent_cpu_reference":true,"public_force":true}
{"record":"FixedSm89ExactN64CorrectnessV1","dtype":"f32","op":"nn","requested":"F32Sm89N64CopyPlan","actual":"gemm_bi_nn_fixed_sm89_f32_n64_copyplan_v1","dims_mkn":[65,33,131],"strides_lda_ldb_ldc":[33,131,131],"storage_rows":146,"row_view":17,"float_offsets_abc":[0,1,0],"bias":false,"alpha_bits":1065353216,"beta_bits":0,"corpus":"Signed","public_force":true,"full_raw_bits":true,"cpu_numeric":true,"eager_repeats":3,"captured_replays":2,"guards":true,"input_immutability":true}
{"record":"FixedSm89ExactN64ForcePreflightV1","dims_mkn":[129,33,131],"three_incumbents_eager_graph_raw":true,"independent_cpu_reference":true,"public_force":true}
{"record":"FixedSm89ExactN64CorrectnessV1","dtype":"f32","op":"nn","requested":"F32Sm89N64CopyPlan","actual":"gemm_bi_nn_fixed_sm89_f32_n64_copyplan_v1","dims_mkn":[129,33,131],"strides_lda_ldb_ldc":[33,131,131],"storage_rows":146,"row_view":17,"float_offsets_abc":[0,0,1],"bias":false,"alpha_bits":1065353216,"beta_bits":0,"corpus":"Signed","public_force":true,"full_raw_bits":true,"cpu_numeric":true,"eager_repeats":3,"captured_replays":2,"guards":true,"input_immutability":true}
{"record":"FixedSm89ExactN64ForcePreflightV1","dims_mkn":[129,33,131],"three_incumbents_eager_graph_raw":true,"independent_cpu_reference":true,"public_force":true}
{"record":"FixedSm89ExactN64CorrectnessV1","dtype":"f32","op":"nn","requested":"F32Sm89N64CopyPlan","actual":"gemm_bi_nn_fixed_sm89_f32_n64_copyplan_v1","dims_mkn":[129,33,131],"strides_lda_ldb_ldc":[33,131,131],"storage_rows":146,"row_view":17,"float_offsets_abc":[3,3,3],"bias":false,"alpha_bits":1065353216,"beta_bits":0,"corpus":"Signed","public_force":true,"full_raw_bits":true,"cpu_numeric":true,"eager_repeats":3,"captured_replays":2,"guards":true,"input_immutability":true}
{"record":"FixedSm89ExactN64ForcePreflightV1","dims_mkn":[129,65,131],"three_incumbents_eager_graph_raw":true,"independent_cpu_reference":true,"public_force":true}
{"record":"FixedSm89ExactN64CorrectnessV1","dtype":"f32","op":"nn","requested":"F32Sm89N64CopyPlan","actual":"gemm_bi_nn_fixed_sm89_f32_n64_copyplan_v1","dims_mkn":[129,65,131],"strides_lda_ldb_ldc":[65,131,131],"storage_rows":129,"row_view":0,"float_offsets_abc":[0,0,0],"bias":false,"alpha_bits":1065353216,"beta_bits":0,"corpus":"Signed","public_force":true,"full_raw_bits":true,"cpu_numeric":true,"eager_repeats":3,"captured_replays":2,"guards":true,"input_immutability":true}
{"record":"FixedSm89ExactN64ForcePreflightV1","dims_mkn":[1,65,131],"three_incumbents_eager_graph_raw":true,"independent_cpu_reference":true,"public_force":true}
{"record":"FixedSm89ExactN64CorrectnessV1","dtype":"f32","op":"nn","requested":"F32Sm89N64CopyPlan","actual":"gemm_bi_nn_fixed_sm89_f32_n64_copyplan_v1","dims_mkn":[1,65,131],"strides_lda_ldb_ldc":[65,131,131],"storage_rows":146,"row_view":0,"float_offsets_abc":[0,0,0],"bias":false,"alpha_bits":1065353216,"beta_bits":0,"corpus":"Signed","public_force":true,"full_raw_bits":true,"cpu_numeric":true,"eager_repeats":3,"captured_replays":2,"guards":true,"input_immutability":true}
{"record":"FixedSm89ExactN64ForcePreflightV1","dims_mkn":[32,65,131],"three_incumbents_eager_graph_raw":true,"independent_cpu_reference":true,"public_force":true}
{"record":"FixedSm89ExactN64CorrectnessV1","dtype":"f32","op":"nn","requested":"F32Sm89N64CopyPlan","actual":"gemm_bi_nn_fixed_sm89_f32_n64_copyplan_v1","dims_mkn":[32,65,131],"strides_lda_ldb_ldc":[65,131,131],"storage_rows":146,"row_view":0,"float_offsets_abc":[0,0,0],"bias":false,"alpha_bits":1065353216,"beta_bits":0,"corpus":"Signed","public_force":true,"full_raw_bits":true,"cpu_numeric":true,"eager_repeats":3,"captured_replays":2,"guards":true,"input_immutability":true}
{"record":"FixedSm89ExactN64ForcePreflightV1","dims_mkn":[64,65,131],"three_incumbents_eager_graph_raw":true,"independent_cpu_reference":true,"public_force":true}
{"record":"FixedSm89ExactN64CorrectnessV1","dtype":"f32","op":"nn","requested":"F32Sm89N64CopyPlan","actual":"gemm_bi_nn_fixed_sm89_f32_n64_copyplan_v1","dims_mkn":[64,65,131],"strides_lda_ldb_ldc":[65,131,131],"storage_rows":146,"row_view":0,"float_offsets_abc":[0,0,0],"bias":false,"alpha_bits":1065353216,"beta_bits":0,"corpus":"Signed","public_force":true,"full_raw_bits":true,"cpu_numeric":true,"eager_repeats":3,"captured_replays":2,"guards":true,"input_immutability":true}
{"record":"FixedSm89ExactN64ForcePreflightV1","dims_mkn":[17,65,131],"three_incumbents_eager_graph_raw":true,"independent_cpu_reference":true,"public_force":true}
{"record":"FixedSm89ExactN64CorrectnessV1","dtype":"f32","op":"nn","requested":"F32Sm89N64CopyPlan","actual":"gemm_bi_nn_fixed_sm89_f32_n64_copyplan_v1","dims_mkn":[17,65,131],"strides_lda_ldb_ldc":[65,131,131],"storage_rows":146,"row_view":17,"float_offsets_abc":[1,0,0],"bias":false,"alpha_bits":1065353216,"beta_bits":0,"corpus":"Signed","public_force":true,"full_raw_bits":true,"cpu_numeric":true,"eager_repeats":3,"captured_replays":2,"guards":true,"input_immutability":true}
{"record":"FixedSm89ExactN64ForcePreflightV1","dims_mkn":[65,65,131],"three_incumbents_eager_graph_raw":true,"independent_cpu_reference":true,"public_force":true}
{"record":"FixedSm89ExactN64CorrectnessV1","dtype":"f32","op":"nn","requested":"F32Sm89N64CopyPlan","actual":"gemm_bi_nn_fixed_sm89_f32_n64_copyplan_v1","dims_mkn":[65,65,131],"strides_lda_ldb_ldc":[65,131,131],"storage_rows":146,"row_view":17,"float_offsets_abc":[0,1,0],"bias":false,"alpha_bits":1065353216,"beta_bits":0,"corpus":"Signed","public_force":true,"full_raw_bits":true,"cpu_numeric":true,"eager_repeats":3,"captured_replays":2,"guards":true,"input_immutability":true}
{"record":"FixedSm89ExactN64ForcePreflightV1","dims_mkn":[129,65,131],"three_incumbents_eager_graph_raw":true,"independent_cpu_reference":true,"public_force":true}
{"record":"FixedSm89ExactN64CorrectnessV1","dtype":"f32","op":"nn","requested":"F32Sm89N64CopyPlan","actual":"gemm_bi_nn_fixed_sm89_f32_n64_copyplan_v1","dims_mkn":[129,65,131],"strides_lda_ldb_ldc":[65,131,131],"storage_rows":146,"row_view":17,"float_offsets_abc":[0,0,1],"bias":false,"alpha_bits":1065353216,"beta_bits":0,"corpus":"Signed","public_force":true,"full_raw_bits":true,"cpu_numeric":true,"eager_repeats":3,"captured_replays":2,"guards":true,"input_immutability":true}
{"record":"FixedSm89ExactN64ForcePreflightV1","dims_mkn":[129,65,131],"three_incumbents_eager_graph_raw":true,"independent_cpu_reference":true,"public_force":true}
{"record":"FixedSm89ExactN64CorrectnessV1","dtype":"f32","op":"nn","requested":"F32Sm89N64CopyPlan","actual":"gemm_bi_nn_fixed_sm89_f32_n64_copyplan_v1","dims_mkn":[129,65,131],"strides_lda_ldb_ldc":[65,131,131],"storage_rows":146,"row_view":17,"float_offsets_abc":[3,3,3],"bias":false,"alpha_bits":1065353216,"beta_bits":0,"corpus":"Signed","public_force":true,"full_raw_bits":true,"cpu_numeric":true,"eager_repeats":3,"captured_replays":2,"guards":true,"input_immutability":true}
{"record":"FixedSm89ExactN64ForcePreflightV1","dims_mkn":[129,96,136],"three_incumbents_eager_graph_raw":true,"independent_cpu_reference":true,"public_force":true}
{"record":"FixedSm89ExactN64CorrectnessV1","dtype":"f32","op":"nn","requested":"F32Sm89N64CopyPlan","actual":"gemm_bi_nn_fixed_sm89_f32_n64_copyplan_v1","dims_mkn":[129,96,136],"strides_lda_ldb_ldc":[96,136,136],"storage_rows":129,"row_view":0,"float_offsets_abc":[0,0,0],"bias":false,"alpha_bits":1065353216,"beta_bits":0,"corpus":"Signed","public_force":true,"full_raw_bits":true,"cpu_numeric":true,"eager_repeats":3,"captured_replays":2,"guards":true,"input_immutability":true}
{"record":"FixedSm89ExactN64ForcePreflightV1","dims_mkn":[1,96,136],"three_incumbents_eager_graph_raw":true,"independent_cpu_reference":true,"public_force":true}
{"record":"FixedSm89ExactN64CorrectnessV1","dtype":"f32","op":"nn","requested":"F32Sm89N64CopyPlan","actual":"gemm_bi_nn_fixed_sm89_f32_n64_copyplan_v1","dims_mkn":[1,96,136],"strides_lda_ldb_ldc":[96,136,136],"storage_rows":146,"row_view":0,"float_offsets_abc":[0,0,0],"bias":false,"alpha_bits":1065353216,"beta_bits":0,"corpus":"Signed","public_force":true,"full_raw_bits":true,"cpu_numeric":true,"eager_repeats":3,"captured_replays":2,"guards":true,"input_immutability":true}
{"record":"FixedSm89ExactN64ForcePreflightV1","dims_mkn":[32,96,136],"three_incumbents_eager_graph_raw":true,"independent_cpu_reference":true,"public_force":true}
{"record":"FixedSm89ExactN64CorrectnessV1","dtype":"f32","op":"nn","requested":"F32Sm89N64CopyPlan","actual":"gemm_bi_nn_fixed_sm89_f32_n64_copyplan_v1","dims_mkn":[32,96,136],"strides_lda_ldb_ldc":[96,136,136],"storage_rows":146,"row_view":0,"float_offsets_abc":[0,0,0],"bias":false,"alpha_bits":1065353216,"beta_bits":0,"corpus":"Signed","public_force":true,"full_raw_bits":true,"cpu_numeric":true,"eager_repeats":3,"captured_replays":2,"guards":true,"input_immutability":true}
{"record":"FixedSm89ExactN64ForcePreflightV1","dims_mkn":[64,96,136],"three_incumbents_eager_graph_raw":true,"independent_cpu_reference":true,"public_force":true}
{"record":"FixedSm89ExactN64CorrectnessV1","dtype":"f32","op":"nn","requested":"F32Sm89N64CopyPlan","actual":"gemm_bi_nn_fixed_sm89_f32_n64_copyplan_v1","dims_mkn":[64,96,136],"strides_lda_ldb_ldc":[96,136,136],"storage_rows":146,"row_view":0,"float_offsets_abc":[0,0,0],"bias":false,"alpha_bits":1065353216,"beta_bits":0,"corpus":"Signed","public_force":true,"full_raw_bits":true,"cpu_numeric":true,"eager_repeats":3,"captured_replays":2,"guards":true,"input_immutability":true}
{"record":"FixedSm89ExactN64ForcePreflightV1","dims_mkn":[17,96,136],"three_incumbents_eager_graph_raw":true,"independent_cpu_reference":true,"public_force":true}
{"record":"FixedSm89ExactN64CorrectnessV1","dtype":"f32","op":"nn","requested":"F32Sm89N64CopyPlan","actual":"gemm_bi_nn_fixed_sm89_f32_n64_copyplan_v1","dims_mkn":[17,96,136],"strides_lda_ldb_ldc":[96,136,136],"storage_rows":146,"row_view":17,"float_offsets_abc":[1,0,0],"bias":false,"alpha_bits":1065353216,"beta_bits":0,"corpus":"Signed","public_force":true,"full_raw_bits":true,"cpu_numeric":true,"eager_repeats":3,"captured_replays":2,"guards":true,"input_immutability":true}
{"record":"FixedSm89ExactN64ForcePreflightV1","dims_mkn":[65,96,136],"three_incumbents_eager_graph_raw":true,"independent_cpu_reference":true,"public_force":true}
{"record":"FixedSm89ExactN64CorrectnessV1","dtype":"f32","op":"nn","requested":"F32Sm89N64CopyPlan","actual":"gemm_bi_nn_fixed_sm89_f32_n64_copyplan_v1","dims_mkn":[65,96,136],"strides_lda_ldb_ldc":[96,136,136],"storage_rows":146,"row_view":17,"float_offsets_abc":[0,1,0],"bias":false,"alpha_bits":1065353216,"beta_bits":0,"corpus":"Signed","public_force":true,"full_raw_bits":true,"cpu_numeric":true,"eager_repeats":3,"captured_replays":2,"guards":true,"input_immutability":true}
{"record":"FixedSm89ExactN64ForcePreflightV1","dims_mkn":[129,96,136],"three_incumbents_eager_graph_raw":true,"independent_cpu_reference":true,"public_force":true}
{"record":"FixedSm89ExactN64CorrectnessV1","dtype":"f32","op":"nn","requested":"F32Sm89N64CopyPlan","actual":"gemm_bi_nn_fixed_sm89_f32_n64_copyplan_v1","dims_mkn":[129,96,136],"strides_lda_ldb_ldc":[96,136,136],"storage_rows":146,"row_view":17,"float_offsets_abc":[0,0,1],"bias":false,"alpha_bits":1065353216,"beta_bits":0,"corpus":"Signed","public_force":true,"full_raw_bits":true,"cpu_numeric":true,"eager_repeats":3,"captured_replays":2,"guards":true,"input_immutability":true}
{"record":"FixedSm89ExactN64ForcePreflightV1","dims_mkn":[129,96,136],"three_incumbents_eager_graph_raw":true,"independent_cpu_reference":true,"public_force":true}
{"record":"FixedSm89ExactN64CorrectnessV1","dtype":"f32","op":"nn","requested":"F32Sm89N64CopyPlan","actual":"gemm_bi_nn_fixed_sm89_f32_n64_copyplan_v1","dims_mkn":[129,96,136],"strides_lda_ldb_ldc":[96,136,136],"storage_rows":146,"row_view":17,"float_offsets_abc":[3,3,3],"bias":false,"alpha_bits":1065353216,"beta_bits":0,"corpus":"Signed","public_force":true,"full_raw_bits":true,"cpu_numeric":true,"eager_repeats":3,"captured_replays":2,"guards":true,"input_immutability":true}
{"record":"FixedSm89ExactN64ForcePreflightV1","dims_mkn":[129,192,136],"three_incumbents_eager_graph_raw":true,"independent_cpu_reference":true,"public_force":true}
{"record":"FixedSm89ExactN64CorrectnessV1","dtype":"f32","op":"nn","requested":"F32Sm89N64CopyPlan","actual":"gemm_bi_nn_fixed_sm89_f32_n64_copyplan_v1","dims_mkn":[129,192,136],"strides_lda_ldb_ldc":[192,136,136],"storage_rows":129,"row_view":0,"float_offsets_abc":[0,0,0],"bias":false,"alpha_bits":1065353216,"beta_bits":0,"corpus":"Signed","public_force":true,"full_raw_bits":true,"cpu_numeric":true,"eager_repeats":3,"captured_replays":2,"guards":true,"input_immutability":true}
{"record":"FixedSm89ExactN64ForcePreflightV1","dims_mkn":[1,192,136],"three_incumbents_eager_graph_raw":true,"independent_cpu_reference":true,"public_force":true}
{"record":"FixedSm89ExactN64CorrectnessV1","dtype":"f32","op":"nn","requested":"F32Sm89N64CopyPlan","actual":"gemm_bi_nn_fixed_sm89_f32_n64_copyplan_v1","dims_mkn":[1,192,136],"strides_lda_ldb_ldc":[192,136,136],"storage_rows":146,"row_view":0,"float_offsets_abc":[0,0,0],"bias":false,"alpha_bits":1065353216,"beta_bits":0,"corpus":"Signed","public_force":true,"full_raw_bits":true,"cpu_numeric":true,"eager_repeats":3,"captured_replays":2,"guards":true,"input_immutability":true}
{"record":"FixedSm89ExactN64ForcePreflightV1","dims_mkn":[32,192,136],"three_incumbents_eager_graph_raw":true,"independent_cpu_reference":true,"public_force":true}
{"record":"FixedSm89ExactN64CorrectnessV1","dtype":"f32","op":"nn","requested":"F32Sm89N64CopyPlan","actual":"gemm_bi_nn_fixed_sm89_f32_n64_copyplan_v1","dims_mkn":[32,192,136],"strides_lda_ldb_ldc":[192,136,136],"storage_rows":146,"row_view":0,"float_offsets_abc":[0,0,0],"bias":false,"alpha_bits":1065353216,"beta_bits":0,"corpus":"Signed","public_force":true,"full_raw_bits":true,"cpu_numeric":true,"eager_repeats":3,"captured_replays":2,"guards":true,"input_immutability":true}
{"record":"FixedSm89ExactN64ForcePreflightV1","dims_mkn":[64,192,136],"three_incumbents_eager_graph_raw":true,"independent_cpu_reference":true,"public_force":true}
{"record":"FixedSm89ExactN64CorrectnessV1","dtype":"f32","op":"nn","requested":"F32Sm89N64CopyPlan","actual":"gemm_bi_nn_fixed_sm89_f32_n64_copyplan_v1","dims_mkn":[64,192,136],"strides_lda_ldb_ldc":[192,136,136],"storage_rows":146,"row_view":0,"float_offsets_abc":[0,0,0],"bias":false,"alpha_bits":1065353216,"beta_bits":0,"corpus":"Signed","public_force":true,"full_raw_bits":true,"cpu_numeric":true,"eager_repeats":3,"captured_replays":2,"guards":true,"input_immutability":true}
{"record":"FixedSm89ExactN64ForcePreflightV1","dims_mkn":[17,192,136],"three_incumbents_eager_graph_raw":true,"independent_cpu_reference":true,"public_force":true}
{"record":"FixedSm89ExactN64CorrectnessV1","dtype":"f32","op":"nn","requested":"F32Sm89N64CopyPlan","actual":"gemm_bi_nn_fixed_sm89_f32_n64_copyplan_v1","dims_mkn":[17,192,136],"strides_lda_ldb_ldc":[192,136,136],"storage_rows":146,"row_view":17,"float_offsets_abc":[1,0,0],"bias":false,"alpha_bits":1065353216,"beta_bits":0,"corpus":"Signed","public_force":true,"full_raw_bits":true,"cpu_numeric":true,"eager_repeats":3,"captured_replays":2,"guards":true,"input_immutability":true}
{"record":"FixedSm89ExactN64ForcePreflightV1","dims_mkn":[65,192,136],"three_incumbents_eager_graph_raw":true,"independent_cpu_reference":true,"public_force":true}
{"record":"FixedSm89ExactN64CorrectnessV1","dtype":"f32","op":"nn","requested":"F32Sm89N64CopyPlan","actual":"gemm_bi_nn_fixed_sm89_f32_n64_copyplan_v1","dims_mkn":[65,192,136],"strides_lda_ldb_ldc":[192,136,136],"storage_rows":146,"row_view":17,"float_offsets_abc":[0,1,0],"bias":false,"alpha_bits":1065353216,"beta_bits":0,"corpus":"Signed","public_force":true,"full_raw_bits":true,"cpu_numeric":true,"eager_repeats":3,"captured_replays":2,"guards":true,"input_immutability":true}
{"record":"FixedSm89ExactN64ForcePreflightV1","dims_mkn":[129,192,136],"three_incumbents_eager_graph_raw":true,"independent_cpu_reference":true,"public_force":true}
{"record":"FixedSm89ExactN64CorrectnessV1","dtype":"f32","op":"nn","requested":"F32Sm89N64CopyPlan","actual":"gemm_bi_nn_fixed_sm89_f32_n64_copyplan_v1","dims_mkn":[129,192,136],"strides_lda_ldb_ldc":[192,136,136],"storage_rows":146,"row_view":17,"float_offsets_abc":[0,0,1],"bias":false,"alpha_bits":1065353216,"beta_bits":0,"corpus":"Signed","public_force":true,"full_raw_bits":true,"cpu_numeric":true,"eager_repeats":3,"captured_replays":2,"guards":true,"input_immutability":true}
{"record":"FixedSm89ExactN64ForcePreflightV1","dims_mkn":[129,192,136],"three_incumbents_eager_graph_raw":true,"independent_cpu_reference":true,"public_force":true}
{"record":"FixedSm89ExactN64CorrectnessV1","dtype":"f32","op":"nn","requested":"F32Sm89N64CopyPlan","actual":"gemm_bi_nn_fixed_sm89_f32_n64_copyplan_v1","dims_mkn":[129,192,136],"strides_lda_ldb_ldc":[192,136,136],"storage_rows":146,"row_view":17,"float_offsets_abc":[3,3,3],"bias":false,"alpha_bits":1065353216,"beta_bits":0,"corpus":"Signed","public_force":true,"full_raw_bits":true,"cpu_numeric":true,"eager_repeats":3,"captured_replays":2,"guards":true,"input_immutability":true}
{"record":"FixedSm89ExactN64ForcePreflightV1","dims_mkn":[129,0,65],"three_incumbents_eager_graph_raw":true,"independent_cpu_reference":true,"public_force":true}
{"record":"FixedSm89ExactN64CorrectnessV1","dtype":"f32","op":"nn","requested":"F32Sm89N64CopyPlan","actual":"gemm_bi_nn_fixed_sm89_f32_n64_copyplan_v1","dims_mkn":[129,0,65],"strides_lda_ldb_ldc":[0,65,65],"storage_rows":129,"row_view":0,"float_offsets_abc":[0,0,0],"bias":true,"alpha_bits":1065353216,"beta_bits":0,"corpus":"Signed","public_force":true,"full_raw_bits":true,"cpu_numeric":true,"eager_repeats":3,"captured_replays":2,"guards":true,"input_immutability":true}
{"record":"FixedSm89ExactN64ForcePreflightV1","dims_mkn":[1,0,65],"three_incumbents_eager_graph_raw":true,"independent_cpu_reference":true,"public_force":true}
{"record":"FixedSm89ExactN64CorrectnessV1","dtype":"f32","op":"nn","requested":"F32Sm89N64CopyPlan","actual":"gemm_bi_nn_fixed_sm89_f32_n64_copyplan_v1","dims_mkn":[1,0,65],"strides_lda_ldb_ldc":[0,65,65],"storage_rows":146,"row_view":0,"float_offsets_abc":[0,0,0],"bias":true,"alpha_bits":1065353216,"beta_bits":0,"corpus":"Signed","public_force":true,"full_raw_bits":true,"cpu_numeric":true,"eager_repeats":3,"captured_replays":2,"guards":true,"input_immutability":true}
{"record":"FixedSm89ExactN64ForcePreflightV1","dims_mkn":[32,0,65],"three_incumbents_eager_graph_raw":true,"independent_cpu_reference":true,"public_force":true}
{"record":"FixedSm89ExactN64CorrectnessV1","dtype":"f32","op":"nn","requested":"F32Sm89N64CopyPlan","actual":"gemm_bi_nn_fixed_sm89_f32_n64_copyplan_v1","dims_mkn":[32,0,65],"strides_lda_ldb_ldc":[0,65,65],"storage_rows":146,"row_view":0,"float_offsets_abc":[0,0,0],"bias":true,"alpha_bits":1065353216,"beta_bits":0,"corpus":"Signed","public_force":true,"full_raw_bits":true,"cpu_numeric":true,"eager_repeats":3,"captured_replays":2,"guards":true,"input_immutability":true}
{"record":"FixedSm89ExactN64ForcePreflightV1","dims_mkn":[64,0,65],"three_incumbents_eager_graph_raw":true,"independent_cpu_reference":true,"public_force":true}
{"record":"FixedSm89ExactN64CorrectnessV1","dtype":"f32","op":"nn","requested":"F32Sm89N64CopyPlan","actual":"gemm_bi_nn_fixed_sm89_f32_n64_copyplan_v1","dims_mkn":[64,0,65],"strides_lda_ldb_ldc":[0,65,65],"storage_rows":146,"row_view":0,"float_offsets_abc":[0,0,0],"bias":true,"alpha_bits":1065353216,"beta_bits":0,"corpus":"Signed","public_force":true,"full_raw_bits":true,"cpu_numeric":true,"eager_repeats":3,"captured_replays":2,"guards":true,"input_immutability":true}
{"record":"FixedSm89ExactN64ForcePreflightV1","dims_mkn":[17,0,65],"three_incumbents_eager_graph_raw":true,"independent_cpu_reference":true,"public_force":true}
{"record":"FixedSm89ExactN64CorrectnessV1","dtype":"f32","op":"nn","requested":"F32Sm89N64CopyPlan","actual":"gemm_bi_nn_fixed_sm89_f32_n64_copyplan_v1","dims_mkn":[17,0,65],"strides_lda_ldb_ldc":[0,65,65],"storage_rows":146,"row_view":17,"float_offsets_abc":[1,0,0],"bias":true,"alpha_bits":1065353216,"beta_bits":0,"corpus":"Signed","public_force":true,"full_raw_bits":true,"cpu_numeric":true,"eager_repeats":3,"captured_replays":2,"guards":true,"input_immutability":true}
{"record":"FixedSm89ExactN64ForcePreflightV1","dims_mkn":[65,0,65],"three_incumbents_eager_graph_raw":true,"independent_cpu_reference":true,"public_force":true}
{"record":"FixedSm89ExactN64CorrectnessV1","dtype":"f32","op":"nn","requested":"F32Sm89N64CopyPlan","actual":"gemm_bi_nn_fixed_sm89_f32_n64_copyplan_v1","dims_mkn":[65,0,65],"strides_lda_ldb_ldc":[0,65,65],"storage_rows":146,"row_view":17,"float_offsets_abc":[0,1,0],"bias":true,"alpha_bits":1065353216,"beta_bits":0,"corpus":"Signed","public_force":true,"full_raw_bits":true,"cpu_numeric":true,"eager_repeats":3,"captured_replays":2,"guards":true,"input_immutability":true}
{"record":"FixedSm89ExactN64ForcePreflightV1","dims_mkn":[129,0,65],"three_incumbents_eager_graph_raw":true,"independent_cpu_reference":true,"public_force":true}
{"record":"FixedSm89ExactN64CorrectnessV1","dtype":"f32","op":"nn","requested":"F32Sm89N64CopyPlan","actual":"gemm_bi_nn_fixed_sm89_f32_n64_copyplan_v1","dims_mkn":[129,0,65],"strides_lda_ldb_ldc":[0,65,65],"storage_rows":146,"row_view":17,"float_offsets_abc":[0,0,1],"bias":true,"alpha_bits":1065353216,"beta_bits":0,"corpus":"Signed","public_force":true,"full_raw_bits":true,"cpu_numeric":true,"eager_repeats":3,"captured_replays":2,"guards":true,"input_immutability":true}
{"record":"FixedSm89ExactN64ForcePreflightV1","dims_mkn":[129,0,65],"three_incumbents_eager_graph_raw":true,"independent_cpu_reference":true,"public_force":true}
{"record":"FixedSm89ExactN64CorrectnessV1","dtype":"f32","op":"nn","requested":"F32Sm89N64CopyPlan","actual":"gemm_bi_nn_fixed_sm89_f32_n64_copyplan_v1","dims_mkn":[129,0,65],"strides_lda_ldb_ldc":[0,65,65],"storage_rows":146,"row_view":17,"float_offsets_abc":[3,3,3],"bias":true,"alpha_bits":1065353216,"beta_bits":0,"corpus":"Signed","public_force":true,"full_raw_bits":true,"cpu_numeric":true,"eager_repeats":3,"captured_replays":2,"guards":true,"input_immutability":true}
{"record":"FixedSm89ExactN64ForcePreflightV1","dims_mkn":[129,31,65],"three_incumbents_eager_graph_raw":true,"independent_cpu_reference":true,"public_force":true}
{"record":"FixedSm89ExactN64CorrectnessV1","dtype":"f32","op":"nn","requested":"F32Sm89N64CopyPlan","actual":"gemm_bi_nn_fixed_sm89_f32_n64_copyplan_v1","dims_mkn":[129,31,65],"strides_lda_ldb_ldc":[31,65,65],"storage_rows":129,"row_view":0,"float_offsets_abc":[0,0,0],"bias":true,"alpha_bits":1065353216,"beta_bits":0,"corpus":"Signed","public_force":true,"full_raw_bits":true,"cpu_numeric":true,"eager_repeats":3,"captured_replays":2,"guards":true,"input_immutability":true}
{"record":"FixedSm89ExactN64ForcePreflightV1","dims_mkn":[1,31,65],"three_incumbents_eager_graph_raw":true,"independent_cpu_reference":true,"public_force":true}
{"record":"FixedSm89ExactN64CorrectnessV1","dtype":"f32","op":"nn","requested":"F32Sm89N64CopyPlan","actual":"gemm_bi_nn_fixed_sm89_f32_n64_copyplan_v1","dims_mkn":[1,31,65],"strides_lda_ldb_ldc":[31,65,65],"storage_rows":146,"row_view":0,"float_offsets_abc":[0,0,0],"bias":true,"alpha_bits":1065353216,"beta_bits":0,"corpus":"Signed","public_force":true,"full_raw_bits":true,"cpu_numeric":true,"eager_repeats":3,"captured_replays":2,"guards":true,"input_immutability":true}
{"record":"FixedSm89ExactN64ForcePreflightV1","dims_mkn":[32,31,65],"three_incumbents_eager_graph_raw":true,"independent_cpu_reference":true,"public_force":true}
{"record":"FixedSm89ExactN64CorrectnessV1","dtype":"f32","op":"nn","requested":"F32Sm89N64CopyPlan","actual":"gemm_bi_nn_fixed_sm89_f32_n64_copyplan_v1","dims_mkn":[32,31,65],"strides_lda_ldb_ldc":[31,65,65],"storage_rows":146,"row_view":0,"float_offsets_abc":[0,0,0],"bias":true,"alpha_bits":1065353216,"beta_bits":0,"corpus":"Signed","public_force":true,"full_raw_bits":true,"cpu_numeric":true,"eager_repeats":3,"captured_replays":2,"guards":true,"input_immutability":true}
{"record":"FixedSm89ExactN64ForcePreflightV1","dims_mkn":[64,31,65],"three_incumbents_eager_graph_raw":true,"independent_cpu_reference":true,"public_force":true}
{"record":"FixedSm89ExactN64CorrectnessV1","dtype":"f32","op":"nn","requested":"F32Sm89N64CopyPlan","actual":"gemm_bi_nn_fixed_sm89_f32_n64_copyplan_v1","dims_mkn":[64,31,65],"strides_lda_ldb_ldc":[31,65,65],"storage_rows":146,"row_view":0,"float_offsets_abc":[0,0,0],"bias":true,"alpha_bits":1065353216,"beta_bits":0,"corpus":"Signed","public_force":true,"full_raw_bits":true,"cpu_numeric":true,"eager_repeats":3,"captured_replays":2,"guards":true,"input_immutability":true}
{"record":"FixedSm89ExactN64ForcePreflightV1","dims_mkn":[17,31,65],"three_incumbents_eager_graph_raw":true,"independent_cpu_reference":true,"public_force":true}
{"record":"FixedSm89ExactN64CorrectnessV1","dtype":"f32","op":"nn","requested":"F32Sm89N64CopyPlan","actual":"gemm_bi_nn_fixed_sm89_f32_n64_copyplan_v1","dims_mkn":[17,31,65],"strides_lda_ldb_ldc":[31,65,65],"storage_rows":146,"row_view":17,"float_offsets_abc":[1,0,0],"bias":true,"alpha_bits":1065353216,"beta_bits":0,"corpus":"Signed","public_force":true,"full_raw_bits":true,"cpu_numeric":true,"eager_repeats":3,"captured_replays":2,"guards":true,"input_immutability":true}
{"record":"FixedSm89ExactN64ForcePreflightV1","dims_mkn":[65,31,65],"three_incumbents_eager_graph_raw":true,"independent_cpu_reference":true,"public_force":true}
{"record":"FixedSm89ExactN64CorrectnessV1","dtype":"f32","op":"nn","requested":"F32Sm89N64CopyPlan","actual":"gemm_bi_nn_fixed_sm89_f32_n64_copyplan_v1","dims_mkn":[65,31,65],"strides_lda_ldb_ldc":[31,65,65],"storage_rows":146,"row_view":17,"float_offsets_abc":[0,1,0],"bias":true,"alpha_bits":1065353216,"beta_bits":0,"corpus":"Signed","public_force":true,"full_raw_bits":true,"cpu_numeric":true,"eager_repeats":3,"captured_replays":2,"guards":true,"input_immutability":true}
{"record":"FixedSm89ExactN64ForcePreflightV1","dims_mkn":[129,31,65],"three_incumbents_eager_graph_raw":true,"independent_cpu_reference":true,"public_force":true}
{"record":"FixedSm89ExactN64CorrectnessV1","dtype":"f32","op":"nn","requested":"F32Sm89N64CopyPlan","actual":"gemm_bi_nn_fixed_sm89_f32_n64_copyplan_v1","dims_mkn":[129,31,65],"strides_lda_ldb_ldc":[31,65,65],"storage_rows":146,"row_view":17,"float_offsets_abc":[0,0,1],"bias":true,"alpha_bits":1065353216,"beta_bits":0,"corpus":"Signed","public_force":true,"full_raw_bits":true,"cpu_numeric":true,"eager_repeats":3,"captured_replays":2,"guards":true,"input_immutability":true}
{"record":"FixedSm89ExactN64ForcePreflightV1","dims_mkn":[129,31,65],"three_incumbents_eager_graph_raw":true,"independent_cpu_reference":true,"public_force":true}
{"record":"FixedSm89ExactN64CorrectnessV1","dtype":"f32","op":"nn","requested":"F32Sm89N64CopyPlan","actual":"gemm_bi_nn_fixed_sm89_f32_n64_copyplan_v1","dims_mkn":[129,31,65],"strides_lda_ldb_ldc":[31,65,65],"storage_rows":146,"row_view":17,"float_offsets_abc":[3,3,3],"bias":true,"alpha_bits":1065353216,"beta_bits":0,"corpus":"Signed","public_force":true,"full_raw_bits":true,"cpu_numeric":true,"eager_repeats":3,"captured_replays":2,"guards":true,"input_immutability":true}
{"record":"FixedSm89ExactN64ForcePreflightV1","dims_mkn":[129,32,136],"three_incumbents_eager_graph_raw":true,"independent_cpu_reference":true,"public_force":true}
{"record":"FixedSm89ExactN64CorrectnessV1","dtype":"f32","op":"nn","requested":"F32Sm89N64CopyPlan","actual":"gemm_bi_nn_fixed_sm89_f32_n64_copyplan_v1","dims_mkn":[129,32,136],"strides_lda_ldb_ldc":[32,136,136],"storage_rows":129,"row_view":0,"float_offsets_abc":[0,0,0],"bias":true,"alpha_bits":1065353216,"beta_bits":0,"corpus":"Signed","public_force":true,"full_raw_bits":true,"cpu_numeric":true,"eager_repeats":3,"captured_replays":2,"guards":true,"input_immutability":true}
{"record":"FixedSm89ExactN64ForcePreflightV1","dims_mkn":[1,32,136],"three_incumbents_eager_graph_raw":true,"independent_cpu_reference":true,"public_force":true}
{"record":"FixedSm89ExactN64CorrectnessV1","dtype":"f32","op":"nn","requested":"F32Sm89N64CopyPlan","actual":"gemm_bi_nn_fixed_sm89_f32_n64_copyplan_v1","dims_mkn":[1,32,136],"strides_lda_ldb_ldc":[32,136,136],"storage_rows":146,"row_view":0,"float_offsets_abc":[0,0,0],"bias":true,"alpha_bits":1065353216,"beta_bits":0,"corpus":"Signed","public_force":true,"full_raw_bits":true,"cpu_numeric":true,"eager_repeats":3,"captured_replays":2,"guards":true,"input_immutability":true}
{"record":"FixedSm89ExactN64ForcePreflightV1","dims_mkn":[32,32,136],"three_incumbents_eager_graph_raw":true,"independent_cpu_reference":true,"public_force":true}
{"record":"FixedSm89ExactN64CorrectnessV1","dtype":"f32","op":"nn","requested":"F32Sm89N64CopyPlan","actual":"gemm_bi_nn_fixed_sm89_f32_n64_copyplan_v1","dims_mkn":[32,32,136],"strides_lda_ldb_ldc":[32,136,136],"storage_rows":146,"row_view":0,"float_offsets_abc":[0,0,0],"bias":true,"alpha_bits":1065353216,"beta_bits":0,"corpus":"Signed","public_force":true,"full_raw_bits":true,"cpu_numeric":true,"eager_repeats":3,"captured_replays":2,"guards":true,"input_immutability":true}
{"record":"FixedSm89ExactN64ForcePreflightV1","dims_mkn":[64,32,136],"three_incumbents_eager_graph_raw":true,"independent_cpu_reference":true,"public_force":true}
{"record":"FixedSm89ExactN64CorrectnessV1","dtype":"f32","op":"nn","requested":"F32Sm89N64CopyPlan","actual":"gemm_bi_nn_fixed_sm89_f32_n64_copyplan_v1","dims_mkn":[64,32,136],"strides_lda_ldb_ldc":[32,136,136],"storage_rows":146,"row_view":0,"float_offsets_abc":[0,0,0],"bias":true,"alpha_bits":1065353216,"beta_bits":0,"corpus":"Signed","public_force":true,"full_raw_bits":true,"cpu_numeric":true,"eager_repeats":3,"captured_replays":2,"guards":true,"input_immutability":true}
{"record":"FixedSm89ExactN64ForcePreflightV1","dims_mkn":[17,32,136],"three_incumbents_eager_graph_raw":true,"independent_cpu_reference":true,"public_force":true}
{"record":"FixedSm89ExactN64CorrectnessV1","dtype":"f32","op":"nn","requested":"F32Sm89N64CopyPlan","actual":"gemm_bi_nn_fixed_sm89_f32_n64_copyplan_v1","dims_mkn":[17,32,136],"strides_lda_ldb_ldc":[32,136,136],"storage_rows":146,"row_view":17,"float_offsets_abc":[1,0,0],"bias":true,"alpha_bits":1065353216,"beta_bits":0,"corpus":"Signed","public_force":true,"full_raw_bits":true,"cpu_numeric":true,"eager_repeats":3,"captured_replays":2,"guards":true,"input_immutability":true}
{"record":"FixedSm89ExactN64ForcePreflightV1","dims_mkn":[65,32,136],"three_incumbents_eager_graph_raw":true,"independent_cpu_reference":true,"public_force":true}
{"record":"FixedSm89ExactN64CorrectnessV1","dtype":"f32","op":"nn","requested":"F32Sm89N64CopyPlan","actual":"gemm_bi_nn_fixed_sm89_f32_n64_copyplan_v1","dims_mkn":[65,32,136],"strides_lda_ldb_ldc":[32,136,136],"storage_rows":146,"row_view":17,"float_offsets_abc":[0,1,0],"bias":true,"alpha_bits":1065353216,"beta_bits":0,"corpus":"Signed","public_force":true,"full_raw_bits":true,"cpu_numeric":true,"eager_repeats":3,"captured_replays":2,"guards":true,"input_immutability":true}
{"record":"FixedSm89ExactN64ForcePreflightV1","dims_mkn":[129,32,136],"three_incumbents_eager_graph_raw":true,"independent_cpu_reference":true,"public_force":true}
{"record":"FixedSm89ExactN64CorrectnessV1","dtype":"f32","op":"nn","requested":"F32Sm89N64CopyPlan","actual":"gemm_bi_nn_fixed_sm89_f32_n64_copyplan_v1","dims_mkn":[129,32,136],"strides_lda_ldb_ldc":[32,136,136],"storage_rows":146,"row_view":17,"float_offsets_abc":[0,0,1],"bias":true,"alpha_bits":1065353216,"beta_bits":0,"corpus":"Signed","public_force":true,"full_raw_bits":true,"cpu_numeric":true,"eager_repeats":3,"captured_replays":2,"guards":true,"input_immutability":true}
{"record":"FixedSm89ExactN64ForcePreflightV1","dims_mkn":[129,32,136],"three_incumbents_eager_graph_raw":true,"independent_cpu_reference":true,"public_force":true}
{"record":"FixedSm89ExactN64CorrectnessV1","dtype":"f32","op":"nn","requested":"F32Sm89N64CopyPlan","actual":"gemm_bi_nn_fixed_sm89_f32_n64_copyplan_v1","dims_mkn":[129,32,136],"strides_lda_ldb_ldc":[32,136,136],"storage_rows":146,"row_view":17,"float_offsets_abc":[3,3,3],"bias":true,"alpha_bits":1065353216,"beta_bits":0,"corpus":"Signed","public_force":true,"full_raw_bits":true,"cpu_numeric":true,"eager_repeats":3,"captured_replays":2,"guards":true,"input_immutability":true}
{"record":"FixedSm89ExactN64ForcePreflightV1","dims_mkn":[129,33,131],"three_incumbents_eager_graph_raw":true,"independent_cpu_reference":true,"public_force":true}
{"record":"FixedSm89ExactN64CorrectnessV1","dtype":"f32","op":"nn","requested":"F32Sm89N64CopyPlan","actual":"gemm_bi_nn_fixed_sm89_f32_n64_copyplan_v1","dims_mkn":[129,33,131],"strides_lda_ldb_ldc":[33,131,131],"storage_rows":129,"row_view":0,"float_offsets_abc":[0,0,0],"bias":true,"alpha_bits":1065353216,"beta_bits":0,"corpus":"Signed","public_force":true,"full_raw_bits":true,"cpu_numeric":true,"eager_repeats":3,"captured_replays":2,"guards":true,"input_immutability":true}
{"record":"FixedSm89ExactN64ForcePreflightV1","dims_mkn":[1,33,131],"three_incumbents_eager_graph_raw":true,"independent_cpu_reference":true,"public_force":true}
{"record":"FixedSm89ExactN64CorrectnessV1","dtype":"f32","op":"nn","requested":"F32Sm89N64CopyPlan","actual":"gemm_bi_nn_fixed_sm89_f32_n64_copyplan_v1","dims_mkn":[1,33,131],"strides_lda_ldb_ldc":[33,131,131],"storage_rows":146,"row_view":0,"float_offsets_abc":[0,0,0],"bias":true,"alpha_bits":1065353216,"beta_bits":0,"corpus":"Signed","public_force":true,"full_raw_bits":true,"cpu_numeric":true,"eager_repeats":3,"captured_replays":2,"guards":true,"input_immutability":true}
{"record":"FixedSm89ExactN64ForcePreflightV1","dims_mkn":[32,33,131],"three_incumbents_eager_graph_raw":true,"independent_cpu_reference":true,"public_force":true}
{"record":"FixedSm89ExactN64CorrectnessV1","dtype":"f32","op":"nn","requested":"F32Sm89N64CopyPlan","actual":"gemm_bi_nn_fixed_sm89_f32_n64_copyplan_v1","dims_mkn":[32,33,131],"strides_lda_ldb_ldc":[33,131,131],"storage_rows":146,"row_view":0,"float_offsets_abc":[0,0,0],"bias":true,"alpha_bits":1065353216,"beta_bits":0,"corpus":"Signed","public_force":true,"full_raw_bits":true,"cpu_numeric":true,"eager_repeats":3,"captured_replays":2,"guards":true,"input_immutability":true}
{"record":"FixedSm89ExactN64ForcePreflightV1","dims_mkn":[64,33,131],"three_incumbents_eager_graph_raw":true,"independent_cpu_reference":true,"public_force":true}
{"record":"FixedSm89ExactN64CorrectnessV1","dtype":"f32","op":"nn","requested":"F32Sm89N64CopyPlan","actual":"gemm_bi_nn_fixed_sm89_f32_n64_copyplan_v1","dims_mkn":[64,33,131],"strides_lda_ldb_ldc":[33,131,131],"storage_rows":146,"row_view":0,"float_offsets_abc":[0,0,0],"bias":true,"alpha_bits":1065353216,"beta_bits":0,"corpus":"Signed","public_force":true,"full_raw_bits":true,"cpu_numeric":true,"eager_repeats":3,"captured_replays":2,"guards":true,"input_immutability":true}
{"record":"FixedSm89ExactN64ForcePreflightV1","dims_mkn":[17,33,131],"three_incumbents_eager_graph_raw":true,"independent_cpu_reference":true,"public_force":true}
{"record":"FixedSm89ExactN64CorrectnessV1","dtype":"f32","op":"nn","requested":"F32Sm89N64CopyPlan","actual":"gemm_bi_nn_fixed_sm89_f32_n64_copyplan_v1","dims_mkn":[17,33,131],"strides_lda_ldb_ldc":[33,131,131],"storage_rows":146,"row_view":17,"float_offsets_abc":[1,0,0],"bias":true,"alpha_bits":1065353216,"beta_bits":0,"corpus":"Signed","public_force":true,"full_raw_bits":true,"cpu_numeric":true,"eager_repeats":3,"captured_replays":2,"guards":true,"input_immutability":true}
{"record":"FixedSm89ExactN64ForcePreflightV1","dims_mkn":[65,33,131],"three_incumbents_eager_graph_raw":true,"independent_cpu_reference":true,"public_force":true}
{"record":"FixedSm89ExactN64CorrectnessV1","dtype":"f32","op":"nn","requested":"F32Sm89N64CopyPlan","actual":"gemm_bi_nn_fixed_sm89_f32_n64_copyplan_v1","dims_mkn":[65,33,131],"strides_lda_ldb_ldc":[33,131,131],"storage_rows":146,"row_view":17,"float_offsets_abc":[0,1,0],"bias":true,"alpha_bits":1065353216,"beta_bits":0,"corpus":"Signed","public_force":true,"full_raw_bits":true,"cpu_numeric":true,"eager_repeats":3,"captured_replays":2,"guards":true,"input_immutability":true}
{"record":"FixedSm89ExactN64ForcePreflightV1","dims_mkn":[129,33,131],"three_incumbents_eager_graph_raw":true,"independent_cpu_reference":true,"public_force":true}
{"record":"FixedSm89ExactN64CorrectnessV1","dtype":"f32","op":"nn","requested":"F32Sm89N64CopyPlan","actual":"gemm_bi_nn_fixed_sm89_f32_n64_copyplan_v1","dims_mkn":[129,33,131],"strides_lda_ldb_ldc":[33,131,131],"storage_rows":146,"row_view":17,"float_offsets_abc":[0,0,1],"bias":true,"alpha_bits":1065353216,"beta_bits":0,"corpus":"Signed","public_force":true,"full_raw_bits":true,"cpu_numeric":true,"eager_repeats":3,"captured_replays":2,"guards":true,"input_immutability":true}
{"record":"FixedSm89ExactN64ForcePreflightV1","dims_mkn":[129,33,131],"three_incumbents_eager_graph_raw":true,"independent_cpu_reference":true,"public_force":true}
{"record":"FixedSm89ExactN64CorrectnessV1","dtype":"f32","op":"nn","requested":"F32Sm89N64CopyPlan","actual":"gemm_bi_nn_fixed_sm89_f32_n64_copyplan_v1","dims_mkn":[129,33,131],"strides_lda_ldb_ldc":[33,131,131],"storage_rows":146,"row_view":17,"float_offsets_abc":[3,3,3],"bias":true,"alpha_bits":1065353216,"beta_bits":0,"corpus":"Signed","public_force":true,"full_raw_bits":true,"cpu_numeric":true,"eager_repeats":3,"captured_replays":2,"guards":true,"input_immutability":true}
{"record":"FixedSm89ExactN64ForcePreflightV1","dims_mkn":[129,65,131],"three_incumbents_eager_graph_raw":true,"independent_cpu_reference":true,"public_force":true}
{"record":"FixedSm89ExactN64CorrectnessV1","dtype":"f32","op":"nn","requested":"F32Sm89N64CopyPlan","actual":"gemm_bi_nn_fixed_sm89_f32_n64_copyplan_v1","dims_mkn":[129,65,131],"strides_lda_ldb_ldc":[65,131,131],"storage_rows":129,"row_view":0,"float_offsets_abc":[0,0,0],"bias":true,"alpha_bits":1065353216,"beta_bits":0,"corpus":"Signed","public_force":true,"full_raw_bits":true,"cpu_numeric":true,"eager_repeats":3,"captured_replays":2,"guards":true,"input_immutability":true}
{"record":"FixedSm89ExactN64ForcePreflightV1","dims_mkn":[1,65,131],"three_incumbents_eager_graph_raw":true,"independent_cpu_reference":true,"public_force":true}
{"record":"FixedSm89ExactN64CorrectnessV1","dtype":"f32","op":"nn","requested":"F32Sm89N64CopyPlan","actual":"gemm_bi_nn_fixed_sm89_f32_n64_copyplan_v1","dims_mkn":[1,65,131],"strides_lda_ldb_ldc":[65,131,131],"storage_rows":146,"row_view":0,"float_offsets_abc":[0,0,0],"bias":true,"alpha_bits":1065353216,"beta_bits":0,"corpus":"Signed","public_force":true,"full_raw_bits":true,"cpu_numeric":true,"eager_repeats":3,"captured_replays":2,"guards":true,"input_immutability":true}
{"record":"FixedSm89ExactN64ForcePreflightV1","dims_mkn":[32,65,131],"three_incumbents_eager_graph_raw":true,"independent_cpu_reference":true,"public_force":true}
{"record":"FixedSm89ExactN64CorrectnessV1","dtype":"f32","op":"nn","requested":"F32Sm89N64CopyPlan","actual":"gemm_bi_nn_fixed_sm89_f32_n64_copyplan_v1","dims_mkn":[32,65,131],"strides_lda_ldb_ldc":[65,131,131],"storage_rows":146,"row_view":0,"float_offsets_abc":[0,0,0],"bias":true,"alpha_bits":1065353216,"beta_bits":0,"corpus":"Signed","public_force":true,"full_raw_bits":true,"cpu_numeric":true,"eager_repeats":3,"captured_replays":2,"guards":true,"input_immutability":true}
{"record":"FixedSm89ExactN64ForcePreflightV1","dims_mkn":[64,65,131],"three_incumbents_eager_graph_raw":true,"independent_cpu_reference":true,"public_force":true}
{"record":"FixedSm89ExactN64CorrectnessV1","dtype":"f32","op":"nn","requested":"F32Sm89N64CopyPlan","actual":"gemm_bi_nn_fixed_sm89_f32_n64_copyplan_v1","dims_mkn":[64,65,131],"strides_lda_ldb_ldc":[65,131,131],"storage_rows":146,"row_view":0,"float_offsets_abc":[0,0,0],"bias":true,"alpha_bits":1065353216,"beta_bits":0,"corpus":"Signed","public_force":true,"full_raw_bits":true,"cpu_numeric":true,"eager_repeats":3,"captured_replays":2,"guards":true,"input_immutability":true}
{"record":"FixedSm89ExactN64ForcePreflightV1","dims_mkn":[17,65,131],"three_incumbents_eager_graph_raw":true,"independent_cpu_reference":true,"public_force":true}
{"record":"FixedSm89ExactN64CorrectnessV1","dtype":"f32","op":"nn","requested":"F32Sm89N64CopyPlan","actual":"gemm_bi_nn_fixed_sm89_f32_n64_copyplan_v1","dims_mkn":[17,65,131],"strides_lda_ldb_ldc":[65,131,131],"storage_rows":146,"row_view":17,"float_offsets_abc":[1,0,0],"bias":true,"alpha_bits":1065353216,"beta_bits":0,"corpus":"Signed","public_force":true,"full_raw_bits":true,"cpu_numeric":true,"eager_repeats":3,"captured_replays":2,"guards":true,"input_immutability":true}
{"record":"FixedSm89ExactN64ForcePreflightV1","dims_mkn":[65,65,131],"three_incumbents_eager_graph_raw":true,"independent_cpu_reference":true,"public_force":true}
{"record":"FixedSm89ExactN64CorrectnessV1","dtype":"f32","op":"nn","requested":"F32Sm89N64CopyPlan","actual":"gemm_bi_nn_fixed_sm89_f32_n64_copyplan_v1","dims_mkn":[65,65,131],"strides_lda_ldb_ldc":[65,131,131],"storage_rows":146,"row_view":17,"float_offsets_abc":[0,1,0],"bias":true,"alpha_bits":1065353216,"beta_bits":0,"corpus":"Signed","public_force":true,"full_raw_bits":true,"cpu_numeric":true,"eager_repeats":3,"captured_replays":2,"guards":true,"input_immutability":true}
{"record":"FixedSm89ExactN64ForcePreflightV1","dims_mkn":[129,65,131],"three_incumbents_eager_graph_raw":true,"independent_cpu_reference":true,"public_force":true}
{"record":"FixedSm89ExactN64CorrectnessV1","dtype":"f32","op":"nn","requested":"F32Sm89N64CopyPlan","actual":"gemm_bi_nn_fixed_sm89_f32_n64_copyplan_v1","dims_mkn":[129,65,131],"strides_lda_ldb_ldc":[65,131,131],"storage_rows":146,"row_view":17,"float_offsets_abc":[0,0,1],"bias":true,"alpha_bits":1065353216,"beta_bits":0,"corpus":"Signed","public_force":true,"full_raw_bits":true,"cpu_numeric":true,"eager_repeats":3,"captured_replays":2,"guards":true,"input_immutability":true}
{"record":"FixedSm89ExactN64ForcePreflightV1","dims_mkn":[129,65,131],"three_incumbents_eager_graph_raw":true,"independent_cpu_reference":true,"public_force":true}
{"record":"FixedSm89ExactN64CorrectnessV1","dtype":"f32","op":"nn","requested":"F32Sm89N64CopyPlan","actual":"gemm_bi_nn_fixed_sm89_f32_n64_copyplan_v1","dims_mkn":[129,65,131],"strides_lda_ldb_ldc":[65,131,131],"storage_rows":146,"row_view":17,"float_offsets_abc":[3,3,3],"bias":true,"alpha_bits":1065353216,"beta_bits":0,"corpus":"Signed","public_force":true,"full_raw_bits":true,"cpu_numeric":true,"eager_repeats":3,"captured_replays":2,"guards":true,"input_immutability":true}
{"record":"FixedSm89ExactN64ForcePreflightV1","dims_mkn":[129,96,136],"three_incumbents_eager_graph_raw":true,"independent_cpu_reference":true,"public_force":true}
{"record":"FixedSm89ExactN64CorrectnessV1","dtype":"f32","op":"nn","requested":"F32Sm89N64CopyPlan","actual":"gemm_bi_nn_fixed_sm89_f32_n64_copyplan_v1","dims_mkn":[129,96,136],"strides_lda_ldb_ldc":[96,136,136],"storage_rows":129,"row_view":0,"float_offsets_abc":[0,0,0],"bias":true,"alpha_bits":1065353216,"beta_bits":0,"corpus":"Signed","public_force":true,"full_raw_bits":true,"cpu_numeric":true,"eager_repeats":3,"captured_replays":2,"guards":true,"input_immutability":true}
{"record":"FixedSm89ExactN64ForcePreflightV1","dims_mkn":[1,96,136],"three_incumbents_eager_graph_raw":true,"independent_cpu_reference":true,"public_force":true}
{"record":"FixedSm89ExactN64CorrectnessV1","dtype":"f32","op":"nn","requested":"F32Sm89N64CopyPlan","actual":"gemm_bi_nn_fixed_sm89_f32_n64_copyplan_v1","dims_mkn":[1,96,136],"strides_lda_ldb_ldc":[96,136,136],"storage_rows":146,"row_view":0,"float_offsets_abc":[0,0,0],"bias":true,"alpha_bits":1065353216,"beta_bits":0,"corpus":"Signed","public_force":true,"full_raw_bits":true,"cpu_numeric":true,"eager_repeats":3,"captured_replays":2,"guards":true,"input_immutability":true}
{"record":"FixedSm89ExactN64ForcePreflightV1","dims_mkn":[32,96,136],"three_incumbents_eager_graph_raw":true,"independent_cpu_reference":true,"public_force":true}
{"record":"FixedSm89ExactN64CorrectnessV1","dtype":"f32","op":"nn","requested":"F32Sm89N64CopyPlan","actual":"gemm_bi_nn_fixed_sm89_f32_n64_copyplan_v1","dims_mkn":[32,96,136],"strides_lda_ldb_ldc":[96,136,136],"storage_rows":146,"row_view":0,"float_offsets_abc":[0,0,0],"bias":true,"alpha_bits":1065353216,"beta_bits":0,"corpus":"Signed","public_force":true,"full_raw_bits":true,"cpu_numeric":true,"eager_repeats":3,"captured_replays":2,"guards":true,"input_immutability":true}
{"record":"FixedSm89ExactN64ForcePreflightV1","dims_mkn":[64,96,136],"three_incumbents_eager_graph_raw":true,"independent_cpu_reference":true,"public_force":true}
{"record":"FixedSm89ExactN64CorrectnessV1","dtype":"f32","op":"nn","requested":"F32Sm89N64CopyPlan","actual":"gemm_bi_nn_fixed_sm89_f32_n64_copyplan_v1","dims_mkn":[64,96,136],"strides_lda_ldb_ldc":[96,136,136],"storage_rows":146,"row_view":0,"float_offsets_abc":[0,0,0],"bias":true,"alpha_bits":1065353216,"beta_bits":0,"corpus":"Signed","public_force":true,"full_raw_bits":true,"cpu_numeric":true,"eager_repeats":3,"captured_replays":2,"guards":true,"input_immutability":true}
{"record":"FixedSm89ExactN64ForcePreflightV1","dims_mkn":[17,96,136],"three_incumbents_eager_graph_raw":true,"independent_cpu_reference":true,"public_force":true}
{"record":"FixedSm89ExactN64CorrectnessV1","dtype":"f32","op":"nn","requested":"F32Sm89N64CopyPlan","actual":"gemm_bi_nn_fixed_sm89_f32_n64_copyplan_v1","dims_mkn":[17,96,136],"strides_lda_ldb_ldc":[96,136,136],"storage_rows":146,"row_view":17,"float_offsets_abc":[1,0,0],"bias":true,"alpha_bits":1065353216,"beta_bits":0,"corpus":"Signed","public_force":true,"full_raw_bits":true,"cpu_numeric":true,"eager_repeats":3,"captured_replays":2,"guards":true,"input_immutability":true}
{"record":"FixedSm89ExactN64ForcePreflightV1","dims_mkn":[65,96,136],"three_incumbents_eager_graph_raw":true,"independent_cpu_reference":true,"public_force":true}
{"record":"FixedSm89ExactN64CorrectnessV1","dtype":"f32","op":"nn","requested":"F32Sm89N64CopyPlan","actual":"gemm_bi_nn_fixed_sm89_f32_n64_copyplan_v1","dims_mkn":[65,96,136],"strides_lda_ldb_ldc":[96,136,136],"storage_rows":146,"row_view":17,"float_offsets_abc":[0,1,0],"bias":true,"alpha_bits":1065353216,"beta_bits":0,"corpus":"Signed","public_force":true,"full_raw_bits":true,"cpu_numeric":true,"eager_repeats":3,"captured_replays":2,"guards":true,"input_immutability":true}
{"record":"FixedSm89ExactN64ForcePreflightV1","dims_mkn":[129,96,136],"three_incumbents_eager_graph_raw":true,"independent_cpu_reference":true,"public_force":true}
{"record":"FixedSm89ExactN64CorrectnessV1","dtype":"f32","op":"nn","requested":"F32Sm89N64CopyPlan","actual":"gemm_bi_nn_fixed_sm89_f32_n64_copyplan_v1","dims_mkn":[129,96,136],"strides_lda_ldb_ldc":[96,136,136],"storage_rows":146,"row_view":17,"float_offsets_abc":[0,0,1],"bias":true,"alpha_bits":1065353216,"beta_bits":0,"corpus":"Signed","public_force":true,"full_raw_bits":true,"cpu_numeric":true,"eager_repeats":3,"captured_replays":2,"guards":true,"input_immutability":true}
{"record":"FixedSm89ExactN64ForcePreflightV1","dims_mkn":[129,96,136],"three_incumbents_eager_graph_raw":true,"independent_cpu_reference":true,"public_force":true}
{"record":"FixedSm89ExactN64CorrectnessV1","dtype":"f32","op":"nn","requested":"F32Sm89N64CopyPlan","actual":"gemm_bi_nn_fixed_sm89_f32_n64_copyplan_v1","dims_mkn":[129,96,136],"strides_lda_ldb_ldc":[96,136,136],"storage_rows":146,"row_view":17,"float_offsets_abc":[3,3,3],"bias":true,"alpha_bits":1065353216,"beta_bits":0,"corpus":"Signed","public_force":true,"full_raw_bits":true,"cpu_numeric":true,"eager_repeats":3,"captured_replays":2,"guards":true,"input_immutability":true}
{"record":"FixedSm89ExactN64ForcePreflightV1","dims_mkn":[129,192,136],"three_incumbents_eager_graph_raw":true,"independent_cpu_reference":true,"public_force":true}
{"record":"FixedSm89ExactN64CorrectnessV1","dtype":"f32","op":"nn","requested":"F32Sm89N64CopyPlan","actual":"gemm_bi_nn_fixed_sm89_f32_n64_copyplan_v1","dims_mkn":[129,192,136],"strides_lda_ldb_ldc":[192,136,136],"storage_rows":129,"row_view":0,"float_offsets_abc":[0,0,0],"bias":true,"alpha_bits":1065353216,"beta_bits":0,"corpus":"Signed","public_force":true,"full_raw_bits":true,"cpu_numeric":true,"eager_repeats":3,"captured_replays":2,"guards":true,"input_immutability":true}
{"record":"FixedSm89ExactN64ForcePreflightV1","dims_mkn":[1,192,136],"three_incumbents_eager_graph_raw":true,"independent_cpu_reference":true,"public_force":true}
{"record":"FixedSm89ExactN64CorrectnessV1","dtype":"f32","op":"nn","requested":"F32Sm89N64CopyPlan","actual":"gemm_bi_nn_fixed_sm89_f32_n64_copyplan_v1","dims_mkn":[1,192,136],"strides_lda_ldb_ldc":[192,136,136],"storage_rows":146,"row_view":0,"float_offsets_abc":[0,0,0],"bias":true,"alpha_bits":1065353216,"beta_bits":0,"corpus":"Signed","public_force":true,"full_raw_bits":true,"cpu_numeric":true,"eager_repeats":3,"captured_replays":2,"guards":true,"input_immutability":true}
{"record":"FixedSm89ExactN64ForcePreflightV1","dims_mkn":[32,192,136],"three_incumbents_eager_graph_raw":true,"independent_cpu_reference":true,"public_force":true}
{"record":"FixedSm89ExactN64CorrectnessV1","dtype":"f32","op":"nn","requested":"F32Sm89N64CopyPlan","actual":"gemm_bi_nn_fixed_sm89_f32_n64_copyplan_v1","dims_mkn":[32,192,136],"strides_lda_ldb_ldc":[192,136,136],"storage_rows":146,"row_view":0,"float_offsets_abc":[0,0,0],"bias":true,"alpha_bits":1065353216,"beta_bits":0,"corpus":"Signed","public_force":true,"full_raw_bits":true,"cpu_numeric":true,"eager_repeats":3,"captured_replays":2,"guards":true,"input_immutability":true}
{"record":"FixedSm89ExactN64ForcePreflightV1","dims_mkn":[64,192,136],"three_incumbents_eager_graph_raw":true,"independent_cpu_reference":true,"public_force":true}
{"record":"FixedSm89ExactN64CorrectnessV1","dtype":"f32","op":"nn","requested":"F32Sm89N64CopyPlan","actual":"gemm_bi_nn_fixed_sm89_f32_n64_copyplan_v1","dims_mkn":[64,192,136],"strides_lda_ldb_ldc":[192,136,136],"storage_rows":146,"row_view":0,"float_offsets_abc":[0,0,0],"bias":true,"alpha_bits":1065353216,"beta_bits":0,"corpus":"Signed","public_force":true,"full_raw_bits":true,"cpu_numeric":true,"eager_repeats":3,"captured_replays":2,"guards":true,"input_immutability":true}
{"record":"FixedSm89ExactN64ForcePreflightV1","dims_mkn":[17,192,136],"three_incumbents_eager_graph_raw":true,"independent_cpu_reference":true,"public_force":true}
{"record":"FixedSm89ExactN64CorrectnessV1","dtype":"f32","op":"nn","requested":"F32Sm89N64CopyPlan","actual":"gemm_bi_nn_fixed_sm89_f32_n64_copyplan_v1","dims_mkn":[17,192,136],"strides_lda_ldb_ldc":[192,136,136],"storage_rows":146,"row_view":17,"float_offsets_abc":[1,0,0],"bias":true,"alpha_bits":1065353216,"beta_bits":0,"corpus":"Signed","public_force":true,"full_raw_bits":true,"cpu_numeric":true,"eager_repeats":3,"captured_replays":2,"guards":true,"input_immutability":true}
{"record":"FixedSm89ExactN64ForcePreflightV1","dims_mkn":[65,192,136],"three_incumbents_eager_graph_raw":true,"independent_cpu_reference":true,"public_force":true}
{"record":"FixedSm89ExactN64CorrectnessV1","dtype":"f32","op":"nn","requested":"F32Sm89N64CopyPlan","actual":"gemm_bi_nn_fixed_sm89_f32_n64_copyplan_v1","dims_mkn":[65,192,136],"strides_lda_ldb_ldc":[192,136,136],"storage_rows":146,"row_view":17,"float_offsets_abc":[0,1,0],"bias":true,"alpha_bits":1065353216,"beta_bits":0,"corpus":"Signed","public_force":true,"full_raw_bits":true,"cpu_numeric":true,"eager_repeats":3,"captured_replays":2,"guards":true,"input_immutability":true}
{"record":"FixedSm89ExactN64ForcePreflightV1","dims_mkn":[129,192,136],"three_incumbents_eager_graph_raw":true,"independent_cpu_reference":true,"public_force":true}
{"record":"FixedSm89ExactN64CorrectnessV1","dtype":"f32","op":"nn","requested":"F32Sm89N64CopyPlan","actual":"gemm_bi_nn_fixed_sm89_f32_n64_copyplan_v1","dims_mkn":[129,192,136],"strides_lda_ldb_ldc":[192,136,136],"storage_rows":146,"row_view":17,"float_offsets_abc":[0,0,1],"bias":true,"alpha_bits":1065353216,"beta_bits":0,"corpus":"Signed","public_force":true,"full_raw_bits":true,"cpu_numeric":true,"eager_repeats":3,"captured_replays":2,"guards":true,"input_immutability":true}
{"record":"FixedSm89ExactN64ForcePreflightV1","dims_mkn":[129,192,136],"three_incumbents_eager_graph_raw":true,"independent_cpu_reference":true,"public_force":true}
{"record":"FixedSm89ExactN64CorrectnessV1","dtype":"f32","op":"nn","requested":"F32Sm89N64CopyPlan","actual":"gemm_bi_nn_fixed_sm89_f32_n64_copyplan_v1","dims_mkn":[129,192,136],"strides_lda_ldb_ldc":[192,136,136],"storage_rows":146,"row_view":17,"float_offsets_abc":[3,3,3],"bias":true,"alpha_bits":1065353216,"beta_bits":0,"corpus":"Signed","public_force":true,"full_raw_bits":true,"cpu_numeric":true,"eager_repeats":3,"captured_replays":2,"guards":true,"input_immutability":true}
{"record":"FixedSm89ExactN64ForcePreflightV1","dims_mkn":[129,0,65],"three_incumbents_eager_graph_raw":true,"independent_cpu_reference":true,"public_force":true}
{"record":"FixedSm89ExactN64CorrectnessV1","dtype":"f32","op":"nn","requested":"F32Sm89N64CopyPlan","actual":"gemm_bi_nn_fixed_sm89_f32_n64_copyplan_v1","dims_mkn":[129,0,65],"strides_lda_ldb_ldc":[0,65,65],"storage_rows":129,"row_view":0,"float_offsets_abc":[0,0,0],"bias":false,"alpha_bits":1065353216,"beta_bits":0,"corpus":"Positive","public_force":true,"full_raw_bits":true,"cpu_numeric":true,"eager_repeats":3,"captured_replays":2,"guards":true,"input_immutability":true}
{"record":"FixedSm89ExactN64ForcePreflightV1","dims_mkn":[1,0,65],"three_incumbents_eager_graph_raw":true,"independent_cpu_reference":true,"public_force":true}
{"record":"FixedSm89ExactN64CorrectnessV1","dtype":"f32","op":"nn","requested":"F32Sm89N64CopyPlan","actual":"gemm_bi_nn_fixed_sm89_f32_n64_copyplan_v1","dims_mkn":[1,0,65],"strides_lda_ldb_ldc":[0,65,65],"storage_rows":146,"row_view":0,"float_offsets_abc":[0,0,0],"bias":false,"alpha_bits":1065353216,"beta_bits":0,"corpus":"Positive","public_force":true,"full_raw_bits":true,"cpu_numeric":true,"eager_repeats":3,"captured_replays":2,"guards":true,"input_immutability":true}
{"record":"FixedSm89ExactN64ForcePreflightV1","dims_mkn":[32,0,65],"three_incumbents_eager_graph_raw":true,"independent_cpu_reference":true,"public_force":true}
{"record":"FixedSm89ExactN64CorrectnessV1","dtype":"f32","op":"nn","requested":"F32Sm89N64CopyPlan","actual":"gemm_bi_nn_fixed_sm89_f32_n64_copyplan_v1","dims_mkn":[32,0,65],"strides_lda_ldb_ldc":[0,65,65],"storage_rows":146,"row_view":0,"float_offsets_abc":[0,0,0],"bias":false,"alpha_bits":1065353216,"beta_bits":0,"corpus":"Positive","public_force":true,"full_raw_bits":true,"cpu_numeric":true,"eager_repeats":3,"captured_replays":2,"guards":true,"input_immutability":true}
{"record":"FixedSm89ExactN64ForcePreflightV1","dims_mkn":[64,0,65],"three_incumbents_eager_graph_raw":true,"independent_cpu_reference":true,"public_force":true}
{"record":"FixedSm89ExactN64CorrectnessV1","dtype":"f32","op":"nn","requested":"F32Sm89N64CopyPlan","actual":"gemm_bi_nn_fixed_sm89_f32_n64_copyplan_v1","dims_mkn":[64,0,65],"strides_lda_ldb_ldc":[0,65,65],"storage_rows":146,"row_view":0,"float_offsets_abc":[0,0,0],"bias":false,"alpha_bits":1065353216,"beta_bits":0,"corpus":"Positive","public_force":true,"full_raw_bits":true,"cpu_numeric":true,"eager_repeats":3,"captured_replays":2,"guards":true,"input_immutability":true}
{"record":"FixedSm89ExactN64ForcePreflightV1","dims_mkn":[17,0,65],"three_incumbents_eager_graph_raw":true,"independent_cpu_reference":true,"public_force":true}
{"record":"FixedSm89ExactN64CorrectnessV1","dtype":"f32","op":"nn","requested":"F32Sm89N64CopyPlan","actual":"gemm_bi_nn_fixed_sm89_f32_n64_copyplan_v1","dims_mkn":[17,0,65],"strides_lda_ldb_ldc":[0,65,65],"storage_rows":146,"row_view":17,"float_offsets_abc":[1,0,0],"bias":false,"alpha_bits":1065353216,"beta_bits":0,"corpus":"Positive","public_force":true,"full_raw_bits":true,"cpu_numeric":true,"eager_repeats":3,"captured_replays":2,"guards":true,"input_immutability":true}
{"record":"FixedSm89ExactN64ForcePreflightV1","dims_mkn":[65,0,65],"three_incumbents_eager_graph_raw":true,"independent_cpu_reference":true,"public_force":true}
{"record":"FixedSm89ExactN64CorrectnessV1","dtype":"f32","op":"nn","requested":"F32Sm89N64CopyPlan","actual":"gemm_bi_nn_fixed_sm89_f32_n64_copyplan_v1","dims_mkn":[65,0,65],"strides_lda_ldb_ldc":[0,65,65],"storage_rows":146,"row_view":17,"float_offsets_abc":[0,1,0],"bias":false,"alpha_bits":1065353216,"beta_bits":0,"corpus":"Positive","public_force":true,"full_raw_bits":true,"cpu_numeric":true,"eager_repeats":3,"captured_replays":2,"guards":true,"input_immutability":true}
{"record":"FixedSm89ExactN64ForcePreflightV1","dims_mkn":[129,0,65],"three_incumbents_eager_graph_raw":true,"independent_cpu_reference":true,"public_force":true}
{"record":"FixedSm89ExactN64CorrectnessV1","dtype":"f32","op":"nn","requested":"F32Sm89N64CopyPlan","actual":"gemm_bi_nn_fixed_sm89_f32_n64_copyplan_v1","dims_mkn":[129,0,65],"strides_lda_ldb_ldc":[0,65,65],"storage_rows":146,"row_view":17,"float_offsets_abc":[0,0,1],"bias":false,"alpha_bits":1065353216,"beta_bits":0,"corpus":"Positive","public_force":true,"full_raw_bits":true,"cpu_numeric":true,"eager_repeats":3,"captured_replays":2,"guards":true,"input_immutability":true}
{"record":"FixedSm89ExactN64ForcePreflightV1","dims_mkn":[129,0,65],"three_incumbents_eager_graph_raw":true,"independent_cpu_reference":true,"public_force":true}
{"record":"FixedSm89ExactN64CorrectnessV1","dtype":"f32","op":"nn","requested":"F32Sm89N64CopyPlan","actual":"gemm_bi_nn_fixed_sm89_f32_n64_copyplan_v1","dims_mkn":[129,0,65],"strides_lda_ldb_ldc":[0,65,65],"storage_rows":146,"row_view":17,"float_offsets_abc":[3,3,3],"bias":false,"alpha_bits":1065353216,"beta_bits":0,"corpus":"Positive","public_force":true,"full_raw_bits":true,"cpu_numeric":true,"eager_repeats":3,"captured_replays":2,"guards":true,"input_immutability":true}
{"record":"FixedSm89ExactN64ForcePreflightV1","dims_mkn":[129,31,65],"three_incumbents_eager_graph_raw":true,"independent_cpu_reference":true,"public_force":true}
{"record":"FixedSm89ExactN64CorrectnessV1","dtype":"f32","op":"nn","requested":"F32Sm89N64CopyPlan","actual":"gemm_bi_nn_fixed_sm89_f32_n64_copyplan_v1","dims_mkn":[129,31,65],"strides_lda_ldb_ldc":[31,65,65],"storage_rows":129,"row_view":0,"float_offsets_abc":[0,0,0],"bias":false,"alpha_bits":1065353216,"beta_bits":0,"corpus":"Positive","public_force":true,"full_raw_bits":true,"cpu_numeric":true,"eager_repeats":3,"captured_replays":2,"guards":true,"input_immutability":true}
{"record":"FixedSm89ExactN64ForcePreflightV1","dims_mkn":[1,31,65],"three_incumbents_eager_graph_raw":true,"independent_cpu_reference":true,"public_force":true}
{"record":"FixedSm89ExactN64CorrectnessV1","dtype":"f32","op":"nn","requested":"F32Sm89N64CopyPlan","actual":"gemm_bi_nn_fixed_sm89_f32_n64_copyplan_v1","dims_mkn":[1,31,65],"strides_lda_ldb_ldc":[31,65,65],"storage_rows":146,"row_view":0,"float_offsets_abc":[0,0,0],"bias":false,"alpha_bits":1065353216,"beta_bits":0,"corpus":"Positive","public_force":true,"full_raw_bits":true,"cpu_numeric":true,"eager_repeats":3,"captured_replays":2,"guards":true,"input_immutability":true}
{"record":"FixedSm89ExactN64ForcePreflightV1","dims_mkn":[32,31,65],"three_incumbents_eager_graph_raw":true,"independent_cpu_reference":true,"public_force":true}
{"record":"FixedSm89ExactN64CorrectnessV1","dtype":"f32","op":"nn","requested":"F32Sm89N64CopyPlan","actual":"gemm_bi_nn_fixed_sm89_f32_n64_copyplan_v1","dims_mkn":[32,31,65],"strides_lda_ldb_ldc":[31,65,65],"storage_rows":146,"row_view":0,"float_offsets_abc":[0,0,0],"bias":false,"alpha_bits":1065353216,"beta_bits":0,"corpus":"Positive","public_force":true,"full_raw_bits":true,"cpu_numeric":true,"eager_repeats":3,"captured_replays":2,"guards":true,"input_immutability":true}
{"record":"FixedSm89ExactN64ForcePreflightV1","dims_mkn":[64,31,65],"three_incumbents_eager_graph_raw":true,"independent_cpu_reference":true,"public_force":true}
{"record":"FixedSm89ExactN64CorrectnessV1","dtype":"f32","op":"nn","requested":"F32Sm89N64CopyPlan","actual":"gemm_bi_nn_fixed_sm89_f32_n64_copyplan_v1","dims_mkn":[64,31,65],"strides_lda_ldb_ldc":[31,65,65],"storage_rows":146,"row_view":0,"float_offsets_abc":[0,0,0],"bias":false,"alpha_bits":1065353216,"beta_bits":0,"corpus":"Positive","public_force":true,"full_raw_bits":true,"cpu_numeric":true,"eager_repeats":3,"captured_replays":2,"guards":true,"input_immutability":true}
{"record":"FixedSm89ExactN64ForcePreflightV1","dims_mkn":[17,31,65],"three_incumbents_eager_graph_raw":true,"independent_cpu_reference":true,"public_force":true}
{"record":"FixedSm89ExactN64CorrectnessV1","dtype":"f32","op":"nn","requested":"F32Sm89N64CopyPlan","actual":"gemm_bi_nn_fixed_sm89_f32_n64_copyplan_v1","dims_mkn":[17,31,65],"strides_lda_ldb_ldc":[31,65,65],"storage_rows":146,"row_view":17,"float_offsets_abc":[1,0,0],"bias":false,"alpha_bits":1065353216,"beta_bits":0,"corpus":"Positive","public_force":true,"full_raw_bits":true,"cpu_numeric":true,"eager_repeats":3,"captured_replays":2,"guards":true,"input_immutability":true}
{"record":"FixedSm89ExactN64ForcePreflightV1","dims_mkn":[65,31,65],"three_incumbents_eager_graph_raw":true,"independent_cpu_reference":true,"public_force":true}
{"record":"FixedSm89ExactN64CorrectnessV1","dtype":"f32","op":"nn","requested":"F32Sm89N64CopyPlan","actual":"gemm_bi_nn_fixed_sm89_f32_n64_copyplan_v1","dims_mkn":[65,31,65],"strides_lda_ldb_ldc":[31,65,65],"storage_rows":146,"row_view":17,"float_offsets_abc":[0,1,0],"bias":false,"alpha_bits":1065353216,"beta_bits":0,"corpus":"Positive","public_force":true,"full_raw_bits":true,"cpu_numeric":true,"eager_repeats":3,"captured_replays":2,"guards":true,"input_immutability":true}
{"record":"FixedSm89ExactN64ForcePreflightV1","dims_mkn":[129,31,65],"three_incumbents_eager_graph_raw":true,"independent_cpu_reference":true,"public_force":true}
{"record":"FixedSm89ExactN64CorrectnessV1","dtype":"f32","op":"nn","requested":"F32Sm89N64CopyPlan","actual":"gemm_bi_nn_fixed_sm89_f32_n64_copyplan_v1","dims_mkn":[129,31,65],"strides_lda_ldb_ldc":[31,65,65],"storage_rows":146,"row_view":17,"float_offsets_abc":[0,0,1],"bias":false,"alpha_bits":1065353216,"beta_bits":0,"corpus":"Positive","public_force":true,"full_raw_bits":true,"cpu_numeric":true,"eager_repeats":3,"captured_replays":2,"guards":true,"input_immutability":true}
{"record":"FixedSm89ExactN64ForcePreflightV1","dims_mkn":[129,31,65],"three_incumbents_eager_graph_raw":true,"independent_cpu_reference":true,"public_force":true}
{"record":"FixedSm89ExactN64CorrectnessV1","dtype":"f32","op":"nn","requested":"F32Sm89N64CopyPlan","actual":"gemm_bi_nn_fixed_sm89_f32_n64_copyplan_v1","dims_mkn":[129,31,65],"strides_lda_ldb_ldc":[31,65,65],"storage_rows":146,"row_view":17,"float_offsets_abc":[3,3,3],"bias":false,"alpha_bits":1065353216,"beta_bits":0,"corpus":"Positive","public_force":true,"full_raw_bits":true,"cpu_numeric":true,"eager_repeats":3,"captured_replays":2,"guards":true,"input_immutability":true}
{"record":"FixedSm89ExactN64ForcePreflightV1","dims_mkn":[129,32,136],"three_incumbents_eager_graph_raw":true,"independent_cpu_reference":true,"public_force":true}
{"record":"FixedSm89ExactN64CorrectnessV1","dtype":"f32","op":"nn","requested":"F32Sm89N64CopyPlan","actual":"gemm_bi_nn_fixed_sm89_f32_n64_copyplan_v1","dims_mkn":[129,32,136],"strides_lda_ldb_ldc":[32,136,136],"storage_rows":129,"row_view":0,"float_offsets_abc":[0,0,0],"bias":false,"alpha_bits":1065353216,"beta_bits":0,"corpus":"Positive","public_force":true,"full_raw_bits":true,"cpu_numeric":true,"eager_repeats":3,"captured_replays":2,"guards":true,"input_immutability":true}
{"record":"FixedSm89ExactN64ForcePreflightV1","dims_mkn":[1,32,136],"three_incumbents_eager_graph_raw":true,"independent_cpu_reference":true,"public_force":true}
{"record":"FixedSm89ExactN64CorrectnessV1","dtype":"f32","op":"nn","requested":"F32Sm89N64CopyPlan","actual":"gemm_bi_nn_fixed_sm89_f32_n64_copyplan_v1","dims_mkn":[1,32,136],"strides_lda_ldb_ldc":[32,136,136],"storage_rows":146,"row_view":0,"float_offsets_abc":[0,0,0],"bias":false,"alpha_bits":1065353216,"beta_bits":0,"corpus":"Positive","public_force":true,"full_raw_bits":true,"cpu_numeric":true,"eager_repeats":3,"captured_replays":2,"guards":true,"input_immutability":true}
{"record":"FixedSm89ExactN64ForcePreflightV1","dims_mkn":[32,32,136],"three_incumbents_eager_graph_raw":true,"independent_cpu_reference":true,"public_force":true}
{"record":"FixedSm89ExactN64CorrectnessV1","dtype":"f32","op":"nn","requested":"F32Sm89N64CopyPlan","actual":"gemm_bi_nn_fixed_sm89_f32_n64_copyplan_v1","dims_mkn":[32,32,136],"strides_lda_ldb_ldc":[32,136,136],"storage_rows":146,"row_view":0,"float_offsets_abc":[0,0,0],"bias":false,"alpha_bits":1065353216,"beta_bits":0,"corpus":"Positive","public_force":true,"full_raw_bits":true,"cpu_numeric":true,"eager_repeats":3,"captured_replays":2,"guards":true,"input_immutability":true}
{"record":"FixedSm89ExactN64ForcePreflightV1","dims_mkn":[64,32,136],"three_incumbents_eager_graph_raw":true,"independent_cpu_reference":true,"public_force":true}
{"record":"FixedSm89ExactN64CorrectnessV1","dtype":"f32","op":"nn","requested":"F32Sm89N64CopyPlan","actual":"gemm_bi_nn_fixed_sm89_f32_n64_copyplan_v1","dims_mkn":[64,32,136],"strides_lda_ldb_ldc":[32,136,136],"storage_rows":146,"row_view":0,"float_offsets_abc":[0,0,0],"bias":false,"alpha_bits":1065353216,"beta_bits":0,"corpus":"Positive","public_force":true,"full_raw_bits":true,"cpu_numeric":true,"eager_repeats":3,"captured_replays":2,"guards":true,"input_immutability":true}
{"record":"FixedSm89ExactN64ForcePreflightV1","dims_mkn":[17,32,136],"three_incumbents_eager_graph_raw":true,"independent_cpu_reference":true,"public_force":true}
{"record":"FixedSm89ExactN64CorrectnessV1","dtype":"f32","op":"nn","requested":"F32Sm89N64CopyPlan","actual":"gemm_bi_nn_fixed_sm89_f32_n64_copyplan_v1","dims_mkn":[17,32,136],"strides_lda_ldb_ldc":[32,136,136],"storage_rows":146,"row_view":17,"float_offsets_abc":[1,0,0],"bias":false,"alpha_bits":1065353216,"beta_bits":0,"corpus":"Positive","public_force":true,"full_raw_bits":true,"cpu_numeric":true,"eager_repeats":3,"captured_replays":2,"guards":true,"input_immutability":true}
{"record":"FixedSm89ExactN64ForcePreflightV1","dims_mkn":[65,32,136],"three_incumbents_eager_graph_raw":true,"independent_cpu_reference":true,"public_force":true}
{"record":"FixedSm89ExactN64CorrectnessV1","dtype":"f32","op":"nn","requested":"F32Sm89N64CopyPlan","actual":"gemm_bi_nn_fixed_sm89_f32_n64_copyplan_v1","dims_mkn":[65,32,136],"strides_lda_ldb_ldc":[32,136,136],"storage_rows":146,"row_view":17,"float_offsets_abc":[0,1,0],"bias":false,"alpha_bits":1065353216,"beta_bits":0,"corpus":"Positive","public_force":true,"full_raw_bits":true,"cpu_numeric":true,"eager_repeats":3,"captured_replays":2,"guards":true,"input_immutability":true}
{"record":"FixedSm89ExactN64ForcePreflightV1","dims_mkn":[129,32,136],"three_incumbents_eager_graph_raw":true,"independent_cpu_reference":true,"public_force":true}
{"record":"FixedSm89ExactN64CorrectnessV1","dtype":"f32","op":"nn","requested":"F32Sm89N64CopyPlan","actual":"gemm_bi_nn_fixed_sm89_f32_n64_copyplan_v1","dims_mkn":[129,32,136],"strides_lda_ldb_ldc":[32,136,136],"storage_rows":146,"row_view":17,"float_offsets_abc":[0,0,1],"bias":false,"alpha_bits":1065353216,"beta_bits":0,"corpus":"Positive","public_force":true,"full_raw_bits":true,"cpu_numeric":true,"eager_repeats":3,"captured_replays":2,"guards":true,"input_immutability":true}
{"record":"FixedSm89ExactN64ForcePreflightV1","dims_mkn":[129,32,136],"three_incumbents_eager_graph_raw":true,"independent_cpu_reference":true,"public_force":true}
{"record":"FixedSm89ExactN64CorrectnessV1","dtype":"f32","op":"nn","requested":"F32Sm89N64CopyPlan","actual":"gemm_bi_nn_fixed_sm89_f32_n64_copyplan_v1","dims_mkn":[129,32,136],"strides_lda_ldb_ldc":[32,136,136],"storage_rows":146,"row_view":17,"float_offsets_abc":[3,3,3],"bias":false,"alpha_bits":1065353216,"beta_bits":0,"corpus":"Positive","public_force":true,"full_raw_bits":true,"cpu_numeric":true,"eager_repeats":3,"captured_replays":2,"guards":true,"input_immutability":true}
{"record":"FixedSm89ExactN64ForcePreflightV1","dims_mkn":[129,33,131],"three_incumbents_eager_graph_raw":true,"independent_cpu_reference":true,"public_force":true}
{"record":"FixedSm89ExactN64CorrectnessV1","dtype":"f32","op":"nn","requested":"F32Sm89N64CopyPlan","actual":"gemm_bi_nn_fixed_sm89_f32_n64_copyplan_v1","dims_mkn":[129,33,131],"strides_lda_ldb_ldc":[33,131,131],"storage_rows":129,"row_view":0,"float_offsets_abc":[0,0,0],"bias":false,"alpha_bits":1065353216,"beta_bits":0,"corpus":"Positive","public_force":true,"full_raw_bits":true,"cpu_numeric":true,"eager_repeats":3,"captured_replays":2,"guards":true,"input_immutability":true}
{"record":"FixedSm89ExactN64ForcePreflightV1","dims_mkn":[1,33,131],"three_incumbents_eager_graph_raw":true,"independent_cpu_reference":true,"public_force":true}
{"record":"FixedSm89ExactN64CorrectnessV1","dtype":"f32","op":"nn","requested":"F32Sm89N64CopyPlan","actual":"gemm_bi_nn_fixed_sm89_f32_n64_copyplan_v1","dims_mkn":[1,33,131],"strides_lda_ldb_ldc":[33,131,131],"storage_rows":146,"row_view":0,"float_offsets_abc":[0,0,0],"bias":false,"alpha_bits":1065353216,"beta_bits":0,"corpus":"Positive","public_force":true,"full_raw_bits":true,"cpu_numeric":true,"eager_repeats":3,"captured_replays":2,"guards":true,"input_immutability":true}
{"record":"FixedSm89ExactN64ForcePreflightV1","dims_mkn":[32,33,131],"three_incumbents_eager_graph_raw":true,"independent_cpu_reference":true,"public_force":true}
{"record":"FixedSm89ExactN64CorrectnessV1","dtype":"f32","op":"nn","requested":"F32Sm89N64CopyPlan","actual":"gemm_bi_nn_fixed_sm89_f32_n64_copyplan_v1","dims_mkn":[32,33,131],"strides_lda_ldb_ldc":[33,131,131],"storage_rows":146,"row_view":0,"float_offsets_abc":[0,0,0],"bias":false,"alpha_bits":1065353216,"beta_bits":0,"corpus":"Positive","public_force":true,"full_raw_bits":true,"cpu_numeric":true,"eager_repeats":3,"captured_replays":2,"guards":true,"input_immutability":true}
{"record":"FixedSm89ExactN64ForcePreflightV1","dims_mkn":[64,33,131],"three_incumbents_eager_graph_raw":true,"independent_cpu_reference":true,"public_force":true}
{"record":"FixedSm89ExactN64CorrectnessV1","dtype":"f32","op":"nn","requested":"F32Sm89N64CopyPlan","actual":"gemm_bi_nn_fixed_sm89_f32_n64_copyplan_v1","dims_mkn":[64,33,131],"strides_lda_ldb_ldc":[33,131,131],"storage_rows":146,"row_view":0,"float_offsets_abc":[0,0,0],"bias":false,"alpha_bits":1065353216,"beta_bits":0,"corpus":"Positive","public_force":true,"full_raw_bits":true,"cpu_numeric":true,"eager_repeats":3,"captured_replays":2,"guards":true,"input_immutability":true}
{"record":"FixedSm89ExactN64ForcePreflightV1","dims_mkn":[17,33,131],"three_incumbents_eager_graph_raw":true,"independent_cpu_reference":true,"public_force":true}
{"record":"FixedSm89ExactN64CorrectnessV1","dtype":"f32","op":"nn","requested":"F32Sm89N64CopyPlan","actual":"gemm_bi_nn_fixed_sm89_f32_n64_copyplan_v1","dims_mkn":[17,33,131],"strides_lda_ldb_ldc":[33,131,131],"storage_rows":146,"row_view":17,"float_offsets_abc":[1,0,0],"bias":false,"alpha_bits":1065353216,"beta_bits":0,"corpus":"Positive","public_force":true,"full_raw_bits":true,"cpu_numeric":true,"eager_repeats":3,"captured_replays":2,"guards":true,"input_immutability":true}
{"record":"FixedSm89ExactN64ForcePreflightV1","dims_mkn":[65,33,131],"three_incumbents_eager_graph_raw":true,"independent_cpu_reference":true,"public_force":true}
{"record":"FixedSm89ExactN64CorrectnessV1","dtype":"f32","op":"nn","requested":"F32Sm89N64CopyPlan","actual":"gemm_bi_nn_fixed_sm89_f32_n64_copyplan_v1","dims_mkn":[65,33,131],"strides_lda_ldb_ldc":[33,131,131],"storage_rows":146,"row_view":17,"float_offsets_abc":[0,1,0],"bias":false,"alpha_bits":1065353216,"beta_bits":0,"corpus":"Positive","public_force":true,"full_raw_bits":true,"cpu_numeric":true,"eager_repeats":3,"captured_replays":2,"guards":true,"input_immutability":true}
{"record":"FixedSm89ExactN64ForcePreflightV1","dims_mkn":[129,33,131],"three_incumbents_eager_graph_raw":true,"independent_cpu_reference":true,"public_force":true}
{"record":"FixedSm89ExactN64CorrectnessV1","dtype":"f32","op":"nn","requested":"F32Sm89N64CopyPlan","actual":"gemm_bi_nn_fixed_sm89_f32_n64_copyplan_v1","dims_mkn":[129,33,131],"strides_lda_ldb_ldc":[33,131,131],"storage_rows":146,"row_view":17,"float_offsets_abc":[0,0,1],"bias":false,"alpha_bits":1065353216,"beta_bits":0,"corpus":"Positive","public_force":true,"full_raw_bits":true,"cpu_numeric":true,"eager_repeats":3,"captured_replays":2,"guards":true,"input_immutability":true}
{"record":"FixedSm89ExactN64ForcePreflightV1","dims_mkn":[129,33,131],"three_incumbents_eager_graph_raw":true,"independent_cpu_reference":true,"public_force":true}
{"record":"FixedSm89ExactN64CorrectnessV1","dtype":"f32","op":"nn","requested":"F32Sm89N64CopyPlan","actual":"gemm_bi_nn_fixed_sm89_f32_n64_copyplan_v1","dims_mkn":[129,33,131],"strides_lda_ldb_ldc":[33,131,131],"storage_rows":146,"row_view":17,"float_offsets_abc":[3,3,3],"bias":false,"alpha_bits":1065353216,"beta_bits":0,"corpus":"Positive","public_force":true,"full_raw_bits":true,"cpu_numeric":true,"eager_repeats":3,"captured_replays":2,"guards":true,"input_immutability":true}
{"record":"FixedSm89ExactN64ForcePreflightV1","dims_mkn":[129,65,131],"three_incumbents_eager_graph_raw":true,"independent_cpu_reference":true,"public_force":true}
{"record":"FixedSm89ExactN64CorrectnessV1","dtype":"f32","op":"nn","requested":"F32Sm89N64CopyPlan","actual":"gemm_bi_nn_fixed_sm89_f32_n64_copyplan_v1","dims_mkn":[129,65,131],"strides_lda_ldb_ldc":[65,131,131],"storage_rows":129,"row_view":0,"float_offsets_abc":[0,0,0],"bias":false,"alpha_bits":1065353216,"beta_bits":0,"corpus":"Positive","public_force":true,"full_raw_bits":true,"cpu_numeric":true,"eager_repeats":3,"captured_replays":2,"guards":true,"input_immutability":true}
{"record":"FixedSm89ExactN64ForcePreflightV1","dims_mkn":[1,65,131],"three_incumbents_eager_graph_raw":true,"independent_cpu_reference":true,"public_force":true}
{"record":"FixedSm89ExactN64CorrectnessV1","dtype":"f32","op":"nn","requested":"F32Sm89N64CopyPlan","actual":"gemm_bi_nn_fixed_sm89_f32_n64_copyplan_v1","dims_mkn":[1,65,131],"strides_lda_ldb_ldc":[65,131,131],"storage_rows":146,"row_view":0,"float_offsets_abc":[0,0,0],"bias":false,"alpha_bits":1065353216,"beta_bits":0,"corpus":"Positive","public_force":true,"full_raw_bits":true,"cpu_numeric":true,"eager_repeats":3,"captured_replays":2,"guards":true,"input_immutability":true}
{"record":"FixedSm89ExactN64ForcePreflightV1","dims_mkn":[32,65,131],"three_incumbents_eager_graph_raw":true,"independent_cpu_reference":true,"public_force":true}
{"record":"FixedSm89ExactN64CorrectnessV1","dtype":"f32","op":"nn","requested":"F32Sm89N64CopyPlan","actual":"gemm_bi_nn_fixed_sm89_f32_n64_copyplan_v1","dims_mkn":[32,65,131],"strides_lda_ldb_ldc":[65,131,131],"storage_rows":146,"row_view":0,"float_offsets_abc":[0,0,0],"bias":false,"alpha_bits":1065353216,"beta_bits":0,"corpus":"Positive","public_force":true,"full_raw_bits":true,"cpu_numeric":true,"eager_repeats":3,"captured_replays":2,"guards":true,"input_immutability":true}
{"record":"FixedSm89ExactN64ForcePreflightV1","dims_mkn":[64,65,131],"three_incumbents_eager_graph_raw":true,"independent_cpu_reference":true,"public_force":true}
{"record":"FixedSm89ExactN64CorrectnessV1","dtype":"f32","op":"nn","requested":"F32Sm89N64CopyPlan","actual":"gemm_bi_nn_fixed_sm89_f32_n64_copyplan_v1","dims_mkn":[64,65,131],"strides_lda_ldb_ldc":[65,131,131],"storage_rows":146,"row_view":0,"float_offsets_abc":[0,0,0],"bias":false,"alpha_bits":1065353216,"beta_bits":0,"corpus":"Positive","public_force":true,"full_raw_bits":true,"cpu_numeric":true,"eager_repeats":3,"captured_replays":2,"guards":true,"input_immutability":true}
{"record":"FixedSm89ExactN64ForcePreflightV1","dims_mkn":[17,65,131],"three_incumbents_eager_graph_raw":true,"independent_cpu_reference":true,"public_force":true}
{"record":"FixedSm89ExactN64CorrectnessV1","dtype":"f32","op":"nn","requested":"F32Sm89N64CopyPlan","actual":"gemm_bi_nn_fixed_sm89_f32_n64_copyplan_v1","dims_mkn":[17,65,131],"strides_lda_ldb_ldc":[65,131,131],"storage_rows":146,"row_view":17,"float_offsets_abc":[1,0,0],"bias":false,"alpha_bits":1065353216,"beta_bits":0,"corpus":"Positive","public_force":true,"full_raw_bits":true,"cpu_numeric":true,"eager_repeats":3,"captured_replays":2,"guards":true,"input_immutability":true}
{"record":"FixedSm89ExactN64ForcePreflightV1","dims_mkn":[65,65,131],"three_incumbents_eager_graph_raw":true,"independent_cpu_reference":true,"public_force":true}
{"record":"FixedSm89ExactN64CorrectnessV1","dtype":"f32","op":"nn","requested":"F32Sm89N64CopyPlan","actual":"gemm_bi_nn_fixed_sm89_f32_n64_copyplan_v1","dims_mkn":[65,65,131],"strides_lda_ldb_ldc":[65,131,131],"storage_rows":146,"row_view":17,"float_offsets_abc":[0,1,0],"bias":false,"alpha_bits":1065353216,"beta_bits":0,"corpus":"Positive","public_force":true,"full_raw_bits":true,"cpu_numeric":true,"eager_repeats":3,"captured_replays":2,"guards":true,"input_immutability":true}
{"record":"FixedSm89ExactN64ForcePreflightV1","dims_mkn":[129,65,131],"three_incumbents_eager_graph_raw":true,"independent_cpu_reference":true,"public_force":true}
{"record":"FixedSm89ExactN64CorrectnessV1","dtype":"f32","op":"nn","requested":"F32Sm89N64CopyPlan","actual":"gemm_bi_nn_fixed_sm89_f32_n64_copyplan_v1","dims_mkn":[129,65,131],"strides_lda_ldb_ldc":[65,131,131],"storage_rows":146,"row_view":17,"float_offsets_abc":[0,0,1],"bias":false,"alpha_bits":1065353216,"beta_bits":0,"corpus":"Positive","public_force":true,"full_raw_bits":true,"cpu_numeric":true,"eager_repeats":3,"captured_replays":2,"guards":true,"input_immutability":true}
{"record":"FixedSm89ExactN64ForcePreflightV1","dims_mkn":[129,65,131],"three_incumbents_eager_graph_raw":true,"independent_cpu_reference":true,"public_force":true}
{"record":"FixedSm89ExactN64CorrectnessV1","dtype":"f32","op":"nn","requested":"F32Sm89N64CopyPlan","actual":"gemm_bi_nn_fixed_sm89_f32_n64_copyplan_v1","dims_mkn":[129,65,131],"strides_lda_ldb_ldc":[65,131,131],"storage_rows":146,"row_view":17,"float_offsets_abc":[3,3,3],"bias":false,"alpha_bits":1065353216,"beta_bits":0,"corpus":"Positive","public_force":true,"full_raw_bits":true,"cpu_numeric":true,"eager_repeats":3,"captured_replays":2,"guards":true,"input_immutability":true}
{"record":"FixedSm89ExactN64ForcePreflightV1","dims_mkn":[129,96,136],"three_incumbents_eager_graph_raw":true,"independent_cpu_reference":true,"public_force":true}
{"record":"FixedSm89ExactN64CorrectnessV1","dtype":"f32","op":"nn","requested":"F32Sm89N64CopyPlan","actual":"gemm_bi_nn_fixed_sm89_f32_n64_copyplan_v1","dims_mkn":[129,96,136],"strides_lda_ldb_ldc":[96,136,136],"storage_rows":129,"row_view":0,"float_offsets_abc":[0,0,0],"bias":false,"alpha_bits":1065353216,"beta_bits":0,"corpus":"Positive","public_force":true,"full_raw_bits":true,"cpu_numeric":true,"eager_repeats":3,"captured_replays":2,"guards":true,"input_immutability":true}
{"record":"FixedSm89ExactN64ForcePreflightV1","dims_mkn":[1,96,136],"three_incumbents_eager_graph_raw":true,"independent_cpu_reference":true,"public_force":true}
{"record":"FixedSm89ExactN64CorrectnessV1","dtype":"f32","op":"nn","requested":"F32Sm89N64CopyPlan","actual":"gemm_bi_nn_fixed_sm89_f32_n64_copyplan_v1","dims_mkn":[1,96,136],"strides_lda_ldb_ldc":[96,136,136],"storage_rows":146,"row_view":0,"float_offsets_abc":[0,0,0],"bias":false,"alpha_bits":1065353216,"beta_bits":0,"corpus":"Positive","public_force":true,"full_raw_bits":true,"cpu_numeric":true,"eager_repeats":3,"captured_replays":2,"guards":true,"input_immutability":true}
{"record":"FixedSm89ExactN64ForcePreflightV1","dims_mkn":[32,96,136],"three_incumbents_eager_graph_raw":true,"independent_cpu_reference":true,"public_force":true}
{"record":"FixedSm89ExactN64CorrectnessV1","dtype":"f32","op":"nn","requested":"F32Sm89N64CopyPlan","actual":"gemm_bi_nn_fixed_sm89_f32_n64_copyplan_v1","dims_mkn":[32,96,136],"strides_lda_ldb_ldc":[96,136,136],"storage_rows":146,"row_view":0,"float_offsets_abc":[0,0,0],"bias":false,"alpha_bits":1065353216,"beta_bits":0,"corpus":"Positive","public_force":true,"full_raw_bits":true,"cpu_numeric":true,"eager_repeats":3,"captured_replays":2,"guards":true,"input_immutability":true}
{"record":"FixedSm89ExactN64ForcePreflightV1","dims_mkn":[64,96,136],"three_incumbents_eager_graph_raw":true,"independent_cpu_reference":true,"public_force":true}
{"record":"FixedSm89ExactN64CorrectnessV1","dtype":"f32","op":"nn","requested":"F32Sm89N64CopyPlan","actual":"gemm_bi_nn_fixed_sm89_f32_n64_copyplan_v1","dims_mkn":[64,96,136],"strides_lda_ldb_ldc":[96,136,136],"storage_rows":146,"row_view":0,"float_offsets_abc":[0,0,0],"bias":false,"alpha_bits":1065353216,"beta_bits":0,"corpus":"Positive","public_force":true,"full_raw_bits":true,"cpu_numeric":true,"eager_repeats":3,"captured_replays":2,"guards":true,"input_immutability":true}
{"record":"FixedSm89ExactN64ForcePreflightV1","dims_mkn":[17,96,136],"three_incumbents_eager_graph_raw":true,"independent_cpu_reference":true,"public_force":true}
{"record":"FixedSm89ExactN64CorrectnessV1","dtype":"f32","op":"nn","requested":"F32Sm89N64CopyPlan","actual":"gemm_bi_nn_fixed_sm89_f32_n64_copyplan_v1","dims_mkn":[17,96,136],"strides_lda_ldb_ldc":[96,136,136],"storage_rows":146,"row_view":17,"float_offsets_abc":[1,0,0],"bias":false,"alpha_bits":1065353216,"beta_bits":0,"corpus":"Positive","public_force":true,"full_raw_bits":true,"cpu_numeric":true,"eager_repeats":3,"captured_replays":2,"guards":true,"input_immutability":true}
{"record":"FixedSm89ExactN64ForcePreflightV1","dims_mkn":[65,96,136],"three_incumbents_eager_graph_raw":true,"independent_cpu_reference":true,"public_force":true}
{"record":"FixedSm89ExactN64CorrectnessV1","dtype":"f32","op":"nn","requested":"F32Sm89N64CopyPlan","actual":"gemm_bi_nn_fixed_sm89_f32_n64_copyplan_v1","dims_mkn":[65,96,136],"strides_lda_ldb_ldc":[96,136,136],"storage_rows":146,"row_view":17,"float_offsets_abc":[0,1,0],"bias":false,"alpha_bits":1065353216,"beta_bits":0,"corpus":"Positive","public_force":true,"full_raw_bits":true,"cpu_numeric":true,"eager_repeats":3,"captured_replays":2,"guards":true,"input_immutability":true}
{"record":"FixedSm89ExactN64ForcePreflightV1","dims_mkn":[129,96,136],"three_incumbents_eager_graph_raw":true,"independent_cpu_reference":true,"public_force":true}
{"record":"FixedSm89ExactN64CorrectnessV1","dtype":"f32","op":"nn","requested":"F32Sm89N64CopyPlan","actual":"gemm_bi_nn_fixed_sm89_f32_n64_copyplan_v1","dims_mkn":[129,96,136],"strides_lda_ldb_ldc":[96,136,136],"storage_rows":146,"row_view":17,"float_offsets_abc":[0,0,1],"bias":false,"alpha_bits":1065353216,"beta_bits":0,"corpus":"Positive","public_force":true,"full_raw_bits":true,"cpu_numeric":true,"eager_repeats":3,"captured_replays":2,"guards":true,"input_immutability":true}
{"record":"FixedSm89ExactN64ForcePreflightV1","dims_mkn":[129,96,136],"three_incumbents_eager_graph_raw":true,"independent_cpu_reference":true,"public_force":true}
{"record":"FixedSm89ExactN64CorrectnessV1","dtype":"f32","op":"nn","requested":"F32Sm89N64CopyPlan","actual":"gemm_bi_nn_fixed_sm89_f32_n64_copyplan_v1","dims_mkn":[129,96,136],"strides_lda_ldb_ldc":[96,136,136],"storage_rows":146,"row_view":17,"float_offsets_abc":[3,3,3],"bias":false,"alpha_bits":1065353216,"beta_bits":0,"corpus":"Positive","public_force":true,"full_raw_bits":true,"cpu_numeric":true,"eager_repeats":3,"captured_replays":2,"guards":true,"input_immutability":true}
{"record":"FixedSm89ExactN64ForcePreflightV1","dims_mkn":[129,192,136],"three_incumbents_eager_graph_raw":true,"independent_cpu_reference":true,"public_force":true}
{"record":"FixedSm89ExactN64CorrectnessV1","dtype":"f32","op":"nn","requested":"F32Sm89N64CopyPlan","actual":"gemm_bi_nn_fixed_sm89_f32_n64_copyplan_v1","dims_mkn":[129,192,136],"strides_lda_ldb_ldc":[192,136,136],"storage_rows":129,"row_view":0,"float_offsets_abc":[0,0,0],"bias":false,"alpha_bits":1065353216,"beta_bits":0,"corpus":"Positive","public_force":true,"full_raw_bits":true,"cpu_numeric":true,"eager_repeats":3,"captured_replays":2,"guards":true,"input_immutability":true}
{"record":"FixedSm89ExactN64ForcePreflightV1","dims_mkn":[1,192,136],"three_incumbents_eager_graph_raw":true,"independent_cpu_reference":true,"public_force":true}
{"record":"FixedSm89ExactN64CorrectnessV1","dtype":"f32","op":"nn","requested":"F32Sm89N64CopyPlan","actual":"gemm_bi_nn_fixed_sm89_f32_n64_copyplan_v1","dims_mkn":[1,192,136],"strides_lda_ldb_ldc":[192,136,136],"storage_rows":146,"row_view":0,"float_offsets_abc":[0,0,0],"bias":false,"alpha_bits":1065353216,"beta_bits":0,"corpus":"Positive","public_force":true,"full_raw_bits":true,"cpu_numeric":true,"eager_repeats":3,"captured_replays":2,"guards":true,"input_immutability":true}
{"record":"FixedSm89ExactN64ForcePreflightV1","dims_mkn":[32,192,136],"three_incumbents_eager_graph_raw":true,"independent_cpu_reference":true,"public_force":true}
{"record":"FixedSm89ExactN64CorrectnessV1","dtype":"f32","op":"nn","requested":"F32Sm89N64CopyPlan","actual":"gemm_bi_nn_fixed_sm89_f32_n64_copyplan_v1","dims_mkn":[32,192,136],"strides_lda_ldb_ldc":[192,136,136],"storage_rows":146,"row_view":0,"float_offsets_abc":[0,0,0],"bias":false,"alpha_bits":1065353216,"beta_bits":0,"corpus":"Positive","public_force":true,"full_raw_bits":true,"cpu_numeric":true,"eager_repeats":3,"captured_replays":2,"guards":true,"input_immutability":true}
{"record":"FixedSm89ExactN64ForcePreflightV1","dims_mkn":[64,192,136],"three_incumbents_eager_graph_raw":true,"independent_cpu_reference":true,"public_force":true}
{"record":"FixedSm89ExactN64CorrectnessV1","dtype":"f32","op":"nn","requested":"F32Sm89N64CopyPlan","actual":"gemm_bi_nn_fixed_sm89_f32_n64_copyplan_v1","dims_mkn":[64,192,136],"strides_lda_ldb_ldc":[192,136,136],"storage_rows":146,"row_view":0,"float_offsets_abc":[0,0,0],"bias":false,"alpha_bits":1065353216,"beta_bits":0,"corpus":"Positive","public_force":true,"full_raw_bits":true,"cpu_numeric":true,"eager_repeats":3,"captured_replays":2,"guards":true,"input_immutability":true}
{"record":"FixedSm89ExactN64ForcePreflightV1","dims_mkn":[17,192,136],"three_incumbents_eager_graph_raw":true,"independent_cpu_reference":true,"public_force":true}
{"record":"FixedSm89ExactN64CorrectnessV1","dtype":"f32","op":"nn","requested":"F32Sm89N64CopyPlan","actual":"gemm_bi_nn_fixed_sm89_f32_n64_copyplan_v1","dims_mkn":[17,192,136],"strides_lda_ldb_ldc":[192,136,136],"storage_rows":146,"row_view":17,"float_offsets_abc":[1,0,0],"bias":false,"alpha_bits":1065353216,"beta_bits":0,"corpus":"Positive","public_force":true,"full_raw_bits":true,"cpu_numeric":true,"eager_repeats":3,"captured_replays":2,"guards":true,"input_immutability":true}
{"record":"FixedSm89ExactN64ForcePreflightV1","dims_mkn":[65,192,136],"three_incumbents_eager_graph_raw":true,"independent_cpu_reference":true,"public_force":true}
{"record":"FixedSm89ExactN64CorrectnessV1","dtype":"f32","op":"nn","requested":"F32Sm89N64CopyPlan","actual":"gemm_bi_nn_fixed_sm89_f32_n64_copyplan_v1","dims_mkn":[65,192,136],"strides_lda_ldb_ldc":[192,136,136],"storage_rows":146,"row_view":17,"float_offsets_abc":[0,1,0],"bias":false,"alpha_bits":1065353216,"beta_bits":0,"corpus":"Positive","public_force":true,"full_raw_bits":true,"cpu_numeric":true,"eager_repeats":3,"captured_replays":2,"guards":true,"input_immutability":true}
{"record":"FixedSm89ExactN64ForcePreflightV1","dims_mkn":[129,192,136],"three_incumbents_eager_graph_raw":true,"independent_cpu_reference":true,"public_force":true}
{"record":"FixedSm89ExactN64CorrectnessV1","dtype":"f32","op":"nn","requested":"F32Sm89N64CopyPlan","actual":"gemm_bi_nn_fixed_sm89_f32_n64_copyplan_v1","dims_mkn":[129,192,136],"strides_lda_ldb_ldc":[192,136,136],"storage_rows":146,"row_view":17,"float_offsets_abc":[0,0,1],"bias":false,"alpha_bits":1065353216,"beta_bits":0,"corpus":"Positive","public_force":true,"full_raw_bits":true,"cpu_numeric":true,"eager_repeats":3,"captured_replays":2,"guards":true,"input_immutability":true}
{"record":"FixedSm89ExactN64ForcePreflightV1","dims_mkn":[129,192,136],"three_incumbents_eager_graph_raw":true,"independent_cpu_reference":true,"public_force":true}
{"record":"FixedSm89ExactN64CorrectnessV1","dtype":"f32","op":"nn","requested":"F32Sm89N64CopyPlan","actual":"gemm_bi_nn_fixed_sm89_f32_n64_copyplan_v1","dims_mkn":[129,192,136],"strides_lda_ldb_ldc":[192,136,136],"storage_rows":146,"row_view":17,"float_offsets_abc":[3,3,3],"bias":false,"alpha_bits":1065353216,"beta_bits":0,"corpus":"Positive","public_force":true,"full_raw_bits":true,"cpu_numeric":true,"eager_repeats":3,"captured_replays":2,"guards":true,"input_immutability":true}
{"record":"FixedSm89ExactN64ForcePreflightV1","dims_mkn":[129,0,65],"three_incumbents_eager_graph_raw":true,"independent_cpu_reference":true,"public_force":true}
{"record":"FixedSm89ExactN64CorrectnessV1","dtype":"f32","op":"nn","requested":"F32Sm89N64CopyPlan","actual":"gemm_bi_nn_fixed_sm89_f32_n64_copyplan_v1","dims_mkn":[129,0,65],"strides_lda_ldb_ldc":[0,65,65],"storage_rows":129,"row_view":0,"float_offsets_abc":[0,0,0],"bias":true,"alpha_bits":1065353216,"beta_bits":0,"corpus":"Positive","public_force":true,"full_raw_bits":true,"cpu_numeric":true,"eager_repeats":3,"captured_replays":2,"guards":true,"input_immutability":true}
{"record":"FixedSm89ExactN64ForcePreflightV1","dims_mkn":[1,0,65],"three_incumbents_eager_graph_raw":true,"independent_cpu_reference":true,"public_force":true}
{"record":"FixedSm89ExactN64CorrectnessV1","dtype":"f32","op":"nn","requested":"F32Sm89N64CopyPlan","actual":"gemm_bi_nn_fixed_sm89_f32_n64_copyplan_v1","dims_mkn":[1,0,65],"strides_lda_ldb_ldc":[0,65,65],"storage_rows":146,"row_view":0,"float_offsets_abc":[0,0,0],"bias":true,"alpha_bits":1065353216,"beta_bits":0,"corpus":"Positive","public_force":true,"full_raw_bits":true,"cpu_numeric":true,"eager_repeats":3,"captured_replays":2,"guards":true,"input_immutability":true}
{"record":"FixedSm89ExactN64ForcePreflightV1","dims_mkn":[32,0,65],"three_incumbents_eager_graph_raw":true,"independent_cpu_reference":true,"public_force":true}
{"record":"FixedSm89ExactN64CorrectnessV1","dtype":"f32","op":"nn","requested":"F32Sm89N64CopyPlan","actual":"gemm_bi_nn_fixed_sm89_f32_n64_copyplan_v1","dims_mkn":[32,0,65],"strides_lda_ldb_ldc":[0,65,65],"storage_rows":146,"row_view":0,"float_offsets_abc":[0,0,0],"bias":true,"alpha_bits":1065353216,"beta_bits":0,"corpus":"Positive","public_force":true,"full_raw_bits":true,"cpu_numeric":true,"eager_repeats":3,"captured_replays":2,"guards":true,"input_immutability":true}
{"record":"FixedSm89ExactN64ForcePreflightV1","dims_mkn":[64,0,65],"three_incumbents_eager_graph_raw":true,"independent_cpu_reference":true,"public_force":true}
{"record":"FixedSm89ExactN64CorrectnessV1","dtype":"f32","op":"nn","requested":"F32Sm89N64CopyPlan","actual":"gemm_bi_nn_fixed_sm89_f32_n64_copyplan_v1","dims_mkn":[64,0,65],"strides_lda_ldb_ldc":[0,65,65],"storage_rows":146,"row_view":0,"float_offsets_abc":[0,0,0],"bias":true,"alpha_bits":1065353216,"beta_bits":0,"corpus":"Positive","public_force":true,"full_raw_bits":true,"cpu_numeric":true,"eager_repeats":3,"captured_replays":2,"guards":true,"input_immutability":true}
{"record":"FixedSm89ExactN64ForcePreflightV1","dims_mkn":[17,0,65],"three_incumbents_eager_graph_raw":true,"independent_cpu_reference":true,"public_force":true}
{"record":"FixedSm89ExactN64CorrectnessV1","dtype":"f32","op":"nn","requested":"F32Sm89N64CopyPlan","actual":"gemm_bi_nn_fixed_sm89_f32_n64_copyplan_v1","dims_mkn":[17,0,65],"strides_lda_ldb_ldc":[0,65,65],"storage_rows":146,"row_view":17,"float_offsets_abc":[1,0,0],"bias":true,"alpha_bits":1065353216,"beta_bits":0,"corpus":"Positive","public_force":true,"full_raw_bits":true,"cpu_numeric":true,"eager_repeats":3,"captured_replays":2,"guards":true,"input_immutability":true}
{"record":"FixedSm89ExactN64ForcePreflightV1","dims_mkn":[65,0,65],"three_incumbents_eager_graph_raw":true,"independent_cpu_reference":true,"public_force":true}
{"record":"FixedSm89ExactN64CorrectnessV1","dtype":"f32","op":"nn","requested":"F32Sm89N64CopyPlan","actual":"gemm_bi_nn_fixed_sm89_f32_n64_copyplan_v1","dims_mkn":[65,0,65],"strides_lda_ldb_ldc":[0,65,65],"storage_rows":146,"row_view":17,"float_offsets_abc":[0,1,0],"bias":true,"alpha_bits":1065353216,"beta_bits":0,"corpus":"Positive","public_force":true,"full_raw_bits":true,"cpu_numeric":true,"eager_repeats":3,"captured_replays":2,"guards":true,"input_immutability":true}
{"record":"FixedSm89ExactN64ForcePreflightV1","dims_mkn":[129,0,65],"three_incumbents_eager_graph_raw":true,"independent_cpu_reference":true,"public_force":true}
{"record":"FixedSm89ExactN64CorrectnessV1","dtype":"f32","op":"nn","requested":"F32Sm89N64CopyPlan","actual":"gemm_bi_nn_fixed_sm89_f32_n64_copyplan_v1","dims_mkn":[129,0,65],"strides_lda_ldb_ldc":[0,65,65],"storage_rows":146,"row_view":17,"float_offsets_abc":[0,0,1],"bias":true,"alpha_bits":1065353216,"beta_bits":0,"corpus":"Positive","public_force":true,"full_raw_bits":true,"cpu_numeric":true,"eager_repeats":3,"captured_replays":2,"guards":true,"input_immutability":true}
{"record":"FixedSm89ExactN64ForcePreflightV1","dims_mkn":[129,0,65],"three_incumbents_eager_graph_raw":true,"independent_cpu_reference":true,"public_force":true}
{"record":"FixedSm89ExactN64CorrectnessV1","dtype":"f32","op":"nn","requested":"F32Sm89N64CopyPlan","actual":"gemm_bi_nn_fixed_sm89_f32_n64_copyplan_v1","dims_mkn":[129,0,65],"strides_lda_ldb_ldc":[0,65,65],"storage_rows":146,"row_view":17,"float_offsets_abc":[3,3,3],"bias":true,"alpha_bits":1065353216,"beta_bits":0,"corpus":"Positive","public_force":true,"full_raw_bits":true,"cpu_numeric":true,"eager_repeats":3,"captured_replays":2,"guards":true,"input_immutability":true}
{"record":"FixedSm89ExactN64ForcePreflightV1","dims_mkn":[129,31,65],"three_incumbents_eager_graph_raw":true,"independent_cpu_reference":true,"public_force":true}
{"record":"FixedSm89ExactN64CorrectnessV1","dtype":"f32","op":"nn","requested":"F32Sm89N64CopyPlan","actual":"gemm_bi_nn_fixed_sm89_f32_n64_copyplan_v1","dims_mkn":[129,31,65],"strides_lda_ldb_ldc":[31,65,65],"storage_rows":129,"row_view":0,"float_offsets_abc":[0,0,0],"bias":true,"alpha_bits":1065353216,"beta_bits":0,"corpus":"Positive","public_force":true,"full_raw_bits":true,"cpu_numeric":true,"eager_repeats":3,"captured_replays":2,"guards":true,"input_immutability":true}
{"record":"FixedSm89ExactN64ForcePreflightV1","dims_mkn":[1,31,65],"three_incumbents_eager_graph_raw":true,"independent_cpu_reference":true,"public_force":true}
{"record":"FixedSm89ExactN64CorrectnessV1","dtype":"f32","op":"nn","requested":"F32Sm89N64CopyPlan","actual":"gemm_bi_nn_fixed_sm89_f32_n64_copyplan_v1","dims_mkn":[1,31,65],"strides_lda_ldb_ldc":[31,65,65],"storage_rows":146,"row_view":0,"float_offsets_abc":[0,0,0],"bias":true,"alpha_bits":1065353216,"beta_bits":0,"corpus":"Positive","public_force":true,"full_raw_bits":true,"cpu_numeric":true,"eager_repeats":3,"captured_replays":2,"guards":true,"input_immutability":true}
{"record":"FixedSm89ExactN64ForcePreflightV1","dims_mkn":[32,31,65],"three_incumbents_eager_graph_raw":true,"independent_cpu_reference":true,"public_force":true}
{"record":"FixedSm89ExactN64CorrectnessV1","dtype":"f32","op":"nn","requested":"F32Sm89N64CopyPlan","actual":"gemm_bi_nn_fixed_sm89_f32_n64_copyplan_v1","dims_mkn":[32,31,65],"strides_lda_ldb_ldc":[31,65,65],"storage_rows":146,"row_view":0,"float_offsets_abc":[0,0,0],"bias":true,"alpha_bits":1065353216,"beta_bits":0,"corpus":"Positive","public_force":true,"full_raw_bits":true,"cpu_numeric":true,"eager_repeats":3,"captured_replays":2,"guards":true,"input_immutability":true}
{"record":"FixedSm89ExactN64ForcePreflightV1","dims_mkn":[64,31,65],"three_incumbents_eager_graph_raw":true,"independent_cpu_reference":true,"public_force":true}
{"record":"FixedSm89ExactN64CorrectnessV1","dtype":"f32","op":"nn","requested":"F32Sm89N64CopyPlan","actual":"gemm_bi_nn_fixed_sm89_f32_n64_copyplan_v1","dims_mkn":[64,31,65],"strides_lda_ldb_ldc":[31,65,65],"storage_rows":146,"row_view":0,"float_offsets_abc":[0,0,0],"bias":true,"alpha_bits":1065353216,"beta_bits":0,"corpus":"Positive","public_force":true,"full_raw_bits":true,"cpu_numeric":true,"eager_repeats":3,"captured_replays":2,"guards":true,"input_immutability":true}
{"record":"FixedSm89ExactN64ForcePreflightV1","dims_mkn":[17,31,65],"three_incumbents_eager_graph_raw":true,"independent_cpu_reference":true,"public_force":true}
{"record":"FixedSm89ExactN64CorrectnessV1","dtype":"f32","op":"nn","requested":"F32Sm89N64CopyPlan","actual":"gemm_bi_nn_fixed_sm89_f32_n64_copyplan_v1","dims_mkn":[17,31,65],"strides_lda_ldb_ldc":[31,65,65],"storage_rows":146,"row_view":17,"float_offsets_abc":[1,0,0],"bias":true,"alpha_bits":1065353216,"beta_bits":0,"corpus":"Positive","public_force":true,"full_raw_bits":true,"cpu_numeric":true,"eager_repeats":3,"captured_replays":2,"guards":true,"input_immutability":true}
{"record":"FixedSm89ExactN64ForcePreflightV1","dims_mkn":[65,31,65],"three_incumbents_eager_graph_raw":true,"independent_cpu_reference":true,"public_force":true}
{"record":"FixedSm89ExactN64CorrectnessV1","dtype":"f32","op":"nn","requested":"F32Sm89N64CopyPlan","actual":"gemm_bi_nn_fixed_sm89_f32_n64_copyplan_v1","dims_mkn":[65,31,65],"strides_lda_ldb_ldc":[31,65,65],"storage_rows":146,"row_view":17,"float_offsets_abc":[0,1,0],"bias":true,"alpha_bits":1065353216,"beta_bits":0,"corpus":"Positive","public_force":true,"full_raw_bits":true,"cpu_numeric":true,"eager_repeats":3,"captured_replays":2,"guards":true,"input_immutability":true}
{"record":"FixedSm89ExactN64ForcePreflightV1","dims_mkn":[129,31,65],"three_incumbents_eager_graph_raw":true,"independent_cpu_reference":true,"public_force":true}
{"record":"FixedSm89ExactN64CorrectnessV1","dtype":"f32","op":"nn","requested":"F32Sm89N64CopyPlan","actual":"gemm_bi_nn_fixed_sm89_f32_n64_copyplan_v1","dims_mkn":[129,31,65],"strides_lda_ldb_ldc":[31,65,65],"storage_rows":146,"row_view":17,"float_offsets_abc":[0,0,1],"bias":true,"alpha_bits":1065353216,"beta_bits":0,"corpus":"Positive","public_force":true,"full_raw_bits":true,"cpu_numeric":true,"eager_repeats":3,"captured_replays":2,"guards":true,"input_immutability":true}
{"record":"FixedSm89ExactN64ForcePreflightV1","dims_mkn":[129,31,65],"three_incumbents_eager_graph_raw":true,"independent_cpu_reference":true,"public_force":true}
{"record":"FixedSm89ExactN64CorrectnessV1","dtype":"f32","op":"nn","requested":"F32Sm89N64CopyPlan","actual":"gemm_bi_nn_fixed_sm89_f32_n64_copyplan_v1","dims_mkn":[129,31,65],"strides_lda_ldb_ldc":[31,65,65],"storage_rows":146,"row_view":17,"float_offsets_abc":[3,3,3],"bias":true,"alpha_bits":1065353216,"beta_bits":0,"corpus":"Positive","public_force":true,"full_raw_bits":true,"cpu_numeric":true,"eager_repeats":3,"captured_replays":2,"guards":true,"input_immutability":true}
{"record":"FixedSm89ExactN64ForcePreflightV1","dims_mkn":[129,32,136],"three_incumbents_eager_graph_raw":true,"independent_cpu_reference":true,"public_force":true}
{"record":"FixedSm89ExactN64CorrectnessV1","dtype":"f32","op":"nn","requested":"F32Sm89N64CopyPlan","actual":"gemm_bi_nn_fixed_sm89_f32_n64_copyplan_v1","dims_mkn":[129,32,136],"strides_lda_ldb_ldc":[32,136,136],"storage_rows":129,"row_view":0,"float_offsets_abc":[0,0,0],"bias":true,"alpha_bits":1065353216,"beta_bits":0,"corpus":"Positive","public_force":true,"full_raw_bits":true,"cpu_numeric":true,"eager_repeats":3,"captured_replays":2,"guards":true,"input_immutability":true}
{"record":"FixedSm89ExactN64ForcePreflightV1","dims_mkn":[1,32,136],"three_incumbents_eager_graph_raw":true,"independent_cpu_reference":true,"public_force":true}
{"record":"FixedSm89ExactN64CorrectnessV1","dtype":"f32","op":"nn","requested":"F32Sm89N64CopyPlan","actual":"gemm_bi_nn_fixed_sm89_f32_n64_copyplan_v1","dims_mkn":[1,32,136],"strides_lda_ldb_ldc":[32,136,136],"storage_rows":146,"row_view":0,"float_offsets_abc":[0,0,0],"bias":true,"alpha_bits":1065353216,"beta_bits":0,"corpus":"Positive","public_force":true,"full_raw_bits":true,"cpu_numeric":true,"eager_repeats":3,"captured_replays":2,"guards":true,"input_immutability":true}
{"record":"FixedSm89ExactN64ForcePreflightV1","dims_mkn":[32,32,136],"three_incumbents_eager_graph_raw":true,"independent_cpu_reference":true,"public_force":true}
{"record":"FixedSm89ExactN64CorrectnessV1","dtype":"f32","op":"nn","requested":"F32Sm89N64CopyPlan","actual":"gemm_bi_nn_fixed_sm89_f32_n64_copyplan_v1","dims_mkn":[32,32,136],"strides_lda_ldb_ldc":[32,136,136],"storage_rows":146,"row_view":0,"float_offsets_abc":[0,0,0],"bias":true,"alpha_bits":1065353216,"beta_bits":0,"corpus":"Positive","public_force":true,"full_raw_bits":true,"cpu_numeric":true,"eager_repeats":3,"captured_replays":2,"guards":true,"input_immutability":true}
{"record":"FixedSm89ExactN64ForcePreflightV1","dims_mkn":[64,32,136],"three_incumbents_eager_graph_raw":true,"independent_cpu_reference":true,"public_force":true}
{"record":"FixedSm89ExactN64CorrectnessV1","dtype":"f32","op":"nn","requested":"F32Sm89N64CopyPlan","actual":"gemm_bi_nn_fixed_sm89_f32_n64_copyplan_v1","dims_mkn":[64,32,136],"strides_lda_ldb_ldc":[32,136,136],"storage_rows":146,"row_view":0,"float_offsets_abc":[0,0,0],"bias":true,"alpha_bits":1065353216,"beta_bits":0,"corpus":"Positive","public_force":true,"full_raw_bits":true,"cpu_numeric":true,"eager_repeats":3,"captured_replays":2,"guards":true,"input_immutability":true}
{"record":"FixedSm89ExactN64ForcePreflightV1","dims_mkn":[17,32,136],"three_incumbents_eager_graph_raw":true,"independent_cpu_reference":true,"public_force":true}
{"record":"FixedSm89ExactN64CorrectnessV1","dtype":"f32","op":"nn","requested":"F32Sm89N64CopyPlan","actual":"gemm_bi_nn_fixed_sm89_f32_n64_copyplan_v1","dims_mkn":[17,32,136],"strides_lda_ldb_ldc":[32,136,136],"storage_rows":146,"row_view":17,"float_offsets_abc":[1,0,0],"bias":true,"alpha_bits":1065353216,"beta_bits":0,"corpus":"Positive","public_force":true,"full_raw_bits":true,"cpu_numeric":true,"eager_repeats":3,"captured_replays":2,"guards":true,"input_immutability":true}
{"record":"FixedSm89ExactN64ForcePreflightV1","dims_mkn":[65,32,136],"three_incumbents_eager_graph_raw":true,"independent_cpu_reference":true,"public_force":true}
{"record":"FixedSm89ExactN64CorrectnessV1","dtype":"f32","op":"nn","requested":"F32Sm89N64CopyPlan","actual":"gemm_bi_nn_fixed_sm89_f32_n64_copyplan_v1","dims_mkn":[65,32,136],"strides_lda_ldb_ldc":[32,136,136],"storage_rows":146,"row_view":17,"float_offsets_abc":[0,1,0],"bias":true,"alpha_bits":1065353216,"beta_bits":0,"corpus":"Positive","public_force":true,"full_raw_bits":true,"cpu_numeric":true,"eager_repeats":3,"captured_replays":2,"guards":true,"input_immutability":true}
{"record":"FixedSm89ExactN64ForcePreflightV1","dims_mkn":[129,32,136],"three_incumbents_eager_graph_raw":true,"independent_cpu_reference":true,"public_force":true}
{"record":"FixedSm89ExactN64CorrectnessV1","dtype":"f32","op":"nn","requested":"F32Sm89N64CopyPlan","actual":"gemm_bi_nn_fixed_sm89_f32_n64_copyplan_v1","dims_mkn":[129,32,136],"strides_lda_ldb_ldc":[32,136,136],"storage_rows":146,"row_view":17,"float_offsets_abc":[0,0,1],"bias":true,"alpha_bits":1065353216,"beta_bits":0,"corpus":"Positive","public_force":true,"full_raw_bits":true,"cpu_numeric":true,"eager_repeats":3,"captured_replays":2,"guards":true,"input_immutability":true}
{"record":"FixedSm89ExactN64ForcePreflightV1","dims_mkn":[129,32,136],"three_incumbents_eager_graph_raw":true,"independent_cpu_reference":true,"public_force":true}
{"record":"FixedSm89ExactN64CorrectnessV1","dtype":"f32","op":"nn","requested":"F32Sm89N64CopyPlan","actual":"gemm_bi_nn_fixed_sm89_f32_n64_copyplan_v1","dims_mkn":[129,32,136],"strides_lda_ldb_ldc":[32,136,136],"storage_rows":146,"row_view":17,"float_offsets_abc":[3,3,3],"bias":true,"alpha_bits":1065353216,"beta_bits":0,"corpus":"Positive","public_force":true,"full_raw_bits":true,"cpu_numeric":true,"eager_repeats":3,"captured_replays":2,"guards":true,"input_immutability":true}
{"record":"FixedSm89ExactN64ForcePreflightV1","dims_mkn":[129,33,131],"three_incumbents_eager_graph_raw":true,"independent_cpu_reference":true,"public_force":true}
{"record":"FixedSm89ExactN64CorrectnessV1","dtype":"f32","op":"nn","requested":"F32Sm89N64CopyPlan","actual":"gemm_bi_nn_fixed_sm89_f32_n64_copyplan_v1","dims_mkn":[129,33,131],"strides_lda_ldb_ldc":[33,131,131],"storage_rows":129,"row_view":0,"float_offsets_abc":[0,0,0],"bias":true,"alpha_bits":1065353216,"beta_bits":0,"corpus":"Positive","public_force":true,"full_raw_bits":true,"cpu_numeric":true,"eager_repeats":3,"captured_replays":2,"guards":true,"input_immutability":true}
{"record":"FixedSm89ExactN64ForcePreflightV1","dims_mkn":[1,33,131],"three_incumbents_eager_graph_raw":true,"independent_cpu_reference":true,"public_force":true}
{"record":"FixedSm89ExactN64CorrectnessV1","dtype":"f32","op":"nn","requested":"F32Sm89N64CopyPlan","actual":"gemm_bi_nn_fixed_sm89_f32_n64_copyplan_v1","dims_mkn":[1,33,131],"strides_lda_ldb_ldc":[33,131,131],"storage_rows":146,"row_view":0,"float_offsets_abc":[0,0,0],"bias":true,"alpha_bits":1065353216,"beta_bits":0,"corpus":"Positive","public_force":true,"full_raw_bits":true,"cpu_numeric":true,"eager_repeats":3,"captured_replays":2,"guards":true,"input_immutability":true}
{"record":"FixedSm89ExactN64ForcePreflightV1","dims_mkn":[32,33,131],"three_incumbents_eager_graph_raw":true,"independent_cpu_reference":true,"public_force":true}
{"record":"FixedSm89ExactN64CorrectnessV1","dtype":"f32","op":"nn","requested":"F32Sm89N64CopyPlan","actual":"gemm_bi_nn_fixed_sm89_f32_n64_copyplan_v1","dims_mkn":[32,33,131],"strides_lda_ldb_ldc":[33,131,131],"storage_rows":146,"row_view":0,"float_offsets_abc":[0,0,0],"bias":true,"alpha_bits":1065353216,"beta_bits":0,"corpus":"Positive","public_force":true,"full_raw_bits":true,"cpu_numeric":true,"eager_repeats":3,"captured_replays":2,"guards":true,"input_immutability":true}
{"record":"FixedSm89ExactN64ForcePreflightV1","dims_mkn":[64,33,131],"three_incumbents_eager_graph_raw":true,"independent_cpu_reference":true,"public_force":true}
{"record":"FixedSm89ExactN64CorrectnessV1","dtype":"f32","op":"nn","requested":"F32Sm89N64CopyPlan","actual":"gemm_bi_nn_fixed_sm89_f32_n64_copyplan_v1","dims_mkn":[64,33,131],"strides_lda_ldb_ldc":[33,131,131],"storage_rows":146,"row_view":0,"float_offsets_abc":[0,0,0],"bias":true,"alpha_bits":1065353216,"beta_bits":0,"corpus":"Positive","public_force":true,"full_raw_bits":true,"cpu_numeric":true,"eager_repeats":3,"captured_replays":2,"guards":true,"input_immutability":true}
{"record":"FixedSm89ExactN64ForcePreflightV1","dims_mkn":[17,33,131],"three_incumbents_eager_graph_raw":true,"independent_cpu_reference":true,"public_force":true}
{"record":"FixedSm89ExactN64CorrectnessV1","dtype":"f32","op":"nn","requested":"F32Sm89N64CopyPlan","actual":"gemm_bi_nn_fixed_sm89_f32_n64_copyplan_v1","dims_mkn":[17,33,131],"strides_lda_ldb_ldc":[33,131,131],"storage_rows":146,"row_view":17,"float_offsets_abc":[1,0,0],"bias":true,"alpha_bits":1065353216,"beta_bits":0,"corpus":"Positive","public_force":true,"full_raw_bits":true,"cpu_numeric":true,"eager_repeats":3,"captured_replays":2,"guards":true,"input_immutability":true}
{"record":"FixedSm89ExactN64ForcePreflightV1","dims_mkn":[65,33,131],"three_incumbents_eager_graph_raw":true,"independent_cpu_reference":true,"public_force":true}
{"record":"FixedSm89ExactN64CorrectnessV1","dtype":"f32","op":"nn","requested":"F32Sm89N64CopyPlan","actual":"gemm_bi_nn_fixed_sm89_f32_n64_copyplan_v1","dims_mkn":[65,33,131],"strides_lda_ldb_ldc":[33,131,131],"storage_rows":146,"row_view":17,"float_offsets_abc":[0,1,0],"bias":true,"alpha_bits":1065353216,"beta_bits":0,"corpus":"Positive","public_force":true,"full_raw_bits":true,"cpu_numeric":true,"eager_repeats":3,"captured_replays":2,"guards":true,"input_immutability":true}
{"record":"FixedSm89ExactN64ForcePreflightV1","dims_mkn":[129,33,131],"three_incumbents_eager_graph_raw":true,"independent_cpu_reference":true,"public_force":true}
{"record":"FixedSm89ExactN64CorrectnessV1","dtype":"f32","op":"nn","requested":"F32Sm89N64CopyPlan","actual":"gemm_bi_nn_fixed_sm89_f32_n64_copyplan_v1","dims_mkn":[129,33,131],"strides_lda_ldb_ldc":[33,131,131],"storage_rows":146,"row_view":17,"float_offsets_abc":[0,0,1],"bias":true,"alpha_bits":1065353216,"beta_bits":0,"corpus":"Positive","public_force":true,"full_raw_bits":true,"cpu_numeric":true,"eager_repeats":3,"captured_replays":2,"guards":true,"input_immutability":true}
{"record":"FixedSm89ExactN64ForcePreflightV1","dims_mkn":[129,33,131],"three_incumbents_eager_graph_raw":true,"independent_cpu_reference":true,"public_force":true}
{"record":"FixedSm89ExactN64CorrectnessV1","dtype":"f32","op":"nn","requested":"F32Sm89N64CopyPlan","actual":"gemm_bi_nn_fixed_sm89_f32_n64_copyplan_v1","dims_mkn":[129,33,131],"strides_lda_ldb_ldc":[33,131,131],"storage_rows":146,"row_view":17,"float_offsets_abc":[3,3,3],"bias":true,"alpha_bits":1065353216,"beta_bits":0,"corpus":"Positive","public_force":true,"full_raw_bits":true,"cpu_numeric":true,"eager_repeats":3,"captured_replays":2,"guards":true,"input_immutability":true}
{"record":"FixedSm89ExactN64ForcePreflightV1","dims_mkn":[129,65,131],"three_incumbents_eager_graph_raw":true,"independent_cpu_reference":true,"public_force":true}
{"record":"FixedSm89ExactN64CorrectnessV1","dtype":"f32","op":"nn","requested":"F32Sm89N64CopyPlan","actual":"gemm_bi_nn_fixed_sm89_f32_n64_copyplan_v1","dims_mkn":[129,65,131],"strides_lda_ldb_ldc":[65,131,131],"storage_rows":129,"row_view":0,"float_offsets_abc":[0,0,0],"bias":true,"alpha_bits":1065353216,"beta_bits":0,"corpus":"Positive","public_force":true,"full_raw_bits":true,"cpu_numeric":true,"eager_repeats":3,"captured_replays":2,"guards":true,"input_immutability":true}
{"record":"FixedSm89ExactN64ForcePreflightV1","dims_mkn":[1,65,131],"three_incumbents_eager_graph_raw":true,"independent_cpu_reference":true,"public_force":true}
{"record":"FixedSm89ExactN64CorrectnessV1","dtype":"f32","op":"nn","requested":"F32Sm89N64CopyPlan","actual":"gemm_bi_nn_fixed_sm89_f32_n64_copyplan_v1","dims_mkn":[1,65,131],"strides_lda_ldb_ldc":[65,131,131],"storage_rows":146,"row_view":0,"float_offsets_abc":[0,0,0],"bias":true,"alpha_bits":1065353216,"beta_bits":0,"corpus":"Positive","public_force":true,"full_raw_bits":true,"cpu_numeric":true,"eager_repeats":3,"captured_replays":2,"guards":true,"input_immutability":true}
{"record":"FixedSm89ExactN64ForcePreflightV1","dims_mkn":[32,65,131],"three_incumbents_eager_graph_raw":true,"independent_cpu_reference":true,"public_force":true}
{"record":"FixedSm89ExactN64CorrectnessV1","dtype":"f32","op":"nn","requested":"F32Sm89N64CopyPlan","actual":"gemm_bi_nn_fixed_sm89_f32_n64_copyplan_v1","dims_mkn":[32,65,131],"strides_lda_ldb_ldc":[65,131,131],"storage_rows":146,"row_view":0,"float_offsets_abc":[0,0,0],"bias":true,"alpha_bits":1065353216,"beta_bits":0,"corpus":"Positive","public_force":true,"full_raw_bits":true,"cpu_numeric":true,"eager_repeats":3,"captured_replays":2,"guards":true,"input_immutability":true}
{"record":"FixedSm89ExactN64ForcePreflightV1","dims_mkn":[64,65,131],"three_incumbents_eager_graph_raw":true,"independent_cpu_reference":true,"public_force":true}
{"record":"FixedSm89ExactN64CorrectnessV1","dtype":"f32","op":"nn","requested":"F32Sm89N64CopyPlan","actual":"gemm_bi_nn_fixed_sm89_f32_n64_copyplan_v1","dims_mkn":[64,65,131],"strides_lda_ldb_ldc":[65,131,131],"storage_rows":146,"row_view":0,"float_offsets_abc":[0,0,0],"bias":true,"alpha_bits":1065353216,"beta_bits":0,"corpus":"Positive","public_force":true,"full_raw_bits":true,"cpu_numeric":true,"eager_repeats":3,"captured_replays":2,"guards":true,"input_immutability":true}
{"record":"FixedSm89ExactN64ForcePreflightV1","dims_mkn":[17,65,131],"three_incumbents_eager_graph_raw":true,"independent_cpu_reference":true,"public_force":true}
{"record":"FixedSm89ExactN64CorrectnessV1","dtype":"f32","op":"nn","requested":"F32Sm89N64CopyPlan","actual":"gemm_bi_nn_fixed_sm89_f32_n64_copyplan_v1","dims_mkn":[17,65,131],"strides_lda_ldb_ldc":[65,131,131],"storage_rows":146,"row_view":17,"float_offsets_abc":[1,0,0],"bias":true,"alpha_bits":1065353216,"beta_bits":0,"corpus":"Positive","public_force":true,"full_raw_bits":true,"cpu_numeric":true,"eager_repeats":3,"captured_replays":2,"guards":true,"input_immutability":true}
{"record":"FixedSm89ExactN64ForcePreflightV1","dims_mkn":[65,65,131],"three_incumbents_eager_graph_raw":true,"independent_cpu_reference":true,"public_force":true}
{"record":"FixedSm89ExactN64CorrectnessV1","dtype":"f32","op":"nn","requested":"F32Sm89N64CopyPlan","actual":"gemm_bi_nn_fixed_sm89_f32_n64_copyplan_v1","dims_mkn":[65,65,131],"strides_lda_ldb_ldc":[65,131,131],"storage_rows":146,"row_view":17,"float_offsets_abc":[0,1,0],"bias":true,"alpha_bits":1065353216,"beta_bits":0,"corpus":"Positive","public_force":true,"full_raw_bits":true,"cpu_numeric":true,"eager_repeats":3,"captured_replays":2,"guards":true,"input_immutability":true}
{"record":"FixedSm89ExactN64ForcePreflightV1","dims_mkn":[129,65,131],"three_incumbents_eager_graph_raw":true,"independent_cpu_reference":true,"public_force":true}
{"record":"FixedSm89ExactN64CorrectnessV1","dtype":"f32","op":"nn","requested":"F32Sm89N64CopyPlan","actual":"gemm_bi_nn_fixed_sm89_f32_n64_copyplan_v1","dims_mkn":[129,65,131],"strides_lda_ldb_ldc":[65,131,131],"storage_rows":146,"row_view":17,"float_offsets_abc":[0,0,1],"bias":true,"alpha_bits":1065353216,"beta_bits":0,"corpus":"Positive","public_force":true,"full_raw_bits":true,"cpu_numeric":true,"eager_repeats":3,"captured_replays":2,"guards":true,"input_immutability":true}
{"record":"FixedSm89ExactN64ForcePreflightV1","dims_mkn":[129,65,131],"three_incumbents_eager_graph_raw":true,"independent_cpu_reference":true,"public_force":true}
{"record":"FixedSm89ExactN64CorrectnessV1","dtype":"f32","op":"nn","requested":"F32Sm89N64CopyPlan","actual":"gemm_bi_nn_fixed_sm89_f32_n64_copyplan_v1","dims_mkn":[129,65,131],"strides_lda_ldb_ldc":[65,131,131],"storage_rows":146,"row_view":17,"float_offsets_abc":[3,3,3],"bias":true,"alpha_bits":1065353216,"beta_bits":0,"corpus":"Positive","public_force":true,"full_raw_bits":true,"cpu_numeric":true,"eager_repeats":3,"captured_replays":2,"guards":true,"input_immutability":true}
{"record":"FixedSm89ExactN64ForcePreflightV1","dims_mkn":[129,96,136],"three_incumbents_eager_graph_raw":true,"independent_cpu_reference":true,"public_force":true}
{"record":"FixedSm89ExactN64CorrectnessV1","dtype":"f32","op":"nn","requested":"F32Sm89N64CopyPlan","actual":"gemm_bi_nn_fixed_sm89_f32_n64_copyplan_v1","dims_mkn":[129,96,136],"strides_lda_ldb_ldc":[96,136,136],"storage_rows":129,"row_view":0,"float_offsets_abc":[0,0,0],"bias":true,"alpha_bits":1065353216,"beta_bits":0,"corpus":"Positive","public_force":true,"full_raw_bits":true,"cpu_numeric":true,"eager_repeats":3,"captured_replays":2,"guards":true,"input_immutability":true}
{"record":"FixedSm89ExactN64ForcePreflightV1","dims_mkn":[1,96,136],"three_incumbents_eager_graph_raw":true,"independent_cpu_reference":true,"public_force":true}
{"record":"FixedSm89ExactN64CorrectnessV1","dtype":"f32","op":"nn","requested":"F32Sm89N64CopyPlan","actual":"gemm_bi_nn_fixed_sm89_f32_n64_copyplan_v1","dims_mkn":[1,96,136],"strides_lda_ldb_ldc":[96,136,136],"storage_rows":146,"row_view":0,"float_offsets_abc":[0,0,0],"bias":true,"alpha_bits":1065353216,"beta_bits":0,"corpus":"Positive","public_force":true,"full_raw_bits":true,"cpu_numeric":true,"eager_repeats":3,"captured_replays":2,"guards":true,"input_immutability":true}
{"record":"FixedSm89ExactN64ForcePreflightV1","dims_mkn":[32,96,136],"three_incumbents_eager_graph_raw":true,"independent_cpu_reference":true,"public_force":true}
{"record":"FixedSm89ExactN64CorrectnessV1","dtype":"f32","op":"nn","requested":"F32Sm89N64CopyPlan","actual":"gemm_bi_nn_fixed_sm89_f32_n64_copyplan_v1","dims_mkn":[32,96,136],"strides_lda_ldb_ldc":[96,136,136],"storage_rows":146,"row_view":0,"float_offsets_abc":[0,0,0],"bias":true,"alpha_bits":1065353216,"beta_bits":0,"corpus":"Positive","public_force":true,"full_raw_bits":true,"cpu_numeric":true,"eager_repeats":3,"captured_replays":2,"guards":true,"input_immutability":true}
{"record":"FixedSm89ExactN64ForcePreflightV1","dims_mkn":[64,96,136],"three_incumbents_eager_graph_raw":true,"independent_cpu_reference":true,"public_force":true}
{"record":"FixedSm89ExactN64CorrectnessV1","dtype":"f32","op":"nn","requested":"F32Sm89N64CopyPlan","actual":"gemm_bi_nn_fixed_sm89_f32_n64_copyplan_v1","dims_mkn":[64,96,136],"strides_lda_ldb_ldc":[96,136,136],"storage_rows":146,"row_view":0,"float_offsets_abc":[0,0,0],"bias":true,"alpha_bits":1065353216,"beta_bits":0,"corpus":"Positive","public_force":true,"full_raw_bits":true,"cpu_numeric":true,"eager_repeats":3,"captured_replays":2,"guards":true,"input_immutability":true}
{"record":"FixedSm89ExactN64ForcePreflightV1","dims_mkn":[17,96,136],"three_incumbents_eager_graph_raw":true,"independent_cpu_reference":true,"public_force":true}
{"record":"FixedSm89ExactN64CorrectnessV1","dtype":"f32","op":"nn","requested":"F32Sm89N64CopyPlan","actual":"gemm_bi_nn_fixed_sm89_f32_n64_copyplan_v1","dims_mkn":[17,96,136],"strides_lda_ldb_ldc":[96,136,136],"storage_rows":146,"row_view":17,"float_offsets_abc":[1,0,0],"bias":true,"alpha_bits":1065353216,"beta_bits":0,"corpus":"Positive","public_force":true,"full_raw_bits":true,"cpu_numeric":true,"eager_repeats":3,"captured_replays":2,"guards":true,"input_immutability":true}
{"record":"FixedSm89ExactN64ForcePreflightV1","dims_mkn":[65,96,136],"three_incumbents_eager_graph_raw":true,"independent_cpu_reference":true,"public_force":true}
{"record":"FixedSm89ExactN64CorrectnessV1","dtype":"f32","op":"nn","requested":"F32Sm89N64CopyPlan","actual":"gemm_bi_nn_fixed_sm89_f32_n64_copyplan_v1","dims_mkn":[65,96,136],"strides_lda_ldb_ldc":[96,136,136],"storage_rows":146,"row_view":17,"float_offsets_abc":[0,1,0],"bias":true,"alpha_bits":1065353216,"beta_bits":0,"corpus":"Positive","public_force":true,"full_raw_bits":true,"cpu_numeric":true,"eager_repeats":3,"captured_replays":2,"guards":true,"input_immutability":true}
{"record":"FixedSm89ExactN64ForcePreflightV1","dims_mkn":[129,96,136],"three_incumbents_eager_graph_raw":true,"independent_cpu_reference":true,"public_force":true}
{"record":"FixedSm89ExactN64CorrectnessV1","dtype":"f32","op":"nn","requested":"F32Sm89N64CopyPlan","actual":"gemm_bi_nn_fixed_sm89_f32_n64_copyplan_v1","dims_mkn":[129,96,136],"strides_lda_ldb_ldc":[96,136,136],"storage_rows":146,"row_view":17,"float_offsets_abc":[0,0,1],"bias":true,"alpha_bits":1065353216,"beta_bits":0,"corpus":"Positive","public_force":true,"full_raw_bits":true,"cpu_numeric":true,"eager_repeats":3,"captured_replays":2,"guards":true,"input_immutability":true}
{"record":"FixedSm89ExactN64ForcePreflightV1","dims_mkn":[129,96,136],"three_incumbents_eager_graph_raw":true,"independent_cpu_reference":true,"public_force":true}
{"record":"FixedSm89ExactN64CorrectnessV1","dtype":"f32","op":"nn","requested":"F32Sm89N64CopyPlan","actual":"gemm_bi_nn_fixed_sm89_f32_n64_copyplan_v1","dims_mkn":[129,96,136],"strides_lda_ldb_ldc":[96,136,136],"storage_rows":146,"row_view":17,"float_offsets_abc":[3,3,3],"bias":true,"alpha_bits":1065353216,"beta_bits":0,"corpus":"Positive","public_force":true,"full_raw_bits":true,"cpu_numeric":true,"eager_repeats":3,"captured_replays":2,"guards":true,"input_immutability":true}
{"record":"FixedSm89ExactN64ForcePreflightV1","dims_mkn":[129,192,136],"three_incumbents_eager_graph_raw":true,"independent_cpu_reference":true,"public_force":true}
{"record":"FixedSm89ExactN64CorrectnessV1","dtype":"f32","op":"nn","requested":"F32Sm89N64CopyPlan","actual":"gemm_bi_nn_fixed_sm89_f32_n64_copyplan_v1","dims_mkn":[129,192,136],"strides_lda_ldb_ldc":[192,136,136],"storage_rows":129,"row_view":0,"float_offsets_abc":[0,0,0],"bias":true,"alpha_bits":1065353216,"beta_bits":0,"corpus":"Positive","public_force":true,"full_raw_bits":true,"cpu_numeric":true,"eager_repeats":3,"captured_replays":2,"guards":true,"input_immutability":true}
{"record":"FixedSm89ExactN64ForcePreflightV1","dims_mkn":[1,192,136],"three_incumbents_eager_graph_raw":true,"independent_cpu_reference":true,"public_force":true}
{"record":"FixedSm89ExactN64CorrectnessV1","dtype":"f32","op":"nn","requested":"F32Sm89N64CopyPlan","actual":"gemm_bi_nn_fixed_sm89_f32_n64_copyplan_v1","dims_mkn":[1,192,136],"strides_lda_ldb_ldc":[192,136,136],"storage_rows":146,"row_view":0,"float_offsets_abc":[0,0,0],"bias":true,"alpha_bits":1065353216,"beta_bits":0,"corpus":"Positive","public_force":true,"full_raw_bits":true,"cpu_numeric":true,"eager_repeats":3,"captured_replays":2,"guards":true,"input_immutability":true}
{"record":"FixedSm89ExactN64ForcePreflightV1","dims_mkn":[32,192,136],"three_incumbents_eager_graph_raw":true,"independent_cpu_reference":true,"public_force":true}
{"record":"FixedSm89ExactN64CorrectnessV1","dtype":"f32","op":"nn","requested":"F32Sm89N64CopyPlan","actual":"gemm_bi_nn_fixed_sm89_f32_n64_copyplan_v1","dims_mkn":[32,192,136],"strides_lda_ldb_ldc":[192,136,136],"storage_rows":146,"row_view":0,"float_offsets_abc":[0,0,0],"bias":true,"alpha_bits":1065353216,"beta_bits":0,"corpus":"Positive","public_force":true,"full_raw_bits":true,"cpu_numeric":true,"eager_repeats":3,"captured_replays":2,"guards":true,"input_immutability":true}
{"record":"FixedSm89ExactN64ForcePreflightV1","dims_mkn":[64,192,136],"three_incumbents_eager_graph_raw":true,"independent_cpu_reference":true,"public_force":true}
{"record":"FixedSm89ExactN64CorrectnessV1","dtype":"f32","op":"nn","requested":"F32Sm89N64CopyPlan","actual":"gemm_bi_nn_fixed_sm89_f32_n64_copyplan_v1","dims_mkn":[64,192,136],"strides_lda_ldb_ldc":[192,136,136],"storage_rows":146,"row_view":0,"float_offsets_abc":[0,0,0],"bias":true,"alpha_bits":1065353216,"beta_bits":0,"corpus":"Positive","public_force":true,"full_raw_bits":true,"cpu_numeric":true,"eager_repeats":3,"captured_replays":2,"guards":true,"input_immutability":true}
{"record":"FixedSm89ExactN64ForcePreflightV1","dims_mkn":[17,192,136],"three_incumbents_eager_graph_raw":true,"independent_cpu_reference":true,"public_force":true}
{"record":"FixedSm89ExactN64CorrectnessV1","dtype":"f32","op":"nn","requested":"F32Sm89N64CopyPlan","actual":"gemm_bi_nn_fixed_sm89_f32_n64_copyplan_v1","dims_mkn":[17,192,136],"strides_lda_ldb_ldc":[192,136,136],"storage_rows":146,"row_view":17,"float_offsets_abc":[1,0,0],"bias":true,"alpha_bits":1065353216,"beta_bits":0,"corpus":"Positive","public_force":true,"full_raw_bits":true,"cpu_numeric":true,"eager_repeats":3,"captured_replays":2,"guards":true,"input_immutability":true}
{"record":"FixedSm89ExactN64ForcePreflightV1","dims_mkn":[65,192,136],"three_incumbents_eager_graph_raw":true,"independent_cpu_reference":true,"public_force":true}
{"record":"FixedSm89ExactN64CorrectnessV1","dtype":"f32","op":"nn","requested":"F32Sm89N64CopyPlan","actual":"gemm_bi_nn_fixed_sm89_f32_n64_copyplan_v1","dims_mkn":[65,192,136],"strides_lda_ldb_ldc":[192,136,136],"storage_rows":146,"row_view":17,"float_offsets_abc":[0,1,0],"bias":true,"alpha_bits":1065353216,"beta_bits":0,"corpus":"Positive","public_force":true,"full_raw_bits":true,"cpu_numeric":true,"eager_repeats":3,"captured_replays":2,"guards":true,"input_immutability":true}
{"record":"FixedSm89ExactN64ForcePreflightV1","dims_mkn":[129,192,136],"three_incumbents_eager_graph_raw":true,"independent_cpu_reference":true,"public_force":true}
{"record":"FixedSm89ExactN64CorrectnessV1","dtype":"f32","op":"nn","requested":"F32Sm89N64CopyPlan","actual":"gemm_bi_nn_fixed_sm89_f32_n64_copyplan_v1","dims_mkn":[129,192,136],"strides_lda_ldb_ldc":[192,136,136],"storage_rows":146,"row_view":17,"float_offsets_abc":[0,0,1],"bias":true,"alpha_bits":1065353216,"beta_bits":0,"corpus":"Positive","public_force":true,"full_raw_bits":true,"cpu_numeric":true,"eager_repeats":3,"captured_replays":2,"guards":true,"input_immutability":true}
{"record":"FixedSm89ExactN64ForcePreflightV1","dims_mkn":[129,192,136],"three_incumbents_eager_graph_raw":true,"independent_cpu_reference":true,"public_force":true}
{"record":"FixedSm89ExactN64CorrectnessV1","dtype":"f32","op":"nn","requested":"F32Sm89N64CopyPlan","actual":"gemm_bi_nn_fixed_sm89_f32_n64_copyplan_v1","dims_mkn":[129,192,136],"strides_lda_ldb_ldc":[192,136,136],"storage_rows":146,"row_view":17,"float_offsets_abc":[3,3,3],"bias":true,"alpha_bits":1065353216,"beta_bits":0,"corpus":"Positive","public_force":true,"full_raw_bits":true,"cpu_numeric":true,"eager_repeats":3,"captured_replays":2,"guards":true,"input_immutability":true}
{"record":"FixedSm89ExactN64ForcePreflightV1","dims_mkn":[65,3,65],"three_incumbents_eager_graph_raw":true,"independent_cpu_reference":true,"public_force":true}
{"record":"FixedSm89ExactN64CorrectnessV1","dtype":"f32","op":"nn","requested":"F32Sm89N64CopyPlan","actual":"gemm_bi_nn_fixed_sm89_f32_n64_copyplan_v1","dims_mkn":[65,3,65],"strides_lda_ldb_ldc":[3,65,65],"storage_rows":65,"row_view":0,"float_offsets_abc":[0,0,0],"bias":false,"alpha_bits":1065353216,"beta_bits":0,"corpus":"Order","public_force":true,"full_raw_bits":true,"cpu_numeric":true,"eager_repeats":3,"captured_replays":2,"guards":true,"input_immutability":true}
{"record":"FixedSm89ExactN64ForcePreflightV1","dims_mkn":[65,2,65],"three_incumbents_eager_graph_raw":true,"independent_cpu_reference":true,"public_force":true}
{"record":"FixedSm89ExactN64CorrectnessV1","dtype":"f32","op":"nn","requested":"F32Sm89N64CopyPlan","actual":"gemm_bi_nn_fixed_sm89_f32_n64_copyplan_v1","dims_mkn":[65,2,65],"strides_lda_ldb_ldc":[2,65,65],"storage_rows":65,"row_view":0,"float_offsets_abc":[0,0,0],"bias":true,"alpha_bits":1065353216,"beta_bits":0,"corpus":"BiasOrder","public_force":true,"full_raw_bits":true,"cpu_numeric":true,"eager_repeats":3,"captured_replays":2,"guards":true,"input_immutability":true}
{"record":"FixedSm89ExactN64ForcePreflightV1","dims_mkn":[17,0,65],"three_incumbents_eager_graph_raw":true,"independent_cpu_reference":false,"public_force":true}
{"record":"FixedSm89ExactN64CorrectnessV1","dtype":"f32","op":"nn","requested":"F32Sm89N64CopyPlan","actual":"gemm_bi_nn_fixed_sm89_f32_n64_copyplan_v1","dims_mkn":[17,0,65],"strides_lda_ldb_ldc":[0,65,65],"storage_rows":17,"row_view":0,"float_offsets_abc":[0,0,0],"bias":false,"alpha_bits":1065353216,"beta_bits":0,"corpus":"SpecialA","public_force":true,"full_raw_bits":true,"cpu_numeric":false,"eager_repeats":3,"captured_replays":2,"guards":true,"input_immutability":true}
{"record":"FixedSm89ExactN64ForcePreflightV1","dims_mkn":[17,0,65],"three_incumbents_eager_graph_raw":true,"independent_cpu_reference":false,"public_force":true}
{"record":"FixedSm89ExactN64CorrectnessV1","dtype":"f32","op":"nn","requested":"F32Sm89N64CopyPlan","actual":"gemm_bi_nn_fixed_sm89_f32_n64_copyplan_v1","dims_mkn":[17,0,65],"strides_lda_ldb_ldc":[0,65,65],"storage_rows":17,"row_view":0,"float_offsets_abc":[0,0,0],"bias":true,"alpha_bits":1065353216,"beta_bits":0,"corpus":"SpecialA","public_force":true,"full_raw_bits":true,"cpu_numeric":false,"eager_repeats":3,"captured_replays":2,"guards":true,"input_immutability":true}
{"record":"FixedSm89ExactN64ForcePreflightV1","dims_mkn":[17,1,65],"three_incumbents_eager_graph_raw":true,"independent_cpu_reference":false,"public_force":true}
{"record":"FixedSm89ExactN64CorrectnessV1","dtype":"f32","op":"nn","requested":"F32Sm89N64CopyPlan","actual":"gemm_bi_nn_fixed_sm89_f32_n64_copyplan_v1","dims_mkn":[17,1,65],"strides_lda_ldb_ldc":[1,65,65],"storage_rows":17,"row_view":0,"float_offsets_abc":[0,0,0],"bias":false,"alpha_bits":1065353216,"beta_bits":0,"corpus":"SpecialA","public_force":true,"full_raw_bits":true,"cpu_numeric":false,"eager_repeats":3,"captured_replays":2,"guards":true,"input_immutability":true}
{"record":"FixedSm89ExactN64ForcePreflightV1","dims_mkn":[17,1,65],"three_incumbents_eager_graph_raw":true,"independent_cpu_reference":false,"public_force":true}
{"record":"FixedSm89ExactN64CorrectnessV1","dtype":"f32","op":"nn","requested":"F32Sm89N64CopyPlan","actual":"gemm_bi_nn_fixed_sm89_f32_n64_copyplan_v1","dims_mkn":[17,1,65],"strides_lda_ldb_ldc":[1,65,65],"storage_rows":17,"row_view":0,"float_offsets_abc":[0,0,0],"bias":true,"alpha_bits":1065353216,"beta_bits":0,"corpus":"SpecialA","public_force":true,"full_raw_bits":true,"cpu_numeric":false,"eager_repeats":3,"captured_replays":2,"guards":true,"input_immutability":true}
{"record":"FixedSm89ExactN64ForcePreflightV1","dims_mkn":[17,32,136],"three_incumbents_eager_graph_raw":true,"independent_cpu_reference":false,"public_force":true}
{"record":"FixedSm89ExactN64CorrectnessV1","dtype":"f32","op":"nn","requested":"F32Sm89N64CopyPlan","actual":"gemm_bi_nn_fixed_sm89_f32_n64_copyplan_v1","dims_mkn":[17,32,136],"strides_lda_ldb_ldc":[32,136,136],"storage_rows":17,"row_view":0,"float_offsets_abc":[0,0,0],"bias":false,"alpha_bits":1065353216,"beta_bits":0,"corpus":"SpecialA","public_force":true,"full_raw_bits":true,"cpu_numeric":false,"eager_repeats":3,"captured_replays":2,"guards":true,"input_immutability":true}
{"record":"FixedSm89ExactN64ForcePreflightV1","dims_mkn":[17,32,136],"three_incumbents_eager_graph_raw":true,"independent_cpu_reference":false,"public_force":true}
{"record":"FixedSm89ExactN64CorrectnessV1","dtype":"f32","op":"nn","requested":"F32Sm89N64CopyPlan","actual":"gemm_bi_nn_fixed_sm89_f32_n64_copyplan_v1","dims_mkn":[17,32,136],"strides_lda_ldb_ldc":[32,136,136],"storage_rows":17,"row_view":0,"float_offsets_abc":[0,0,0],"bias":true,"alpha_bits":1065353216,"beta_bits":0,"corpus":"SpecialA","public_force":true,"full_raw_bits":true,"cpu_numeric":false,"eager_repeats":3,"captured_replays":2,"guards":true,"input_immutability":true}
{"record":"FixedSm89ExactN64ForcePreflightV1","dims_mkn":[17,33,65],"three_incumbents_eager_graph_raw":true,"independent_cpu_reference":false,"public_force":true}
{"record":"FixedSm89ExactN64CorrectnessV1","dtype":"f32","op":"nn","requested":"F32Sm89N64CopyPlan","actual":"gemm_bi_nn_fixed_sm89_f32_n64_copyplan_v1","dims_mkn":[17,33,65],"strides_lda_ldb_ldc":[33,65,65],"storage_rows":17,"row_view":0,"float_offsets_abc":[0,0,0],"bias":false,"alpha_bits":1065353216,"beta_bits":0,"corpus":"SpecialA","public_force":true,"full_raw_bits":true,"cpu_numeric":false,"eager_repeats":3,"captured_replays":2,"guards":true,"input_immutability":true}
{"record":"FixedSm89ExactN64ForcePreflightV1","dims_mkn":[17,33,65],"three_incumbents_eager_graph_raw":true,"independent_cpu_reference":false,"public_force":true}
{"record":"FixedSm89ExactN64CorrectnessV1","dtype":"f32","op":"nn","requested":"F32Sm89N64CopyPlan","actual":"gemm_bi_nn_fixed_sm89_f32_n64_copyplan_v1","dims_mkn":[17,33,65],"strides_lda_ldb_ldc":[33,65,65],"storage_rows":17,"row_view":0,"float_offsets_abc":[0,0,0],"bias":true,"alpha_bits":1065353216,"beta_bits":0,"corpus":"SpecialA","public_force":true,"full_raw_bits":true,"cpu_numeric":false,"eager_repeats":3,"captured_replays":2,"guards":true,"input_immutability":true}
{"record":"FixedSm89ExactN64ForcePreflightV1","dims_mkn":[17,96,136],"three_incumbents_eager_graph_raw":true,"independent_cpu_reference":false,"public_force":true}
{"record":"FixedSm89ExactN64CorrectnessV1","dtype":"f32","op":"nn","requested":"F32Sm89N64CopyPlan","actual":"gemm_bi_nn_fixed_sm89_f32_n64_copyplan_v1","dims_mkn":[17,96,136],"strides_lda_ldb_ldc":[96,136,136],"storage_rows":17,"row_view":0,"float_offsets_abc":[0,0,0],"bias":false,"alpha_bits":1065353216,"beta_bits":0,"corpus":"SpecialA","public_force":true,"full_raw_bits":true,"cpu_numeric":false,"eager_repeats":3,"captured_replays":2,"guards":true,"input_immutability":true}
{"record":"FixedSm89ExactN64ForcePreflightV1","dims_mkn":[17,96,136],"three_incumbents_eager_graph_raw":true,"independent_cpu_reference":false,"public_force":true}
{"record":"FixedSm89ExactN64CorrectnessV1","dtype":"f32","op":"nn","requested":"F32Sm89N64CopyPlan","actual":"gemm_bi_nn_fixed_sm89_f32_n64_copyplan_v1","dims_mkn":[17,96,136],"strides_lda_ldb_ldc":[96,136,136],"storage_rows":17,"row_view":0,"float_offsets_abc":[0,0,0],"bias":true,"alpha_bits":1065353216,"beta_bits":0,"corpus":"SpecialA","public_force":true,"full_raw_bits":true,"cpu_numeric":false,"eager_repeats":3,"captured_replays":2,"guards":true,"input_immutability":true}
{"record":"FixedSm89ExactN64ForcePreflightV1","dims_mkn":[17,0,65],"three_incumbents_eager_graph_raw":true,"independent_cpu_reference":false,"public_force":true}
{"record":"FixedSm89ExactN64CorrectnessV1","dtype":"f32","op":"nn","requested":"F32Sm89N64CopyPlan","actual":"gemm_bi_nn_fixed_sm89_f32_n64_copyplan_v1","dims_mkn":[17,0,65],"strides_lda_ldb_ldc":[0,65,65],"storage_rows":17,"row_view":0,"float_offsets_abc":[0,0,0],"bias":false,"alpha_bits":1065353216,"beta_bits":0,"corpus":"SpecialB","public_force":true,"full_raw_bits":true,"cpu_numeric":false,"eager_repeats":3,"captured_replays":2,"guards":true,"input_immutability":true}
{"record":"FixedSm89ExactN64ForcePreflightV1","dims_mkn":[17,0,65],"three_incumbents_eager_graph_raw":true,"independent_cpu_reference":false,"public_force":true}
{"record":"FixedSm89ExactN64CorrectnessV1","dtype":"f32","op":"nn","requested":"F32Sm89N64CopyPlan","actual":"gemm_bi_nn_fixed_sm89_f32_n64_copyplan_v1","dims_mkn":[17,0,65],"strides_lda_ldb_ldc":[0,65,65],"storage_rows":17,"row_view":0,"float_offsets_abc":[0,0,0],"bias":true,"alpha_bits":1065353216,"beta_bits":0,"corpus":"SpecialB","public_force":true,"full_raw_bits":true,"cpu_numeric":false,"eager_repeats":3,"captured_replays":2,"guards":true,"input_immutability":true}
{"record":"FixedSm89ExactN64ForcePreflightV1","dims_mkn":[17,1,65],"three_incumbents_eager_graph_raw":true,"independent_cpu_reference":false,"public_force":true}
{"record":"FixedSm89ExactN64CorrectnessV1","dtype":"f32","op":"nn","requested":"F32Sm89N64CopyPlan","actual":"gemm_bi_nn_fixed_sm89_f32_n64_copyplan_v1","dims_mkn":[17,1,65],"strides_lda_ldb_ldc":[1,65,65],"storage_rows":17,"row_view":0,"float_offsets_abc":[0,0,0],"bias":false,"alpha_bits":1065353216,"beta_bits":0,"corpus":"SpecialB","public_force":true,"full_raw_bits":true,"cpu_numeric":false,"eager_repeats":3,"captured_replays":2,"guards":true,"input_immutability":true}
{"record":"FixedSm89ExactN64ForcePreflightV1","dims_mkn":[17,1,65],"three_incumbents_eager_graph_raw":true,"independent_cpu_reference":false,"public_force":true}
{"record":"FixedSm89ExactN64CorrectnessV1","dtype":"f32","op":"nn","requested":"F32Sm89N64CopyPlan","actual":"gemm_bi_nn_fixed_sm89_f32_n64_copyplan_v1","dims_mkn":[17,1,65],"strides_lda_ldb_ldc":[1,65,65],"storage_rows":17,"row_view":0,"float_offsets_abc":[0,0,0],"bias":true,"alpha_bits":1065353216,"beta_bits":0,"corpus":"SpecialB","public_force":true,"full_raw_bits":true,"cpu_numeric":false,"eager_repeats":3,"captured_replays":2,"guards":true,"input_immutability":true}
{"record":"FixedSm89ExactN64ForcePreflightV1","dims_mkn":[17,32,136],"three_incumbents_eager_graph_raw":true,"independent_cpu_reference":false,"public_force":true}
{"record":"FixedSm89ExactN64CorrectnessV1","dtype":"f32","op":"nn","requested":"F32Sm89N64CopyPlan","actual":"gemm_bi_nn_fixed_sm89_f32_n64_copyplan_v1","dims_mkn":[17,32,136],"strides_lda_ldb_ldc":[32,136,136],"storage_rows":17,"row_view":0,"float_offsets_abc":[0,0,0],"bias":false,"alpha_bits":1065353216,"beta_bits":0,"corpus":"SpecialB","public_force":true,"full_raw_bits":true,"cpu_numeric":false,"eager_repeats":3,"captured_replays":2,"guards":true,"input_immutability":true}
{"record":"FixedSm89ExactN64ForcePreflightV1","dims_mkn":[17,32,136],"three_incumbents_eager_graph_raw":true,"independent_cpu_reference":false,"public_force":true}
{"record":"FixedSm89ExactN64CorrectnessV1","dtype":"f32","op":"nn","requested":"F32Sm89N64CopyPlan","actual":"gemm_bi_nn_fixed_sm89_f32_n64_copyplan_v1","dims_mkn":[17,32,136],"strides_lda_ldb_ldc":[32,136,136],"storage_rows":17,"row_view":0,"float_offsets_abc":[0,0,0],"bias":true,"alpha_bits":1065353216,"beta_bits":0,"corpus":"SpecialB","public_force":true,"full_raw_bits":true,"cpu_numeric":false,"eager_repeats":3,"captured_replays":2,"guards":true,"input_immutability":true}
{"record":"FixedSm89ExactN64ForcePreflightV1","dims_mkn":[17,33,65],"three_incumbents_eager_graph_raw":true,"independent_cpu_reference":false,"public_force":true}
{"record":"FixedSm89ExactN64CorrectnessV1","dtype":"f32","op":"nn","requested":"F32Sm89N64CopyPlan","actual":"gemm_bi_nn_fixed_sm89_f32_n64_copyplan_v1","dims_mkn":[17,33,65],"strides_lda_ldb_ldc":[33,65,65],"storage_rows":17,"row_view":0,"float_offsets_abc":[0,0,0],"bias":false,"alpha_bits":1065353216,"beta_bits":0,"corpus":"SpecialB","public_force":true,"full_raw_bits":true,"cpu_numeric":false,"eager_repeats":3,"captured_replays":2,"guards":true,"input_immutability":true}
{"record":"FixedSm89ExactN64ForcePreflightV1","dims_mkn":[17,33,65],"three_incumbents_eager_graph_raw":true,"independent_cpu_reference":false,"public_force":true}
{"record":"FixedSm89ExactN64CorrectnessV1","dtype":"f32","op":"nn","requested":"F32Sm89N64CopyPlan","actual":"gemm_bi_nn_fixed_sm89_f32_n64_copyplan_v1","dims_mkn":[17,33,65],"strides_lda_ldb_ldc":[33,65,65],"storage_rows":17,"row_view":0,"float_offsets_abc":[0,0,0],"bias":true,"alpha_bits":1065353216,"beta_bits":0,"corpus":"SpecialB","public_force":true,"full_raw_bits":true,"cpu_numeric":false,"eager_repeats":3,"captured_replays":2,"guards":true,"input_immutability":true}
{"record":"FixedSm89ExactN64ForcePreflightV1","dims_mkn":[17,96,136],"three_incumbents_eager_graph_raw":true,"independent_cpu_reference":false,"public_force":true}
{"record":"FixedSm89ExactN64CorrectnessV1","dtype":"f32","op":"nn","requested":"F32Sm89N64CopyPlan","actual":"gemm_bi_nn_fixed_sm89_f32_n64_copyplan_v1","dims_mkn":[17,96,136],"strides_lda_ldb_ldc":[96,136,136],"storage_rows":17,"row_view":0,"float_offsets_abc":[0,0,0],"bias":false,"alpha_bits":1065353216,"beta_bits":0,"corpus":"SpecialB","public_force":true,"full_raw_bits":true,"cpu_numeric":false,"eager_repeats":3,"captured_replays":2,"guards":true,"input_immutability":true}
{"record":"FixedSm89ExactN64ForcePreflightV1","dims_mkn":[17,96,136],"three_incumbents_eager_graph_raw":true,"independent_cpu_reference":false,"public_force":true}
{"record":"FixedSm89ExactN64CorrectnessV1","dtype":"f32","op":"nn","requested":"F32Sm89N64CopyPlan","actual":"gemm_bi_nn_fixed_sm89_f32_n64_copyplan_v1","dims_mkn":[17,96,136],"strides_lda_ldb_ldc":[96,136,136],"storage_rows":17,"row_view":0,"float_offsets_abc":[0,0,0],"bias":true,"alpha_bits":1065353216,"beta_bits":0,"corpus":"SpecialB","public_force":true,"full_raw_bits":true,"cpu_numeric":false,"eager_repeats":3,"captured_replays":2,"guards":true,"input_immutability":true}
{"record":"FixedSm89ExactN64ForcePreflightV1","dims_mkn":[17,0,65],"three_incumbents_eager_graph_raw":true,"independent_cpu_reference":false,"public_force":true}
{"record":"FixedSm89ExactN64CorrectnessV1","dtype":"f32","op":"nn","requested":"F32Sm89N64CopyPlan","actual":"gemm_bi_nn_fixed_sm89_f32_n64_copyplan_v1","dims_mkn":[17,0,65],"strides_lda_ldb_ldc":[0,65,65],"storage_rows":17,"row_view":0,"float_offsets_abc":[0,0,0],"bias":false,"alpha_bits":1065353216,"beta_bits":0,"corpus":"SpecialBias","public_force":true,"full_raw_bits":true,"cpu_numeric":false,"eager_repeats":3,"captured_replays":2,"guards":true,"input_immutability":true}
{"record":"FixedSm89ExactN64ForcePreflightV1","dims_mkn":[17,0,65],"three_incumbents_eager_graph_raw":true,"independent_cpu_reference":false,"public_force":true}
{"record":"FixedSm89ExactN64CorrectnessV1","dtype":"f32","op":"nn","requested":"F32Sm89N64CopyPlan","actual":"gemm_bi_nn_fixed_sm89_f32_n64_copyplan_v1","dims_mkn":[17,0,65],"strides_lda_ldb_ldc":[0,65,65],"storage_rows":17,"row_view":0,"float_offsets_abc":[0,0,0],"bias":true,"alpha_bits":1065353216,"beta_bits":0,"corpus":"SpecialBias","public_force":true,"full_raw_bits":true,"cpu_numeric":false,"eager_repeats":3,"captured_replays":2,"guards":true,"input_immutability":true}
{"record":"FixedSm89ExactN64ForcePreflightV1","dims_mkn":[17,1,65],"three_incumbents_eager_graph_raw":true,"independent_cpu_reference":false,"public_force":true}
{"record":"FixedSm89ExactN64CorrectnessV1","dtype":"f32","op":"nn","requested":"F32Sm89N64CopyPlan","actual":"gemm_bi_nn_fixed_sm89_f32_n64_copyplan_v1","dims_mkn":[17,1,65],"strides_lda_ldb_ldc":[1,65,65],"storage_rows":17,"row_view":0,"float_offsets_abc":[0,0,0],"bias":false,"alpha_bits":1065353216,"beta_bits":0,"corpus":"SpecialBias","public_force":true,"full_raw_bits":true,"cpu_numeric":false,"eager_repeats":3,"captured_replays":2,"guards":true,"input_immutability":true}
{"record":"FixedSm89ExactN64ForcePreflightV1","dims_mkn":[17,1,65],"three_incumbents_eager_graph_raw":true,"independent_cpu_reference":false,"public_force":true}
{"record":"FixedSm89ExactN64CorrectnessV1","dtype":"f32","op":"nn","requested":"F32Sm89N64CopyPlan","actual":"gemm_bi_nn_fixed_sm89_f32_n64_copyplan_v1","dims_mkn":[17,1,65],"strides_lda_ldb_ldc":[1,65,65],"storage_rows":17,"row_view":0,"float_offsets_abc":[0,0,0],"bias":true,"alpha_bits":1065353216,"beta_bits":0,"corpus":"SpecialBias","public_force":true,"full_raw_bits":true,"cpu_numeric":false,"eager_repeats":3,"captured_replays":2,"guards":true,"input_immutability":true}
{"record":"FixedSm89ExactN64ForcePreflightV1","dims_mkn":[17,32,136],"three_incumbents_eager_graph_raw":true,"independent_cpu_reference":false,"public_force":true}
{"record":"FixedSm89ExactN64CorrectnessV1","dtype":"f32","op":"nn","requested":"F32Sm89N64CopyPlan","actual":"gemm_bi_nn_fixed_sm89_f32_n64_copyplan_v1","dims_mkn":[17,32,136],"strides_lda_ldb_ldc":[32,136,136],"storage_rows":17,"row_view":0,"float_offsets_abc":[0,0,0],"bias":false,"alpha_bits":1065353216,"beta_bits":0,"corpus":"SpecialBias","public_force":true,"full_raw_bits":true,"cpu_numeric":false,"eager_repeats":3,"captured_replays":2,"guards":true,"input_immutability":true}
{"record":"FixedSm89ExactN64ForcePreflightV1","dims_mkn":[17,32,136],"three_incumbents_eager_graph_raw":true,"independent_cpu_reference":false,"public_force":true}
{"record":"FixedSm89ExactN64CorrectnessV1","dtype":"f32","op":"nn","requested":"F32Sm89N64CopyPlan","actual":"gemm_bi_nn_fixed_sm89_f32_n64_copyplan_v1","dims_mkn":[17,32,136],"strides_lda_ldb_ldc":[32,136,136],"storage_rows":17,"row_view":0,"float_offsets_abc":[0,0,0],"bias":true,"alpha_bits":1065353216,"beta_bits":0,"corpus":"SpecialBias","public_force":true,"full_raw_bits":true,"cpu_numeric":false,"eager_repeats":3,"captured_replays":2,"guards":true,"input_immutability":true}
{"record":"FixedSm89ExactN64ForcePreflightV1","dims_mkn":[17,33,65],"three_incumbents_eager_graph_raw":true,"independent_cpu_reference":false,"public_force":true}
{"record":"FixedSm89ExactN64CorrectnessV1","dtype":"f32","op":"nn","requested":"F32Sm89N64CopyPlan","actual":"gemm_bi_nn_fixed_sm89_f32_n64_copyplan_v1","dims_mkn":[17,33,65],"strides_lda_ldb_ldc":[33,65,65],"storage_rows":17,"row_view":0,"float_offsets_abc":[0,0,0],"bias":false,"alpha_bits":1065353216,"beta_bits":0,"corpus":"SpecialBias","public_force":true,"full_raw_bits":true,"cpu_numeric":false,"eager_repeats":3,"captured_replays":2,"guards":true,"input_immutability":true}
{"record":"FixedSm89ExactN64ForcePreflightV1","dims_mkn":[17,33,65],"three_incumbents_eager_graph_raw":true,"independent_cpu_reference":false,"public_force":true}
{"record":"FixedSm89ExactN64CorrectnessV1","dtype":"f32","op":"nn","requested":"F32Sm89N64CopyPlan","actual":"gemm_bi_nn_fixed_sm89_f32_n64_copyplan_v1","dims_mkn":[17,33,65],"strides_lda_ldb_ldc":[33,65,65],"storage_rows":17,"row_view":0,"float_offsets_abc":[0,0,0],"bias":true,"alpha_bits":1065353216,"beta_bits":0,"corpus":"SpecialBias","public_force":true,"full_raw_bits":true,"cpu_numeric":false,"eager_repeats":3,"captured_replays":2,"guards":true,"input_immutability":true}
{"record":"FixedSm89ExactN64ForcePreflightV1","dims_mkn":[17,96,136],"three_incumbents_eager_graph_raw":true,"independent_cpu_reference":false,"public_force":true}
{"record":"FixedSm89ExactN64CorrectnessV1","dtype":"f32","op":"nn","requested":"F32Sm89N64CopyPlan","actual":"gemm_bi_nn_fixed_sm89_f32_n64_copyplan_v1","dims_mkn":[17,96,136],"strides_lda_ldb_ldc":[96,136,136],"storage_rows":17,"row_view":0,"float_offsets_abc":[0,0,0],"bias":false,"alpha_bits":1065353216,"beta_bits":0,"corpus":"SpecialBias","public_force":true,"full_raw_bits":true,"cpu_numeric":false,"eager_repeats":3,"captured_replays":2,"guards":true,"input_immutability":true}
{"record":"FixedSm89ExactN64ForcePreflightV1","dims_mkn":[17,96,136],"three_incumbents_eager_graph_raw":true,"independent_cpu_reference":false,"public_force":true}
{"record":"FixedSm89ExactN64CorrectnessV1","dtype":"f32","op":"nn","requested":"F32Sm89N64CopyPlan","actual":"gemm_bi_nn_fixed_sm89_f32_n64_copyplan_v1","dims_mkn":[17,96,136],"strides_lda_ldb_ldc":[96,136,136],"storage_rows":17,"row_view":0,"float_offsets_abc":[0,0,0],"bias":true,"alpha_bits":1065353216,"beta_bits":0,"corpus":"SpecialBias","public_force":true,"full_raw_bits":true,"cpu_numeric":false,"eager_repeats":3,"captured_replays":2,"guards":true,"input_immutability":true}
{"record":"FixedSm89ExactN64ForcePreflightV1","dims_mkn":[17,0,65],"three_incumbents_eager_graph_raw":true,"independent_cpu_reference":false,"public_force":true}
{"record":"FixedSm89ExactN64CorrectnessV1","dtype":"f32","op":"nn","requested":"F32Sm89N64CopyPlan","actual":"gemm_bi_nn_fixed_sm89_f32_n64_copyplan_v1","dims_mkn":[17,0,65],"strides_lda_ldb_ldc":[0,65,65],"storage_rows":17,"row_view":0,"float_offsets_abc":[0,0,0],"bias":false,"alpha_bits":1065353216,"beta_bits":0,"corpus":"Mixed","public_force":true,"full_raw_bits":true,"cpu_numeric":false,"eager_repeats":3,"captured_replays":2,"guards":true,"input_immutability":true}
{"record":"FixedSm89ExactN64ForcePreflightV1","dims_mkn":[17,0,65],"three_incumbents_eager_graph_raw":true,"independent_cpu_reference":false,"public_force":true}
{"record":"FixedSm89ExactN64CorrectnessV1","dtype":"f32","op":"nn","requested":"F32Sm89N64CopyPlan","actual":"gemm_bi_nn_fixed_sm89_f32_n64_copyplan_v1","dims_mkn":[17,0,65],"strides_lda_ldb_ldc":[0,65,65],"storage_rows":17,"row_view":0,"float_offsets_abc":[0,0,0],"bias":true,"alpha_bits":1065353216,"beta_bits":0,"corpus":"Mixed","public_force":true,"full_raw_bits":true,"cpu_numeric":false,"eager_repeats":3,"captured_replays":2,"guards":true,"input_immutability":true}
{"record":"FixedSm89ExactN64ForcePreflightV1","dims_mkn":[17,1,65],"three_incumbents_eager_graph_raw":true,"independent_cpu_reference":false,"public_force":true}
{"record":"FixedSm89ExactN64CorrectnessV1","dtype":"f32","op":"nn","requested":"F32Sm89N64CopyPlan","actual":"gemm_bi_nn_fixed_sm89_f32_n64_copyplan_v1","dims_mkn":[17,1,65],"strides_lda_ldb_ldc":[1,65,65],"storage_rows":17,"row_view":0,"float_offsets_abc":[0,0,0],"bias":false,"alpha_bits":1065353216,"beta_bits":0,"corpus":"Mixed","public_force":true,"full_raw_bits":true,"cpu_numeric":false,"eager_repeats":3,"captured_replays":2,"guards":true,"input_immutability":true}
{"record":"FixedSm89ExactN64ForcePreflightV1","dims_mkn":[17,1,65],"three_incumbents_eager_graph_raw":true,"independent_cpu_reference":false,"public_force":true}
{"record":"FixedSm89ExactN64CorrectnessV1","dtype":"f32","op":"nn","requested":"F32Sm89N64CopyPlan","actual":"gemm_bi_nn_fixed_sm89_f32_n64_copyplan_v1","dims_mkn":[17,1,65],"strides_lda_ldb_ldc":[1,65,65],"storage_rows":17,"row_view":0,"float_offsets_abc":[0,0,0],"bias":true,"alpha_bits":1065353216,"beta_bits":0,"corpus":"Mixed","public_force":true,"full_raw_bits":true,"cpu_numeric":false,"eager_repeats":3,"captured_replays":2,"guards":true,"input_immutability":true}
{"record":"FixedSm89ExactN64ForcePreflightV1","dims_mkn":[17,32,136],"three_incumbents_eager_graph_raw":true,"independent_cpu_reference":false,"public_force":true}
{"record":"FixedSm89ExactN64CorrectnessV1","dtype":"f32","op":"nn","requested":"F32Sm89N64CopyPlan","actual":"gemm_bi_nn_fixed_sm89_f32_n64_copyplan_v1","dims_mkn":[17,32,136],"strides_lda_ldb_ldc":[32,136,136],"storage_rows":17,"row_view":0,"float_offsets_abc":[0,0,0],"bias":false,"alpha_bits":1065353216,"beta_bits":0,"corpus":"Mixed","public_force":true,"full_raw_bits":true,"cpu_numeric":false,"eager_repeats":3,"captured_replays":2,"guards":true,"input_immutability":true}
{"record":"FixedSm89ExactN64ForcePreflightV1","dims_mkn":[17,32,136],"three_incumbents_eager_graph_raw":true,"independent_cpu_reference":false,"public_force":true}
{"record":"FixedSm89ExactN64CorrectnessV1","dtype":"f32","op":"nn","requested":"F32Sm89N64CopyPlan","actual":"gemm_bi_nn_fixed_sm89_f32_n64_copyplan_v1","dims_mkn":[17,32,136],"strides_lda_ldb_ldc":[32,136,136],"storage_rows":17,"row_view":0,"float_offsets_abc":[0,0,0],"bias":true,"alpha_bits":1065353216,"beta_bits":0,"corpus":"Mixed","public_force":true,"full_raw_bits":true,"cpu_numeric":false,"eager_repeats":3,"captured_replays":2,"guards":true,"input_immutability":true}
{"record":"FixedSm89ExactN64ForcePreflightV1","dims_mkn":[17,33,65],"three_incumbents_eager_graph_raw":true,"independent_cpu_reference":false,"public_force":true}
{"record":"FixedSm89ExactN64CorrectnessV1","dtype":"f32","op":"nn","requested":"F32Sm89N64CopyPlan","actual":"gemm_bi_nn_fixed_sm89_f32_n64_copyplan_v1","dims_mkn":[17,33,65],"strides_lda_ldb_ldc":[33,65,65],"storage_rows":17,"row_view":0,"float_offsets_abc":[0,0,0],"bias":false,"alpha_bits":1065353216,"beta_bits":0,"corpus":"Mixed","public_force":true,"full_raw_bits":true,"cpu_numeric":false,"eager_repeats":3,"captured_replays":2,"guards":true,"input_immutability":true}
{"record":"FixedSm89ExactN64ForcePreflightV1","dims_mkn":[17,33,65],"three_incumbents_eager_graph_raw":true,"independent_cpu_reference":false,"public_force":true}
{"record":"FixedSm89ExactN64CorrectnessV1","dtype":"f32","op":"nn","requested":"F32Sm89N64CopyPlan","actual":"gemm_bi_nn_fixed_sm89_f32_n64_copyplan_v1","dims_mkn":[17,33,65],"strides_lda_ldb_ldc":[33,65,65],"storage_rows":17,"row_view":0,"float_offsets_abc":[0,0,0],"bias":true,"alpha_bits":1065353216,"beta_bits":0,"corpus":"Mixed","public_force":true,"full_raw_bits":true,"cpu_numeric":false,"eager_repeats":3,"captured_replays":2,"guards":true,"input_immutability":true}
{"record":"FixedSm89ExactN64ForcePreflightV1","dims_mkn":[17,96,136],"three_incumbents_eager_graph_raw":true,"independent_cpu_reference":false,"public_force":true}
{"record":"FixedSm89ExactN64CorrectnessV1","dtype":"f32","op":"nn","requested":"F32Sm89N64CopyPlan","actual":"gemm_bi_nn_fixed_sm89_f32_n64_copyplan_v1","dims_mkn":[17,96,136],"strides_lda_ldb_ldc":[96,136,136],"storage_rows":17,"row_view":0,"float_offsets_abc":[0,0,0],"bias":false,"alpha_bits":1065353216,"beta_bits":0,"corpus":"Mixed","public_force":true,"full_raw_bits":true,"cpu_numeric":false,"eager_repeats":3,"captured_replays":2,"guards":true,"input_immutability":true}
{"record":"FixedSm89ExactN64ForcePreflightV1","dims_mkn":[17,96,136],"three_incumbents_eager_graph_raw":true,"independent_cpu_reference":false,"public_force":true}
{"record":"FixedSm89ExactN64CorrectnessV1","dtype":"f32","op":"nn","requested":"F32Sm89N64CopyPlan","actual":"gemm_bi_nn_fixed_sm89_f32_n64_copyplan_v1","dims_mkn":[17,96,136],"strides_lda_ldb_ldc":[96,136,136],"storage_rows":17,"row_view":0,"float_offsets_abc":[0,0,0],"bias":true,"alpha_bits":1065353216,"beta_bits":0,"corpus":"Mixed","public_force":true,"full_raw_bits":true,"cpu_numeric":false,"eager_repeats":3,"captured_replays":2,"guards":true,"input_immutability":true}
{"record":"FixedSm89ExactN64ForcePreflightV1","dims_mkn":[65,0,65],"three_incumbents_eager_graph_raw":true,"independent_cpu_reference":true,"public_force":false}
{"record":"FixedSm89ExactN64CorrectnessV1","dtype":"f32","op":"nn","requested":"F32Sm89N64CopyPlan","actual":"gemm_bi_nn_fixed_sm89_f32_n64_copyplan_v1","dims_mkn":[65,0,65],"strides_lda_ldb_ldc":[4,68,68],"storage_rows":82,"row_view":17,"float_offsets_abc":[0,0,0],"bias":false,"alpha_bits":1056964608,"beta_bits":1065353216,"corpus":"Signed","public_force":false,"full_raw_bits":true,"cpu_numeric":true,"eager_repeats":3,"captured_replays":2,"guards":true,"input_immutability":true}
{"record":"FixedSm89ExactN64ForcePreflightV1","dims_mkn":[65,0,65],"three_incumbents_eager_graph_raw":true,"independent_cpu_reference":true,"public_force":false}
{"record":"FixedSm89ExactN64CorrectnessV1","dtype":"f32","op":"nn","requested":"F32Sm89N64CopyPlan","actual":"gemm_bi_nn_fixed_sm89_f32_n64_copyplan_v1","dims_mkn":[65,0,65],"strides_lda_ldb_ldc":[1,67,67],"storage_rows":82,"row_view":17,"float_offsets_abc":[1,2,3],"bias":false,"alpha_bits":1056964608,"beta_bits":1065353216,"corpus":"Signed","public_force":false,"full_raw_bits":true,"cpu_numeric":true,"eager_repeats":3,"captured_replays":2,"guards":true,"input_immutability":true}
{"record":"FixedSm89ExactN64ForcePreflightV1","dims_mkn":[65,0,65],"three_incumbents_eager_graph_raw":true,"independent_cpu_reference":true,"public_force":false}
{"record":"FixedSm89ExactN64CorrectnessV1","dtype":"f32","op":"nn","requested":"F32Sm89N64CopyPlan","actual":"gemm_bi_nn_fixed_sm89_f32_n64_copyplan_v1","dims_mkn":[65,0,65],"strides_lda_ldb_ldc":[4,68,68],"storage_rows":82,"row_view":17,"float_offsets_abc":[0,0,0],"bias":true,"alpha_bits":1056964608,"beta_bits":1065353216,"corpus":"Signed","public_force":false,"full_raw_bits":true,"cpu_numeric":true,"eager_repeats":3,"captured_replays":2,"guards":true,"input_immutability":true}
{"record":"FixedSm89ExactN64ForcePreflightV1","dims_mkn":[65,0,65],"three_incumbents_eager_graph_raw":true,"independent_cpu_reference":true,"public_force":false}
{"record":"FixedSm89ExactN64CorrectnessV1","dtype":"f32","op":"nn","requested":"F32Sm89N64CopyPlan","actual":"gemm_bi_nn_fixed_sm89_f32_n64_copyplan_v1","dims_mkn":[65,0,65],"strides_lda_ldb_ldc":[1,67,67],"storage_rows":82,"row_view":17,"float_offsets_abc":[1,2,3],"bias":true,"alpha_bits":1056964608,"beta_bits":1065353216,"corpus":"Signed","public_force":false,"full_raw_bits":true,"cpu_numeric":true,"eager_repeats":3,"captured_replays":2,"guards":true,"input_immutability":true}
{"record":"FixedSm89ExactN64ForcePreflightV1","dims_mkn":[65,32,65],"three_incumbents_eager_graph_raw":true,"independent_cpu_reference":true,"public_force":false}
{"record":"FixedSm89ExactN64CorrectnessV1","dtype":"f32","op":"nn","requested":"F32Sm89N64CopyPlan","actual":"gemm_bi_nn_fixed_sm89_f32_n64_copyplan_v1","dims_mkn":[65,32,65],"strides_lda_ldb_ldc":[36,68,68],"storage_rows":82,"row_view":17,"float_offsets_abc":[0,0,0],"bias":false,"alpha_bits":1056964608,"beta_bits":1065353216,"corpus":"Signed","public_force":false,"full_raw_bits":true,"cpu_numeric":true,"eager_repeats":3,"captured_replays":2,"guards":true,"input_immutability":true}
{"record":"FixedSm89ExactN64ForcePreflightV1","dims_mkn":[65,32,65],"three_incumbents_eager_graph_raw":true,"independent_cpu_reference":true,"public_force":false}
{"record":"FixedSm89ExactN64CorrectnessV1","dtype":"f32","op":"nn","requested":"F32Sm89N64CopyPlan","actual":"gemm_bi_nn_fixed_sm89_f32_n64_copyplan_v1","dims_mkn":[65,32,65],"strides_lda_ldb_ldc":[33,67,67],"storage_rows":82,"row_view":17,"float_offsets_abc":[1,2,3],"bias":false,"alpha_bits":1056964608,"beta_bits":1065353216,"corpus":"Signed","public_force":false,"full_raw_bits":true,"cpu_numeric":true,"eager_repeats":3,"captured_replays":2,"guards":true,"input_immutability":true}
{"record":"FixedSm89ExactN64ForcePreflightV1","dims_mkn":[65,32,65],"three_incumbents_eager_graph_raw":true,"independent_cpu_reference":true,"public_force":false}
{"record":"FixedSm89ExactN64CorrectnessV1","dtype":"f32","op":"nn","requested":"F32Sm89N64CopyPlan","actual":"gemm_bi_nn_fixed_sm89_f32_n64_copyplan_v1","dims_mkn":[65,32,65],"strides_lda_ldb_ldc":[36,68,68],"storage_rows":82,"row_view":17,"float_offsets_abc":[0,0,0],"bias":true,"alpha_bits":1056964608,"beta_bits":1065353216,"corpus":"Signed","public_force":false,"full_raw_bits":true,"cpu_numeric":true,"eager_repeats":3,"captured_replays":2,"guards":true,"input_immutability":true}
{"record":"FixedSm89ExactN64ForcePreflightV1","dims_mkn":[65,32,65],"three_incumbents_eager_graph_raw":true,"independent_cpu_reference":true,"public_force":false}
{"record":"FixedSm89ExactN64CorrectnessV1","dtype":"f32","op":"nn","requested":"F32Sm89N64CopyPlan","actual":"gemm_bi_nn_fixed_sm89_f32_n64_copyplan_v1","dims_mkn":[65,32,65],"strides_lda_ldb_ldc":[33,67,67],"storage_rows":82,"row_view":17,"float_offsets_abc":[1,2,3],"bias":true,"alpha_bits":1056964608,"beta_bits":1065353216,"corpus":"Signed","public_force":false,"full_raw_bits":true,"cpu_numeric":true,"eager_repeats":3,"captured_replays":2,"guards":true,"input_immutability":true}
{"record":"FixedSm89ExactN64ForcePreflightV1","dims_mkn":[65,65,65],"three_incumbents_eager_graph_raw":true,"independent_cpu_reference":true,"public_force":false}
{"record":"FixedSm89ExactN64CorrectnessV1","dtype":"f32","op":"nn","requested":"F32Sm89N64CopyPlan","actual":"gemm_bi_nn_fixed_sm89_f32_n64_copyplan_v1","dims_mkn":[65,65,65],"strides_lda_ldb_ldc":[69,68,68],"storage_rows":82,"row_view":17,"float_offsets_abc":[0,0,0],"bias":false,"alpha_bits":1056964608,"beta_bits":1065353216,"corpus":"Signed","public_force":false,"full_raw_bits":true,"cpu_numeric":true,"eager_repeats":3,"captured_replays":2,"guards":true,"input_immutability":true}
{"record":"FixedSm89ExactN64ForcePreflightV1","dims_mkn":[65,65,65],"three_incumbents_eager_graph_raw":true,"independent_cpu_reference":true,"public_force":false}
{"record":"FixedSm89ExactN64CorrectnessV1","dtype":"f32","op":"nn","requested":"F32Sm89N64CopyPlan","actual":"gemm_bi_nn_fixed_sm89_f32_n64_copyplan_v1","dims_mkn":[65,65,65],"strides_lda_ldb_ldc":[66,67,67],"storage_rows":82,"row_view":17,"float_offsets_abc":[1,2,3],"bias":false,"alpha_bits":1056964608,"beta_bits":1065353216,"corpus":"Signed","public_force":false,"full_raw_bits":true,"cpu_numeric":true,"eager_repeats":3,"captured_replays":2,"guards":true,"input_immutability":true}
{"record":"FixedSm89ExactN64ForcePreflightV1","dims_mkn":[65,65,65],"three_incumbents_eager_graph_raw":true,"independent_cpu_reference":true,"public_force":false}
{"record":"FixedSm89ExactN64CorrectnessV1","dtype":"f32","op":"nn","requested":"F32Sm89N64CopyPlan","actual":"gemm_bi_nn_fixed_sm89_f32_n64_copyplan_v1","dims_mkn":[65,65,65],"strides_lda_ldb_ldc":[69,68,68],"storage_rows":82,"row_view":17,"float_offsets_abc":[0,0,0],"bias":true,"alpha_bits":1056964608,"beta_bits":1065353216,"corpus":"Signed","public_force":false,"full_raw_bits":true,"cpu_numeric":true,"eager_repeats":3,"captured_replays":2,"guards":true,"input_immutability":true}
{"record":"FixedSm89ExactN64ForcePreflightV1","dims_mkn":[65,65,65],"three_incumbents_eager_graph_raw":true,"independent_cpu_reference":true,"public_force":false}
{"record":"FixedSm89ExactN64CorrectnessV1","dtype":"f32","op":"nn","requested":"F32Sm89N64CopyPlan","actual":"gemm_bi_nn_fixed_sm89_f32_n64_copyplan_v1","dims_mkn":[65,65,65],"strides_lda_ldb_ldc":[66,67,67],"storage_rows":82,"row_view":17,"float_offsets_abc":[1,2,3],"bias":true,"alpha_bits":1056964608,"beta_bits":1065353216,"corpus":"Signed","public_force":false,"full_raw_bits":true,"cpu_numeric":true,"eager_repeats":3,"captured_replays":2,"guards":true,"input_immutability":true}
{"record":"FixedSm89ExactN64ForcePreflightV1","dims_mkn":[65,96,65],"three_incumbents_eager_graph_raw":true,"independent_cpu_reference":true,"public_force":false}
{"record":"FixedSm89ExactN64CorrectnessV1","dtype":"f32","op":"nn","requested":"F32Sm89N64CopyPlan","actual":"gemm_bi_nn_fixed_sm89_f32_n64_copyplan_v1","dims_mkn":[65,96,65],"strides_lda_ldb_ldc":[100,68,68],"storage_rows":82,"row_view":17,"float_offsets_abc":[0,0,0],"bias":false,"alpha_bits":1056964608,"beta_bits":1065353216,"corpus":"Signed","public_force":false,"full_raw_bits":true,"cpu_numeric":true,"eager_repeats":3,"captured_replays":2,"guards":true,"input_immutability":true}
{"record":"FixedSm89ExactN64ForcePreflightV1","dims_mkn":[65,96,65],"three_incumbents_eager_graph_raw":true,"independent_cpu_reference":true,"public_force":false}
{"record":"FixedSm89ExactN64CorrectnessV1","dtype":"f32","op":"nn","requested":"F32Sm89N64CopyPlan","actual":"gemm_bi_nn_fixed_sm89_f32_n64_copyplan_v1","dims_mkn":[65,96,65],"strides_lda_ldb_ldc":[97,67,67],"storage_rows":82,"row_view":17,"float_offsets_abc":[1,2,3],"bias":false,"alpha_bits":1056964608,"beta_bits":1065353216,"corpus":"Signed","public_force":false,"full_raw_bits":true,"cpu_numeric":true,"eager_repeats":3,"captured_replays":2,"guards":true,"input_immutability":true}
{"record":"FixedSm89ExactN64ForcePreflightV1","dims_mkn":[65,96,65],"three_incumbents_eager_graph_raw":true,"independent_cpu_reference":true,"public_force":false}
{"record":"FixedSm89ExactN64CorrectnessV1","dtype":"f32","op":"nn","requested":"F32Sm89N64CopyPlan","actual":"gemm_bi_nn_fixed_sm89_f32_n64_copyplan_v1","dims_mkn":[65,96,65],"strides_lda_ldb_ldc":[100,68,68],"storage_rows":82,"row_view":17,"float_offsets_abc":[0,0,0],"bias":true,"alpha_bits":1056964608,"beta_bits":1065353216,"corpus":"Signed","public_force":false,"full_raw_bits":true,"cpu_numeric":true,"eager_repeats":3,"captured_replays":2,"guards":true,"input_immutability":true}
{"record":"FixedSm89ExactN64ForcePreflightV1","dims_mkn":[65,96,65],"three_incumbents_eager_graph_raw":true,"independent_cpu_reference":true,"public_force":false}
{"record":"FixedSm89ExactN64CorrectnessV1","dtype":"f32","op":"nn","requested":"F32Sm89N64CopyPlan","actual":"gemm_bi_nn_fixed_sm89_f32_n64_copyplan_v1","dims_mkn":[65,96,65],"strides_lda_ldb_ldc":[97,67,67],"storage_rows":82,"row_view":17,"float_offsets_abc":[1,2,3],"bias":true,"alpha_bits":1056964608,"beta_bits":1065353216,"corpus":"Signed","public_force":false,"full_raw_bits":true,"cpu_numeric":true,"eager_repeats":3,"captured_replays":2,"guards":true,"input_immutability":true}
ok

test result: ok. 1 passed; 0 failed; 0 ignored; 0 measured; 5 filtered out; finished in 5.82s

    Finished `release` profile [optimized] target(s) in 0.08s

running 1 test
test fixed_sm89_exact_n64_auto_prefix_view_graph_bits ...      Running tests/gemm_bi_fixed_sm89_exact_n64.rs (/root/target-ada-half-swizzle-force-cuda132-20260906/release/deps/gemm_bi_fixed_sm89_exact_n64-3616c64e65c4e549)
mamba-rs cache trace: Fixed arch=sm_89 key=58c7853250f2f225830390289de0c1dfce34d81efede704436222e54d53ac991 path=Some("/root/mamba-kcache-ada-half-swizzle-force-cuda132-20260906/mamba-kernels-v1-58c7853250f2f225830390289de0c1dfce34d81efede704436222e54d53ac991.bin") source_len=688275
mamba-rs cache trace: Fixed hit artifact=c213b3c33d94e94e257d30e472cee583b5f3634d8dd5216e91a08b7c286d21c2
mamba-rs cache trace: TriadScalar arch=sm_89 key=822ebf0dda7dcf9c4f5c5a2213884dde42ab45f5cf238479a81856042c302b7c path=Some("/root/mamba-kcache-ada-half-swizzle-force-cuda132-20260906/mamba-kernels-v1-822ebf0dda7dcf9c4f5c5a2213884dde42ab45f5cf238479a81856042c302b7c.bin") source_len=360564
mamba-rs cache trace: TriadScalar hit artifact=7229de42e3562611fe451092c3a92d540e2908920b1fbac49a37cfe81e682096
mamba-rs cache trace: TriadSm80 arch=sm_89 key=3809af034718aa08dfdfc1b6baeb407715436dc7db87ef39825b033c2fd72541 path=Some("/root/mamba-kcache-ada-half-swizzle-force-cuda132-20260906/mamba-kernels-v1-3809af034718aa08dfdfc1b6baeb407715436dc7db87ef39825b033c2fd72541.bin") source_len=268383
mamba-rs cache trace: TriadSm80 hit artifact=c5cbde99978b9656cfbd824d9d13b35c7573554f240ef5e38e8775d013704e0c
{"record":"FixedSm89ExactN64LiveAdmissionV1","symbol":"gemm_bi_nn_fixed_sm89_f32_n64_copyplan_v1","cc":[8,9],"sm":142,"registers":135,"static_shared":32768,"dynamic_shared":0,"local":0,"max_threads":128,"active_ctas":3,"carveout":100,"nvrtc":[13,2]}
{"record":"FixedSm89ExactN64AutoBoundaryV1","dtype":"f32","op":"nn","requested":"AUTO","expected":"F32Sm89N64CopyPlan","actual":"F32Sm89N64CopyPlan","symbol":"gemm_bi_nn_fixed_sm89_f32_n64_copyplan_v1","dims_mkn":[2048,2304,768],"storage_rows":2066,"row_view":0,"float_offsets_abc":[0,0,0],"bias":false,"alpha_bits":1065353216,"beta_bits":0,"full_old_legacy_reference":true,"raw_full_output_and_row_slice":true,"eager_repeats":2,"poisoned_graph_replays":2,"actual_graph_symbol_geometry_abi_words":true,"guards":true,"input_immutability":true}
{"record":"FixedSm89ExactN64AutoBoundaryV1","dtype":"f32","op":"nn","requested":"AUTO","expected":"Legacy","actual":"Legacy","symbol":"gemm_bi_f32_f32_s2","dims_mkn":[2047,2304,768],"storage_rows":2066,"row_view":0,"float_offsets_abc":[0,0,0],"bias":false,"alpha_bits":1065353216,"beta_bits":0,"full_old_legacy_reference":true,"raw_full_output_and_row_slice":true,"eager_repeats":2,"poisoned_graph_replays":2,"actual_graph_symbol_geometry_abi_words":true,"guards":true,"input_immutability":true}
{"record":"FixedSm89ExactN64AutoBoundaryV1","dtype":"f32","op":"nn","requested":"AUTO","expected":"Legacy","actual":"Legacy","symbol":"gemm_bi_f32_f32_s2","dims_mkn":[2049,2304,768],"storage_rows":2066,"row_view":0,"float_offsets_abc":[0,0,0],"bias":false,"alpha_bits":1065353216,"beta_bits":0,"full_old_legacy_reference":true,"raw_full_output_and_row_slice":true,"eager_repeats":2,"poisoned_graph_replays":2,"actual_graph_symbol_geometry_abi_words":true,"guards":true,"input_immutability":true}
{"record":"FixedSm89ExactN64AutoBoundaryV1","dtype":"f32","op":"nn","requested":"AUTO","expected":"Legacy","actual":"Legacy","symbol":"gemm_bi_f32_f32_s2","dims_mkn":[1,2304,768],"storage_rows":2066,"row_view":0,"float_offsets_abc":[0,0,0],"bias":false,"alpha_bits":1065353216,"beta_bits":0,"full_old_legacy_reference":true,"raw_full_output_and_row_slice":true,"eager_repeats":2,"poisoned_graph_replays":2,"actual_graph_symbol_geometry_abi_words":true,"guards":true,"input_immutability":true}
{"record":"FixedSm89ExactN64AutoBoundaryV1","dtype":"f32","op":"nn","requested":"AUTO","expected":"Legacy","actual":"Legacy","symbol":"gemm_bi_f32_f32_s2","dims_mkn":[17,2304,768],"storage_rows":2066,"row_view":0,"float_offsets_abc":[0,0,0],"bias":false,"alpha_bits":1065353216,"beta_bits":0,"full_old_legacy_reference":true,"raw_full_output_and_row_slice":true,"eager_repeats":2,"poisoned_graph_replays":2,"actual_graph_symbol_geometry_abi_words":true,"guards":true,"input_immutability":true}
{"record":"FixedSm89ExactN64AutoBoundaryV1","dtype":"f32","op":"nn","requested":"AUTO","expected":"Legacy","actual":"Legacy","symbol":"gemm_bi_f32_f32_s2","dims_mkn":[63,2304,768],"storage_rows":2066,"row_view":0,"float_offsets_abc":[0,0,0],"bias":false,"alpha_bits":1065353216,"beta_bits":0,"full_old_legacy_reference":true,"raw_full_output_and_row_slice":true,"eager_repeats":2,"poisoned_graph_replays":2,"actual_graph_symbol_geometry_abi_words":true,"guards":true,"input_immutability":true}
{"record":"FixedSm89ExactN64AutoBoundaryV1","dtype":"f32","op":"nn","requested":"AUTO","expected":"Legacy","actual":"Legacy","symbol":"gemm_bi_f32_f32_s2","dims_mkn":[64,2304,768],"storage_rows":2066,"row_view":0,"float_offsets_abc":[0,0,0],"bias":false,"alpha_bits":1065353216,"beta_bits":0,"full_old_legacy_reference":true,"raw_full_output_and_row_slice":true,"eager_repeats":2,"poisoned_graph_replays":2,"actual_graph_symbol_geometry_abi_words":true,"guards":true,"input_immutability":true}
{"record":"FixedSm89ExactN64AutoBoundaryV1","dtype":"f32","op":"nn","requested":"AUTO","expected":"Legacy","actual":"Legacy","symbol":"gemm_bi_f32_f32_s2","dims_mkn":[65,2304,768],"storage_rows":2066,"row_view":0,"float_offsets_abc":[0,0,0],"bias":false,"alpha_bits":1065353216,"beta_bits":0,"full_old_legacy_reference":true,"raw_full_output_and_row_slice":true,"eager_repeats":2,"poisoned_graph_replays":2,"actual_graph_symbol_geometry_abi_words":true,"guards":true,"input_immutability":true}
{"record":"FixedSm89ExactN64AutoBoundaryV1","dtype":"f32","op":"nn","requested":"AUTO","expected":"Legacy","actual":"Legacy","symbol":"gemm_bi_f32_f32_s2","dims_mkn":[127,2304,768],"storage_rows":2066,"row_view":0,"float_offsets_abc":[0,0,0],"bias":false,"alpha_bits":1065353216,"beta_bits":0,"full_old_legacy_reference":true,"raw_full_output_and_row_slice":true,"eager_repeats":2,"poisoned_graph_replays":2,"actual_graph_symbol_geometry_abi_words":true,"guards":true,"input_immutability":true}
{"record":"FixedSm89ExactN64AutoBoundaryV1","dtype":"f32","op":"nn","requested":"AUTO","expected":"Legacy","actual":"Legacy","symbol":"gemm_bi_f32_f32_s2","dims_mkn":[128,2304,768],"storage_rows":2066,"row_view":0,"float_offsets_abc":[0,0,0],"bias":false,"alpha_bits":1065353216,"beta_bits":0,"full_old_legacy_reference":true,"raw_full_output_and_row_slice":true,"eager_repeats":2,"poisoned_graph_replays":2,"actual_graph_symbol_geometry_abi_words":true,"guards":true,"input_immutability":true}
{"record":"FixedSm89ExactN64AutoBoundaryV1","dtype":"f32","op":"nn","requested":"AUTO","expected":"Legacy","actual":"Legacy","symbol":"gemm_bi_f32_f32_s2","dims_mkn":[129,2304,768],"storage_rows":2066,"row_view":0,"float_offsets_abc":[0,0,0],"bias":false,"alpha_bits":1065353216,"beta_bits":0,"full_old_legacy_reference":true,"raw_full_output_and_row_slice":true,"eager_repeats":2,"poisoned_graph_replays":2,"actual_graph_symbol_geometry_abi_words":true,"guards":true,"input_immutability":true}
{"record":"FixedSm89ExactN64AutoBoundaryV1","dtype":"f32","op":"nn","requested":"AUTO","expected":"F32Sm89N64CopyPlan","actual":"F32Sm89N64CopyPlan","symbol":"gemm_bi_nn_fixed_sm89_f32_n64_copyplan_v1","dims_mkn":[2048,2304,768],"storage_rows":2066,"row_view":17,"float_offsets_abc":[0,0,0],"bias":false,"alpha_bits":1065353216,"beta_bits":0,"full_old_legacy_reference":true,"raw_full_output_and_row_slice":true,"eager_repeats":2,"poisoned_graph_replays":2,"actual_graph_symbol_geometry_abi_words":true,"guards":true,"input_immutability":true}
{"record":"FixedSm89ExactN64AutoBoundaryV1","dtype":"f32","op":"nn","requested":"AUTO","expected":"Legacy","actual":"Legacy","symbol":"gemm_bi_f32_f32_s2","dims_mkn":[2047,2304,768],"storage_rows":2066,"row_view":17,"float_offsets_abc":[0,0,0],"bias":false,"alpha_bits":1065353216,"beta_bits":0,"full_old_legacy_reference":true,"raw_full_output_and_row_slice":true,"eager_repeats":2,"poisoned_graph_replays":2,"actual_graph_symbol_geometry_abi_words":true,"guards":true,"input_immutability":true}
{"record":"FixedSm89ExactN64AutoBoundaryV1","dtype":"f32","op":"nn","requested":"AUTO","expected":"Legacy","actual":"Legacy","symbol":"gemm_bi_f32_f32_s2","dims_mkn":[2049,2304,768],"storage_rows":2066,"row_view":17,"float_offsets_abc":[0,0,0],"bias":false,"alpha_bits":1065353216,"beta_bits":0,"full_old_legacy_reference":true,"raw_full_output_and_row_slice":true,"eager_repeats":2,"poisoned_graph_replays":2,"actual_graph_symbol_geometry_abi_words":true,"guards":true,"input_immutability":true}
{"record":"FixedSm89ExactN64AutoBoundaryV1","dtype":"f32","op":"nn","requested":"AUTO","expected":"Legacy","actual":"Legacy","symbol":"gemm_bi_f32_f32_s2","dims_mkn":[1,2304,768],"storage_rows":2066,"row_view":17,"float_offsets_abc":[0,0,0],"bias":false,"alpha_bits":1065353216,"beta_bits":0,"full_old_legacy_reference":true,"raw_full_output_and_row_slice":true,"eager_repeats":2,"poisoned_graph_replays":2,"actual_graph_symbol_geometry_abi_words":true,"guards":true,"input_immutability":true}
{"record":"FixedSm89ExactN64AutoBoundaryV1","dtype":"f32","op":"nn","requested":"AUTO","expected":"Legacy","actual":"Legacy","symbol":"gemm_bi_f32_f32_s2","dims_mkn":[17,2304,768],"storage_rows":2066,"row_view":17,"float_offsets_abc":[0,0,0],"bias":false,"alpha_bits":1065353216,"beta_bits":0,"full_old_legacy_reference":true,"raw_full_output_and_row_slice":true,"eager_repeats":2,"poisoned_graph_replays":2,"actual_graph_symbol_geometry_abi_words":true,"guards":true,"input_immutability":true}
{"record":"FixedSm89ExactN64AutoBoundaryV1","dtype":"f32","op":"nn","requested":"AUTO","expected":"Legacy","actual":"Legacy","symbol":"gemm_bi_f32_f32_s2","dims_mkn":[63,2304,768],"storage_rows":2066,"row_view":17,"float_offsets_abc":[0,0,0],"bias":false,"alpha_bits":1065353216,"beta_bits":0,"full_old_legacy_reference":true,"raw_full_output_and_row_slice":true,"eager_repeats":2,"poisoned_graph_replays":2,"actual_graph_symbol_geometry_abi_words":true,"guards":true,"input_immutability":true}
{"record":"FixedSm89ExactN64AutoBoundaryV1","dtype":"f32","op":"nn","requested":"AUTO","expected":"Legacy","actual":"Legacy","symbol":"gemm_bi_f32_f32_s2","dims_mkn":[64,2304,768],"storage_rows":2066,"row_view":17,"float_offsets_abc":[0,0,0],"bias":false,"alpha_bits":1065353216,"beta_bits":0,"full_old_legacy_reference":true,"raw_full_output_and_row_slice":true,"eager_repeats":2,"poisoned_graph_replays":2,"actual_graph_symbol_geometry_abi_words":true,"guards":true,"input_immutability":true}
{"record":"FixedSm89ExactN64AutoBoundaryV1","dtype":"f32","op":"nn","requested":"AUTO","expected":"Legacy","actual":"Legacy","symbol":"gemm_bi_f32_f32_s2","dims_mkn":[65,2304,768],"storage_rows":2066,"row_view":17,"float_offsets_abc":[0,0,0],"bias":false,"alpha_bits":1065353216,"beta_bits":0,"full_old_legacy_reference":true,"raw_full_output_and_row_slice":true,"eager_repeats":2,"poisoned_graph_replays":2,"actual_graph_symbol_geometry_abi_words":true,"guards":true,"input_immutability":true}
{"record":"FixedSm89ExactN64AutoBoundaryV1","dtype":"f32","op":"nn","requested":"AUTO","expected":"Legacy","actual":"Legacy","symbol":"gemm_bi_f32_f32_s2","dims_mkn":[127,2304,768],"storage_rows":2066,"row_view":17,"float_offsets_abc":[0,0,0],"bias":false,"alpha_bits":1065353216,"beta_bits":0,"full_old_legacy_reference":true,"raw_full_output_and_row_slice":true,"eager_repeats":2,"poisoned_graph_replays":2,"actual_graph_symbol_geometry_abi_words":true,"guards":true,"input_immutability":true}
{"record":"FixedSm89ExactN64AutoBoundaryV1","dtype":"f32","op":"nn","requested":"AUTO","expected":"Legacy","actual":"Legacy","symbol":"gemm_bi_f32_f32_s2","dims_mkn":[128,2304,768],"storage_rows":2066,"row_view":17,"float_offsets_abc":[0,0,0],"bias":false,"alpha_bits":1065353216,"beta_bits":0,"full_old_legacy_reference":true,"raw_full_output_and_row_slice":true,"eager_repeats":2,"poisoned_graph_replays":2,"actual_graph_symbol_geometry_abi_words":true,"guards":true,"input_immutability":true}
{"record":"FixedSm89ExactN64AutoBoundaryV1","dtype":"f32","op":"nn","requested":"AUTO","expected":"Legacy","actual":"Legacy","symbol":"gemm_bi_f32_f32_s2","dims_mkn":[129,2304,768],"storage_rows":2066,"row_view":17,"float_offsets_abc":[0,0,0],"bias":false,"alpha_bits":1065353216,"beta_bits":0,"full_old_legacy_reference":true,"raw_full_output_and_row_slice":true,"eager_repeats":2,"poisoned_graph_replays":2,"actual_graph_symbol_geometry_abi_words":true,"guards":true,"input_immutability":true}
{"record":"FixedSm89ExactN64AutoBoundaryV1","dtype":"f32","op":"nn","requested":"AUTO","expected":"Legacy","actual":"Legacy","symbol":"gemm_bi_f32_f32_s2","dims_mkn":[2048,2304,768],"storage_rows":2066,"row_view":0,"float_offsets_abc":[1,0,0],"bias":false,"alpha_bits":1065353216,"beta_bits":0,"full_old_legacy_reference":true,"raw_full_output_and_row_slice":true,"eager_repeats":2,"poisoned_graph_replays":2,"actual_graph_symbol_geometry_abi_words":true,"guards":true,"input_immutability":true}
{"record":"FixedSm89ExactN64AutoBoundaryV1","dtype":"f32","op":"nn","requested":"AUTO","expected":"Legacy","actual":"Legacy","symbol":"gemm_bi_f32_f32_s2","dims_mkn":[2047,2304,768],"storage_rows":2066,"row_view":0,"float_offsets_abc":[1,0,0],"bias":false,"alpha_bits":1065353216,"beta_bits":0,"full_old_legacy_reference":true,"raw_full_output_and_row_slice":true,"eager_repeats":2,"poisoned_graph_replays":2,"actual_graph_symbol_geometry_abi_words":true,"guards":true,"input_immutability":true}
{"record":"FixedSm89ExactN64AutoBoundaryV1","dtype":"f32","op":"nn","requested":"AUTO","expected":"Legacy","actual":"Legacy","symbol":"gemm_bi_f32_f32_s2","dims_mkn":[2049,2304,768],"storage_rows":2066,"row_view":0,"float_offsets_abc":[1,0,0],"bias":false,"alpha_bits":1065353216,"beta_bits":0,"full_old_legacy_reference":true,"raw_full_output_and_row_slice":true,"eager_repeats":2,"poisoned_graph_replays":2,"actual_graph_symbol_geometry_abi_words":true,"guards":true,"input_immutability":true}
{"record":"FixedSm89ExactN64AutoBoundaryV1","dtype":"f32","op":"nn","requested":"AUTO","expected":"Legacy","actual":"Legacy","symbol":"gemm_bi_f32_f32_s2","dims_mkn":[1,2304,768],"storage_rows":2066,"row_view":0,"float_offsets_abc":[1,0,0],"bias":false,"alpha_bits":1065353216,"beta_bits":0,"full_old_legacy_reference":true,"raw_full_output_and_row_slice":true,"eager_repeats":2,"poisoned_graph_replays":2,"actual_graph_symbol_geometry_abi_words":true,"guards":true,"input_immutability":true}
{"record":"FixedSm89ExactN64AutoBoundaryV1","dtype":"f32","op":"nn","requested":"AUTO","expected":"Legacy","actual":"Legacy","symbol":"gemm_bi_f32_f32_s2","dims_mkn":[17,2304,768],"storage_rows":2066,"row_view":0,"float_offsets_abc":[1,0,0],"bias":false,"alpha_bits":1065353216,"beta_bits":0,"full_old_legacy_reference":true,"raw_full_output_and_row_slice":true,"eager_repeats":2,"poisoned_graph_replays":2,"actual_graph_symbol_geometry_abi_words":true,"guards":true,"input_immutability":true}
{"record":"FixedSm89ExactN64AutoBoundaryV1","dtype":"f32","op":"nn","requested":"AUTO","expected":"Legacy","actual":"Legacy","symbol":"gemm_bi_f32_f32_s2","dims_mkn":[63,2304,768],"storage_rows":2066,"row_view":0,"float_offsets_abc":[1,0,0],"bias":false,"alpha_bits":1065353216,"beta_bits":0,"full_old_legacy_reference":true,"raw_full_output_and_row_slice":true,"eager_repeats":2,"poisoned_graph_replays":2,"actual_graph_symbol_geometry_abi_words":true,"guards":true,"input_immutability":true}
{"record":"FixedSm89ExactN64AutoBoundaryV1","dtype":"f32","op":"nn","requested":"AUTO","expected":"Legacy","actual":"Legacy","symbol":"gemm_bi_f32_f32_s2","dims_mkn":[64,2304,768],"storage_rows":2066,"row_view":0,"float_offsets_abc":[1,0,0],"bias":false,"alpha_bits":1065353216,"beta_bits":0,"full_old_legacy_reference":true,"raw_full_output_and_row_slice":true,"eager_repeats":2,"poisoned_graph_replays":2,"actual_graph_symbol_geometry_abi_words":true,"guards":true,"input_immutability":true}
{"record":"FixedSm89ExactN64AutoBoundaryV1","dtype":"f32","op":"nn","requested":"AUTO","expected":"Legacy","actual":"Legacy","symbol":"gemm_bi_f32_f32_s2","dims_mkn":[65,2304,768],"storage_rows":2066,"row_view":0,"float_offsets_abc":[1,0,0],"bias":false,"alpha_bits":1065353216,"beta_bits":0,"full_old_legacy_reference":true,"raw_full_output_and_row_slice":true,"eager_repeats":2,"poisoned_graph_replays":2,"actual_graph_symbol_geometry_abi_words":true,"guards":true,"input_immutability":true}
{"record":"FixedSm89ExactN64AutoBoundaryV1","dtype":"f32","op":"nn","requested":"AUTO","expected":"Legacy","actual":"Legacy","symbol":"gemm_bi_f32_f32_s2","dims_mkn":[127,2304,768],"storage_rows":2066,"row_view":0,"float_offsets_abc":[1,0,0],"bias":false,"alpha_bits":1065353216,"beta_bits":0,"full_old_legacy_reference":true,"raw_full_output_and_row_slice":true,"eager_repeats":2,"poisoned_graph_replays":2,"actual_graph_symbol_geometry_abi_words":true,"guards":true,"input_immutability":true}
{"record":"FixedSm89ExactN64AutoBoundaryV1","dtype":"f32","op":"nn","requested":"AUTO","expected":"Legacy","actual":"Legacy","symbol":"gemm_bi_f32_f32_s2","dims_mkn":[128,2304,768],"storage_rows":2066,"row_view":0,"float_offsets_abc":[1,0,0],"bias":false,"alpha_bits":1065353216,"beta_bits":0,"full_old_legacy_reference":true,"raw_full_output_and_row_slice":true,"eager_repeats":2,"poisoned_graph_replays":2,"actual_graph_symbol_geometry_abi_words":true,"guards":true,"input_immutability":true}
{"record":"FixedSm89ExactN64AutoBoundaryV1","dtype":"f32","op":"nn","requested":"AUTO","expected":"Legacy","actual":"Legacy","symbol":"gemm_bi_f32_f32_s2","dims_mkn":[129,2304,768],"storage_rows":2066,"row_view":0,"float_offsets_abc":[1,0,0],"bias":false,"alpha_bits":1065353216,"beta_bits":0,"full_old_legacy_reference":true,"raw_full_output_and_row_slice":true,"eager_repeats":2,"poisoned_graph_replays":2,"actual_graph_symbol_geometry_abi_words":true,"guards":true,"input_immutability":true}
{"record":"FixedSm89ExactN64AutoBoundaryV1","dtype":"f32","op":"nn","requested":"AUTO","expected":"Legacy","actual":"Legacy","symbol":"gemm_bi_f32_f32_s2","dims_mkn":[2048,2304,768],"storage_rows":2066,"row_view":17,"float_offsets_abc":[1,0,0],"bias":false,"alpha_bits":1065353216,"beta_bits":0,"full_old_legacy_reference":true,"raw_full_output_and_row_slice":true,"eager_repeats":2,"poisoned_graph_replays":2,"actual_graph_symbol_geometry_abi_words":true,"guards":true,"input_immutability":true}
{"record":"FixedSm89ExactN64AutoBoundaryV1","dtype":"f32","op":"nn","requested":"AUTO","expected":"Legacy","actual":"Legacy","symbol":"gemm_bi_f32_f32_s2","dims_mkn":[2047,2304,768],"storage_rows":2066,"row_view":17,"float_offsets_abc":[1,0,0],"bias":false,"alpha_bits":1065353216,"beta_bits":0,"full_old_legacy_reference":true,"raw_full_output_and_row_slice":true,"eager_repeats":2,"poisoned_graph_replays":2,"actual_graph_symbol_geometry_abi_words":true,"guards":true,"input_immutability":true}
{"record":"FixedSm89ExactN64AutoBoundaryV1","dtype":"f32","op":"nn","requested":"AUTO","expected":"Legacy","actual":"Legacy","symbol":"gemm_bi_f32_f32_s2","dims_mkn":[2049,2304,768],"storage_rows":2066,"row_view":17,"float_offsets_abc":[1,0,0],"bias":false,"alpha_bits":1065353216,"beta_bits":0,"full_old_legacy_reference":true,"raw_full_output_and_row_slice":true,"eager_repeats":2,"poisoned_graph_replays":2,"actual_graph_symbol_geometry_abi_words":true,"guards":true,"input_immutability":true}
{"record":"FixedSm89ExactN64AutoBoundaryV1","dtype":"f32","op":"nn","requested":"AUTO","expected":"Legacy","actual":"Legacy","symbol":"gemm_bi_f32_f32_s2","dims_mkn":[1,2304,768],"storage_rows":2066,"row_view":17,"float_offsets_abc":[1,0,0],"bias":false,"alpha_bits":1065353216,"beta_bits":0,"full_old_legacy_reference":true,"raw_full_output_and_row_slice":true,"eager_repeats":2,"poisoned_graph_replays":2,"actual_graph_symbol_geometry_abi_words":true,"guards":true,"input_immutability":true}
{"record":"FixedSm89ExactN64AutoBoundaryV1","dtype":"f32","op":"nn","requested":"AUTO","expected":"Legacy","actual":"Legacy","symbol":"gemm_bi_f32_f32_s2","dims_mkn":[17,2304,768],"storage_rows":2066,"row_view":17,"float_offsets_abc":[1,0,0],"bias":false,"alpha_bits":1065353216,"beta_bits":0,"full_old_legacy_reference":true,"raw_full_output_and_row_slice":true,"eager_repeats":2,"poisoned_graph_replays":2,"actual_graph_symbol_geometry_abi_words":true,"guards":true,"input_immutability":true}
{"record":"FixedSm89ExactN64AutoBoundaryV1","dtype":"f32","op":"nn","requested":"AUTO","expected":"Legacy","actual":"Legacy","symbol":"gemm_bi_f32_f32_s2","dims_mkn":[63,2304,768],"storage_rows":2066,"row_view":17,"float_offsets_abc":[1,0,0],"bias":false,"alpha_bits":1065353216,"beta_bits":0,"full_old_legacy_reference":true,"raw_full_output_and_row_slice":true,"eager_repeats":2,"poisoned_graph_replays":2,"actual_graph_symbol_geometry_abi_words":true,"guards":true,"input_immutability":true}
{"record":"FixedSm89ExactN64AutoBoundaryV1","dtype":"f32","op":"nn","requested":"AUTO","expected":"Legacy","actual":"Legacy","symbol":"gemm_bi_f32_f32_s2","dims_mkn":[64,2304,768],"storage_rows":2066,"row_view":17,"float_offsets_abc":[1,0,0],"bias":false,"alpha_bits":1065353216,"beta_bits":0,"full_old_legacy_reference":true,"raw_full_output_and_row_slice":true,"eager_repeats":2,"poisoned_graph_replays":2,"actual_graph_symbol_geometry_abi_words":true,"guards":true,"input_immutability":true}
{"record":"FixedSm89ExactN64AutoBoundaryV1","dtype":"f32","op":"nn","requested":"AUTO","expected":"Legacy","actual":"Legacy","symbol":"gemm_bi_f32_f32_s2","dims_mkn":[65,2304,768],"storage_rows":2066,"row_view":17,"float_offsets_abc":[1,0,0],"bias":false,"alpha_bits":1065353216,"beta_bits":0,"full_old_legacy_reference":true,"raw_full_output_and_row_slice":true,"eager_repeats":2,"poisoned_graph_replays":2,"actual_graph_symbol_geometry_abi_words":true,"guards":true,"input_immutability":true}
{"record":"FixedSm89ExactN64AutoBoundaryV1","dtype":"f32","op":"nn","requested":"AUTO","expected":"Legacy","actual":"Legacy","symbol":"gemm_bi_f32_f32_s2","dims_mkn":[127,2304,768],"storage_rows":2066,"row_view":17,"float_offsets_abc":[1,0,0],"bias":false,"alpha_bits":1065353216,"beta_bits":0,"full_old_legacy_reference":true,"raw_full_output_and_row_slice":true,"eager_repeats":2,"poisoned_graph_replays":2,"actual_graph_symbol_geometry_abi_words":true,"guards":true,"input_immutability":true}
{"record":"FixedSm89ExactN64AutoBoundaryV1","dtype":"f32","op":"nn","requested":"AUTO","expected":"Legacy","actual":"Legacy","symbol":"gemm_bi_f32_f32_s2","dims_mkn":[128,2304,768],"storage_rows":2066,"row_view":17,"float_offsets_abc":[1,0,0],"bias":false,"alpha_bits":1065353216,"beta_bits":0,"full_old_legacy_reference":true,"raw_full_output_and_row_slice":true,"eager_repeats":2,"poisoned_graph_replays":2,"actual_graph_symbol_geometry_abi_words":true,"guards":true,"input_immutability":true}
{"record":"FixedSm89ExactN64AutoBoundaryV1","dtype":"f32","op":"nn","requested":"AUTO","expected":"Legacy","actual":"Legacy","symbol":"gemm_bi_f32_f32_s2","dims_mkn":[129,2304,768],"storage_rows":2066,"row_view":17,"float_offsets_abc":[1,0,0],"bias":false,"alpha_bits":1065353216,"beta_bits":0,"full_old_legacy_reference":true,"raw_full_output_and_row_slice":true,"eager_repeats":2,"poisoned_graph_replays":2,"actual_graph_symbol_geometry_abi_words":true,"guards":true,"input_immutability":true}
{"record":"FixedSm89ExactN64AutoBoundaryV1","dtype":"f32","op":"nn","requested":"AUTO","expected":"Legacy","actual":"Legacy","symbol":"gemm_bi_f32_f32_s2","dims_mkn":[2048,2304,768],"storage_rows":2066,"row_view":0,"float_offsets_abc":[0,1,0],"bias":false,"alpha_bits":1065353216,"beta_bits":0,"full_old_legacy_reference":true,"raw_full_output_and_row_slice":true,"eager_repeats":2,"poisoned_graph_replays":2,"actual_graph_symbol_geometry_abi_words":true,"guards":true,"input_immutability":true}
{"record":"FixedSm89ExactN64AutoBoundaryV1","dtype":"f32","op":"nn","requested":"AUTO","expected":"Legacy","actual":"Legacy","symbol":"gemm_bi_f32_f32_s2","dims_mkn":[2047,2304,768],"storage_rows":2066,"row_view":0,"float_offsets_abc":[0,1,0],"bias":false,"alpha_bits":1065353216,"beta_bits":0,"full_old_legacy_reference":true,"raw_full_output_and_row_slice":true,"eager_repeats":2,"poisoned_graph_replays":2,"actual_graph_symbol_geometry_abi_words":true,"guards":true,"input_immutability":true}
{"record":"FixedSm89ExactN64AutoBoundaryV1","dtype":"f32","op":"nn","requested":"AUTO","expected":"Legacy","actual":"Legacy","symbol":"gemm_bi_f32_f32_s2","dims_mkn":[2049,2304,768],"storage_rows":2066,"row_view":0,"float_offsets_abc":[0,1,0],"bias":false,"alpha_bits":1065353216,"beta_bits":0,"full_old_legacy_reference":true,"raw_full_output_and_row_slice":true,"eager_repeats":2,"poisoned_graph_replays":2,"actual_graph_symbol_geometry_abi_words":true,"guards":true,"input_immutability":true}
{"record":"FixedSm89ExactN64AutoBoundaryV1","dtype":"f32","op":"nn","requested":"AUTO","expected":"Legacy","actual":"Legacy","symbol":"gemm_bi_f32_f32_s2","dims_mkn":[1,2304,768],"storage_rows":2066,"row_view":0,"float_offsets_abc":[0,1,0],"bias":false,"alpha_bits":1065353216,"beta_bits":0,"full_old_legacy_reference":true,"raw_full_output_and_row_slice":true,"eager_repeats":2,"poisoned_graph_replays":2,"actual_graph_symbol_geometry_abi_words":true,"guards":true,"input_immutability":true}
{"record":"FixedSm89ExactN64AutoBoundaryV1","dtype":"f32","op":"nn","requested":"AUTO","expected":"Legacy","actual":"Legacy","symbol":"gemm_bi_f32_f32_s2","dims_mkn":[17,2304,768],"storage_rows":2066,"row_view":0,"float_offsets_abc":[0,1,0],"bias":false,"alpha_bits":1065353216,"beta_bits":0,"full_old_legacy_reference":true,"raw_full_output_and_row_slice":true,"eager_repeats":2,"poisoned_graph_replays":2,"actual_graph_symbol_geometry_abi_words":true,"guards":true,"input_immutability":true}
{"record":"FixedSm89ExactN64AutoBoundaryV1","dtype":"f32","op":"nn","requested":"AUTO","expected":"Legacy","actual":"Legacy","symbol":"gemm_bi_f32_f32_s2","dims_mkn":[63,2304,768],"storage_rows":2066,"row_view":0,"float_offsets_abc":[0,1,0],"bias":false,"alpha_bits":1065353216,"beta_bits":0,"full_old_legacy_reference":true,"raw_full_output_and_row_slice":true,"eager_repeats":2,"poisoned_graph_replays":2,"actual_graph_symbol_geometry_abi_words":true,"guards":true,"input_immutability":true}
{"record":"FixedSm89ExactN64AutoBoundaryV1","dtype":"f32","op":"nn","requested":"AUTO","expected":"Legacy","actual":"Legacy","symbol":"gemm_bi_f32_f32_s2","dims_mkn":[64,2304,768],"storage_rows":2066,"row_view":0,"float_offsets_abc":[0,1,0],"bias":false,"alpha_bits":1065353216,"beta_bits":0,"full_old_legacy_reference":true,"raw_full_output_and_row_slice":true,"eager_repeats":2,"poisoned_graph_replays":2,"actual_graph_symbol_geometry_abi_words":true,"guards":true,"input_immutability":true}
{"record":"FixedSm89ExactN64AutoBoundaryV1","dtype":"f32","op":"nn","requested":"AUTO","expected":"Legacy","actual":"Legacy","symbol":"gemm_bi_f32_f32_s2","dims_mkn":[65,2304,768],"storage_rows":2066,"row_view":0,"float_offsets_abc":[0,1,0],"bias":false,"alpha_bits":1065353216,"beta_bits":0,"full_old_legacy_reference":true,"raw_full_output_and_row_slice":true,"eager_repeats":2,"poisoned_graph_replays":2,"actual_graph_symbol_geometry_abi_words":true,"guards":true,"input_immutability":true}
{"record":"FixedSm89ExactN64AutoBoundaryV1","dtype":"f32","op":"nn","requested":"AUTO","expected":"Legacy","actual":"Legacy","symbol":"gemm_bi_f32_f32_s2","dims_mkn":[127,2304,768],"storage_rows":2066,"row_view":0,"float_offsets_abc":[0,1,0],"bias":false,"alpha_bits":1065353216,"beta_bits":0,"full_old_legacy_reference":true,"raw_full_output_and_row_slice":true,"eager_repeats":2,"poisoned_graph_replays":2,"actual_graph_symbol_geometry_abi_words":true,"guards":true,"input_immutability":true}
{"record":"FixedSm89ExactN64AutoBoundaryV1","dtype":"f32","op":"nn","requested":"AUTO","expected":"Legacy","actual":"Legacy","symbol":"gemm_bi_f32_f32_s2","dims_mkn":[128,2304,768],"storage_rows":2066,"row_view":0,"float_offsets_abc":[0,1,0],"bias":false,"alpha_bits":1065353216,"beta_bits":0,"full_old_legacy_reference":true,"raw_full_output_and_row_slice":true,"eager_repeats":2,"poisoned_graph_replays":2,"actual_graph_symbol_geometry_abi_words":true,"guards":true,"input_immutability":true}
{"record":"FixedSm89ExactN64AutoBoundaryV1","dtype":"f32","op":"nn","requested":"AUTO","expected":"Legacy","actual":"Legacy","symbol":"gemm_bi_f32_f32_s2","dims_mkn":[129,2304,768],"storage_rows":2066,"row_view":0,"float_offsets_abc":[0,1,0],"bias":false,"alpha_bits":1065353216,"beta_bits":0,"full_old_legacy_reference":true,"raw_full_output_and_row_slice":true,"eager_repeats":2,"poisoned_graph_replays":2,"actual_graph_symbol_geometry_abi_words":true,"guards":true,"input_immutability":true}
{"record":"FixedSm89ExactN64AutoBoundaryV1","dtype":"f32","op":"nn","requested":"AUTO","expected":"Legacy","actual":"Legacy","symbol":"gemm_bi_f32_f32_s2","dims_mkn":[2048,2304,768],"storage_rows":2066,"row_view":17,"float_offsets_abc":[0,1,0],"bias":false,"alpha_bits":1065353216,"beta_bits":0,"full_old_legacy_reference":true,"raw_full_output_and_row_slice":true,"eager_repeats":2,"poisoned_graph_replays":2,"actual_graph_symbol_geometry_abi_words":true,"guards":true,"input_immutability":true}
{"record":"FixedSm89ExactN64AutoBoundaryV1","dtype":"f32","op":"nn","requested":"AUTO","expected":"Legacy","actual":"Legacy","symbol":"gemm_bi_f32_f32_s2","dims_mkn":[2047,2304,768],"storage_rows":2066,"row_view":17,"float_offsets_abc":[0,1,0],"bias":false,"alpha_bits":1065353216,"beta_bits":0,"full_old_legacy_reference":true,"raw_full_output_and_row_slice":true,"eager_repeats":2,"poisoned_graph_replays":2,"actual_graph_symbol_geometry_abi_words":true,"guards":true,"input_immutability":true}
{"record":"FixedSm89ExactN64AutoBoundaryV1","dtype":"f32","op":"nn","requested":"AUTO","expected":"Legacy","actual":"Legacy","symbol":"gemm_bi_f32_f32_s2","dims_mkn":[2049,2304,768],"storage_rows":2066,"row_view":17,"float_offsets_abc":[0,1,0],"bias":false,"alpha_bits":1065353216,"beta_bits":0,"full_old_legacy_reference":true,"raw_full_output_and_row_slice":true,"eager_repeats":2,"poisoned_graph_replays":2,"actual_graph_symbol_geometry_abi_words":true,"guards":true,"input_immutability":true}
{"record":"FixedSm89ExactN64AutoBoundaryV1","dtype":"f32","op":"nn","requested":"AUTO","expected":"Legacy","actual":"Legacy","symbol":"gemm_bi_f32_f32_s2","dims_mkn":[1,2304,768],"storage_rows":2066,"row_view":17,"float_offsets_abc":[0,1,0],"bias":false,"alpha_bits":1065353216,"beta_bits":0,"full_old_legacy_reference":true,"raw_full_output_and_row_slice":true,"eager_repeats":2,"poisoned_graph_replays":2,"actual_graph_symbol_geometry_abi_words":true,"guards":true,"input_immutability":true}
{"record":"FixedSm89ExactN64AutoBoundaryV1","dtype":"f32","op":"nn","requested":"AUTO","expected":"Legacy","actual":"Legacy","symbol":"gemm_bi_f32_f32_s2","dims_mkn":[17,2304,768],"storage_rows":2066,"row_view":17,"float_offsets_abc":[0,1,0],"bias":false,"alpha_bits":1065353216,"beta_bits":0,"full_old_legacy_reference":true,"raw_full_output_and_row_slice":true,"eager_repeats":2,"poisoned_graph_replays":2,"actual_graph_symbol_geometry_abi_words":true,"guards":true,"input_immutability":true}
{"record":"FixedSm89ExactN64AutoBoundaryV1","dtype":"f32","op":"nn","requested":"AUTO","expected":"Legacy","actual":"Legacy","symbol":"gemm_bi_f32_f32_s2","dims_mkn":[63,2304,768],"storage_rows":2066,"row_view":17,"float_offsets_abc":[0,1,0],"bias":false,"alpha_bits":1065353216,"beta_bits":0,"full_old_legacy_reference":true,"raw_full_output_and_row_slice":true,"eager_repeats":2,"poisoned_graph_replays":2,"actual_graph_symbol_geometry_abi_words":true,"guards":true,"input_immutability":true}
{"record":"FixedSm89ExactN64AutoBoundaryV1","dtype":"f32","op":"nn","requested":"AUTO","expected":"Legacy","actual":"Legacy","symbol":"gemm_bi_f32_f32_s2","dims_mkn":[64,2304,768],"storage_rows":2066,"row_view":17,"float_offsets_abc":[0,1,0],"bias":false,"alpha_bits":1065353216,"beta_bits":0,"full_old_legacy_reference":true,"raw_full_output_and_row_slice":true,"eager_repeats":2,"poisoned_graph_replays":2,"actual_graph_symbol_geometry_abi_words":true,"guards":true,"input_immutability":true}
{"record":"FixedSm89ExactN64AutoBoundaryV1","dtype":"f32","op":"nn","requested":"AUTO","expected":"Legacy","actual":"Legacy","symbol":"gemm_bi_f32_f32_s2","dims_mkn":[65,2304,768],"storage_rows":2066,"row_view":17,"float_offsets_abc":[0,1,0],"bias":false,"alpha_bits":1065353216,"beta_bits":0,"full_old_legacy_reference":true,"raw_full_output_and_row_slice":true,"eager_repeats":2,"poisoned_graph_replays":2,"actual_graph_symbol_geometry_abi_words":true,"guards":true,"input_immutability":true}
{"record":"FixedSm89ExactN64AutoBoundaryV1","dtype":"f32","op":"nn","requested":"AUTO","expected":"Legacy","actual":"Legacy","symbol":"gemm_bi_f32_f32_s2","dims_mkn":[127,2304,768],"storage_rows":2066,"row_view":17,"float_offsets_abc":[0,1,0],"bias":false,"alpha_bits":1065353216,"beta_bits":0,"full_old_legacy_reference":true,"raw_full_output_and_row_slice":true,"eager_repeats":2,"poisoned_graph_replays":2,"actual_graph_symbol_geometry_abi_words":true,"guards":true,"input_immutability":true}
{"record":"FixedSm89ExactN64AutoBoundaryV1","dtype":"f32","op":"nn","requested":"AUTO","expected":"Legacy","actual":"Legacy","symbol":"gemm_bi_f32_f32_s2","dims_mkn":[128,2304,768],"storage_rows":2066,"row_view":17,"float_offsets_abc":[0,1,0],"bias":false,"alpha_bits":1065353216,"beta_bits":0,"full_old_legacy_reference":true,"raw_full_output_and_row_slice":true,"eager_repeats":2,"poisoned_graph_replays":2,"actual_graph_symbol_geometry_abi_words":true,"guards":true,"input_immutability":true}
{"record":"FixedSm89ExactN64AutoBoundaryV1","dtype":"f32","op":"nn","requested":"AUTO","expected":"Legacy","actual":"Legacy","symbol":"gemm_bi_f32_f32_s2","dims_mkn":[129,2304,768],"storage_rows":2066,"row_view":17,"float_offsets_abc":[0,1,0],"bias":false,"alpha_bits":1065353216,"beta_bits":0,"full_old_legacy_reference":true,"raw_full_output_and_row_slice":true,"eager_repeats":2,"poisoned_graph_replays":2,"actual_graph_symbol_geometry_abi_words":true,"guards":true,"input_immutability":true}
{"record":"FixedSm89ExactN64AutoBoundaryV1","dtype":"f32","op":"nn","requested":"AUTO","expected":"Legacy","actual":"Legacy","symbol":"gemm_bi_f32_f32_s2","dims_mkn":[2048,2304,768],"storage_rows":2066,"row_view":0,"float_offsets_abc":[0,0,1],"bias":false,"alpha_bits":1065353216,"beta_bits":0,"full_old_legacy_reference":true,"raw_full_output_and_row_slice":true,"eager_repeats":2,"poisoned_graph_replays":2,"actual_graph_symbol_geometry_abi_words":true,"guards":true,"input_immutability":true}
{"record":"FixedSm89ExactN64AutoBoundaryV1","dtype":"f32","op":"nn","requested":"AUTO","expected":"Legacy","actual":"Legacy","symbol":"gemm_bi_f32_f32_s2","dims_mkn":[2047,2304,768],"storage_rows":2066,"row_view":0,"float_offsets_abc":[0,0,1],"bias":false,"alpha_bits":1065353216,"beta_bits":0,"full_old_legacy_reference":true,"raw_full_output_and_row_slice":true,"eager_repeats":2,"poisoned_graph_replays":2,"actual_graph_symbol_geometry_abi_words":true,"guards":true,"input_immutability":true}
{"record":"FixedSm89ExactN64AutoBoundaryV1","dtype":"f32","op":"nn","requested":"AUTO","expected":"Legacy","actual":"Legacy","symbol":"gemm_bi_f32_f32_s2","dims_mkn":[2049,2304,768],"storage_rows":2066,"row_view":0,"float_offsets_abc":[0,0,1],"bias":false,"alpha_bits":1065353216,"beta_bits":0,"full_old_legacy_reference":true,"raw_full_output_and_row_slice":true,"eager_repeats":2,"poisoned_graph_replays":2,"actual_graph_symbol_geometry_abi_words":true,"guards":true,"input_immutability":true}
{"record":"FixedSm89ExactN64AutoBoundaryV1","dtype":"f32","op":"nn","requested":"AUTO","expected":"Legacy","actual":"Legacy","symbol":"gemm_bi_f32_f32_s2","dims_mkn":[1,2304,768],"storage_rows":2066,"row_view":0,"float_offsets_abc":[0,0,1],"bias":false,"alpha_bits":1065353216,"beta_bits":0,"full_old_legacy_reference":true,"raw_full_output_and_row_slice":true,"eager_repeats":2,"poisoned_graph_replays":2,"actual_graph_symbol_geometry_abi_words":true,"guards":true,"input_immutability":true}
{"record":"FixedSm89ExactN64AutoBoundaryV1","dtype":"f32","op":"nn","requested":"AUTO","expected":"Legacy","actual":"Legacy","symbol":"gemm_bi_f32_f32_s2","dims_mkn":[17,2304,768],"storage_rows":2066,"row_view":0,"float_offsets_abc":[0,0,1],"bias":false,"alpha_bits":1065353216,"beta_bits":0,"full_old_legacy_reference":true,"raw_full_output_and_row_slice":true,"eager_repeats":2,"poisoned_graph_replays":2,"actual_graph_symbol_geometry_abi_words":true,"guards":true,"input_immutability":true}
{"record":"FixedSm89ExactN64AutoBoundaryV1","dtype":"f32","op":"nn","requested":"AUTO","expected":"Legacy","actual":"Legacy","symbol":"gemm_bi_f32_f32_s2","dims_mkn":[63,2304,768],"storage_rows":2066,"row_view":0,"float_offsets_abc":[0,0,1],"bias":false,"alpha_bits":1065353216,"beta_bits":0,"full_old_legacy_reference":true,"raw_full_output_and_row_slice":true,"eager_repeats":2,"poisoned_graph_replays":2,"actual_graph_symbol_geometry_abi_words":true,"guards":true,"input_immutability":true}
{"record":"FixedSm89ExactN64AutoBoundaryV1","dtype":"f32","op":"nn","requested":"AUTO","expected":"Legacy","actual":"Legacy","symbol":"gemm_bi_f32_f32_s2","dims_mkn":[64,2304,768],"storage_rows":2066,"row_view":0,"float_offsets_abc":[0,0,1],"bias":false,"alpha_bits":1065353216,"beta_bits":0,"full_old_legacy_reference":true,"raw_full_output_and_row_slice":true,"eager_repeats":2,"poisoned_graph_replays":2,"actual_graph_symbol_geometry_abi_words":true,"guards":true,"input_immutability":true}
{"record":"FixedSm89ExactN64AutoBoundaryV1","dtype":"f32","op":"nn","requested":"AUTO","expected":"Legacy","actual":"Legacy","symbol":"gemm_bi_f32_f32_s2","dims_mkn":[65,2304,768],"storage_rows":2066,"row_view":0,"float_offsets_abc":[0,0,1],"bias":false,"alpha_bits":1065353216,"beta_bits":0,"full_old_legacy_reference":true,"raw_full_output_and_row_slice":true,"eager_repeats":2,"poisoned_graph_replays":2,"actual_graph_symbol_geometry_abi_words":true,"guards":true,"input_immutability":true}
{"record":"FixedSm89ExactN64AutoBoundaryV1","dtype":"f32","op":"nn","requested":"AUTO","expected":"Legacy","actual":"Legacy","symbol":"gemm_bi_f32_f32_s2","dims_mkn":[127,2304,768],"storage_rows":2066,"row_view":0,"float_offsets_abc":[0,0,1],"bias":false,"alpha_bits":1065353216,"beta_bits":0,"full_old_legacy_reference":true,"raw_full_output_and_row_slice":true,"eager_repeats":2,"poisoned_graph_replays":2,"actual_graph_symbol_geometry_abi_words":true,"guards":true,"input_immutability":true}
{"record":"FixedSm89ExactN64AutoBoundaryV1","dtype":"f32","op":"nn","requested":"AUTO","expected":"Legacy","actual":"Legacy","symbol":"gemm_bi_f32_f32_s2","dims_mkn":[128,2304,768],"storage_rows":2066,"row_view":0,"float_offsets_abc":[0,0,1],"bias":false,"alpha_bits":1065353216,"beta_bits":0,"full_old_legacy_reference":true,"raw_full_output_and_row_slice":true,"eager_repeats":2,"poisoned_graph_replays":2,"actual_graph_symbol_geometry_abi_words":true,"guards":true,"input_immutability":true}
{"record":"FixedSm89ExactN64AutoBoundaryV1","dtype":"f32","op":"nn","requested":"AUTO","expected":"Legacy","actual":"Legacy","symbol":"gemm_bi_f32_f32_s2","dims_mkn":[129,2304,768],"storage_rows":2066,"row_view":0,"float_offsets_abc":[0,0,1],"bias":false,"alpha_bits":1065353216,"beta_bits":0,"full_old_legacy_reference":true,"raw_full_output_and_row_slice":true,"eager_repeats":2,"poisoned_graph_replays":2,"actual_graph_symbol_geometry_abi_words":true,"guards":true,"input_immutability":true}
{"record":"FixedSm89ExactN64AutoBoundaryV1","dtype":"f32","op":"nn","requested":"AUTO","expected":"Legacy","actual":"Legacy","symbol":"gemm_bi_f32_f32_s2","dims_mkn":[2048,2304,768],"storage_rows":2066,"row_view":17,"float_offsets_abc":[0,0,1],"bias":false,"alpha_bits":1065353216,"beta_bits":0,"full_old_legacy_reference":true,"raw_full_output_and_row_slice":true,"eager_repeats":2,"poisoned_graph_replays":2,"actual_graph_symbol_geometry_abi_words":true,"guards":true,"input_immutability":true}
{"record":"FixedSm89ExactN64AutoBoundaryV1","dtype":"f32","op":"nn","requested":"AUTO","expected":"Legacy","actual":"Legacy","symbol":"gemm_bi_f32_f32_s2","dims_mkn":[2047,2304,768],"storage_rows":2066,"row_view":17,"float_offsets_abc":[0,0,1],"bias":false,"alpha_bits":1065353216,"beta_bits":0,"full_old_legacy_reference":true,"raw_full_output_and_row_slice":true,"eager_repeats":2,"poisoned_graph_replays":2,"actual_graph_symbol_geometry_abi_words":true,"guards":true,"input_immutability":true}
{"record":"FixedSm89ExactN64AutoBoundaryV1","dtype":"f32","op":"nn","requested":"AUTO","expected":"Legacy","actual":"Legacy","symbol":"gemm_bi_f32_f32_s2","dims_mkn":[2049,2304,768],"storage_rows":2066,"row_view":17,"float_offsets_abc":[0,0,1],"bias":false,"alpha_bits":1065353216,"beta_bits":0,"full_old_legacy_reference":true,"raw_full_output_and_row_slice":true,"eager_repeats":2,"poisoned_graph_replays":2,"actual_graph_symbol_geometry_abi_words":true,"guards":true,"input_immutability":true}
{"record":"FixedSm89ExactN64AutoBoundaryV1","dtype":"f32","op":"nn","requested":"AUTO","expected":"Legacy","actual":"Legacy","symbol":"gemm_bi_f32_f32_s2","dims_mkn":[1,2304,768],"storage_rows":2066,"row_view":17,"float_offsets_abc":[0,0,1],"bias":false,"alpha_bits":1065353216,"beta_bits":0,"full_old_legacy_reference":true,"raw_full_output_and_row_slice":true,"eager_repeats":2,"poisoned_graph_replays":2,"actual_graph_symbol_geometry_abi_words":true,"guards":true,"input_immutability":true}
{"record":"FixedSm89ExactN64AutoBoundaryV1","dtype":"f32","op":"nn","requested":"AUTO","expected":"Legacy","actual":"Legacy","symbol":"gemm_bi_f32_f32_s2","dims_mkn":[17,2304,768],"storage_rows":2066,"row_view":17,"float_offsets_abc":[0,0,1],"bias":false,"alpha_bits":1065353216,"beta_bits":0,"full_old_legacy_reference":true,"raw_full_output_and_row_slice":true,"eager_repeats":2,"poisoned_graph_replays":2,"actual_graph_symbol_geometry_abi_words":true,"guards":true,"input_immutability":true}
{"record":"FixedSm89ExactN64AutoBoundaryV1","dtype":"f32","op":"nn","requested":"AUTO","expected":"Legacy","actual":"Legacy","symbol":"gemm_bi_f32_f32_s2","dims_mkn":[63,2304,768],"storage_rows":2066,"row_view":17,"float_offsets_abc":[0,0,1],"bias":false,"alpha_bits":1065353216,"beta_bits":0,"full_old_legacy_reference":true,"raw_full_output_and_row_slice":true,"eager_repeats":2,"poisoned_graph_replays":2,"actual_graph_symbol_geometry_abi_words":true,"guards":true,"input_immutability":true}
{"record":"FixedSm89ExactN64AutoBoundaryV1","dtype":"f32","op":"nn","requested":"AUTO","expected":"Legacy","actual":"Legacy","symbol":"gemm_bi_f32_f32_s2","dims_mkn":[64,2304,768],"storage_rows":2066,"row_view":17,"float_offsets_abc":[0,0,1],"bias":false,"alpha_bits":1065353216,"beta_bits":0,"full_old_legacy_reference":true,"raw_full_output_and_row_slice":true,"eager_repeats":2,"poisoned_graph_replays":2,"actual_graph_symbol_geometry_abi_words":true,"guards":true,"input_immutability":true}
{"record":"FixedSm89ExactN64AutoBoundaryV1","dtype":"f32","op":"nn","requested":"AUTO","expected":"Legacy","actual":"Legacy","symbol":"gemm_bi_f32_f32_s2","dims_mkn":[65,2304,768],"storage_rows":2066,"row_view":17,"float_offsets_abc":[0,0,1],"bias":false,"alpha_bits":1065353216,"beta_bits":0,"full_old_legacy_reference":true,"raw_full_output_and_row_slice":true,"eager_repeats":2,"poisoned_graph_replays":2,"actual_graph_symbol_geometry_abi_words":true,"guards":true,"input_immutability":true}
{"record":"FixedSm89ExactN64AutoBoundaryV1","dtype":"f32","op":"nn","requested":"AUTO","expected":"Legacy","actual":"Legacy","symbol":"gemm_bi_f32_f32_s2","dims_mkn":[127,2304,768],"storage_rows":2066,"row_view":17,"float_offsets_abc":[0,0,1],"bias":false,"alpha_bits":1065353216,"beta_bits":0,"full_old_legacy_reference":true,"raw_full_output_and_row_slice":true,"eager_repeats":2,"poisoned_graph_replays":2,"actual_graph_symbol_geometry_abi_words":true,"guards":true,"input_immutability":true}
{"record":"FixedSm89ExactN64AutoBoundaryV1","dtype":"f32","op":"nn","requested":"AUTO","expected":"Legacy","actual":"Legacy","symbol":"gemm_bi_f32_f32_s2","dims_mkn":[128,2304,768],"storage_rows":2066,"row_view":17,"float_offsets_abc":[0,0,1],"bias":false,"alpha_bits":1065353216,"beta_bits":0,"full_old_legacy_reference":true,"raw_full_output_and_row_slice":true,"eager_repeats":2,"poisoned_graph_replays":2,"actual_graph_symbol_geometry_abi_words":true,"guards":true,"input_immutability":true}
{"record":"FixedSm89ExactN64AutoBoundaryV1","dtype":"f32","op":"nn","requested":"AUTO","expected":"Legacy","actual":"Legacy","symbol":"gemm_bi_f32_f32_s2","dims_mkn":[129,2304,768],"storage_rows":2066,"row_view":17,"float_offsets_abc":[0,0,1],"bias":false,"alpha_bits":1065353216,"beta_bits":0,"full_old_legacy_reference":true,"raw_full_output_and_row_slice":true,"eager_repeats":2,"poisoned_graph_replays":2,"actual_graph_symbol_geometry_abi_words":true,"guards":true,"input_immutability":true}
{"record":"FixedSm89ExactN64AutoBoundaryV1","dtype":"f32","op":"nn","requested":"AUTO","expected":"F32Sm89N64CopyPlan","actual":"F32Sm89N64CopyPlan","symbol":"gemm_bi_nn_fixed_sm89_f32_n64_copyplan_v1","dims_mkn":[2048,2304,768],"storage_rows":2066,"row_view":0,"float_offsets_abc":[0,0,0],"bias":true,"alpha_bits":1065353216,"beta_bits":0,"full_old_legacy_reference":true,"raw_full_output_and_row_slice":true,"eager_repeats":2,"poisoned_graph_replays":2,"actual_graph_symbol_geometry_abi_words":true,"guards":true,"input_immutability":true}
{"record":"FixedSm89ExactN64AutoBoundaryV1","dtype":"f32","op":"nn","requested":"AUTO","expected":"Legacy","actual":"Legacy","symbol":"gemm_bi_f32_f32_s2","dims_mkn":[2047,2304,768],"storage_rows":2066,"row_view":0,"float_offsets_abc":[0,0,0],"bias":true,"alpha_bits":1065353216,"beta_bits":0,"full_old_legacy_reference":true,"raw_full_output_and_row_slice":true,"eager_repeats":2,"poisoned_graph_replays":2,"actual_graph_symbol_geometry_abi_words":true,"guards":true,"input_immutability":true}
{"record":"FixedSm89ExactN64AutoBoundaryV1","dtype":"f32","op":"nn","requested":"AUTO","expected":"Legacy","actual":"Legacy","symbol":"gemm_bi_f32_f32_s2","dims_mkn":[2049,2304,768],"storage_rows":2066,"row_view":0,"float_offsets_abc":[0,0,0],"bias":true,"alpha_bits":1065353216,"beta_bits":0,"full_old_legacy_reference":true,"raw_full_output_and_row_slice":true,"eager_repeats":2,"poisoned_graph_replays":2,"actual_graph_symbol_geometry_abi_words":true,"guards":true,"input_immutability":true}
{"record":"FixedSm89ExactN64AutoBoundaryV1","dtype":"f32","op":"nn","requested":"AUTO","expected":"Legacy","actual":"Legacy","symbol":"gemm_bi_f32_f32_s2","dims_mkn":[1,2304,768],"storage_rows":2066,"row_view":0,"float_offsets_abc":[0,0,0],"bias":true,"alpha_bits":1065353216,"beta_bits":0,"full_old_legacy_reference":true,"raw_full_output_and_row_slice":true,"eager_repeats":2,"poisoned_graph_replays":2,"actual_graph_symbol_geometry_abi_words":true,"guards":true,"input_immutability":true}
{"record":"FixedSm89ExactN64AutoBoundaryV1","dtype":"f32","op":"nn","requested":"AUTO","expected":"Legacy","actual":"Legacy","symbol":"gemm_bi_f32_f32_s2","dims_mkn":[17,2304,768],"storage_rows":2066,"row_view":0,"float_offsets_abc":[0,0,0],"bias":true,"alpha_bits":1065353216,"beta_bits":0,"full_old_legacy_reference":true,"raw_full_output_and_row_slice":true,"eager_repeats":2,"poisoned_graph_replays":2,"actual_graph_symbol_geometry_abi_words":true,"guards":true,"input_immutability":true}
{"record":"FixedSm89ExactN64AutoBoundaryV1","dtype":"f32","op":"nn","requested":"AUTO","expected":"Legacy","actual":"Legacy","symbol":"gemm_bi_f32_f32_s2","dims_mkn":[63,2304,768],"storage_rows":2066,"row_view":0,"float_offsets_abc":[0,0,0],"bias":true,"alpha_bits":1065353216,"beta_bits":0,"full_old_legacy_reference":true,"raw_full_output_and_row_slice":true,"eager_repeats":2,"poisoned_graph_replays":2,"actual_graph_symbol_geometry_abi_words":true,"guards":true,"input_immutability":true}
{"record":"FixedSm89ExactN64AutoBoundaryV1","dtype":"f32","op":"nn","requested":"AUTO","expected":"Legacy","actual":"Legacy","symbol":"gemm_bi_f32_f32_s2","dims_mkn":[64,2304,768],"storage_rows":2066,"row_view":0,"float_offsets_abc":[0,0,0],"bias":true,"alpha_bits":1065353216,"beta_bits":0,"full_old_legacy_reference":true,"raw_full_output_and_row_slice":true,"eager_repeats":2,"poisoned_graph_replays":2,"actual_graph_symbol_geometry_abi_words":true,"guards":true,"input_immutability":true}
{"record":"FixedSm89ExactN64AutoBoundaryV1","dtype":"f32","op":"nn","requested":"AUTO","expected":"Legacy","actual":"Legacy","symbol":"gemm_bi_f32_f32_s2","dims_mkn":[65,2304,768],"storage_rows":2066,"row_view":0,"float_offsets_abc":[0,0,0],"bias":true,"alpha_bits":1065353216,"beta_bits":0,"full_old_legacy_reference":true,"raw_full_output_and_row_slice":true,"eager_repeats":2,"poisoned_graph_replays":2,"actual_graph_symbol_geometry_abi_words":true,"guards":true,"input_immutability":true}
{"record":"FixedSm89ExactN64AutoBoundaryV1","dtype":"f32","op":"nn","requested":"AUTO","expected":"Legacy","actual":"Legacy","symbol":"gemm_bi_f32_f32_s2","dims_mkn":[127,2304,768],"storage_rows":2066,"row_view":0,"float_offsets_abc":[0,0,0],"bias":true,"alpha_bits":1065353216,"beta_bits":0,"full_old_legacy_reference":true,"raw_full_output_and_row_slice":true,"eager_repeats":2,"poisoned_graph_replays":2,"actual_graph_symbol_geometry_abi_words":true,"guards":true,"input_immutability":true}
{"record":"FixedSm89ExactN64AutoBoundaryV1","dtype":"f32","op":"nn","requested":"AUTO","expected":"Legacy","actual":"Legacy","symbol":"gemm_bi_f32_f32_s2","dims_mkn":[128,2304,768],"storage_rows":2066,"row_view":0,"float_offsets_abc":[0,0,0],"bias":true,"alpha_bits":1065353216,"beta_bits":0,"full_old_legacy_reference":true,"raw_full_output_and_row_slice":true,"eager_repeats":2,"poisoned_graph_replays":2,"actual_graph_symbol_geometry_abi_words":true,"guards":true,"input_immutability":true}
{"record":"FixedSm89ExactN64AutoBoundaryV1","dtype":"f32","op":"nn","requested":"AUTO","expected":"Legacy","actual":"Legacy","symbol":"gemm_bi_f32_f32_s2","dims_mkn":[129,2304,768],"storage_rows":2066,"row_view":0,"float_offsets_abc":[0,0,0],"bias":true,"alpha_bits":1065353216,"beta_bits":0,"full_old_legacy_reference":true,"raw_full_output_and_row_slice":true,"eager_repeats":2,"poisoned_graph_replays":2,"actual_graph_symbol_geometry_abi_words":true,"guards":true,"input_immutability":true}
{"record":"FixedSm89ExactN64AutoBoundaryV1","dtype":"f32","op":"nn","requested":"AUTO","expected":"F32Sm89N64CopyPlan","actual":"F32Sm89N64CopyPlan","symbol":"gemm_bi_nn_fixed_sm89_f32_n64_copyplan_v1","dims_mkn":[2048,2304,768],"storage_rows":2066,"row_view":17,"float_offsets_abc":[0,0,0],"bias":true,"alpha_bits":1065353216,"beta_bits":0,"full_old_legacy_reference":true,"raw_full_output_and_row_slice":true,"eager_repeats":2,"poisoned_graph_replays":2,"actual_graph_symbol_geometry_abi_words":true,"guards":true,"input_immutability":true}
{"record":"FixedSm89ExactN64AutoBoundaryV1","dtype":"f32","op":"nn","requested":"AUTO","expected":"Legacy","actual":"Legacy","symbol":"gemm_bi_f32_f32_s2","dims_mkn":[2047,2304,768],"storage_rows":2066,"row_view":17,"float_offsets_abc":[0,0,0],"bias":true,"alpha_bits":1065353216,"beta_bits":0,"full_old_legacy_reference":true,"raw_full_output_and_row_slice":true,"eager_repeats":2,"poisoned_graph_replays":2,"actual_graph_symbol_geometry_abi_words":true,"guards":true,"input_immutability":true}
{"record":"FixedSm89ExactN64AutoBoundaryV1","dtype":"f32","op":"nn","requested":"AUTO","expected":"Legacy","actual":"Legacy","symbol":"gemm_bi_f32_f32_s2","dims_mkn":[2049,2304,768],"storage_rows":2066,"row_view":17,"float_offsets_abc":[0,0,0],"bias":true,"alpha_bits":1065353216,"beta_bits":0,"full_old_legacy_reference":true,"raw_full_output_and_row_slice":true,"eager_repeats":2,"poisoned_graph_replays":2,"actual_graph_symbol_geometry_abi_words":true,"guards":true,"input_immutability":true}
{"record":"FixedSm89ExactN64AutoBoundaryV1","dtype":"f32","op":"nn","requested":"AUTO","expected":"Legacy","actual":"Legacy","symbol":"gemm_bi_f32_f32_s2","dims_mkn":[1,2304,768],"storage_rows":2066,"row_view":17,"float_offsets_abc":[0,0,0],"bias":true,"alpha_bits":1065353216,"beta_bits":0,"full_old_legacy_reference":true,"raw_full_output_and_row_slice":true,"eager_repeats":2,"poisoned_graph_replays":2,"actual_graph_symbol_geometry_abi_words":true,"guards":true,"input_immutability":true}
{"record":"FixedSm89ExactN64AutoBoundaryV1","dtype":"f32","op":"nn","requested":"AUTO","expected":"Legacy","actual":"Legacy","symbol":"gemm_bi_f32_f32_s2","dims_mkn":[17,2304,768],"storage_rows":2066,"row_view":17,"float_offsets_abc":[0,0,0],"bias":true,"alpha_bits":1065353216,"beta_bits":0,"full_old_legacy_reference":true,"raw_full_output_and_row_slice":true,"eager_repeats":2,"poisoned_graph_replays":2,"actual_graph_symbol_geometry_abi_words":true,"guards":true,"input_immutability":true}
{"record":"FixedSm89ExactN64AutoBoundaryV1","dtype":"f32","op":"nn","requested":"AUTO","expected":"Legacy","actual":"Legacy","symbol":"gemm_bi_f32_f32_s2","dims_mkn":[63,2304,768],"storage_rows":2066,"row_view":17,"float_offsets_abc":[0,0,0],"bias":true,"alpha_bits":1065353216,"beta_bits":0,"full_old_legacy_reference":true,"raw_full_output_and_row_slice":true,"eager_repeats":2,"poisoned_graph_replays":2,"actual_graph_symbol_geometry_abi_words":true,"guards":true,"input_immutability":true}
{"record":"FixedSm89ExactN64AutoBoundaryV1","dtype":"f32","op":"nn","requested":"AUTO","expected":"Legacy","actual":"Legacy","symbol":"gemm_bi_f32_f32_s2","dims_mkn":[64,2304,768],"storage_rows":2066,"row_view":17,"float_offsets_abc":[0,0,0],"bias":true,"alpha_bits":1065353216,"beta_bits":0,"full_old_legacy_reference":true,"raw_full_output_and_row_slice":true,"eager_repeats":2,"poisoned_graph_replays":2,"actual_graph_symbol_geometry_abi_words":true,"guards":true,"input_immutability":true}
{"record":"FixedSm89ExactN64AutoBoundaryV1","dtype":"f32","op":"nn","requested":"AUTO","expected":"Legacy","actual":"Legacy","symbol":"gemm_bi_f32_f32_s2","dims_mkn":[65,2304,768],"storage_rows":2066,"row_view":17,"float_offsets_abc":[0,0,0],"bias":true,"alpha_bits":1065353216,"beta_bits":0,"full_old_legacy_reference":true,"raw_full_output_and_row_slice":true,"eager_repeats":2,"poisoned_graph_replays":2,"actual_graph_symbol_geometry_abi_words":true,"guards":true,"input_immutability":true}
{"record":"FixedSm89ExactN64AutoBoundaryV1","dtype":"f32","op":"nn","requested":"AUTO","expected":"Legacy","actual":"Legacy","symbol":"gemm_bi_f32_f32_s2","dims_mkn":[127,2304,768],"storage_rows":2066,"row_view":17,"float_offsets_abc":[0,0,0],"bias":true,"alpha_bits":1065353216,"beta_bits":0,"full_old_legacy_reference":true,"raw_full_output_and_row_slice":true,"eager_repeats":2,"poisoned_graph_replays":2,"actual_graph_symbol_geometry_abi_words":true,"guards":true,"input_immutability":true}
{"record":"FixedSm89ExactN64AutoBoundaryV1","dtype":"f32","op":"nn","requested":"AUTO","expected":"Legacy","actual":"Legacy","symbol":"gemm_bi_f32_f32_s2","dims_mkn":[128,2304,768],"storage_rows":2066,"row_view":17,"float_offsets_abc":[0,0,0],"bias":true,"alpha_bits":1065353216,"beta_bits":0,"full_old_legacy_reference":true,"raw_full_output_and_row_slice":true,"eager_repeats":2,"poisoned_graph_replays":2,"actual_graph_symbol_geometry_abi_words":true,"guards":true,"input_immutability":true}
{"record":"FixedSm89ExactN64AutoBoundaryV1","dtype":"f32","op":"nn","requested":"AUTO","expected":"Legacy","actual":"Legacy","symbol":"gemm_bi_f32_f32_s2","dims_mkn":[129,2304,768],"storage_rows":2066,"row_view":17,"float_offsets_abc":[0,0,0],"bias":true,"alpha_bits":1065353216,"beta_bits":0,"full_old_legacy_reference":true,"raw_full_output_and_row_slice":true,"eager_repeats":2,"poisoned_graph_replays":2,"actual_graph_symbol_geometry_abi_words":true,"guards":true,"input_immutability":true}
{"record":"FixedSm89ExactN64AutoBoundaryV1","dtype":"f32","op":"nn","requested":"AUTO","expected":"Legacy","actual":"Legacy","symbol":"gemm_bi_f32_f32_s2","dims_mkn":[2048,2304,768],"storage_rows":2066,"row_view":0,"float_offsets_abc":[1,0,0],"bias":true,"alpha_bits":1065353216,"beta_bits":0,"full_old_legacy_reference":true,"raw_full_output_and_row_slice":true,"eager_repeats":2,"poisoned_graph_replays":2,"actual_graph_symbol_geometry_abi_words":true,"guards":true,"input_immutability":true}
{"record":"FixedSm89ExactN64AutoBoundaryV1","dtype":"f32","op":"nn","requested":"AUTO","expected":"Legacy","actual":"Legacy","symbol":"gemm_bi_f32_f32_s2","dims_mkn":[2047,2304,768],"storage_rows":2066,"row_view":0,"float_offsets_abc":[1,0,0],"bias":true,"alpha_bits":1065353216,"beta_bits":0,"full_old_legacy_reference":true,"raw_full_output_and_row_slice":true,"eager_repeats":2,"poisoned_graph_replays":2,"actual_graph_symbol_geometry_abi_words":true,"guards":true,"input_immutability":true}
{"record":"FixedSm89ExactN64AutoBoundaryV1","dtype":"f32","op":"nn","requested":"AUTO","expected":"Legacy","actual":"Legacy","symbol":"gemm_bi_f32_f32_s2","dims_mkn":[2049,2304,768],"storage_rows":2066,"row_view":0,"float_offsets_abc":[1,0,0],"bias":true,"alpha_bits":1065353216,"beta_bits":0,"full_old_legacy_reference":true,"raw_full_output_and_row_slice":true,"eager_repeats":2,"poisoned_graph_replays":2,"actual_graph_symbol_geometry_abi_words":true,"guards":true,"input_immutability":true}
{"record":"FixedSm89ExactN64AutoBoundaryV1","dtype":"f32","op":"nn","requested":"AUTO","expected":"Legacy","actual":"Legacy","symbol":"gemm_bi_f32_f32_s2","dims_mkn":[1,2304,768],"storage_rows":2066,"row_view":0,"float_offsets_abc":[1,0,0],"bias":true,"alpha_bits":1065353216,"beta_bits":0,"full_old_legacy_reference":true,"raw_full_output_and_row_slice":true,"eager_repeats":2,"poisoned_graph_replays":2,"actual_graph_symbol_geometry_abi_words":true,"guards":true,"input_immutability":true}
{"record":"FixedSm89ExactN64AutoBoundaryV1","dtype":"f32","op":"nn","requested":"AUTO","expected":"Legacy","actual":"Legacy","symbol":"gemm_bi_f32_f32_s2","dims_mkn":[17,2304,768],"storage_rows":2066,"row_view":0,"float_offsets_abc":[1,0,0],"bias":true,"alpha_bits":1065353216,"beta_bits":0,"full_old_legacy_reference":true,"raw_full_output_and_row_slice":true,"eager_repeats":2,"poisoned_graph_replays":2,"actual_graph_symbol_geometry_abi_words":true,"guards":true,"input_immutability":true}
{"record":"FixedSm89ExactN64AutoBoundaryV1","dtype":"f32","op":"nn","requested":"AUTO","expected":"Legacy","actual":"Legacy","symbol":"gemm_bi_f32_f32_s2","dims_mkn":[63,2304,768],"storage_rows":2066,"row_view":0,"float_offsets_abc":[1,0,0],"bias":true,"alpha_bits":1065353216,"beta_bits":0,"full_old_legacy_reference":true,"raw_full_output_and_row_slice":true,"eager_repeats":2,"poisoned_graph_replays":2,"actual_graph_symbol_geometry_abi_words":true,"guards":true,"input_immutability":true}
{"record":"FixedSm89ExactN64AutoBoundaryV1","dtype":"f32","op":"nn","requested":"AUTO","expected":"Legacy","actual":"Legacy","symbol":"gemm_bi_f32_f32_s2","dims_mkn":[64,2304,768],"storage_rows":2066,"row_view":0,"float_offsets_abc":[1,0,0],"bias":true,"alpha_bits":1065353216,"beta_bits":0,"full_old_legacy_reference":true,"raw_full_output_and_row_slice":true,"eager_repeats":2,"poisoned_graph_replays":2,"actual_graph_symbol_geometry_abi_words":true,"guards":true,"input_immutability":true}
{"record":"FixedSm89ExactN64AutoBoundaryV1","dtype":"f32","op":"nn","requested":"AUTO","expected":"Legacy","actual":"Legacy","symbol":"gemm_bi_f32_f32_s2","dims_mkn":[65,2304,768],"storage_rows":2066,"row_view":0,"float_offsets_abc":[1,0,0],"bias":true,"alpha_bits":1065353216,"beta_bits":0,"full_old_legacy_reference":true,"raw_full_output_and_row_slice":true,"eager_repeats":2,"poisoned_graph_replays":2,"actual_graph_symbol_geometry_abi_words":true,"guards":true,"input_immutability":true}
{"record":"FixedSm89ExactN64AutoBoundaryV1","dtype":"f32","op":"nn","requested":"AUTO","expected":"Legacy","actual":"Legacy","symbol":"gemm_bi_f32_f32_s2","dims_mkn":[127,2304,768],"storage_rows":2066,"row_view":0,"float_offsets_abc":[1,0,0],"bias":true,"alpha_bits":1065353216,"beta_bits":0,"full_old_legacy_reference":true,"raw_full_output_and_row_slice":true,"eager_repeats":2,"poisoned_graph_replays":2,"actual_graph_symbol_geometry_abi_words":true,"guards":true,"input_immutability":true}
{"record":"FixedSm89ExactN64AutoBoundaryV1","dtype":"f32","op":"nn","requested":"AUTO","expected":"Legacy","actual":"Legacy","symbol":"gemm_bi_f32_f32_s2","dims_mkn":[128,2304,768],"storage_rows":2066,"row_view":0,"float_offsets_abc":[1,0,0],"bias":true,"alpha_bits":1065353216,"beta_bits":0,"full_old_legacy_reference":true,"raw_full_output_and_row_slice":true,"eager_repeats":2,"poisoned_graph_replays":2,"actual_graph_symbol_geometry_abi_words":true,"guards":true,"input_immutability":true}
{"record":"FixedSm89ExactN64AutoBoundaryV1","dtype":"f32","op":"nn","requested":"AUTO","expected":"Legacy","actual":"Legacy","symbol":"gemm_bi_f32_f32_s2","dims_mkn":[129,2304,768],"storage_rows":2066,"row_view":0,"float_offsets_abc":[1,0,0],"bias":true,"alpha_bits":1065353216,"beta_bits":0,"full_old_legacy_reference":true,"raw_full_output_and_row_slice":true,"eager_repeats":2,"poisoned_graph_replays":2,"actual_graph_symbol_geometry_abi_words":true,"guards":true,"input_immutability":true}
{"record":"FixedSm89ExactN64AutoBoundaryV1","dtype":"f32","op":"nn","requested":"AUTO","expected":"Legacy","actual":"Legacy","symbol":"gemm_bi_f32_f32_s2","dims_mkn":[2048,2304,768],"storage_rows":2066,"row_view":17,"float_offsets_abc":[1,0,0],"bias":true,"alpha_bits":1065353216,"beta_bits":0,"full_old_legacy_reference":true,"raw_full_output_and_row_slice":true,"eager_repeats":2,"poisoned_graph_replays":2,"actual_graph_symbol_geometry_abi_words":true,"guards":true,"input_immutability":true}
{"record":"FixedSm89ExactN64AutoBoundaryV1","dtype":"f32","op":"nn","requested":"AUTO","expected":"Legacy","actual":"Legacy","symbol":"gemm_bi_f32_f32_s2","dims_mkn":[2047,2304,768],"storage_rows":2066,"row_view":17,"float_offsets_abc":[1,0,0],"bias":true,"alpha_bits":1065353216,"beta_bits":0,"full_old_legacy_reference":true,"raw_full_output_and_row_slice":true,"eager_repeats":2,"poisoned_graph_replays":2,"actual_graph_symbol_geometry_abi_words":true,"guards":true,"input_immutability":true}
{"record":"FixedSm89ExactN64AutoBoundaryV1","dtype":"f32","op":"nn","requested":"AUTO","expected":"Legacy","actual":"Legacy","symbol":"gemm_bi_f32_f32_s2","dims_mkn":[2049,2304,768],"storage_rows":2066,"row_view":17,"float_offsets_abc":[1,0,0],"bias":true,"alpha_bits":1065353216,"beta_bits":0,"full_old_legacy_reference":true,"raw_full_output_and_row_slice":true,"eager_repeats":2,"poisoned_graph_replays":2,"actual_graph_symbol_geometry_abi_words":true,"guards":true,"input_immutability":true}
{"record":"FixedSm89ExactN64AutoBoundaryV1","dtype":"f32","op":"nn","requested":"AUTO","expected":"Legacy","actual":"Legacy","symbol":"gemm_bi_f32_f32_s2","dims_mkn":[1,2304,768],"storage_rows":2066,"row_view":17,"float_offsets_abc":[1,0,0],"bias":true,"alpha_bits":1065353216,"beta_bits":0,"full_old_legacy_reference":true,"raw_full_output_and_row_slice":true,"eager_repeats":2,"poisoned_graph_replays":2,"actual_graph_symbol_geometry_abi_words":true,"guards":true,"input_immutability":true}
{"record":"FixedSm89ExactN64AutoBoundaryV1","dtype":"f32","op":"nn","requested":"AUTO","expected":"Legacy","actual":"Legacy","symbol":"gemm_bi_f32_f32_s2","dims_mkn":[17,2304,768],"storage_rows":2066,"row_view":17,"float_offsets_abc":[1,0,0],"bias":true,"alpha_bits":1065353216,"beta_bits":0,"full_old_legacy_reference":true,"raw_full_output_and_row_slice":true,"eager_repeats":2,"poisoned_graph_replays":2,"actual_graph_symbol_geometry_abi_words":true,"guards":true,"input_immutability":true}
{"record":"FixedSm89ExactN64AutoBoundaryV1","dtype":"f32","op":"nn","requested":"AUTO","expected":"Legacy","actual":"Legacy","symbol":"gemm_bi_f32_f32_s2","dims_mkn":[63,2304,768],"storage_rows":2066,"row_view":17,"float_offsets_abc":[1,0,0],"bias":true,"alpha_bits":1065353216,"beta_bits":0,"full_old_legacy_reference":true,"raw_full_output_and_row_slice":true,"eager_repeats":2,"poisoned_graph_replays":2,"actual_graph_symbol_geometry_abi_words":true,"guards":true,"input_immutability":true}
{"record":"FixedSm89ExactN64AutoBoundaryV1","dtype":"f32","op":"nn","requested":"AUTO","expected":"Legacy","actual":"Legacy","symbol":"gemm_bi_f32_f32_s2","dims_mkn":[64,2304,768],"storage_rows":2066,"row_view":17,"float_offsets_abc":[1,0,0],"bias":true,"alpha_bits":1065353216,"beta_bits":0,"full_old_legacy_reference":true,"raw_full_output_and_row_slice":true,"eager_repeats":2,"poisoned_graph_replays":2,"actual_graph_symbol_geometry_abi_words":true,"guards":true,"input_immutability":true}
{"record":"FixedSm89ExactN64AutoBoundaryV1","dtype":"f32","op":"nn","requested":"AUTO","expected":"Legacy","actual":"Legacy","symbol":"gemm_bi_f32_f32_s2","dims_mkn":[65,2304,768],"storage_rows":2066,"row_view":17,"float_offsets_abc":[1,0,0],"bias":true,"alpha_bits":1065353216,"beta_bits":0,"full_old_legacy_reference":true,"raw_full_output_and_row_slice":true,"eager_repeats":2,"poisoned_graph_replays":2,"actual_graph_symbol_geometry_abi_words":true,"guards":true,"input_immutability":true}
{"record":"FixedSm89ExactN64AutoBoundaryV1","dtype":"f32","op":"nn","requested":"AUTO","expected":"Legacy","actual":"Legacy","symbol":"gemm_bi_f32_f32_s2","dims_mkn":[127,2304,768],"storage_rows":2066,"row_view":17,"float_offsets_abc":[1,0,0],"bias":true,"alpha_bits":1065353216,"beta_bits":0,"full_old_legacy_reference":true,"raw_full_output_and_row_slice":true,"eager_repeats":2,"poisoned_graph_replays":2,"actual_graph_symbol_geometry_abi_words":true,"guards":true,"input_immutability":true}
{"record":"FixedSm89ExactN64AutoBoundaryV1","dtype":"f32","op":"nn","requested":"AUTO","expected":"Legacy","actual":"Legacy","symbol":"gemm_bi_f32_f32_s2","dims_mkn":[128,2304,768],"storage_rows":2066,"row_view":17,"float_offsets_abc":[1,0,0],"bias":true,"alpha_bits":1065353216,"beta_bits":0,"full_old_legacy_reference":true,"raw_full_output_and_row_slice":true,"eager_repeats":2,"poisoned_graph_replays":2,"actual_graph_symbol_geometry_abi_words":true,"guards":true,"input_immutability":true}
{"record":"FixedSm89ExactN64AutoBoundaryV1","dtype":"f32","op":"nn","requested":"AUTO","expected":"Legacy","actual":"Legacy","symbol":"gemm_bi_f32_f32_s2","dims_mkn":[129,2304,768],"storage_rows":2066,"row_view":17,"float_offsets_abc":[1,0,0],"bias":true,"alpha_bits":1065353216,"beta_bits":0,"full_old_legacy_reference":true,"raw_full_output_and_row_slice":true,"eager_repeats":2,"poisoned_graph_replays":2,"actual_graph_symbol_geometry_abi_words":true,"guards":true,"input_immutability":true}
{"record":"FixedSm89ExactN64AutoBoundaryV1","dtype":"f32","op":"nn","requested":"AUTO","expected":"Legacy","actual":"Legacy","symbol":"gemm_bi_f32_f32_s2","dims_mkn":[2048,2304,768],"storage_rows":2066,"row_view":0,"float_offsets_abc":[0,1,0],"bias":true,"alpha_bits":1065353216,"beta_bits":0,"full_old_legacy_reference":true,"raw_full_output_and_row_slice":true,"eager_repeats":2,"poisoned_graph_replays":2,"actual_graph_symbol_geometry_abi_words":true,"guards":true,"input_immutability":true}
{"record":"FixedSm89ExactN64AutoBoundaryV1","dtype":"f32","op":"nn","requested":"AUTO","expected":"Legacy","actual":"Legacy","symbol":"gemm_bi_f32_f32_s2","dims_mkn":[2047,2304,768],"storage_rows":2066,"row_view":0,"float_offsets_abc":[0,1,0],"bias":true,"alpha_bits":1065353216,"beta_bits":0,"full_old_legacy_reference":true,"raw_full_output_and_row_slice":true,"eager_repeats":2,"poisoned_graph_replays":2,"actual_graph_symbol_geometry_abi_words":true,"guards":true,"input_immutability":true}
{"record":"FixedSm89ExactN64AutoBoundaryV1","dtype":"f32","op":"nn","requested":"AUTO","expected":"Legacy","actual":"Legacy","symbol":"gemm_bi_f32_f32_s2","dims_mkn":[2049,2304,768],"storage_rows":2066,"row_view":0,"float_offsets_abc":[0,1,0],"bias":true,"alpha_bits":1065353216,"beta_bits":0,"full_old_legacy_reference":true,"raw_full_output_and_row_slice":true,"eager_repeats":2,"poisoned_graph_replays":2,"actual_graph_symbol_geometry_abi_words":true,"guards":true,"input_immutability":true}
{"record":"FixedSm89ExactN64AutoBoundaryV1","dtype":"f32","op":"nn","requested":"AUTO","expected":"Legacy","actual":"Legacy","symbol":"gemm_bi_f32_f32_s2","dims_mkn":[1,2304,768],"storage_rows":2066,"row_view":0,"float_offsets_abc":[0,1,0],"bias":true,"alpha_bits":1065353216,"beta_bits":0,"full_old_legacy_reference":true,"raw_full_output_and_row_slice":true,"eager_repeats":2,"poisoned_graph_replays":2,"actual_graph_symbol_geometry_abi_words":true,"guards":true,"input_immutability":true}
{"record":"FixedSm89ExactN64AutoBoundaryV1","dtype":"f32","op":"nn","requested":"AUTO","expected":"Legacy","actual":"Legacy","symbol":"gemm_bi_f32_f32_s2","dims_mkn":[17,2304,768],"storage_rows":2066,"row_view":0,"float_offsets_abc":[0,1,0],"bias":true,"alpha_bits":1065353216,"beta_bits":0,"full_old_legacy_reference":true,"raw_full_output_and_row_slice":true,"eager_repeats":2,"poisoned_graph_replays":2,"actual_graph_symbol_geometry_abi_words":true,"guards":true,"input_immutability":true}
{"record":"FixedSm89ExactN64AutoBoundaryV1","dtype":"f32","op":"nn","requested":"AUTO","expected":"Legacy","actual":"Legacy","symbol":"gemm_bi_f32_f32_s2","dims_mkn":[63,2304,768],"storage_rows":2066,"row_view":0,"float_offsets_abc":[0,1,0],"bias":true,"alpha_bits":1065353216,"beta_bits":0,"full_old_legacy_reference":true,"raw_full_output_and_row_slice":true,"eager_repeats":2,"poisoned_graph_replays":2,"actual_graph_symbol_geometry_abi_words":true,"guards":true,"input_immutability":true}
{"record":"FixedSm89ExactN64AutoBoundaryV1","dtype":"f32","op":"nn","requested":"AUTO","expected":"Legacy","actual":"Legacy","symbol":"gemm_bi_f32_f32_s2","dims_mkn":[64,2304,768],"storage_rows":2066,"row_view":0,"float_offsets_abc":[0,1,0],"bias":true,"alpha_bits":1065353216,"beta_bits":0,"full_old_legacy_reference":true,"raw_full_output_and_row_slice":true,"eager_repeats":2,"poisoned_graph_replays":2,"actual_graph_symbol_geometry_abi_words":true,"guards":true,"input_immutability":true}
{"record":"FixedSm89ExactN64AutoBoundaryV1","dtype":"f32","op":"nn","requested":"AUTO","expected":"Legacy","actual":"Legacy","symbol":"gemm_bi_f32_f32_s2","dims_mkn":[65,2304,768],"storage_rows":2066,"row_view":0,"float_offsets_abc":[0,1,0],"bias":true,"alpha_bits":1065353216,"beta_bits":0,"full_old_legacy_reference":true,"raw_full_output_and_row_slice":true,"eager_repeats":2,"poisoned_graph_replays":2,"actual_graph_symbol_geometry_abi_words":true,"guards":true,"input_immutability":true}
{"record":"FixedSm89ExactN64AutoBoundaryV1","dtype":"f32","op":"nn","requested":"AUTO","expected":"Legacy","actual":"Legacy","symbol":"gemm_bi_f32_f32_s2","dims_mkn":[127,2304,768],"storage_rows":2066,"row_view":0,"float_offsets_abc":[0,1,0],"bias":true,"alpha_bits":1065353216,"beta_bits":0,"full_old_legacy_reference":true,"raw_full_output_and_row_slice":true,"eager_repeats":2,"poisoned_graph_replays":2,"actual_graph_symbol_geometry_abi_words":true,"guards":true,"input_immutability":true}
{"record":"FixedSm89ExactN64AutoBoundaryV1","dtype":"f32","op":"nn","requested":"AUTO","expected":"Legacy","actual":"Legacy","symbol":"gemm_bi_f32_f32_s2","dims_mkn":[128,2304,768],"storage_rows":2066,"row_view":0,"float_offsets_abc":[0,1,0],"bias":true,"alpha_bits":1065353216,"beta_bits":0,"full_old_legacy_reference":true,"raw_full_output_and_row_slice":true,"eager_repeats":2,"poisoned_graph_replays":2,"actual_graph_symbol_geometry_abi_words":true,"guards":true,"input_immutability":true}
{"record":"FixedSm89ExactN64AutoBoundaryV1","dtype":"f32","op":"nn","requested":"AUTO","expected":"Legacy","actual":"Legacy","symbol":"gemm_bi_f32_f32_s2","dims_mkn":[129,2304,768],"storage_rows":2066,"row_view":0,"float_offsets_abc":[0,1,0],"bias":true,"alpha_bits":1065353216,"beta_bits":0,"full_old_legacy_reference":true,"raw_full_output_and_row_slice":true,"eager_repeats":2,"poisoned_graph_replays":2,"actual_graph_symbol_geometry_abi_words":true,"guards":true,"input_immutability":true}
{"record":"FixedSm89ExactN64AutoBoundaryV1","dtype":"f32","op":"nn","requested":"AUTO","expected":"Legacy","actual":"Legacy","symbol":"gemm_bi_f32_f32_s2","dims_mkn":[2048,2304,768],"storage_rows":2066,"row_view":17,"float_offsets_abc":[0,1,0],"bias":true,"alpha_bits":1065353216,"beta_bits":0,"full_old_legacy_reference":true,"raw_full_output_and_row_slice":true,"eager_repeats":2,"poisoned_graph_replays":2,"actual_graph_symbol_geometry_abi_words":true,"guards":true,"input_immutability":true}
{"record":"FixedSm89ExactN64AutoBoundaryV1","dtype":"f32","op":"nn","requested":"AUTO","expected":"Legacy","actual":"Legacy","symbol":"gemm_bi_f32_f32_s2","dims_mkn":[2047,2304,768],"storage_rows":2066,"row_view":17,"float_offsets_abc":[0,1,0],"bias":true,"alpha_bits":1065353216,"beta_bits":0,"full_old_legacy_reference":true,"raw_full_output_and_row_slice":true,"eager_repeats":2,"poisoned_graph_replays":2,"actual_graph_symbol_geometry_abi_words":true,"guards":true,"input_immutability":true}
{"record":"FixedSm89ExactN64AutoBoundaryV1","dtype":"f32","op":"nn","requested":"AUTO","expected":"Legacy","actual":"Legacy","symbol":"gemm_bi_f32_f32_s2","dims_mkn":[2049,2304,768],"storage_rows":2066,"row_view":17,"float_offsets_abc":[0,1,0],"bias":true,"alpha_bits":1065353216,"beta_bits":0,"full_old_legacy_reference":true,"raw_full_output_and_row_slice":true,"eager_repeats":2,"poisoned_graph_replays":2,"actual_graph_symbol_geometry_abi_words":true,"guards":true,"input_immutability":true}
{"record":"FixedSm89ExactN64AutoBoundaryV1","dtype":"f32","op":"nn","requested":"AUTO","expected":"Legacy","actual":"Legacy","symbol":"gemm_bi_f32_f32_s2","dims_mkn":[1,2304,768],"storage_rows":2066,"row_view":17,"float_offsets_abc":[0,1,0],"bias":true,"alpha_bits":1065353216,"beta_bits":0,"full_old_legacy_reference":true,"raw_full_output_and_row_slice":true,"eager_repeats":2,"poisoned_graph_replays":2,"actual_graph_symbol_geometry_abi_words":true,"guards":true,"input_immutability":true}
{"record":"FixedSm89ExactN64AutoBoundaryV1","dtype":"f32","op":"nn","requested":"AUTO","expected":"Legacy","actual":"Legacy","symbol":"gemm_bi_f32_f32_s2","dims_mkn":[17,2304,768],"storage_rows":2066,"row_view":17,"float_offsets_abc":[0,1,0],"bias":true,"alpha_bits":1065353216,"beta_bits":0,"full_old_legacy_reference":true,"raw_full_output_and_row_slice":true,"eager_repeats":2,"poisoned_graph_replays":2,"actual_graph_symbol_geometry_abi_words":true,"guards":true,"input_immutability":true}
{"record":"FixedSm89ExactN64AutoBoundaryV1","dtype":"f32","op":"nn","requested":"AUTO","expected":"Legacy","actual":"Legacy","symbol":"gemm_bi_f32_f32_s2","dims_mkn":[63,2304,768],"storage_rows":2066,"row_view":17,"float_offsets_abc":[0,1,0],"bias":true,"alpha_bits":1065353216,"beta_bits":0,"full_old_legacy_reference":true,"raw_full_output_and_row_slice":true,"eager_repeats":2,"poisoned_graph_replays":2,"actual_graph_symbol_geometry_abi_words":true,"guards":true,"input_immutability":true}
{"record":"FixedSm89ExactN64AutoBoundaryV1","dtype":"f32","op":"nn","requested":"AUTO","expected":"Legacy","actual":"Legacy","symbol":"gemm_bi_f32_f32_s2","dims_mkn":[64,2304,768],"storage_rows":2066,"row_view":17,"float_offsets_abc":[0,1,0],"bias":true,"alpha_bits":1065353216,"beta_bits":0,"full_old_legacy_reference":true,"raw_full_output_and_row_slice":true,"eager_repeats":2,"poisoned_graph_replays":2,"actual_graph_symbol_geometry_abi_words":true,"guards":true,"input_immutability":true}
{"record":"FixedSm89ExactN64AutoBoundaryV1","dtype":"f32","op":"nn","requested":"AUTO","expected":"Legacy","actual":"Legacy","symbol":"gemm_bi_f32_f32_s2","dims_mkn":[65,2304,768],"storage_rows":2066,"row_view":17,"float_offsets_abc":[0,1,0],"bias":true,"alpha_bits":1065353216,"beta_bits":0,"full_old_legacy_reference":true,"raw_full_output_and_row_slice":true,"eager_repeats":2,"poisoned_graph_replays":2,"actual_graph_symbol_geometry_abi_words":true,"guards":true,"input_immutability":true}
{"record":"FixedSm89ExactN64AutoBoundaryV1","dtype":"f32","op":"nn","requested":"AUTO","expected":"Legacy","actual":"Legacy","symbol":"gemm_bi_f32_f32_s2","dims_mkn":[127,2304,768],"storage_rows":2066,"row_view":17,"float_offsets_abc":[0,1,0],"bias":true,"alpha_bits":1065353216,"beta_bits":0,"full_old_legacy_reference":true,"raw_full_output_and_row_slice":true,"eager_repeats":2,"poisoned_graph_replays":2,"actual_graph_symbol_geometry_abi_words":true,"guards":true,"input_immutability":true}
{"record":"FixedSm89ExactN64AutoBoundaryV1","dtype":"f32","op":"nn","requested":"AUTO","expected":"Legacy","actual":"Legacy","symbol":"gemm_bi_f32_f32_s2","dims_mkn":[128,2304,768],"storage_rows":2066,"row_view":17,"float_offsets_abc":[0,1,0],"bias":true,"alpha_bits":1065353216,"beta_bits":0,"full_old_legacy_reference":true,"raw_full_output_and_row_slice":true,"eager_repeats":2,"poisoned_graph_replays":2,"actual_graph_symbol_geometry_abi_words":true,"guards":true,"input_immutability":true}
{"record":"FixedSm89ExactN64AutoBoundaryV1","dtype":"f32","op":"nn","requested":"AUTO","expected":"Legacy","actual":"Legacy","symbol":"gemm_bi_f32_f32_s2","dims_mkn":[129,2304,768],"storage_rows":2066,"row_view":17,"float_offsets_abc":[0,1,0],"bias":true,"alpha_bits":1065353216,"beta_bits":0,"full_old_legacy_reference":true,"raw_full_output_and_row_slice":true,"eager_repeats":2,"poisoned_graph_replays":2,"actual_graph_symbol_geometry_abi_words":true,"guards":true,"input_immutability":true}
{"record":"FixedSm89ExactN64AutoBoundaryV1","dtype":"f32","op":"nn","requested":"AUTO","expected":"Legacy","actual":"Legacy","symbol":"gemm_bi_f32_f32_s2","dims_mkn":[2048,2304,768],"storage_rows":2066,"row_view":0,"float_offsets_abc":[0,0,1],"bias":true,"alpha_bits":1065353216,"beta_bits":0,"full_old_legacy_reference":true,"raw_full_output_and_row_slice":true,"eager_repeats":2,"poisoned_graph_replays":2,"actual_graph_symbol_geometry_abi_words":true,"guards":true,"input_immutability":true}
{"record":"FixedSm89ExactN64AutoBoundaryV1","dtype":"f32","op":"nn","requested":"AUTO","expected":"Legacy","actual":"Legacy","symbol":"gemm_bi_f32_f32_s2","dims_mkn":[2047,2304,768],"storage_rows":2066,"row_view":0,"float_offsets_abc":[0,0,1],"bias":true,"alpha_bits":1065353216,"beta_bits":0,"full_old_legacy_reference":true,"raw_full_output_and_row_slice":true,"eager_repeats":2,"poisoned_graph_replays":2,"actual_graph_symbol_geometry_abi_words":true,"guards":true,"input_immutability":true}
{"record":"FixedSm89ExactN64AutoBoundaryV1","dtype":"f32","op":"nn","requested":"AUTO","expected":"Legacy","actual":"Legacy","symbol":"gemm_bi_f32_f32_s2","dims_mkn":[2049,2304,768],"storage_rows":2066,"row_view":0,"float_offsets_abc":[0,0,1],"bias":true,"alpha_bits":1065353216,"beta_bits":0,"full_old_legacy_reference":true,"raw_full_output_and_row_slice":true,"eager_repeats":2,"poisoned_graph_replays":2,"actual_graph_symbol_geometry_abi_words":true,"guards":true,"input_immutability":true}
{"record":"FixedSm89ExactN64AutoBoundaryV1","dtype":"f32","op":"nn","requested":"AUTO","expected":"Legacy","actual":"Legacy","symbol":"gemm_bi_f32_f32_s2","dims_mkn":[1,2304,768],"storage_rows":2066,"row_view":0,"float_offsets_abc":[0,0,1],"bias":true,"alpha_bits":1065353216,"beta_bits":0,"full_old_legacy_reference":true,"raw_full_output_and_row_slice":true,"eager_repeats":2,"poisoned_graph_replays":2,"actual_graph_symbol_geometry_abi_words":true,"guards":true,"input_immutability":true}
{"record":"FixedSm89ExactN64AutoBoundaryV1","dtype":"f32","op":"nn","requested":"AUTO","expected":"Legacy","actual":"Legacy","symbol":"gemm_bi_f32_f32_s2","dims_mkn":[17,2304,768],"storage_rows":2066,"row_view":0,"float_offsets_abc":[0,0,1],"bias":true,"alpha_bits":1065353216,"beta_bits":0,"full_old_legacy_reference":true,"raw_full_output_and_row_slice":true,"eager_repeats":2,"poisoned_graph_replays":2,"actual_graph_symbol_geometry_abi_words":true,"guards":true,"input_immutability":true}
{"record":"FixedSm89ExactN64AutoBoundaryV1","dtype":"f32","op":"nn","requested":"AUTO","expected":"Legacy","actual":"Legacy","symbol":"gemm_bi_f32_f32_s2","dims_mkn":[63,2304,768],"storage_rows":2066,"row_view":0,"float_offsets_abc":[0,0,1],"bias":true,"alpha_bits":1065353216,"beta_bits":0,"full_old_legacy_reference":true,"raw_full_output_and_row_slice":true,"eager_repeats":2,"poisoned_graph_replays":2,"actual_graph_symbol_geometry_abi_words":true,"guards":true,"input_immutability":true}
{"record":"FixedSm89ExactN64AutoBoundaryV1","dtype":"f32","op":"nn","requested":"AUTO","expected":"Legacy","actual":"Legacy","symbol":"gemm_bi_f32_f32_s2","dims_mkn":[64,2304,768],"storage_rows":2066,"row_view":0,"float_offsets_abc":[0,0,1],"bias":true,"alpha_bits":1065353216,"beta_bits":0,"full_old_legacy_reference":true,"raw_full_output_and_row_slice":true,"eager_repeats":2,"poisoned_graph_replays":2,"actual_graph_symbol_geometry_abi_words":true,"guards":true,"input_immutability":true}
{"record":"FixedSm89ExactN64AutoBoundaryV1","dtype":"f32","op":"nn","requested":"AUTO","expected":"Legacy","actual":"Legacy","symbol":"gemm_bi_f32_f32_s2","dims_mkn":[65,2304,768],"storage_rows":2066,"row_view":0,"float_offsets_abc":[0,0,1],"bias":true,"alpha_bits":1065353216,"beta_bits":0,"full_old_legacy_reference":true,"raw_full_output_and_row_slice":true,"eager_repeats":2,"poisoned_graph_replays":2,"actual_graph_symbol_geometry_abi_words":true,"guards":true,"input_immutability":true}
{"record":"FixedSm89ExactN64AutoBoundaryV1","dtype":"f32","op":"nn","requested":"AUTO","expected":"Legacy","actual":"Legacy","symbol":"gemm_bi_f32_f32_s2","dims_mkn":[127,2304,768],"storage_rows":2066,"row_view":0,"float_offsets_abc":[0,0,1],"bias":true,"alpha_bits":1065353216,"beta_bits":0,"full_old_legacy_reference":true,"raw_full_output_and_row_slice":true,"eager_repeats":2,"poisoned_graph_replays":2,"actual_graph_symbol_geometry_abi_words":true,"guards":true,"input_immutability":true}
{"record":"FixedSm89ExactN64AutoBoundaryV1","dtype":"f32","op":"nn","requested":"AUTO","expected":"Legacy","actual":"Legacy","symbol":"gemm_bi_f32_f32_s2","dims_mkn":[128,2304,768],"storage_rows":2066,"row_view":0,"float_offsets_abc":[0,0,1],"bias":true,"alpha_bits":1065353216,"beta_bits":0,"full_old_legacy_reference":true,"raw_full_output_and_row_slice":true,"eager_repeats":2,"poisoned_graph_replays":2,"actual_graph_symbol_geometry_abi_words":true,"guards":true,"input_immutability":true}
{"record":"FixedSm89ExactN64AutoBoundaryV1","dtype":"f32","op":"nn","requested":"AUTO","expected":"Legacy","actual":"Legacy","symbol":"gemm_bi_f32_f32_s2","dims_mkn":[129,2304,768],"storage_rows":2066,"row_view":0,"float_offsets_abc":[0,0,1],"bias":true,"alpha_bits":1065353216,"beta_bits":0,"full_old_legacy_reference":true,"raw_full_output_and_row_slice":true,"eager_repeats":2,"poisoned_graph_replays":2,"actual_graph_symbol_geometry_abi_words":true,"guards":true,"input_immutability":true}
{"record":"FixedSm89ExactN64AutoBoundaryV1","dtype":"f32","op":"nn","requested":"AUTO","expected":"Legacy","actual":"Legacy","symbol":"gemm_bi_f32_f32_s2","dims_mkn":[2048,2304,768],"storage_rows":2066,"row_view":17,"float_offsets_abc":[0,0,1],"bias":true,"alpha_bits":1065353216,"beta_bits":0,"full_old_legacy_reference":true,"raw_full_output_and_row_slice":true,"eager_repeats":2,"poisoned_graph_replays":2,"actual_graph_symbol_geometry_abi_words":true,"guards":true,"input_immutability":true}
{"record":"FixedSm89ExactN64AutoBoundaryV1","dtype":"f32","op":"nn","requested":"AUTO","expected":"Legacy","actual":"Legacy","symbol":"gemm_bi_f32_f32_s2","dims_mkn":[2047,2304,768],"storage_rows":2066,"row_view":17,"float_offsets_abc":[0,0,1],"bias":true,"alpha_bits":1065353216,"beta_bits":0,"full_old_legacy_reference":true,"raw_full_output_and_row_slice":true,"eager_repeats":2,"poisoned_graph_replays":2,"actual_graph_symbol_geometry_abi_words":true,"guards":true,"input_immutability":true}
{"record":"FixedSm89ExactN64AutoBoundaryV1","dtype":"f32","op":"nn","requested":"AUTO","expected":"Legacy","actual":"Legacy","symbol":"gemm_bi_f32_f32_s2","dims_mkn":[2049,2304,768],"storage_rows":2066,"row_view":17,"float_offsets_abc":[0,0,1],"bias":true,"alpha_bits":1065353216,"beta_bits":0,"full_old_legacy_reference":true,"raw_full_output_and_row_slice":true,"eager_repeats":2,"poisoned_graph_replays":2,"actual_graph_symbol_geometry_abi_words":true,"guards":true,"input_immutability":true}
{"record":"FixedSm89ExactN64AutoBoundaryV1","dtype":"f32","op":"nn","requested":"AUTO","expected":"Legacy","actual":"Legacy","symbol":"gemm_bi_f32_f32_s2","dims_mkn":[1,2304,768],"storage_rows":2066,"row_view":17,"float_offsets_abc":[0,0,1],"bias":true,"alpha_bits":1065353216,"beta_bits":0,"full_old_legacy_reference":true,"raw_full_output_and_row_slice":true,"eager_repeats":2,"poisoned_graph_replays":2,"actual_graph_symbol_geometry_abi_words":true,"guards":true,"input_immutability":true}
{"record":"FixedSm89ExactN64AutoBoundaryV1","dtype":"f32","op":"nn","requested":"AUTO","expected":"Legacy","actual":"Legacy","symbol":"gemm_bi_f32_f32_s2","dims_mkn":[17,2304,768],"storage_rows":2066,"row_view":17,"float_offsets_abc":[0,0,1],"bias":true,"alpha_bits":1065353216,"beta_bits":0,"full_old_legacy_reference":true,"raw_full_output_and_row_slice":true,"eager_repeats":2,"poisoned_graph_replays":2,"actual_graph_symbol_geometry_abi_words":true,"guards":true,"input_immutability":true}
{"record":"FixedSm89ExactN64AutoBoundaryV1","dtype":"f32","op":"nn","requested":"AUTO","expected":"Legacy","actual":"Legacy","symbol":"gemm_bi_f32_f32_s2","dims_mkn":[63,2304,768],"storage_rows":2066,"row_view":17,"float_offsets_abc":[0,0,1],"bias":true,"alpha_bits":1065353216,"beta_bits":0,"full_old_legacy_reference":true,"raw_full_output_and_row_slice":true,"eager_repeats":2,"poisoned_graph_replays":2,"actual_graph_symbol_geometry_abi_words":true,"guards":true,"input_immutability":true}
{"record":"FixedSm89ExactN64AutoBoundaryV1","dtype":"f32","op":"nn","requested":"AUTO","expected":"Legacy","actual":"Legacy","symbol":"gemm_bi_f32_f32_s2","dims_mkn":[64,2304,768],"storage_rows":2066,"row_view":17,"float_offsets_abc":[0,0,1],"bias":true,"alpha_bits":1065353216,"beta_bits":0,"full_old_legacy_reference":true,"raw_full_output_and_row_slice":true,"eager_repeats":2,"poisoned_graph_replays":2,"actual_graph_symbol_geometry_abi_words":true,"guards":true,"input_immutability":true}
{"record":"FixedSm89ExactN64AutoBoundaryV1","dtype":"f32","op":"nn","requested":"AUTO","expected":"Legacy","actual":"Legacy","symbol":"gemm_bi_f32_f32_s2","dims_mkn":[65,2304,768],"storage_rows":2066,"row_view":17,"float_offsets_abc":[0,0,1],"bias":true,"alpha_bits":1065353216,"beta_bits":0,"full_old_legacy_reference":true,"raw_full_output_and_row_slice":true,"eager_repeats":2,"poisoned_graph_replays":2,"actual_graph_symbol_geometry_abi_words":true,"guards":true,"input_immutability":true}
{"record":"FixedSm89ExactN64AutoBoundaryV1","dtype":"f32","op":"nn","requested":"AUTO","expected":"Legacy","actual":"Legacy","symbol":"gemm_bi_f32_f32_s2","dims_mkn":[127,2304,768],"storage_rows":2066,"row_view":17,"float_offsets_abc":[0,0,1],"bias":true,"alpha_bits":1065353216,"beta_bits":0,"full_old_legacy_reference":true,"raw_full_output_and_row_slice":true,"eager_repeats":2,"poisoned_graph_replays":2,"actual_graph_symbol_geometry_abi_words":true,"guards":true,"input_immutability":true}
{"record":"FixedSm89ExactN64AutoBoundaryV1","dtype":"f32","op":"nn","requested":"AUTO","expected":"Legacy","actual":"Legacy","symbol":"gemm_bi_f32_f32_s2","dims_mkn":[128,2304,768],"storage_rows":2066,"row_view":17,"float_offsets_abc":[0,0,1],"bias":true,"alpha_bits":1065353216,"beta_bits":0,"full_old_legacy_reference":true,"raw_full_output_and_row_slice":true,"eager_repeats":2,"poisoned_graph_replays":2,"actual_graph_symbol_geometry_abi_words":true,"guards":true,"input_immutability":true}
{"record":"FixedSm89ExactN64AutoBoundaryV1","dtype":"f32","op":"nn","requested":"AUTO","expected":"Legacy","actual":"Legacy","symbol":"gemm_bi_f32_f32_s2","dims_mkn":[129,2304,768],"storage_rows":2066,"row_view":17,"float_offsets_abc":[0,0,1],"bias":true,"alpha_bits":1065353216,"beta_bits":0,"full_old_legacy_reference":true,"raw_full_output_and_row_slice":true,"eager_repeats":2,"poisoned_graph_replays":2,"actual_graph_symbol_geometry_abi_words":true,"guards":true,"input_immutability":true}
{"record":"FixedSm89ExactN64AutoBoundaryV1","dtype":"f32","op":"nn","requested":"AUTO","expected":"F32Sm89N64CopyPlan","actual":"F32Sm89N64CopyPlan","symbol":"gemm_bi_nn_fixed_sm89_f32_n64_copyplan_v1","dims_mkn":[4621,768,2304],"storage_rows":4639,"row_view":0,"float_offsets_abc":[0,0,0],"bias":false,"alpha_bits":1065353216,"beta_bits":0,"full_old_legacy_reference":true,"raw_full_output_and_row_slice":true,"eager_repeats":2,"poisoned_graph_replays":2,"actual_graph_symbol_geometry_abi_words":true,"guards":true,"input_immutability":true}
{"record":"FixedSm89ExactN64AutoBoundaryV1","dtype":"f32","op":"nn","requested":"AUTO","expected":"Legacy","actual":"Legacy","symbol":"gemm_bi_f32_f32_s2","dims_mkn":[4620,768,2304],"storage_rows":4639,"row_view":0,"float_offsets_abc":[0,0,0],"bias":false,"alpha_bits":1065353216,"beta_bits":0,"full_old_legacy_reference":true,"raw_full_output_and_row_slice":true,"eager_repeats":2,"poisoned_graph_replays":2,"actual_graph_symbol_geometry_abi_words":true,"guards":true,"input_immutability":true}
{"record":"FixedSm89ExactN64AutoBoundaryV1","dtype":"f32","op":"nn","requested":"AUTO","expected":"Legacy","actual":"Legacy","symbol":"gemm_bi_f32_f32_s2","dims_mkn":[4622,768,2304],"storage_rows":4639,"row_view":0,"float_offsets_abc":[0,0,0],"bias":false,"alpha_bits":1065353216,"beta_bits":0,"full_old_legacy_reference":true,"raw_full_output_and_row_slice":true,"eager_repeats":2,"poisoned_graph_replays":2,"actual_graph_symbol_geometry_abi_words":true,"guards":true,"input_immutability":true}
{"record":"FixedSm89ExactN64AutoBoundaryV1","dtype":"f32","op":"nn","requested":"AUTO","expected":"Legacy","actual":"Legacy","symbol":"gemm_bi_f32_f32_s2","dims_mkn":[1,768,2304],"storage_rows":4639,"row_view":0,"float_offsets_abc":[0,0,0],"bias":false,"alpha_bits":1065353216,"beta_bits":0,"full_old_legacy_reference":true,"raw_full_output_and_row_slice":true,"eager_repeats":2,"poisoned_graph_replays":2,"actual_graph_symbol_geometry_abi_words":true,"guards":true,"input_immutability":true}
{"record":"FixedSm89ExactN64AutoBoundaryV1","dtype":"f32","op":"nn","requested":"AUTO","expected":"Legacy","actual":"Legacy","symbol":"gemm_bi_f32_f32_s2","dims_mkn":[17,768,2304],"storage_rows":4639,"row_view":0,"float_offsets_abc":[0,0,0],"bias":false,"alpha_bits":1065353216,"beta_bits":0,"full_old_legacy_reference":true,"raw_full_output_and_row_slice":true,"eager_repeats":2,"poisoned_graph_replays":2,"actual_graph_symbol_geometry_abi_words":true,"guards":true,"input_immutability":true}
{"record":"FixedSm89ExactN64AutoBoundaryV1","dtype":"f32","op":"nn","requested":"AUTO","expected":"Legacy","actual":"Legacy","symbol":"gemm_bi_f32_f32_s2","dims_mkn":[63,768,2304],"storage_rows":4639,"row_view":0,"float_offsets_abc":[0,0,0],"bias":false,"alpha_bits":1065353216,"beta_bits":0,"full_old_legacy_reference":true,"raw_full_output_and_row_slice":true,"eager_repeats":2,"poisoned_graph_replays":2,"actual_graph_symbol_geometry_abi_words":true,"guards":true,"input_immutability":true}
{"record":"FixedSm89ExactN64AutoBoundaryV1","dtype":"f32","op":"nn","requested":"AUTO","expected":"Legacy","actual":"Legacy","symbol":"gemm_bi_f32_f32_s2","dims_mkn":[64,768,2304],"storage_rows":4639,"row_view":0,"float_offsets_abc":[0,0,0],"bias":false,"alpha_bits":1065353216,"beta_bits":0,"full_old_legacy_reference":true,"raw_full_output_and_row_slice":true,"eager_repeats":2,"poisoned_graph_replays":2,"actual_graph_symbol_geometry_abi_words":true,"guards":true,"input_immutability":true}
{"record":"FixedSm89ExactN64AutoBoundaryV1","dtype":"f32","op":"nn","requested":"AUTO","expected":"Legacy","actual":"Legacy","symbol":"gemm_bi_f32_f32_s2","dims_mkn":[65,768,2304],"storage_rows":4639,"row_view":0,"float_offsets_abc":[0,0,0],"bias":false,"alpha_bits":1065353216,"beta_bits":0,"full_old_legacy_reference":true,"raw_full_output_and_row_slice":true,"eager_repeats":2,"poisoned_graph_replays":2,"actual_graph_symbol_geometry_abi_words":true,"guards":true,"input_immutability":true}
{"record":"FixedSm89ExactN64AutoBoundaryV1","dtype":"f32","op":"nn","requested":"AUTO","expected":"Legacy","actual":"Legacy","symbol":"gemm_bi_f32_f32_s2","dims_mkn":[127,768,2304],"storage_rows":4639,"row_view":0,"float_offsets_abc":[0,0,0],"bias":false,"alpha_bits":1065353216,"beta_bits":0,"full_old_legacy_reference":true,"raw_full_output_and_row_slice":true,"eager_repeats":2,"poisoned_graph_replays":2,"actual_graph_symbol_geometry_abi_words":true,"guards":true,"input_immutability":true}
{"record":"FixedSm89ExactN64AutoBoundaryV1","dtype":"f32","op":"nn","requested":"AUTO","expected":"Legacy","actual":"Legacy","symbol":"gemm_bi_f32_f32_s2","dims_mkn":[128,768,2304],"storage_rows":4639,"row_view":0,"float_offsets_abc":[0,0,0],"bias":false,"alpha_bits":1065353216,"beta_bits":0,"full_old_legacy_reference":true,"raw_full_output_and_row_slice":true,"eager_repeats":2,"poisoned_graph_replays":2,"actual_graph_symbol_geometry_abi_words":true,"guards":true,"input_immutability":true}
{"record":"FixedSm89ExactN64AutoBoundaryV1","dtype":"f32","op":"nn","requested":"AUTO","expected":"Legacy","actual":"Legacy","symbol":"gemm_bi_f32_f32_s2","dims_mkn":[129,768,2304],"storage_rows":4639,"row_view":0,"float_offsets_abc":[0,0,0],"bias":false,"alpha_bits":1065353216,"beta_bits":0,"full_old_legacy_reference":true,"raw_full_output_and_row_slice":true,"eager_repeats":2,"poisoned_graph_replays":2,"actual_graph_symbol_geometry_abi_words":true,"guards":true,"input_immutability":true}
{"record":"FixedSm89ExactN64AutoBoundaryV1","dtype":"f32","op":"nn","requested":"AUTO","expected":"F32Sm89N64CopyPlan","actual":"F32Sm89N64CopyPlan","symbol":"gemm_bi_nn_fixed_sm89_f32_n64_copyplan_v1","dims_mkn":[4621,768,2304],"storage_rows":4639,"row_view":17,"float_offsets_abc":[0,0,0],"bias":false,"alpha_bits":1065353216,"beta_bits":0,"full_old_legacy_reference":true,"raw_full_output_and_row_slice":true,"eager_repeats":2,"poisoned_graph_replays":2,"actual_graph_symbol_geometry_abi_words":true,"guards":true,"input_immutability":true}
{"record":"FixedSm89ExactN64AutoBoundaryV1","dtype":"f32","op":"nn","requested":"AUTO","expected":"Legacy","actual":"Legacy","symbol":"gemm_bi_f32_f32_s2","dims_mkn":[4620,768,2304],"storage_rows":4639,"row_view":17,"float_offsets_abc":[0,0,0],"bias":false,"alpha_bits":1065353216,"beta_bits":0,"full_old_legacy_reference":true,"raw_full_output_and_row_slice":true,"eager_repeats":2,"poisoned_graph_replays":2,"actual_graph_symbol_geometry_abi_words":true,"guards":true,"input_immutability":true}
{"record":"FixedSm89ExactN64AutoBoundaryV1","dtype":"f32","op":"nn","requested":"AUTO","expected":"Legacy","actual":"Legacy","symbol":"gemm_bi_f32_f32_s2","dims_mkn":[4622,768,2304],"storage_rows":4639,"row_view":17,"float_offsets_abc":[0,0,0],"bias":false,"alpha_bits":1065353216,"beta_bits":0,"full_old_legacy_reference":true,"raw_full_output_and_row_slice":true,"eager_repeats":2,"poisoned_graph_replays":2,"actual_graph_symbol_geometry_abi_words":true,"guards":true,"input_immutability":true}
{"record":"FixedSm89ExactN64AutoBoundaryV1","dtype":"f32","op":"nn","requested":"AUTO","expected":"Legacy","actual":"Legacy","symbol":"gemm_bi_f32_f32_s2","dims_mkn":[1,768,2304],"storage_rows":4639,"row_view":17,"float_offsets_abc":[0,0,0],"bias":false,"alpha_bits":1065353216,"beta_bits":0,"full_old_legacy_reference":true,"raw_full_output_and_row_slice":true,"eager_repeats":2,"poisoned_graph_replays":2,"actual_graph_symbol_geometry_abi_words":true,"guards":true,"input_immutability":true}
{"record":"FixedSm89ExactN64AutoBoundaryV1","dtype":"f32","op":"nn","requested":"AUTO","expected":"Legacy","actual":"Legacy","symbol":"gemm_bi_f32_f32_s2","dims_mkn":[17,768,2304],"storage_rows":4639,"row_view":17,"float_offsets_abc":[0,0,0],"bias":false,"alpha_bits":1065353216,"beta_bits":0,"full_old_legacy_reference":true,"raw_full_output_and_row_slice":true,"eager_repeats":2,"poisoned_graph_replays":2,"actual_graph_symbol_geometry_abi_words":true,"guards":true,"input_immutability":true}
{"record":"FixedSm89ExactN64AutoBoundaryV1","dtype":"f32","op":"nn","requested":"AUTO","expected":"Legacy","actual":"Legacy","symbol":"gemm_bi_f32_f32_s2","dims_mkn":[63,768,2304],"storage_rows":4639,"row_view":17,"float_offsets_abc":[0,0,0],"bias":false,"alpha_bits":1065353216,"beta_bits":0,"full_old_legacy_reference":true,"raw_full_output_and_row_slice":true,"eager_repeats":2,"poisoned_graph_replays":2,"actual_graph_symbol_geometry_abi_words":true,"guards":true,"input_immutability":true}
{"record":"FixedSm89ExactN64AutoBoundaryV1","dtype":"f32","op":"nn","requested":"AUTO","expected":"Legacy","actual":"Legacy","symbol":"gemm_bi_f32_f32_s2","dims_mkn":[64,768,2304],"storage_rows":4639,"row_view":17,"float_offsets_abc":[0,0,0],"bias":false,"alpha_bits":1065353216,"beta_bits":0,"full_old_legacy_reference":true,"raw_full_output_and_row_slice":true,"eager_repeats":2,"poisoned_graph_replays":2,"actual_graph_symbol_geometry_abi_words":true,"guards":true,"input_immutability":true}
{"record":"FixedSm89ExactN64AutoBoundaryV1","dtype":"f32","op":"nn","requested":"AUTO","expected":"Legacy","actual":"Legacy","symbol":"gemm_bi_f32_f32_s2","dims_mkn":[65,768,2304],"storage_rows":4639,"row_view":17,"float_offsets_abc":[0,0,0],"bias":false,"alpha_bits":1065353216,"beta_bits":0,"full_old_legacy_reference":true,"raw_full_output_and_row_slice":true,"eager_repeats":2,"poisoned_graph_replays":2,"actual_graph_symbol_geometry_abi_words":true,"guards":true,"input_immutability":true}
{"record":"FixedSm89ExactN64AutoBoundaryV1","dtype":"f32","op":"nn","requested":"AUTO","expected":"Legacy","actual":"Legacy","symbol":"gemm_bi_f32_f32_s2","dims_mkn":[127,768,2304],"storage_rows":4639,"row_view":17,"float_offsets_abc":[0,0,0],"bias":false,"alpha_bits":1065353216,"beta_bits":0,"full_old_legacy_reference":true,"raw_full_output_and_row_slice":true,"eager_repeats":2,"poisoned_graph_replays":2,"actual_graph_symbol_geometry_abi_words":true,"guards":true,"input_immutability":true}
{"record":"FixedSm89ExactN64AutoBoundaryV1","dtype":"f32","op":"nn","requested":"AUTO","expected":"Legacy","actual":"Legacy","symbol":"gemm_bi_f32_f32_s2","dims_mkn":[128,768,2304],"storage_rows":4639,"row_view":17,"float_offsets_abc":[0,0,0],"bias":false,"alpha_bits":1065353216,"beta_bits":0,"full_old_legacy_reference":true,"raw_full_output_and_row_slice":true,"eager_repeats":2,"poisoned_graph_replays":2,"actual_graph_symbol_geometry_abi_words":true,"guards":true,"input_immutability":true}
{"record":"FixedSm89ExactN64AutoBoundaryV1","dtype":"f32","op":"nn","requested":"AUTO","expected":"Legacy","actual":"Legacy","symbol":"gemm_bi_f32_f32_s2","dims_mkn":[129,768,2304],"storage_rows":4639,"row_view":17,"float_offsets_abc":[0,0,0],"bias":false,"alpha_bits":1065353216,"beta_bits":0,"full_old_legacy_reference":true,"raw_full_output_and_row_slice":true,"eager_repeats":2,"poisoned_graph_replays":2,"actual_graph_symbol_geometry_abi_words":true,"guards":true,"input_immutability":true}
{"record":"FixedSm89ExactN64AutoBoundaryV1","dtype":"f32","op":"nn","requested":"AUTO","expected":"Legacy","actual":"Legacy","symbol":"gemm_bi_f32_f32_s2","dims_mkn":[4621,768,2304],"storage_rows":4639,"row_view":0,"float_offsets_abc":[1,0,0],"bias":false,"alpha_bits":1065353216,"beta_bits":0,"full_old_legacy_reference":true,"raw_full_output_and_row_slice":true,"eager_repeats":2,"poisoned_graph_replays":2,"actual_graph_symbol_geometry_abi_words":true,"guards":true,"input_immutability":true}
{"record":"FixedSm89ExactN64AutoBoundaryV1","dtype":"f32","op":"nn","requested":"AUTO","expected":"Legacy","actual":"Legacy","symbol":"gemm_bi_f32_f32_s2","dims_mkn":[4620,768,2304],"storage_rows":4639,"row_view":0,"float_offsets_abc":[1,0,0],"bias":false,"alpha_bits":1065353216,"beta_bits":0,"full_old_legacy_reference":true,"raw_full_output_and_row_slice":true,"eager_repeats":2,"poisoned_graph_replays":2,"actual_graph_symbol_geometry_abi_words":true,"guards":true,"input_immutability":true}
{"record":"FixedSm89ExactN64AutoBoundaryV1","dtype":"f32","op":"nn","requested":"AUTO","expected":"Legacy","actual":"Legacy","symbol":"gemm_bi_f32_f32_s2","dims_mkn":[4622,768,2304],"storage_rows":4639,"row_view":0,"float_offsets_abc":[1,0,0],"bias":false,"alpha_bits":1065353216,"beta_bits":0,"full_old_legacy_reference":true,"raw_full_output_and_row_slice":true,"eager_repeats":2,"poisoned_graph_replays":2,"actual_graph_symbol_geometry_abi_words":true,"guards":true,"input_immutability":true}
{"record":"FixedSm89ExactN64AutoBoundaryV1","dtype":"f32","op":"nn","requested":"AUTO","expected":"Legacy","actual":"Legacy","symbol":"gemm_bi_f32_f32_s2","dims_mkn":[1,768,2304],"storage_rows":4639,"row_view":0,"float_offsets_abc":[1,0,0],"bias":false,"alpha_bits":1065353216,"beta_bits":0,"full_old_legacy_reference":true,"raw_full_output_and_row_slice":true,"eager_repeats":2,"poisoned_graph_replays":2,"actual_graph_symbol_geometry_abi_words":true,"guards":true,"input_immutability":true}
{"record":"FixedSm89ExactN64AutoBoundaryV1","dtype":"f32","op":"nn","requested":"AUTO","expected":"Legacy","actual":"Legacy","symbol":"gemm_bi_f32_f32_s2","dims_mkn":[17,768,2304],"storage_rows":4639,"row_view":0,"float_offsets_abc":[1,0,0],"bias":false,"alpha_bits":1065353216,"beta_bits":0,"full_old_legacy_reference":true,"raw_full_output_and_row_slice":true,"eager_repeats":2,"poisoned_graph_replays":2,"actual_graph_symbol_geometry_abi_words":true,"guards":true,"input_immutability":true}
{"record":"FixedSm89ExactN64AutoBoundaryV1","dtype":"f32","op":"nn","requested":"AUTO","expected":"Legacy","actual":"Legacy","symbol":"gemm_bi_f32_f32_s2","dims_mkn":[63,768,2304],"storage_rows":4639,"row_view":0,"float_offsets_abc":[1,0,0],"bias":false,"alpha_bits":1065353216,"beta_bits":0,"full_old_legacy_reference":true,"raw_full_output_and_row_slice":true,"eager_repeats":2,"poisoned_graph_replays":2,"actual_graph_symbol_geometry_abi_words":true,"guards":true,"input_immutability":true}
{"record":"FixedSm89ExactN64AutoBoundaryV1","dtype":"f32","op":"nn","requested":"AUTO","expected":"Legacy","actual":"Legacy","symbol":"gemm_bi_f32_f32_s2","dims_mkn":[64,768,2304],"storage_rows":4639,"row_view":0,"float_offsets_abc":[1,0,0],"bias":false,"alpha_bits":1065353216,"beta_bits":0,"full_old_legacy_reference":true,"raw_full_output_and_row_slice":true,"eager_repeats":2,"poisoned_graph_replays":2,"actual_graph_symbol_geometry_abi_words":true,"guards":true,"input_immutability":true}
{"record":"FixedSm89ExactN64AutoBoundaryV1","dtype":"f32","op":"nn","requested":"AUTO","expected":"Legacy","actual":"Legacy","symbol":"gemm_bi_f32_f32_s2","dims_mkn":[65,768,2304],"storage_rows":4639,"row_view":0,"float_offsets_abc":[1,0,0],"bias":false,"alpha_bits":1065353216,"beta_bits":0,"full_old_legacy_reference":true,"raw_full_output_and_row_slice":true,"eager_repeats":2,"poisoned_graph_replays":2,"actual_graph_symbol_geometry_abi_words":true,"guards":true,"input_immutability":true}
{"record":"FixedSm89ExactN64AutoBoundaryV1","dtype":"f32","op":"nn","requested":"AUTO","expected":"Legacy","actual":"Legacy","symbol":"gemm_bi_f32_f32_s2","dims_mkn":[127,768,2304],"storage_rows":4639,"row_view":0,"float_offsets_abc":[1,0,0],"bias":false,"alpha_bits":1065353216,"beta_bits":0,"full_old_legacy_reference":true,"raw_full_output_and_row_slice":true,"eager_repeats":2,"poisoned_graph_replays":2,"actual_graph_symbol_geometry_abi_words":true,"guards":true,"input_immutability":true}
{"record":"FixedSm89ExactN64AutoBoundaryV1","dtype":"f32","op":"nn","requested":"AUTO","expected":"Legacy","actual":"Legacy","symbol":"gemm_bi_f32_f32_s2","dims_mkn":[128,768,2304],"storage_rows":4639,"row_view":0,"float_offsets_abc":[1,0,0],"bias":false,"alpha_bits":1065353216,"beta_bits":0,"full_old_legacy_reference":true,"raw_full_output_and_row_slice":true,"eager_repeats":2,"poisoned_graph_replays":2,"actual_graph_symbol_geometry_abi_words":true,"guards":true,"input_immutability":true}
{"record":"FixedSm89ExactN64AutoBoundaryV1","dtype":"f32","op":"nn","requested":"AUTO","expected":"Legacy","actual":"Legacy","symbol":"gemm_bi_f32_f32_s2","dims_mkn":[129,768,2304],"storage_rows":4639,"row_view":0,"float_offsets_abc":[1,0,0],"bias":false,"alpha_bits":1065353216,"beta_bits":0,"full_old_legacy_reference":true,"raw_full_output_and_row_slice":true,"eager_repeats":2,"poisoned_graph_replays":2,"actual_graph_symbol_geometry_abi_words":true,"guards":true,"input_immutability":true}
{"record":"FixedSm89ExactN64AutoBoundaryV1","dtype":"f32","op":"nn","requested":"AUTO","expected":"Legacy","actual":"Legacy","symbol":"gemm_bi_f32_f32_s2","dims_mkn":[4621,768,2304],"storage_rows":4639,"row_view":17,"float_offsets_abc":[1,0,0],"bias":false,"alpha_bits":1065353216,"beta_bits":0,"full_old_legacy_reference":true,"raw_full_output_and_row_slice":true,"eager_repeats":2,"poisoned_graph_replays":2,"actual_graph_symbol_geometry_abi_words":true,"guards":true,"input_immutability":true}
{"record":"FixedSm89ExactN64AutoBoundaryV1","dtype":"f32","op":"nn","requested":"AUTO","expected":"Legacy","actual":"Legacy","symbol":"gemm_bi_f32_f32_s2","dims_mkn":[4620,768,2304],"storage_rows":4639,"row_view":17,"float_offsets_abc":[1,0,0],"bias":false,"alpha_bits":1065353216,"beta_bits":0,"full_old_legacy_reference":true,"raw_full_output_and_row_slice":true,"eager_repeats":2,"poisoned_graph_replays":2,"actual_graph_symbol_geometry_abi_words":true,"guards":true,"input_immutability":true}
{"record":"FixedSm89ExactN64AutoBoundaryV1","dtype":"f32","op":"nn","requested":"AUTO","expected":"Legacy","actual":"Legacy","symbol":"gemm_bi_f32_f32_s2","dims_mkn":[4622,768,2304],"storage_rows":4639,"row_view":17,"float_offsets_abc":[1,0,0],"bias":false,"alpha_bits":1065353216,"beta_bits":0,"full_old_legacy_reference":true,"raw_full_output_and_row_slice":true,"eager_repeats":2,"poisoned_graph_replays":2,"actual_graph_symbol_geometry_abi_words":true,"guards":true,"input_immutability":true}
{"record":"FixedSm89ExactN64AutoBoundaryV1","dtype":"f32","op":"nn","requested":"AUTO","expected":"Legacy","actual":"Legacy","symbol":"gemm_bi_f32_f32_s2","dims_mkn":[1,768,2304],"storage_rows":4639,"row_view":17,"float_offsets_abc":[1,0,0],"bias":false,"alpha_bits":1065353216,"beta_bits":0,"full_old_legacy_reference":true,"raw_full_output_and_row_slice":true,"eager_repeats":2,"poisoned_graph_replays":2,"actual_graph_symbol_geometry_abi_words":true,"guards":true,"input_immutability":true}
{"record":"FixedSm89ExactN64AutoBoundaryV1","dtype":"f32","op":"nn","requested":"AUTO","expected":"Legacy","actual":"Legacy","symbol":"gemm_bi_f32_f32_s2","dims_mkn":[17,768,2304],"storage_rows":4639,"row_view":17,"float_offsets_abc":[1,0,0],"bias":false,"alpha_bits":1065353216,"beta_bits":0,"full_old_legacy_reference":true,"raw_full_output_and_row_slice":true,"eager_repeats":2,"poisoned_graph_replays":2,"actual_graph_symbol_geometry_abi_words":true,"guards":true,"input_immutability":true}
{"record":"FixedSm89ExactN64AutoBoundaryV1","dtype":"f32","op":"nn","requested":"AUTO","expected":"Legacy","actual":"Legacy","symbol":"gemm_bi_f32_f32_s2","dims_mkn":[63,768,2304],"storage_rows":4639,"row_view":17,"float_offsets_abc":[1,0,0],"bias":false,"alpha_bits":1065353216,"beta_bits":0,"full_old_legacy_reference":true,"raw_full_output_and_row_slice":true,"eager_repeats":2,"poisoned_graph_replays":2,"actual_graph_symbol_geometry_abi_words":true,"guards":true,"input_immutability":true}
{"record":"FixedSm89ExactN64AutoBoundaryV1","dtype":"f32","op":"nn","requested":"AUTO","expected":"Legacy","actual":"Legacy","symbol":"gemm_bi_f32_f32_s2","dims_mkn":[64,768,2304],"storage_rows":4639,"row_view":17,"float_offsets_abc":[1,0,0],"bias":false,"alpha_bits":1065353216,"beta_bits":0,"full_old_legacy_reference":true,"raw_full_output_and_row_slice":true,"eager_repeats":2,"poisoned_graph_replays":2,"actual_graph_symbol_geometry_abi_words":true,"guards":true,"input_immutability":true}
{"record":"FixedSm89ExactN64AutoBoundaryV1","dtype":"f32","op":"nn","requested":"AUTO","expected":"Legacy","actual":"Legacy","symbol":"gemm_bi_f32_f32_s2","dims_mkn":[65,768,2304],"storage_rows":4639,"row_view":17,"float_offsets_abc":[1,0,0],"bias":false,"alpha_bits":1065353216,"beta_bits":0,"full_old_legacy_reference":true,"raw_full_output_and_row_slice":true,"eager_repeats":2,"poisoned_graph_replays":2,"actual_graph_symbol_geometry_abi_words":true,"guards":true,"input_immutability":true}
{"record":"FixedSm89ExactN64AutoBoundaryV1","dtype":"f32","op":"nn","requested":"AUTO","expected":"Legacy","actual":"Legacy","symbol":"gemm_bi_f32_f32_s2","dims_mkn":[127,768,2304],"storage_rows":4639,"row_view":17,"float_offsets_abc":[1,0,0],"bias":false,"alpha_bits":1065353216,"beta_bits":0,"full_old_legacy_reference":true,"raw_full_output_and_row_slice":true,"eager_repeats":2,"poisoned_graph_replays":2,"actual_graph_symbol_geometry_abi_words":true,"guards":true,"input_immutability":true}
{"record":"FixedSm89ExactN64AutoBoundaryV1","dtype":"f32","op":"nn","requested":"AUTO","expected":"Legacy","actual":"Legacy","symbol":"gemm_bi_f32_f32_s2","dims_mkn":[128,768,2304],"storage_rows":4639,"row_view":17,"float_offsets_abc":[1,0,0],"bias":false,"alpha_bits":1065353216,"beta_bits":0,"full_old_legacy_reference":true,"raw_full_output_and_row_slice":true,"eager_repeats":2,"poisoned_graph_replays":2,"actual_graph_symbol_geometry_abi_words":true,"guards":true,"input_immutability":true}
{"record":"FixedSm89ExactN64AutoBoundaryV1","dtype":"f32","op":"nn","requested":"AUTO","expected":"Legacy","actual":"Legacy","symbol":"gemm_bi_f32_f32_s2","dims_mkn":[129,768,2304],"storage_rows":4639,"row_view":17,"float_offsets_abc":[1,0,0],"bias":false,"alpha_bits":1065353216,"beta_bits":0,"full_old_legacy_reference":true,"raw_full_output_and_row_slice":true,"eager_repeats":2,"poisoned_graph_replays":2,"actual_graph_symbol_geometry_abi_words":true,"guards":true,"input_immutability":true}
{"record":"FixedSm89ExactN64AutoBoundaryV1","dtype":"f32","op":"nn","requested":"AUTO","expected":"Legacy","actual":"Legacy","symbol":"gemm_bi_f32_f32_s2","dims_mkn":[4621,768,2304],"storage_rows":4639,"row_view":0,"float_offsets_abc":[0,1,0],"bias":false,"alpha_bits":1065353216,"beta_bits":0,"full_old_legacy_reference":true,"raw_full_output_and_row_slice":true,"eager_repeats":2,"poisoned_graph_replays":2,"actual_graph_symbol_geometry_abi_words":true,"guards":true,"input_immutability":true}
{"record":"FixedSm89ExactN64AutoBoundaryV1","dtype":"f32","op":"nn","requested":"AUTO","expected":"Legacy","actual":"Legacy","symbol":"gemm_bi_f32_f32_s2","dims_mkn":[4620,768,2304],"storage_rows":4639,"row_view":0,"float_offsets_abc":[0,1,0],"bias":false,"alpha_bits":1065353216,"beta_bits":0,"full_old_legacy_reference":true,"raw_full_output_and_row_slice":true,"eager_repeats":2,"poisoned_graph_replays":2,"actual_graph_symbol_geometry_abi_words":true,"guards":true,"input_immutability":true}
{"record":"FixedSm89ExactN64AutoBoundaryV1","dtype":"f32","op":"nn","requested":"AUTO","expected":"Legacy","actual":"Legacy","symbol":"gemm_bi_f32_f32_s2","dims_mkn":[4622,768,2304],"storage_rows":4639,"row_view":0,"float_offsets_abc":[0,1,0],"bias":false,"alpha_bits":1065353216,"beta_bits":0,"full_old_legacy_reference":true,"raw_full_output_and_row_slice":true,"eager_repeats":2,"poisoned_graph_replays":2,"actual_graph_symbol_geometry_abi_words":true,"guards":true,"input_immutability":true}
{"record":"FixedSm89ExactN64AutoBoundaryV1","dtype":"f32","op":"nn","requested":"AUTO","expected":"Legacy","actual":"Legacy","symbol":"gemm_bi_f32_f32_s2","dims_mkn":[1,768,2304],"storage_rows":4639,"row_view":0,"float_offsets_abc":[0,1,0],"bias":false,"alpha_bits":1065353216,"beta_bits":0,"full_old_legacy_reference":true,"raw_full_output_and_row_slice":true,"eager_repeats":2,"poisoned_graph_replays":2,"actual_graph_symbol_geometry_abi_words":true,"guards":true,"input_immutability":true}
{"record":"FixedSm89ExactN64AutoBoundaryV1","dtype":"f32","op":"nn","requested":"AUTO","expected":"Legacy","actual":"Legacy","symbol":"gemm_bi_f32_f32_s2","dims_mkn":[17,768,2304],"storage_rows":4639,"row_view":0,"float_offsets_abc":[0,1,0],"bias":false,"alpha_bits":1065353216,"beta_bits":0,"full_old_legacy_reference":true,"raw_full_output_and_row_slice":true,"eager_repeats":2,"poisoned_graph_replays":2,"actual_graph_symbol_geometry_abi_words":true,"guards":true,"input_immutability":true}
{"record":"FixedSm89ExactN64AutoBoundaryV1","dtype":"f32","op":"nn","requested":"AUTO","expected":"Legacy","actual":"Legacy","symbol":"gemm_bi_f32_f32_s2","dims_mkn":[63,768,2304],"storage_rows":4639,"row_view":0,"float_offsets_abc":[0,1,0],"bias":false,"alpha_bits":1065353216,"beta_bits":0,"full_old_legacy_reference":true,"raw_full_output_and_row_slice":true,"eager_repeats":2,"poisoned_graph_replays":2,"actual_graph_symbol_geometry_abi_words":true,"guards":true,"input_immutability":true}
{"record":"FixedSm89ExactN64AutoBoundaryV1","dtype":"f32","op":"nn","requested":"AUTO","expected":"Legacy","actual":"Legacy","symbol":"gemm_bi_f32_f32_s2","dims_mkn":[64,768,2304],"storage_rows":4639,"row_view":0,"float_offsets_abc":[0,1,0],"bias":false,"alpha_bits":1065353216,"beta_bits":0,"full_old_legacy_reference":true,"raw_full_output_and_row_slice":true,"eager_repeats":2,"poisoned_graph_replays":2,"actual_graph_symbol_geometry_abi_words":true,"guards":true,"input_immutability":true}
{"record":"FixedSm89ExactN64AutoBoundaryV1","dtype":"f32","op":"nn","requested":"AUTO","expected":"Legacy","actual":"Legacy","symbol":"gemm_bi_f32_f32_s2","dims_mkn":[65,768,2304],"storage_rows":4639,"row_view":0,"float_offsets_abc":[0,1,0],"bias":false,"alpha_bits":1065353216,"beta_bits":0,"full_old_legacy_reference":true,"raw_full_output_and_row_slice":true,"eager_repeats":2,"poisoned_graph_replays":2,"actual_graph_symbol_geometry_abi_words":true,"guards":true,"input_immutability":true}
{"record":"FixedSm89ExactN64AutoBoundaryV1","dtype":"f32","op":"nn","requested":"AUTO","expected":"Legacy","actual":"Legacy","symbol":"gemm_bi_f32_f32_s2","dims_mkn":[127,768,2304],"storage_rows":4639,"row_view":0,"float_offsets_abc":[0,1,0],"bias":false,"alpha_bits":1065353216,"beta_bits":0,"full_old_legacy_reference":true,"raw_full_output_and_row_slice":true,"eager_repeats":2,"poisoned_graph_replays":2,"actual_graph_symbol_geometry_abi_words":true,"guards":true,"input_immutability":true}
{"record":"FixedSm89ExactN64AutoBoundaryV1","dtype":"f32","op":"nn","requested":"AUTO","expected":"Legacy","actual":"Legacy","symbol":"gemm_bi_f32_f32_s2","dims_mkn":[128,768,2304],"storage_rows":4639,"row_view":0,"float_offsets_abc":[0,1,0],"bias":false,"alpha_bits":1065353216,"beta_bits":0,"full_old_legacy_reference":true,"raw_full_output_and_row_slice":true,"eager_repeats":2,"poisoned_graph_replays":2,"actual_graph_symbol_geometry_abi_words":true,"guards":true,"input_immutability":true}
{"record":"FixedSm89ExactN64AutoBoundaryV1","dtype":"f32","op":"nn","requested":"AUTO","expected":"Legacy","actual":"Legacy","symbol":"gemm_bi_f32_f32_s2","dims_mkn":[129,768,2304],"storage_rows":4639,"row_view":0,"float_offsets_abc":[0,1,0],"bias":false,"alpha_bits":1065353216,"beta_bits":0,"full_old_legacy_reference":true,"raw_full_output_and_row_slice":true,"eager_repeats":2,"poisoned_graph_replays":2,"actual_graph_symbol_geometry_abi_words":true,"guards":true,"input_immutability":true}
{"record":"FixedSm89ExactN64AutoBoundaryV1","dtype":"f32","op":"nn","requested":"AUTO","expected":"Legacy","actual":"Legacy","symbol":"gemm_bi_f32_f32_s2","dims_mkn":[4621,768,2304],"storage_rows":4639,"row_view":17,"float_offsets_abc":[0,1,0],"bias":false,"alpha_bits":1065353216,"beta_bits":0,"full_old_legacy_reference":true,"raw_full_output_and_row_slice":true,"eager_repeats":2,"poisoned_graph_replays":2,"actual_graph_symbol_geometry_abi_words":true,"guards":true,"input_immutability":true}
{"record":"FixedSm89ExactN64AutoBoundaryV1","dtype":"f32","op":"nn","requested":"AUTO","expected":"Legacy","actual":"Legacy","symbol":"gemm_bi_f32_f32_s2","dims_mkn":[4620,768,2304],"storage_rows":4639,"row_view":17,"float_offsets_abc":[0,1,0],"bias":false,"alpha_bits":1065353216,"beta_bits":0,"full_old_legacy_reference":true,"raw_full_output_and_row_slice":true,"eager_repeats":2,"poisoned_graph_replays":2,"actual_graph_symbol_geometry_abi_words":true,"guards":true,"input_immutability":true}
{"record":"FixedSm89ExactN64AutoBoundaryV1","dtype":"f32","op":"nn","requested":"AUTO","expected":"Legacy","actual":"Legacy","symbol":"gemm_bi_f32_f32_s2","dims_mkn":[4622,768,2304],"storage_rows":4639,"row_view":17,"float_offsets_abc":[0,1,0],"bias":false,"alpha_bits":1065353216,"beta_bits":0,"full_old_legacy_reference":true,"raw_full_output_and_row_slice":true,"eager_repeats":2,"poisoned_graph_replays":2,"actual_graph_symbol_geometry_abi_words":true,"guards":true,"input_immutability":true}
{"record":"FixedSm89ExactN64AutoBoundaryV1","dtype":"f32","op":"nn","requested":"AUTO","expected":"Legacy","actual":"Legacy","symbol":"gemm_bi_f32_f32_s2","dims_mkn":[1,768,2304],"storage_rows":4639,"row_view":17,"float_offsets_abc":[0,1,0],"bias":false,"alpha_bits":1065353216,"beta_bits":0,"full_old_legacy_reference":true,"raw_full_output_and_row_slice":true,"eager_repeats":2,"poisoned_graph_replays":2,"actual_graph_symbol_geometry_abi_words":true,"guards":true,"input_immutability":true}
{"record":"FixedSm89ExactN64AutoBoundaryV1","dtype":"f32","op":"nn","requested":"AUTO","expected":"Legacy","actual":"Legacy","symbol":"gemm_bi_f32_f32_s2","dims_mkn":[17,768,2304],"storage_rows":4639,"row_view":17,"float_offsets_abc":[0,1,0],"bias":false,"alpha_bits":1065353216,"beta_bits":0,"full_old_legacy_reference":true,"raw_full_output_and_row_slice":true,"eager_repeats":2,"poisoned_graph_replays":2,"actual_graph_symbol_geometry_abi_words":true,"guards":true,"input_immutability":true}
{"record":"FixedSm89ExactN64AutoBoundaryV1","dtype":"f32","op":"nn","requested":"AUTO","expected":"Legacy","actual":"Legacy","symbol":"gemm_bi_f32_f32_s2","dims_mkn":[63,768,2304],"storage_rows":4639,"row_view":17,"float_offsets_abc":[0,1,0],"bias":false,"alpha_bits":1065353216,"beta_bits":0,"full_old_legacy_reference":true,"raw_full_output_and_row_slice":true,"eager_repeats":2,"poisoned_graph_replays":2,"actual_graph_symbol_geometry_abi_words":true,"guards":true,"input_immutability":true}
{"record":"FixedSm89ExactN64AutoBoundaryV1","dtype":"f32","op":"nn","requested":"AUTO","expected":"Legacy","actual":"Legacy","symbol":"gemm_bi_f32_f32_s2","dims_mkn":[64,768,2304],"storage_rows":4639,"row_view":17,"float_offsets_abc":[0,1,0],"bias":false,"alpha_bits":1065353216,"beta_bits":0,"full_old_legacy_reference":true,"raw_full_output_and_row_slice":true,"eager_repeats":2,"poisoned_graph_replays":2,"actual_graph_symbol_geometry_abi_words":true,"guards":true,"input_immutability":true}
{"record":"FixedSm89ExactN64AutoBoundaryV1","dtype":"f32","op":"nn","requested":"AUTO","expected":"Legacy","actual":"Legacy","symbol":"gemm_bi_f32_f32_s2","dims_mkn":[65,768,2304],"storage_rows":4639,"row_view":17,"float_offsets_abc":[0,1,0],"bias":false,"alpha_bits":1065353216,"beta_bits":0,"full_old_legacy_reference":true,"raw_full_output_and_row_slice":true,"eager_repeats":2,"poisoned_graph_replays":2,"actual_graph_symbol_geometry_abi_words":true,"guards":true,"input_immutability":true}
{"record":"FixedSm89ExactN64AutoBoundaryV1","dtype":"f32","op":"nn","requested":"AUTO","expected":"Legacy","actual":"Legacy","symbol":"gemm_bi_f32_f32_s2","dims_mkn":[127,768,2304],"storage_rows":4639,"row_view":17,"float_offsets_abc":[0,1,0],"bias":false,"alpha_bits":1065353216,"beta_bits":0,"full_old_legacy_reference":true,"raw_full_output_and_row_slice":true,"eager_repeats":2,"poisoned_graph_replays":2,"actual_graph_symbol_geometry_abi_words":true,"guards":true,"input_immutability":true}
{"record":"FixedSm89ExactN64AutoBoundaryV1","dtype":"f32","op":"nn","requested":"AUTO","expected":"Legacy","actual":"Legacy","symbol":"gemm_bi_f32_f32_s2","dims_mkn":[128,768,2304],"storage_rows":4639,"row_view":17,"float_offsets_abc":[0,1,0],"bias":false,"alpha_bits":1065353216,"beta_bits":0,"full_old_legacy_reference":true,"raw_full_output_and_row_slice":true,"eager_repeats":2,"poisoned_graph_replays":2,"actual_graph_symbol_geometry_abi_words":true,"guards":true,"input_immutability":true}
{"record":"FixedSm89ExactN64AutoBoundaryV1","dtype":"f32","op":"nn","requested":"AUTO","expected":"Legacy","actual":"Legacy","symbol":"gemm_bi_f32_f32_s2","dims_mkn":[129,768,2304],"storage_rows":4639,"row_view":17,"float_offsets_abc":[0,1,0],"bias":false,"alpha_bits":1065353216,"beta_bits":0,"full_old_legacy_reference":true,"raw_full_output_and_row_slice":true,"eager_repeats":2,"poisoned_graph_replays":2,"actual_graph_symbol_geometry_abi_words":true,"guards":true,"input_immutability":true}
{"record":"FixedSm89ExactN64AutoBoundaryV1","dtype":"f32","op":"nn","requested":"AUTO","expected":"Legacy","actual":"Legacy","symbol":"gemm_bi_f32_f32_s2","dims_mkn":[4621,768,2304],"storage_rows":4639,"row_view":0,"float_offsets_abc":[0,0,1],"bias":false,"alpha_bits":1065353216,"beta_bits":0,"full_old_legacy_reference":true,"raw_full_output_and_row_slice":true,"eager_repeats":2,"poisoned_graph_replays":2,"actual_graph_symbol_geometry_abi_words":true,"guards":true,"input_immutability":true}
{"record":"FixedSm89ExactN64AutoBoundaryV1","dtype":"f32","op":"nn","requested":"AUTO","expected":"Legacy","actual":"Legacy","symbol":"gemm_bi_f32_f32_s2","dims_mkn":[4620,768,2304],"storage_rows":4639,"row_view":0,"float_offsets_abc":[0,0,1],"bias":false,"alpha_bits":1065353216,"beta_bits":0,"full_old_legacy_reference":true,"raw_full_output_and_row_slice":true,"eager_repeats":2,"poisoned_graph_replays":2,"actual_graph_symbol_geometry_abi_words":true,"guards":true,"input_immutability":true}
{"record":"FixedSm89ExactN64AutoBoundaryV1","dtype":"f32","op":"nn","requested":"AUTO","expected":"Legacy","actual":"Legacy","symbol":"gemm_bi_f32_f32_s2","dims_mkn":[4622,768,2304],"storage_rows":4639,"row_view":0,"float_offsets_abc":[0,0,1],"bias":false,"alpha_bits":1065353216,"beta_bits":0,"full_old_legacy_reference":true,"raw_full_output_and_row_slice":true,"eager_repeats":2,"poisoned_graph_replays":2,"actual_graph_symbol_geometry_abi_words":true,"guards":true,"input_immutability":true}
{"record":"FixedSm89ExactN64AutoBoundaryV1","dtype":"f32","op":"nn","requested":"AUTO","expected":"Legacy","actual":"Legacy","symbol":"gemm_bi_f32_f32_s2","dims_mkn":[1,768,2304],"storage_rows":4639,"row_view":0,"float_offsets_abc":[0,0,1],"bias":false,"alpha_bits":1065353216,"beta_bits":0,"full_old_legacy_reference":true,"raw_full_output_and_row_slice":true,"eager_repeats":2,"poisoned_graph_replays":2,"actual_graph_symbol_geometry_abi_words":true,"guards":true,"input_immutability":true}
{"record":"FixedSm89ExactN64AutoBoundaryV1","dtype":"f32","op":"nn","requested":"AUTO","expected":"Legacy","actual":"Legacy","symbol":"gemm_bi_f32_f32_s2","dims_mkn":[17,768,2304],"storage_rows":4639,"row_view":0,"float_offsets_abc":[0,0,1],"bias":false,"alpha_bits":1065353216,"beta_bits":0,"full_old_legacy_reference":true,"raw_full_output_and_row_slice":true,"eager_repeats":2,"poisoned_graph_replays":2,"actual_graph_symbol_geometry_abi_words":true,"guards":true,"input_immutability":true}
{"record":"FixedSm89ExactN64AutoBoundaryV1","dtype":"f32","op":"nn","requested":"AUTO","expected":"Legacy","actual":"Legacy","symbol":"gemm_bi_f32_f32_s2","dims_mkn":[63,768,2304],"storage_rows":4639,"row_view":0,"float_offsets_abc":[0,0,1],"bias":false,"alpha_bits":1065353216,"beta_bits":0,"full_old_legacy_reference":true,"raw_full_output_and_row_slice":true,"eager_repeats":2,"poisoned_graph_replays":2,"actual_graph_symbol_geometry_abi_words":true,"guards":true,"input_immutability":true}
{"record":"FixedSm89ExactN64AutoBoundaryV1","dtype":"f32","op":"nn","requested":"AUTO","expected":"Legacy","actual":"Legacy","symbol":"gemm_bi_f32_f32_s2","dims_mkn":[64,768,2304],"storage_rows":4639,"row_view":0,"float_offsets_abc":[0,0,1],"bias":false,"alpha_bits":1065353216,"beta_bits":0,"full_old_legacy_reference":true,"raw_full_output_and_row_slice":true,"eager_repeats":2,"poisoned_graph_replays":2,"actual_graph_symbol_geometry_abi_words":true,"guards":true,"input_immutability":true}
{"record":"FixedSm89ExactN64AutoBoundaryV1","dtype":"f32","op":"nn","requested":"AUTO","expected":"Legacy","actual":"Legacy","symbol":"gemm_bi_f32_f32_s2","dims_mkn":[65,768,2304],"storage_rows":4639,"row_view":0,"float_offsets_abc":[0,0,1],"bias":false,"alpha_bits":1065353216,"beta_bits":0,"full_old_legacy_reference":true,"raw_full_output_and_row_slice":true,"eager_repeats":2,"poisoned_graph_replays":2,"actual_graph_symbol_geometry_abi_words":true,"guards":true,"input_immutability":true}
{"record":"FixedSm89ExactN64AutoBoundaryV1","dtype":"f32","op":"nn","requested":"AUTO","expected":"Legacy","actual":"Legacy","symbol":"gemm_bi_f32_f32_s2","dims_mkn":[127,768,2304],"storage_rows":4639,"row_view":0,"float_offsets_abc":[0,0,1],"bias":false,"alpha_bits":1065353216,"beta_bits":0,"full_old_legacy_reference":true,"raw_full_output_and_row_slice":true,"eager_repeats":2,"poisoned_graph_replays":2,"actual_graph_symbol_geometry_abi_words":true,"guards":true,"input_immutability":true}
{"record":"FixedSm89ExactN64AutoBoundaryV1","dtype":"f32","op":"nn","requested":"AUTO","expected":"Legacy","actual":"Legacy","symbol":"gemm_bi_f32_f32_s2","dims_mkn":[128,768,2304],"storage_rows":4639,"row_view":0,"float_offsets_abc":[0,0,1],"bias":false,"alpha_bits":1065353216,"beta_bits":0,"full_old_legacy_reference":true,"raw_full_output_and_row_slice":true,"eager_repeats":2,"poisoned_graph_replays":2,"actual_graph_symbol_geometry_abi_words":true,"guards":true,"input_immutability":true}
{"record":"FixedSm89ExactN64AutoBoundaryV1","dtype":"f32","op":"nn","requested":"AUTO","expected":"Legacy","actual":"Legacy","symbol":"gemm_bi_f32_f32_s2","dims_mkn":[129,768,2304],"storage_rows":4639,"row_view":0,"float_offsets_abc":[0,0,1],"bias":false,"alpha_bits":1065353216,"beta_bits":0,"full_old_legacy_reference":true,"raw_full_output_and_row_slice":true,"eager_repeats":2,"poisoned_graph_replays":2,"actual_graph_symbol_geometry_abi_words":true,"guards":true,"input_immutability":true}
{"record":"FixedSm89ExactN64AutoBoundaryV1","dtype":"f32","op":"nn","requested":"AUTO","expected":"Legacy","actual":"Legacy","symbol":"gemm_bi_f32_f32_s2","dims_mkn":[4621,768,2304],"storage_rows":4639,"row_view":17,"float_offsets_abc":[0,0,1],"bias":false,"alpha_bits":1065353216,"beta_bits":0,"full_old_legacy_reference":true,"raw_full_output_and_row_slice":true,"eager_repeats":2,"poisoned_graph_replays":2,"actual_graph_symbol_geometry_abi_words":true,"guards":true,"input_immutability":true}
{"record":"FixedSm89ExactN64AutoBoundaryV1","dtype":"f32","op":"nn","requested":"AUTO","expected":"Legacy","actual":"Legacy","symbol":"gemm_bi_f32_f32_s2","dims_mkn":[4620,768,2304],"storage_rows":4639,"row_view":17,"float_offsets_abc":[0,0,1],"bias":false,"alpha_bits":1065353216,"beta_bits":0,"full_old_legacy_reference":true,"raw_full_output_and_row_slice":true,"eager_repeats":2,"poisoned_graph_replays":2,"actual_graph_symbol_geometry_abi_words":true,"guards":true,"input_immutability":true}
{"record":"FixedSm89ExactN64AutoBoundaryV1","dtype":"f32","op":"nn","requested":"AUTO","expected":"Legacy","actual":"Legacy","symbol":"gemm_bi_f32_f32_s2","dims_mkn":[4622,768,2304],"storage_rows":4639,"row_view":17,"float_offsets_abc":[0,0,1],"bias":false,"alpha_bits":1065353216,"beta_bits":0,"full_old_legacy_reference":true,"raw_full_output_and_row_slice":true,"eager_repeats":2,"poisoned_graph_replays":2,"actual_graph_symbol_geometry_abi_words":true,"guards":true,"input_immutability":true}
{"record":"FixedSm89ExactN64AutoBoundaryV1","dtype":"f32","op":"nn","requested":"AUTO","expected":"Legacy","actual":"Legacy","symbol":"gemm_bi_f32_f32_s2","dims_mkn":[1,768,2304],"storage_rows":4639,"row_view":17,"float_offsets_abc":[0,0,1],"bias":false,"alpha_bits":1065353216,"beta_bits":0,"full_old_legacy_reference":true,"raw_full_output_and_row_slice":true,"eager_repeats":2,"poisoned_graph_replays":2,"actual_graph_symbol_geometry_abi_words":true,"guards":true,"input_immutability":true}
{"record":"FixedSm89ExactN64AutoBoundaryV1","dtype":"f32","op":"nn","requested":"AUTO","expected":"Legacy","actual":"Legacy","symbol":"gemm_bi_f32_f32_s2","dims_mkn":[17,768,2304],"storage_rows":4639,"row_view":17,"float_offsets_abc":[0,0,1],"bias":false,"alpha_bits":1065353216,"beta_bits":0,"full_old_legacy_reference":true,"raw_full_output_and_row_slice":true,"eager_repeats":2,"poisoned_graph_replays":2,"actual_graph_symbol_geometry_abi_words":true,"guards":true,"input_immutability":true}
{"record":"FixedSm89ExactN64AutoBoundaryV1","dtype":"f32","op":"nn","requested":"AUTO","expected":"Legacy","actual":"Legacy","symbol":"gemm_bi_f32_f32_s2","dims_mkn":[63,768,2304],"storage_rows":4639,"row_view":17,"float_offsets_abc":[0,0,1],"bias":false,"alpha_bits":1065353216,"beta_bits":0,"full_old_legacy_reference":true,"raw_full_output_and_row_slice":true,"eager_repeats":2,"poisoned_graph_replays":2,"actual_graph_symbol_geometry_abi_words":true,"guards":true,"input_immutability":true}
{"record":"FixedSm89ExactN64AutoBoundaryV1","dtype":"f32","op":"nn","requested":"AUTO","expected":"Legacy","actual":"Legacy","symbol":"gemm_bi_f32_f32_s2","dims_mkn":[64,768,2304],"storage_rows":4639,"row_view":17,"float_offsets_abc":[0,0,1],"bias":false,"alpha_bits":1065353216,"beta_bits":0,"full_old_legacy_reference":true,"raw_full_output_and_row_slice":true,"eager_repeats":2,"poisoned_graph_replays":2,"actual_graph_symbol_geometry_abi_words":true,"guards":true,"input_immutability":true}
{"record":"FixedSm89ExactN64AutoBoundaryV1","dtype":"f32","op":"nn","requested":"AUTO","expected":"Legacy","actual":"Legacy","symbol":"gemm_bi_f32_f32_s2","dims_mkn":[65,768,2304],"storage_rows":4639,"row_view":17,"float_offsets_abc":[0,0,1],"bias":false,"alpha_bits":1065353216,"beta_bits":0,"full_old_legacy_reference":true,"raw_full_output_and_row_slice":true,"eager_repeats":2,"poisoned_graph_replays":2,"actual_graph_symbol_geometry_abi_words":true,"guards":true,"input_immutability":true}
{"record":"FixedSm89ExactN64AutoBoundaryV1","dtype":"f32","op":"nn","requested":"AUTO","expected":"Legacy","actual":"Legacy","symbol":"gemm_bi_f32_f32_s2","dims_mkn":[127,768,2304],"storage_rows":4639,"row_view":17,"float_offsets_abc":[0,0,1],"bias":false,"alpha_bits":1065353216,"beta_bits":0,"full_old_legacy_reference":true,"raw_full_output_and_row_slice":true,"eager_repeats":2,"poisoned_graph_replays":2,"actual_graph_symbol_geometry_abi_words":true,"guards":true,"input_immutability":true}
{"record":"FixedSm89ExactN64AutoBoundaryV1","dtype":"f32","op":"nn","requested":"AUTO","expected":"Legacy","actual":"Legacy","symbol":"gemm_bi_f32_f32_s2","dims_mkn":[128,768,2304],"storage_rows":4639,"row_view":17,"float_offsets_abc":[0,0,1],"bias":false,"alpha_bits":1065353216,"beta_bits":0,"full_old_legacy_reference":true,"raw_full_output_and_row_slice":true,"eager_repeats":2,"poisoned_graph_replays":2,"actual_graph_symbol_geometry_abi_words":true,"guards":true,"input_immutability":true}
{"record":"FixedSm89ExactN64AutoBoundaryV1","dtype":"f32","op":"nn","requested":"AUTO","expected":"Legacy","actual":"Legacy","symbol":"gemm_bi_f32_f32_s2","dims_mkn":[129,768,2304],"storage_rows":4639,"row_view":17,"float_offsets_abc":[0,0,1],"bias":false,"alpha_bits":1065353216,"beta_bits":0,"full_old_legacy_reference":true,"raw_full_output_and_row_slice":true,"eager_repeats":2,"poisoned_graph_replays":2,"actual_graph_symbol_geometry_abi_words":true,"guards":true,"input_immutability":true}
{"record":"FixedSm89ExactN64AutoBoundaryV1","dtype":"f32","op":"nn","requested":"AUTO","expected":"F32Sm89N64CopyPlan","actual":"F32Sm89N64CopyPlan","symbol":"gemm_bi_nn_fixed_sm89_f32_n64_copyplan_v1","dims_mkn":[4621,768,2304],"storage_rows":4639,"row_view":0,"float_offsets_abc":[0,0,0],"bias":true,"alpha_bits":1065353216,"beta_bits":0,"full_old_legacy_reference":true,"raw_full_output_and_row_slice":true,"eager_repeats":2,"poisoned_graph_replays":2,"actual_graph_symbol_geometry_abi_words":true,"guards":true,"input_immutability":true}
{"record":"FixedSm89ExactN64AutoBoundaryV1","dtype":"f32","op":"nn","requested":"AUTO","expected":"Legacy","actual":"Legacy","symbol":"gemm_bi_f32_f32_s2","dims_mkn":[4620,768,2304],"storage_rows":4639,"row_view":0,"float_offsets_abc":[0,0,0],"bias":true,"alpha_bits":1065353216,"beta_bits":0,"full_old_legacy_reference":true,"raw_full_output_and_row_slice":true,"eager_repeats":2,"poisoned_graph_replays":2,"actual_graph_symbol_geometry_abi_words":true,"guards":true,"input_immutability":true}
{"record":"FixedSm89ExactN64AutoBoundaryV1","dtype":"f32","op":"nn","requested":"AUTO","expected":"Legacy","actual":"Legacy","symbol":"gemm_bi_f32_f32_s2","dims_mkn":[4622,768,2304],"storage_rows":4639,"row_view":0,"float_offsets_abc":[0,0,0],"bias":true,"alpha_bits":1065353216,"beta_bits":0,"full_old_legacy_reference":true,"raw_full_output_and_row_slice":true,"eager_repeats":2,"poisoned_graph_replays":2,"actual_graph_symbol_geometry_abi_words":true,"guards":true,"input_immutability":true}
{"record":"FixedSm89ExactN64AutoBoundaryV1","dtype":"f32","op":"nn","requested":"AUTO","expected":"Legacy","actual":"Legacy","symbol":"gemm_bi_f32_f32_s2","dims_mkn":[1,768,2304],"storage_rows":4639,"row_view":0,"float_offsets_abc":[0,0,0],"bias":true,"alpha_bits":1065353216,"beta_bits":0,"full_old_legacy_reference":true,"raw_full_output_and_row_slice":true,"eager_repeats":2,"poisoned_graph_replays":2,"actual_graph_symbol_geometry_abi_words":true,"guards":true,"input_immutability":true}
{"record":"FixedSm89ExactN64AutoBoundaryV1","dtype":"f32","op":"nn","requested":"AUTO","expected":"Legacy","actual":"Legacy","symbol":"gemm_bi_f32_f32_s2","dims_mkn":[17,768,2304],"storage_rows":4639,"row_view":0,"float_offsets_abc":[0,0,0],"bias":true,"alpha_bits":1065353216,"beta_bits":0,"full_old_legacy_reference":true,"raw_full_output_and_row_slice":true,"eager_repeats":2,"poisoned_graph_replays":2,"actual_graph_symbol_geometry_abi_words":true,"guards":true,"input_immutability":true}
{"record":"FixedSm89ExactN64AutoBoundaryV1","dtype":"f32","op":"nn","requested":"AUTO","expected":"Legacy","actual":"Legacy","symbol":"gemm_bi_f32_f32_s2","dims_mkn":[63,768,2304],"storage_rows":4639,"row_view":0,"float_offsets_abc":[0,0,0],"bias":true,"alpha_bits":1065353216,"beta_bits":0,"full_old_legacy_reference":true,"raw_full_output_and_row_slice":true,"eager_repeats":2,"poisoned_graph_replays":2,"actual_graph_symbol_geometry_abi_words":true,"guards":true,"input_immutability":true}
{"record":"FixedSm89ExactN64AutoBoundaryV1","dtype":"f32","op":"nn","requested":"AUTO","expected":"Legacy","actual":"Legacy","symbol":"gemm_bi_f32_f32_s2","dims_mkn":[64,768,2304],"storage_rows":4639,"row_view":0,"float_offsets_abc":[0,0,0],"bias":true,"alpha_bits":1065353216,"beta_bits":0,"full_old_legacy_reference":true,"raw_full_output_and_row_slice":true,"eager_repeats":2,"poisoned_graph_replays":2,"actual_graph_symbol_geometry_abi_words":true,"guards":true,"input_immutability":true}
{"record":"FixedSm89ExactN64AutoBoundaryV1","dtype":"f32","op":"nn","requested":"AUTO","expected":"Legacy","actual":"Legacy","symbol":"gemm_bi_f32_f32_s2","dims_mkn":[65,768,2304],"storage_rows":4639,"row_view":0,"float_offsets_abc":[0,0,0],"bias":true,"alpha_bits":1065353216,"beta_bits":0,"full_old_legacy_reference":true,"raw_full_output_and_row_slice":true,"eager_repeats":2,"poisoned_graph_replays":2,"actual_graph_symbol_geometry_abi_words":true,"guards":true,"input_immutability":true}
{"record":"FixedSm89ExactN64AutoBoundaryV1","dtype":"f32","op":"nn","requested":"AUTO","expected":"Legacy","actual":"Legacy","symbol":"gemm_bi_f32_f32_s2","dims_mkn":[127,768,2304],"storage_rows":4639,"row_view":0,"float_offsets_abc":[0,0,0],"bias":true,"alpha_bits":1065353216,"beta_bits":0,"full_old_legacy_reference":true,"raw_full_output_and_row_slice":true,"eager_repeats":2,"poisoned_graph_replays":2,"actual_graph_symbol_geometry_abi_words":true,"guards":true,"input_immutability":true}
{"record":"FixedSm89ExactN64AutoBoundaryV1","dtype":"f32","op":"nn","requested":"AUTO","expected":"Legacy","actual":"Legacy","symbol":"gemm_bi_f32_f32_s2","dims_mkn":[128,768,2304],"storage_rows":4639,"row_view":0,"float_offsets_abc":[0,0,0],"bias":true,"alpha_bits":1065353216,"beta_bits":0,"full_old_legacy_reference":true,"raw_full_output_and_row_slice":true,"eager_repeats":2,"poisoned_graph_replays":2,"actual_graph_symbol_geometry_abi_words":true,"guards":true,"input_immutability":true}
{"record":"FixedSm89ExactN64AutoBoundaryV1","dtype":"f32","op":"nn","requested":"AUTO","expected":"Legacy","actual":"Legacy","symbol":"gemm_bi_f32_f32_s2","dims_mkn":[129,768,2304],"storage_rows":4639,"row_view":0,"float_offsets_abc":[0,0,0],"bias":true,"alpha_bits":1065353216,"beta_bits":0,"full_old_legacy_reference":true,"raw_full_output_and_row_slice":true,"eager_repeats":2,"poisoned_graph_replays":2,"actual_graph_symbol_geometry_abi_words":true,"guards":true,"input_immutability":true}
{"record":"FixedSm89ExactN64AutoBoundaryV1","dtype":"f32","op":"nn","requested":"AUTO","expected":"F32Sm89N64CopyPlan","actual":"F32Sm89N64CopyPlan","symbol":"gemm_bi_nn_fixed_sm89_f32_n64_copyplan_v1","dims_mkn":[4621,768,2304],"storage_rows":4639,"row_view":17,"float_offsets_abc":[0,0,0],"bias":true,"alpha_bits":1065353216,"beta_bits":0,"full_old_legacy_reference":true,"raw_full_output_and_row_slice":true,"eager_repeats":2,"poisoned_graph_replays":2,"actual_graph_symbol_geometry_abi_words":true,"guards":true,"input_immutability":true}
{"record":"FixedSm89ExactN64AutoBoundaryV1","dtype":"f32","op":"nn","requested":"AUTO","expected":"Legacy","actual":"Legacy","symbol":"gemm_bi_f32_f32_s2","dims_mkn":[4620,768,2304],"storage_rows":4639,"row_view":17,"float_offsets_abc":[0,0,0],"bias":true,"alpha_bits":1065353216,"beta_bits":0,"full_old_legacy_reference":true,"raw_full_output_and_row_slice":true,"eager_repeats":2,"poisoned_graph_replays":2,"actual_graph_symbol_geometry_abi_words":true,"guards":true,"input_immutability":true}
{"record":"FixedSm89ExactN64AutoBoundaryV1","dtype":"f32","op":"nn","requested":"AUTO","expected":"Legacy","actual":"Legacy","symbol":"gemm_bi_f32_f32_s2","dims_mkn":[4622,768,2304],"storage_rows":4639,"row_view":17,"float_offsets_abc":[0,0,0],"bias":true,"alpha_bits":1065353216,"beta_bits":0,"full_old_legacy_reference":true,"raw_full_output_and_row_slice":true,"eager_repeats":2,"poisoned_graph_replays":2,"actual_graph_symbol_geometry_abi_words":true,"guards":true,"input_immutability":true}
{"record":"FixedSm89ExactN64AutoBoundaryV1","dtype":"f32","op":"nn","requested":"AUTO","expected":"Legacy","actual":"Legacy","symbol":"gemm_bi_f32_f32_s2","dims_mkn":[1,768,2304],"storage_rows":4639,"row_view":17,"float_offsets_abc":[0,0,0],"bias":true,"alpha_bits":1065353216,"beta_bits":0,"full_old_legacy_reference":true,"raw_full_output_and_row_slice":true,"eager_repeats":2,"poisoned_graph_replays":2,"actual_graph_symbol_geometry_abi_words":true,"guards":true,"input_immutability":true}
{"record":"FixedSm89ExactN64AutoBoundaryV1","dtype":"f32","op":"nn","requested":"AUTO","expected":"Legacy","actual":"Legacy","symbol":"gemm_bi_f32_f32_s2","dims_mkn":[17,768,2304],"storage_rows":4639,"row_view":17,"float_offsets_abc":[0,0,0],"bias":true,"alpha_bits":1065353216,"beta_bits":0,"full_old_legacy_reference":true,"raw_full_output_and_row_slice":true,"eager_repeats":2,"poisoned_graph_replays":2,"actual_graph_symbol_geometry_abi_words":true,"guards":true,"input_immutability":true}
{"record":"FixedSm89ExactN64AutoBoundaryV1","dtype":"f32","op":"nn","requested":"AUTO","expected":"Legacy","actual":"Legacy","symbol":"gemm_bi_f32_f32_s2","dims_mkn":[63,768,2304],"storage_rows":4639,"row_view":17,"float_offsets_abc":[0,0,0],"bias":true,"alpha_bits":1065353216,"beta_bits":0,"full_old_legacy_reference":true,"raw_full_output_and_row_slice":true,"eager_repeats":2,"poisoned_graph_replays":2,"actual_graph_symbol_geometry_abi_words":true,"guards":true,"input_immutability":true}
{"record":"FixedSm89ExactN64AutoBoundaryV1","dtype":"f32","op":"nn","requested":"AUTO","expected":"Legacy","actual":"Legacy","symbol":"gemm_bi_f32_f32_s2","dims_mkn":[64,768,2304],"storage_rows":4639,"row_view":17,"float_offsets_abc":[0,0,0],"bias":true,"alpha_bits":1065353216,"beta_bits":0,"full_old_legacy_reference":true,"raw_full_output_and_row_slice":true,"eager_repeats":2,"poisoned_graph_replays":2,"actual_graph_symbol_geometry_abi_words":true,"guards":true,"input_immutability":true}
{"record":"FixedSm89ExactN64AutoBoundaryV1","dtype":"f32","op":"nn","requested":"AUTO","expected":"Legacy","actual":"Legacy","symbol":"gemm_bi_f32_f32_s2","dims_mkn":[65,768,2304],"storage_rows":4639,"row_view":17,"float_offsets_abc":[0,0,0],"bias":true,"alpha_bits":1065353216,"beta_bits":0,"full_old_legacy_reference":true,"raw_full_output_and_row_slice":true,"eager_repeats":2,"poisoned_graph_replays":2,"actual_graph_symbol_geometry_abi_words":true,"guards":true,"input_immutability":true}
{"record":"FixedSm89ExactN64AutoBoundaryV1","dtype":"f32","op":"nn","requested":"AUTO","expected":"Legacy","actual":"Legacy","symbol":"gemm_bi_f32_f32_s2","dims_mkn":[127,768,2304],"storage_rows":4639,"row_view":17,"float_offsets_abc":[0,0,0],"bias":true,"alpha_bits":1065353216,"beta_bits":0,"full_old_legacy_reference":true,"raw_full_output_and_row_slice":true,"eager_repeats":2,"poisoned_graph_replays":2,"actual_graph_symbol_geometry_abi_words":true,"guards":true,"input_immutability":true}
{"record":"FixedSm89ExactN64AutoBoundaryV1","dtype":"f32","op":"nn","requested":"AUTO","expected":"Legacy","actual":"Legacy","symbol":"gemm_bi_f32_f32_s2","dims_mkn":[128,768,2304],"storage_rows":4639,"row_view":17,"float_offsets_abc":[0,0,0],"bias":true,"alpha_bits":1065353216,"beta_bits":0,"full_old_legacy_reference":true,"raw_full_output_and_row_slice":true,"eager_repeats":2,"poisoned_graph_replays":2,"actual_graph_symbol_geometry_abi_words":true,"guards":true,"input_immutability":true}
{"record":"FixedSm89ExactN64AutoBoundaryV1","dtype":"f32","op":"nn","requested":"AUTO","expected":"Legacy","actual":"Legacy","symbol":"gemm_bi_f32_f32_s2","dims_mkn":[129,768,2304],"storage_rows":4639,"row_view":17,"float_offsets_abc":[0,0,0],"bias":true,"alpha_bits":1065353216,"beta_bits":0,"full_old_legacy_reference":true,"raw_full_output_and_row_slice":true,"eager_repeats":2,"poisoned_graph_replays":2,"actual_graph_symbol_geometry_abi_words":true,"guards":true,"input_immutability":true}
{"record":"FixedSm89ExactN64AutoBoundaryV1","dtype":"f32","op":"nn","requested":"AUTO","expected":"Legacy","actual":"Legacy","symbol":"gemm_bi_f32_f32_s2","dims_mkn":[4621,768,2304],"storage_rows":4639,"row_view":0,"float_offsets_abc":[1,0,0],"bias":true,"alpha_bits":1065353216,"beta_bits":0,"full_old_legacy_reference":true,"raw_full_output_and_row_slice":true,"eager_repeats":2,"poisoned_graph_replays":2,"actual_graph_symbol_geometry_abi_words":true,"guards":true,"input_immutability":true}
{"record":"FixedSm89ExactN64AutoBoundaryV1","dtype":"f32","op":"nn","requested":"AUTO","expected":"Legacy","actual":"Legacy","symbol":"gemm_bi_f32_f32_s2","dims_mkn":[4620,768,2304],"storage_rows":4639,"row_view":0,"float_offsets_abc":[1,0,0],"bias":true,"alpha_bits":1065353216,"beta_bits":0,"full_old_legacy_reference":true,"raw_full_output_and_row_slice":true,"eager_repeats":2,"poisoned_graph_replays":2,"actual_graph_symbol_geometry_abi_words":true,"guards":true,"input_immutability":true}
{"record":"FixedSm89ExactN64AutoBoundaryV1","dtype":"f32","op":"nn","requested":"AUTO","expected":"Legacy","actual":"Legacy","symbol":"gemm_bi_f32_f32_s2","dims_mkn":[4622,768,2304],"storage_rows":4639,"row_view":0,"float_offsets_abc":[1,0,0],"bias":true,"alpha_bits":1065353216,"beta_bits":0,"full_old_legacy_reference":true,"raw_full_output_and_row_slice":true,"eager_repeats":2,"poisoned_graph_replays":2,"actual_graph_symbol_geometry_abi_words":true,"guards":true,"input_immutability":true}
{"record":"FixedSm89ExactN64AutoBoundaryV1","dtype":"f32","op":"nn","requested":"AUTO","expected":"Legacy","actual":"Legacy","symbol":"gemm_bi_f32_f32_s2","dims_mkn":[1,768,2304],"storage_rows":4639,"row_view":0,"float_offsets_abc":[1,0,0],"bias":true,"alpha_bits":1065353216,"beta_bits":0,"full_old_legacy_reference":true,"raw_full_output_and_row_slice":true,"eager_repeats":2,"poisoned_graph_replays":2,"actual_graph_symbol_geometry_abi_words":true,"guards":true,"input_immutability":true}
{"record":"FixedSm89ExactN64AutoBoundaryV1","dtype":"f32","op":"nn","requested":"AUTO","expected":"Legacy","actual":"Legacy","symbol":"gemm_bi_f32_f32_s2","dims_mkn":[17,768,2304],"storage_rows":4639,"row_view":0,"float_offsets_abc":[1,0,0],"bias":true,"alpha_bits":1065353216,"beta_bits":0,"full_old_legacy_reference":true,"raw_full_output_and_row_slice":true,"eager_repeats":2,"poisoned_graph_replays":2,"actual_graph_symbol_geometry_abi_words":true,"guards":true,"input_immutability":true}
{"record":"FixedSm89ExactN64AutoBoundaryV1","dtype":"f32","op":"nn","requested":"AUTO","expected":"Legacy","actual":"Legacy","symbol":"gemm_bi_f32_f32_s2","dims_mkn":[63,768,2304],"storage_rows":4639,"row_view":0,"float_offsets_abc":[1,0,0],"bias":true,"alpha_bits":1065353216,"beta_bits":0,"full_old_legacy_reference":true,"raw_full_output_and_row_slice":true,"eager_repeats":2,"poisoned_graph_replays":2,"actual_graph_symbol_geometry_abi_words":true,"guards":true,"input_immutability":true}
{"record":"FixedSm89ExactN64AutoBoundaryV1","dtype":"f32","op":"nn","requested":"AUTO","expected":"Legacy","actual":"Legacy","symbol":"gemm_bi_f32_f32_s2","dims_mkn":[64,768,2304],"storage_rows":4639,"row_view":0,"float_offsets_abc":[1,0,0],"bias":true,"alpha_bits":1065353216,"beta_bits":0,"full_old_legacy_reference":true,"raw_full_output_and_row_slice":true,"eager_repeats":2,"poisoned_graph_replays":2,"actual_graph_symbol_geometry_abi_words":true,"guards":true,"input_immutability":true}
{"record":"FixedSm89ExactN64AutoBoundaryV1","dtype":"f32","op":"nn","requested":"AUTO","expected":"Legacy","actual":"Legacy","symbol":"gemm_bi_f32_f32_s2","dims_mkn":[65,768,2304],"storage_rows":4639,"row_view":0,"float_offsets_abc":[1,0,0],"bias":true,"alpha_bits":1065353216,"beta_bits":0,"full_old_legacy_reference":true,"raw_full_output_and_row_slice":true,"eager_repeats":2,"poisoned_graph_replays":2,"actual_graph_symbol_geometry_abi_words":true,"guards":true,"input_immutability":true}
{"record":"FixedSm89ExactN64AutoBoundaryV1","dtype":"f32","op":"nn","requested":"AUTO","expected":"Legacy","actual":"Legacy","symbol":"gemm_bi_f32_f32_s2","dims_mkn":[127,768,2304],"storage_rows":4639,"row_view":0,"float_offsets_abc":[1,0,0],"bias":true,"alpha_bits":1065353216,"beta_bits":0,"full_old_legacy_reference":true,"raw_full_output_and_row_slice":true,"eager_repeats":2,"poisoned_graph_replays":2,"actual_graph_symbol_geometry_abi_words":true,"guards":true,"input_immutability":true}
{"record":"FixedSm89ExactN64AutoBoundaryV1","dtype":"f32","op":"nn","requested":"AUTO","expected":"Legacy","actual":"Legacy","symbol":"gemm_bi_f32_f32_s2","dims_mkn":[128,768,2304],"storage_rows":4639,"row_view":0,"float_offsets_abc":[1,0,0],"bias":true,"alpha_bits":1065353216,"beta_bits":0,"full_old_legacy_reference":true,"raw_full_output_and_row_slice":true,"eager_repeats":2,"poisoned_graph_replays":2,"actual_graph_symbol_geometry_abi_words":true,"guards":true,"input_immutability":true}
{"record":"FixedSm89ExactN64AutoBoundaryV1","dtype":"f32","op":"nn","requested":"AUTO","expected":"Legacy","actual":"Legacy","symbol":"gemm_bi_f32_f32_s2","dims_mkn":[129,768,2304],"storage_rows":4639,"row_view":0,"float_offsets_abc":[1,0,0],"bias":true,"alpha_bits":1065353216,"beta_bits":0,"full_old_legacy_reference":true,"raw_full_output_and_row_slice":true,"eager_repeats":2,"poisoned_graph_replays":2,"actual_graph_symbol_geometry_abi_words":true,"guards":true,"input_immutability":true}
{"record":"FixedSm89ExactN64AutoBoundaryV1","dtype":"f32","op":"nn","requested":"AUTO","expected":"Legacy","actual":"Legacy","symbol":"gemm_bi_f32_f32_s2","dims_mkn":[4621,768,2304],"storage_rows":4639,"row_view":17,"float_offsets_abc":[1,0,0],"bias":true,"alpha_bits":1065353216,"beta_bits":0,"full_old_legacy_reference":true,"raw_full_output_and_row_slice":true,"eager_repeats":2,"poisoned_graph_replays":2,"actual_graph_symbol_geometry_abi_words":true,"guards":true,"input_immutability":true}
{"record":"FixedSm89ExactN64AutoBoundaryV1","dtype":"f32","op":"nn","requested":"AUTO","expected":"Legacy","actual":"Legacy","symbol":"gemm_bi_f32_f32_s2","dims_mkn":[4620,768,2304],"storage_rows":4639,"row_view":17,"float_offsets_abc":[1,0,0],"bias":true,"alpha_bits":1065353216,"beta_bits":0,"full_old_legacy_reference":true,"raw_full_output_and_row_slice":true,"eager_repeats":2,"poisoned_graph_replays":2,"actual_graph_symbol_geometry_abi_words":true,"guards":true,"input_immutability":true}
{"record":"FixedSm89ExactN64AutoBoundaryV1","dtype":"f32","op":"nn","requested":"AUTO","expected":"Legacy","actual":"Legacy","symbol":"gemm_bi_f32_f32_s2","dims_mkn":[4622,768,2304],"storage_rows":4639,"row_view":17,"float_offsets_abc":[1,0,0],"bias":true,"alpha_bits":1065353216,"beta_bits":0,"full_old_legacy_reference":true,"raw_full_output_and_row_slice":true,"eager_repeats":2,"poisoned_graph_replays":2,"actual_graph_symbol_geometry_abi_words":true,"guards":true,"input_immutability":true}
{"record":"FixedSm89ExactN64AutoBoundaryV1","dtype":"f32","op":"nn","requested":"AUTO","expected":"Legacy","actual":"Legacy","symbol":"gemm_bi_f32_f32_s2","dims_mkn":[1,768,2304],"storage_rows":4639,"row_view":17,"float_offsets_abc":[1,0,0],"bias":true,"alpha_bits":1065353216,"beta_bits":0,"full_old_legacy_reference":true,"raw_full_output_and_row_slice":true,"eager_repeats":2,"poisoned_graph_replays":2,"actual_graph_symbol_geometry_abi_words":true,"guards":true,"input_immutability":true}
{"record":"FixedSm89ExactN64AutoBoundaryV1","dtype":"f32","op":"nn","requested":"AUTO","expected":"Legacy","actual":"Legacy","symbol":"gemm_bi_f32_f32_s2","dims_mkn":[17,768,2304],"storage_rows":4639,"row_view":17,"float_offsets_abc":[1,0,0],"bias":true,"alpha_bits":1065353216,"beta_bits":0,"full_old_legacy_reference":true,"raw_full_output_and_row_slice":true,"eager_repeats":2,"poisoned_graph_replays":2,"actual_graph_symbol_geometry_abi_words":true,"guards":true,"input_immutability":true}
{"record":"FixedSm89ExactN64AutoBoundaryV1","dtype":"f32","op":"nn","requested":"AUTO","expected":"Legacy","actual":"Legacy","symbol":"gemm_bi_f32_f32_s2","dims_mkn":[63,768,2304],"storage_rows":4639,"row_view":17,"float_offsets_abc":[1,0,0],"bias":true,"alpha_bits":1065353216,"beta_bits":0,"full_old_legacy_reference":true,"raw_full_output_and_row_slice":true,"eager_repeats":2,"poisoned_graph_replays":2,"actual_graph_symbol_geometry_abi_words":true,"guards":true,"input_immutability":true}
{"record":"FixedSm89ExactN64AutoBoundaryV1","dtype":"f32","op":"nn","requested":"AUTO","expected":"Legacy","actual":"Legacy","symbol":"gemm_bi_f32_f32_s2","dims_mkn":[64,768,2304],"storage_rows":4639,"row_view":17,"float_offsets_abc":[1,0,0],"bias":true,"alpha_bits":1065353216,"beta_bits":0,"full_old_legacy_reference":true,"raw_full_output_and_row_slice":true,"eager_repeats":2,"poisoned_graph_replays":2,"actual_graph_symbol_geometry_abi_words":true,"guards":true,"input_immutability":true}
{"record":"FixedSm89ExactN64AutoBoundaryV1","dtype":"f32","op":"nn","requested":"AUTO","expected":"Legacy","actual":"Legacy","symbol":"gemm_bi_f32_f32_s2","dims_mkn":[65,768,2304],"storage_rows":4639,"row_view":17,"float_offsets_abc":[1,0,0],"bias":true,"alpha_bits":1065353216,"beta_bits":0,"full_old_legacy_reference":true,"raw_full_output_and_row_slice":true,"eager_repeats":2,"poisoned_graph_replays":2,"actual_graph_symbol_geometry_abi_words":true,"guards":true,"input_immutability":true}
{"record":"FixedSm89ExactN64AutoBoundaryV1","dtype":"f32","op":"nn","requested":"AUTO","expected":"Legacy","actual":"Legacy","symbol":"gemm_bi_f32_f32_s2","dims_mkn":[127,768,2304],"storage_rows":4639,"row_view":17,"float_offsets_abc":[1,0,0],"bias":true,"alpha_bits":1065353216,"beta_bits":0,"full_old_legacy_reference":true,"raw_full_output_and_row_slice":true,"eager_repeats":2,"poisoned_graph_replays":2,"actual_graph_symbol_geometry_abi_words":true,"guards":true,"input_immutability":true}
{"record":"FixedSm89ExactN64AutoBoundaryV1","dtype":"f32","op":"nn","requested":"AUTO","expected":"Legacy","actual":"Legacy","symbol":"gemm_bi_f32_f32_s2","dims_mkn":[128,768,2304],"storage_rows":4639,"row_view":17,"float_offsets_abc":[1,0,0],"bias":true,"alpha_bits":1065353216,"beta_bits":0,"full_old_legacy_reference":true,"raw_full_output_and_row_slice":true,"eager_repeats":2,"poisoned_graph_replays":2,"actual_graph_symbol_geometry_abi_words":true,"guards":true,"input_immutability":true}
{"record":"FixedSm89ExactN64AutoBoundaryV1","dtype":"f32","op":"nn","requested":"AUTO","expected":"Legacy","actual":"Legacy","symbol":"gemm_bi_f32_f32_s2","dims_mkn":[129,768,2304],"storage_rows":4639,"row_view":17,"float_offsets_abc":[1,0,0],"bias":true,"alpha_bits":1065353216,"beta_bits":0,"full_old_legacy_reference":true,"raw_full_output_and_row_slice":true,"eager_repeats":2,"poisoned_graph_replays":2,"actual_graph_symbol_geometry_abi_words":true,"guards":true,"input_immutability":true}
{"record":"FixedSm89ExactN64AutoBoundaryV1","dtype":"f32","op":"nn","requested":"AUTO","expected":"Legacy","actual":"Legacy","symbol":"gemm_bi_f32_f32_s2","dims_mkn":[4621,768,2304],"storage_rows":4639,"row_view":0,"float_offsets_abc":[0,1,0],"bias":true,"alpha_bits":1065353216,"beta_bits":0,"full_old_legacy_reference":true,"raw_full_output_and_row_slice":true,"eager_repeats":2,"poisoned_graph_replays":2,"actual_graph_symbol_geometry_abi_words":true,"guards":true,"input_immutability":true}
{"record":"FixedSm89ExactN64AutoBoundaryV1","dtype":"f32","op":"nn","requested":"AUTO","expected":"Legacy","actual":"Legacy","symbol":"gemm_bi_f32_f32_s2","dims_mkn":[4620,768,2304],"storage_rows":4639,"row_view":0,"float_offsets_abc":[0,1,0],"bias":true,"alpha_bits":1065353216,"beta_bits":0,"full_old_legacy_reference":true,"raw_full_output_and_row_slice":true,"eager_repeats":2,"poisoned_graph_replays":2,"actual_graph_symbol_geometry_abi_words":true,"guards":true,"input_immutability":true}
{"record":"FixedSm89ExactN64AutoBoundaryV1","dtype":"f32","op":"nn","requested":"AUTO","expected":"Legacy","actual":"Legacy","symbol":"gemm_bi_f32_f32_s2","dims_mkn":[4622,768,2304],"storage_rows":4639,"row_view":0,"float_offsets_abc":[0,1,0],"bias":true,"alpha_bits":1065353216,"beta_bits":0,"full_old_legacy_reference":true,"raw_full_output_and_row_slice":true,"eager_repeats":2,"poisoned_graph_replays":2,"actual_graph_symbol_geometry_abi_words":true,"guards":true,"input_immutability":true}
{"record":"FixedSm89ExactN64AutoBoundaryV1","dtype":"f32","op":"nn","requested":"AUTO","expected":"Legacy","actual":"Legacy","symbol":"gemm_bi_f32_f32_s2","dims_mkn":[1,768,2304],"storage_rows":4639,"row_view":0,"float_offsets_abc":[0,1,0],"bias":true,"alpha_bits":1065353216,"beta_bits":0,"full_old_legacy_reference":true,"raw_full_output_and_row_slice":true,"eager_repeats":2,"poisoned_graph_replays":2,"actual_graph_symbol_geometry_abi_words":true,"guards":true,"input_immutability":true}
{"record":"FixedSm89ExactN64AutoBoundaryV1","dtype":"f32","op":"nn","requested":"AUTO","expected":"Legacy","actual":"Legacy","symbol":"gemm_bi_f32_f32_s2","dims_mkn":[17,768,2304],"storage_rows":4639,"row_view":0,"float_offsets_abc":[0,1,0],"bias":true,"alpha_bits":1065353216,"beta_bits":0,"full_old_legacy_reference":true,"raw_full_output_and_row_slice":true,"eager_repeats":2,"poisoned_graph_replays":2,"actual_graph_symbol_geometry_abi_words":true,"guards":true,"input_immutability":true}
{"record":"FixedSm89ExactN64AutoBoundaryV1","dtype":"f32","op":"nn","requested":"AUTO","expected":"Legacy","actual":"Legacy","symbol":"gemm_bi_f32_f32_s2","dims_mkn":[63,768,2304],"storage_rows":4639,"row_view":0,"float_offsets_abc":[0,1,0],"bias":true,"alpha_bits":1065353216,"beta_bits":0,"full_old_legacy_reference":true,"raw_full_output_and_row_slice":true,"eager_repeats":2,"poisoned_graph_replays":2,"actual_graph_symbol_geometry_abi_words":true,"guards":true,"input_immutability":true}
{"record":"FixedSm89ExactN64AutoBoundaryV1","dtype":"f32","op":"nn","requested":"AUTO","expected":"Legacy","actual":"Legacy","symbol":"gemm_bi_f32_f32_s2","dims_mkn":[64,768,2304],"storage_rows":4639,"row_view":0,"float_offsets_abc":[0,1,0],"bias":true,"alpha_bits":1065353216,"beta_bits":0,"full_old_legacy_reference":true,"raw_full_output_and_row_slice":true,"eager_repeats":2,"poisoned_graph_replays":2,"actual_graph_symbol_geometry_abi_words":true,"guards":true,"input_immutability":true}
{"record":"FixedSm89ExactN64AutoBoundaryV1","dtype":"f32","op":"nn","requested":"AUTO","expected":"Legacy","actual":"Legacy","symbol":"gemm_bi_f32_f32_s2","dims_mkn":[65,768,2304],"storage_rows":4639,"row_view":0,"float_offsets_abc":[0,1,0],"bias":true,"alpha_bits":1065353216,"beta_bits":0,"full_old_legacy_reference":true,"raw_full_output_and_row_slice":true,"eager_repeats":2,"poisoned_graph_replays":2,"actual_graph_symbol_geometry_abi_words":true,"guards":true,"input_immutability":true}
{"record":"FixedSm89ExactN64AutoBoundaryV1","dtype":"f32","op":"nn","requested":"AUTO","expected":"Legacy","actual":"Legacy","symbol":"gemm_bi_f32_f32_s2","dims_mkn":[127,768,2304],"storage_rows":4639,"row_view":0,"float_offsets_abc":[0,1,0],"bias":true,"alpha_bits":1065353216,"beta_bits":0,"full_old_legacy_reference":true,"raw_full_output_and_row_slice":true,"eager_repeats":2,"poisoned_graph_replays":2,"actual_graph_symbol_geometry_abi_words":true,"guards":true,"input_immutability":true}
{"record":"FixedSm89ExactN64AutoBoundaryV1","dtype":"f32","op":"nn","requested":"AUTO","expected":"Legacy","actual":"Legacy","symbol":"gemm_bi_f32_f32_s2","dims_mkn":[128,768,2304],"storage_rows":4639,"row_view":0,"float_offsets_abc":[0,1,0],"bias":true,"alpha_bits":1065353216,"beta_bits":0,"full_old_legacy_reference":true,"raw_full_output_and_row_slice":true,"eager_repeats":2,"poisoned_graph_replays":2,"actual_graph_symbol_geometry_abi_words":true,"guards":true,"input_immutability":true}
{"record":"FixedSm89ExactN64AutoBoundaryV1","dtype":"f32","op":"nn","requested":"AUTO","expected":"Legacy","actual":"Legacy","symbol":"gemm_bi_f32_f32_s2","dims_mkn":[129,768,2304],"storage_rows":4639,"row_view":0,"float_offsets_abc":[0,1,0],"bias":true,"alpha_bits":1065353216,"beta_bits":0,"full_old_legacy_reference":true,"raw_full_output_and_row_slice":true,"eager_repeats":2,"poisoned_graph_replays":2,"actual_graph_symbol_geometry_abi_words":true,"guards":true,"input_immutability":true}
{"record":"FixedSm89ExactN64AutoBoundaryV1","dtype":"f32","op":"nn","requested":"AUTO","expected":"Legacy","actual":"Legacy","symbol":"gemm_bi_f32_f32_s2","dims_mkn":[4621,768,2304],"storage_rows":4639,"row_view":17,"float_offsets_abc":[0,1,0],"bias":true,"alpha_bits":1065353216,"beta_bits":0,"full_old_legacy_reference":true,"raw_full_output_and_row_slice":true,"eager_repeats":2,"poisoned_graph_replays":2,"actual_graph_symbol_geometry_abi_words":true,"guards":true,"input_immutability":true}
{"record":"FixedSm89ExactN64AutoBoundaryV1","dtype":"f32","op":"nn","requested":"AUTO","expected":"Legacy","actual":"Legacy","symbol":"gemm_bi_f32_f32_s2","dims_mkn":[4620,768,2304],"storage_rows":4639,"row_view":17,"float_offsets_abc":[0,1,0],"bias":true,"alpha_bits":1065353216,"beta_bits":0,"full_old_legacy_reference":true,"raw_full_output_and_row_slice":true,"eager_repeats":2,"poisoned_graph_replays":2,"actual_graph_symbol_geometry_abi_words":true,"guards":true,"input_immutability":true}
{"record":"FixedSm89ExactN64AutoBoundaryV1","dtype":"f32","op":"nn","requested":"AUTO","expected":"Legacy","actual":"Legacy","symbol":"gemm_bi_f32_f32_s2","dims_mkn":[4622,768,2304],"storage_rows":4639,"row_view":17,"float_offsets_abc":[0,1,0],"bias":true,"alpha_bits":1065353216,"beta_bits":0,"full_old_legacy_reference":true,"raw_full_output_and_row_slice":true,"eager_repeats":2,"poisoned_graph_replays":2,"actual_graph_symbol_geometry_abi_words":true,"guards":true,"input_immutability":true}
{"record":"FixedSm89ExactN64AutoBoundaryV1","dtype":"f32","op":"nn","requested":"AUTO","expected":"Legacy","actual":"Legacy","symbol":"gemm_bi_f32_f32_s2","dims_mkn":[1,768,2304],"storage_rows":4639,"row_view":17,"float_offsets_abc":[0,1,0],"bias":true,"alpha_bits":1065353216,"beta_bits":0,"full_old_legacy_reference":true,"raw_full_output_and_row_slice":true,"eager_repeats":2,"poisoned_graph_replays":2,"actual_graph_symbol_geometry_abi_words":true,"guards":true,"input_immutability":true}
{"record":"FixedSm89ExactN64AutoBoundaryV1","dtype":"f32","op":"nn","requested":"AUTO","expected":"Legacy","actual":"Legacy","symbol":"gemm_bi_f32_f32_s2","dims_mkn":[17,768,2304],"storage_rows":4639,"row_view":17,"float_offsets_abc":[0,1,0],"bias":true,"alpha_bits":1065353216,"beta_bits":0,"full_old_legacy_reference":true,"raw_full_output_and_row_slice":true,"eager_repeats":2,"poisoned_graph_replays":2,"actual_graph_symbol_geometry_abi_words":true,"guards":true,"input_immutability":true}
{"record":"FixedSm89ExactN64AutoBoundaryV1","dtype":"f32","op":"nn","requested":"AUTO","expected":"Legacy","actual":"Legacy","symbol":"gemm_bi_f32_f32_s2","dims_mkn":[63,768,2304],"storage_rows":4639,"row_view":17,"float_offsets_abc":[0,1,0],"bias":true,"alpha_bits":1065353216,"beta_bits":0,"full_old_legacy_reference":true,"raw_full_output_and_row_slice":true,"eager_repeats":2,"poisoned_graph_replays":2,"actual_graph_symbol_geometry_abi_words":true,"guards":true,"input_immutability":true}
{"record":"FixedSm89ExactN64AutoBoundaryV1","dtype":"f32","op":"nn","requested":"AUTO","expected":"Legacy","actual":"Legacy","symbol":"gemm_bi_f32_f32_s2","dims_mkn":[64,768,2304],"storage_rows":4639,"row_view":17,"float_offsets_abc":[0,1,0],"bias":true,"alpha_bits":1065353216,"beta_bits":0,"full_old_legacy_reference":true,"raw_full_output_and_row_slice":true,"eager_repeats":2,"poisoned_graph_replays":2,"actual_graph_symbol_geometry_abi_words":true,"guards":true,"input_immutability":true}
{"record":"FixedSm89ExactN64AutoBoundaryV1","dtype":"f32","op":"nn","requested":"AUTO","expected":"Legacy","actual":"Legacy","symbol":"gemm_bi_f32_f32_s2","dims_mkn":[65,768,2304],"storage_rows":4639,"row_view":17,"float_offsets_abc":[0,1,0],"bias":true,"alpha_bits":1065353216,"beta_bits":0,"full_old_legacy_reference":true,"raw_full_output_and_row_slice":true,"eager_repeats":2,"poisoned_graph_replays":2,"actual_graph_symbol_geometry_abi_words":true,"guards":true,"input_immutability":true}
{"record":"FixedSm89ExactN64AutoBoundaryV1","dtype":"f32","op":"nn","requested":"AUTO","expected":"Legacy","actual":"Legacy","symbol":"gemm_bi_f32_f32_s2","dims_mkn":[127,768,2304],"storage_rows":4639,"row_view":17,"float_offsets_abc":[0,1,0],"bias":true,"alpha_bits":1065353216,"beta_bits":0,"full_old_legacy_reference":true,"raw_full_output_and_row_slice":true,"eager_repeats":2,"poisoned_graph_replays":2,"actual_graph_symbol_geometry_abi_words":true,"guards":true,"input_immutability":true}
{"record":"FixedSm89ExactN64AutoBoundaryV1","dtype":"f32","op":"nn","requested":"AUTO","expected":"Legacy","actual":"Legacy","symbol":"gemm_bi_f32_f32_s2","dims_mkn":[128,768,2304],"storage_rows":4639,"row_view":17,"float_offsets_abc":[0,1,0],"bias":true,"alpha_bits":1065353216,"beta_bits":0,"full_old_legacy_reference":true,"raw_full_output_and_row_slice":true,"eager_repeats":2,"poisoned_graph_replays":2,"actual_graph_symbol_geometry_abi_words":true,"guards":true,"input_immutability":true}
{"record":"FixedSm89ExactN64AutoBoundaryV1","dtype":"f32","op":"nn","requested":"AUTO","expected":"Legacy","actual":"Legacy","symbol":"gemm_bi_f32_f32_s2","dims_mkn":[129,768,2304],"storage_rows":4639,"row_view":17,"float_offsets_abc":[0,1,0],"bias":true,"alpha_bits":1065353216,"beta_bits":0,"full_old_legacy_reference":true,"raw_full_output_and_row_slice":true,"eager_repeats":2,"poisoned_graph_replays":2,"actual_graph_symbol_geometry_abi_words":true,"guards":true,"input_immutability":true}
{"record":"FixedSm89ExactN64AutoBoundaryV1","dtype":"f32","op":"nn","requested":"AUTO","expected":"Legacy","actual":"Legacy","symbol":"gemm_bi_f32_f32_s2","dims_mkn":[4621,768,2304],"storage_rows":4639,"row_view":0,"float_offsets_abc":[0,0,1],"bias":true,"alpha_bits":1065353216,"beta_bits":0,"full_old_legacy_reference":true,"raw_full_output_and_row_slice":true,"eager_repeats":2,"poisoned_graph_replays":2,"actual_graph_symbol_geometry_abi_words":true,"guards":true,"input_immutability":true}
{"record":"FixedSm89ExactN64AutoBoundaryV1","dtype":"f32","op":"nn","requested":"AUTO","expected":"Legacy","actual":"Legacy","symbol":"gemm_bi_f32_f32_s2","dims_mkn":[4620,768,2304],"storage_rows":4639,"row_view":0,"float_offsets_abc":[0,0,1],"bias":true,"alpha_bits":1065353216,"beta_bits":0,"full_old_legacy_reference":true,"raw_full_output_and_row_slice":true,"eager_repeats":2,"poisoned_graph_replays":2,"actual_graph_symbol_geometry_abi_words":true,"guards":true,"input_immutability":true}
{"record":"FixedSm89ExactN64AutoBoundaryV1","dtype":"f32","op":"nn","requested":"AUTO","expected":"Legacy","actual":"Legacy","symbol":"gemm_bi_f32_f32_s2","dims_mkn":[4622,768,2304],"storage_rows":4639,"row_view":0,"float_offsets_abc":[0,0,1],"bias":true,"alpha_bits":1065353216,"beta_bits":0,"full_old_legacy_reference":true,"raw_full_output_and_row_slice":true,"eager_repeats":2,"poisoned_graph_replays":2,"actual_graph_symbol_geometry_abi_words":true,"guards":true,"input_immutability":true}
{"record":"FixedSm89ExactN64AutoBoundaryV1","dtype":"f32","op":"nn","requested":"AUTO","expected":"Legacy","actual":"Legacy","symbol":"gemm_bi_f32_f32_s2","dims_mkn":[1,768,2304],"storage_rows":4639,"row_view":0,"float_offsets_abc":[0,0,1],"bias":true,"alpha_bits":1065353216,"beta_bits":0,"full_old_legacy_reference":true,"raw_full_output_and_row_slice":true,"eager_repeats":2,"poisoned_graph_replays":2,"actual_graph_symbol_geometry_abi_words":true,"guards":true,"input_immutability":true}
{"record":"FixedSm89ExactN64AutoBoundaryV1","dtype":"f32","op":"nn","requested":"AUTO","expected":"Legacy","actual":"Legacy","symbol":"gemm_bi_f32_f32_s2","dims_mkn":[17,768,2304],"storage_rows":4639,"row_view":0,"float_offsets_abc":[0,0,1],"bias":true,"alpha_bits":1065353216,"beta_bits":0,"full_old_legacy_reference":true,"raw_full_output_and_row_slice":true,"eager_repeats":2,"poisoned_graph_replays":2,"actual_graph_symbol_geometry_abi_words":true,"guards":true,"input_immutability":true}
{"record":"FixedSm89ExactN64AutoBoundaryV1","dtype":"f32","op":"nn","requested":"AUTO","expected":"Legacy","actual":"Legacy","symbol":"gemm_bi_f32_f32_s2","dims_mkn":[63,768,2304],"storage_rows":4639,"row_view":0,"float_offsets_abc":[0,0,1],"bias":true,"alpha_bits":1065353216,"beta_bits":0,"full_old_legacy_reference":true,"raw_full_output_and_row_slice":true,"eager_repeats":2,"poisoned_graph_replays":2,"actual_graph_symbol_geometry_abi_words":true,"guards":true,"input_immutability":true}
{"record":"FixedSm89ExactN64AutoBoundaryV1","dtype":"f32","op":"nn","requested":"AUTO","expected":"Legacy","actual":"Legacy","symbol":"gemm_bi_f32_f32_s2","dims_mkn":[64,768,2304],"storage_rows":4639,"row_view":0,"float_offsets_abc":[0,0,1],"bias":true,"alpha_bits":1065353216,"beta_bits":0,"full_old_legacy_reference":true,"raw_full_output_and_row_slice":true,"eager_repeats":2,"poisoned_graph_replays":2,"actual_graph_symbol_geometry_abi_words":true,"guards":true,"input_immutability":true}
{"record":"FixedSm89ExactN64AutoBoundaryV1","dtype":"f32","op":"nn","requested":"AUTO","expected":"Legacy","actual":"Legacy","symbol":"gemm_bi_f32_f32_s2","dims_mkn":[65,768,2304],"storage_rows":4639,"row_view":0,"float_offsets_abc":[0,0,1],"bias":true,"alpha_bits":1065353216,"beta_bits":0,"full_old_legacy_reference":true,"raw_full_output_and_row_slice":true,"eager_repeats":2,"poisoned_graph_replays":2,"actual_graph_symbol_geometry_abi_words":true,"guards":true,"input_immutability":true}
{"record":"FixedSm89ExactN64AutoBoundaryV1","dtype":"f32","op":"nn","requested":"AUTO","expected":"Legacy","actual":"Legacy","symbol":"gemm_bi_f32_f32_s2","dims_mkn":[127,768,2304],"storage_rows":4639,"row_view":0,"float_offsets_abc":[0,0,1],"bias":true,"alpha_bits":1065353216,"beta_bits":0,"full_old_legacy_reference":true,"raw_full_output_and_row_slice":true,"eager_repeats":2,"poisoned_graph_replays":2,"actual_graph_symbol_geometry_abi_words":true,"guards":true,"input_immutability":true}
{"record":"FixedSm89ExactN64AutoBoundaryV1","dtype":"f32","op":"nn","requested":"AUTO","expected":"Legacy","actual":"Legacy","symbol":"gemm_bi_f32_f32_s2","dims_mkn":[128,768,2304],"storage_rows":4639,"row_view":0,"float_offsets_abc":[0,0,1],"bias":true,"alpha_bits":1065353216,"beta_bits":0,"full_old_legacy_reference":true,"raw_full_output_and_row_slice":true,"eager_repeats":2,"poisoned_graph_replays":2,"actual_graph_symbol_geometry_abi_words":true,"guards":true,"input_immutability":true}
{"record":"FixedSm89ExactN64AutoBoundaryV1","dtype":"f32","op":"nn","requested":"AUTO","expected":"Legacy","actual":"Legacy","symbol":"gemm_bi_f32_f32_s2","dims_mkn":[129,768,2304],"storage_rows":4639,"row_view":0,"float_offsets_abc":[0,0,1],"bias":true,"alpha_bits":1065353216,"beta_bits":0,"full_old_legacy_reference":true,"raw_full_output_and_row_slice":true,"eager_repeats":2,"poisoned_graph_replays":2,"actual_graph_symbol_geometry_abi_words":true,"guards":true,"input_immutability":true}
{"record":"FixedSm89ExactN64AutoBoundaryV1","dtype":"f32","op":"nn","requested":"AUTO","expected":"Legacy","actual":"Legacy","symbol":"gemm_bi_f32_f32_s2","dims_mkn":[4621,768,2304],"storage_rows":4639,"row_view":17,"float_offsets_abc":[0,0,1],"bias":true,"alpha_bits":1065353216,"beta_bits":0,"full_old_legacy_reference":true,"raw_full_output_and_row_slice":true,"eager_repeats":2,"poisoned_graph_replays":2,"actual_graph_symbol_geometry_abi_words":true,"guards":true,"input_immutability":true}
{"record":"FixedSm89ExactN64AutoBoundaryV1","dtype":"f32","op":"nn","requested":"AUTO","expected":"Legacy","actual":"Legacy","symbol":"gemm_bi_f32_f32_s2","dims_mkn":[4620,768,2304],"storage_rows":4639,"row_view":17,"float_offsets_abc":[0,0,1],"bias":true,"alpha_bits":1065353216,"beta_bits":0,"full_old_legacy_reference":true,"raw_full_output_and_row_slice":true,"eager_repeats":2,"poisoned_graph_replays":2,"actual_graph_symbol_geometry_abi_words":true,"guards":true,"input_immutability":true}
{"record":"FixedSm89ExactN64AutoBoundaryV1","dtype":"f32","op":"nn","requested":"AUTO","expected":"Legacy","actual":"Legacy","symbol":"gemm_bi_f32_f32_s2","dims_mkn":[4622,768,2304],"storage_rows":4639,"row_view":17,"float_offsets_abc":[0,0,1],"bias":true,"alpha_bits":1065353216,"beta_bits":0,"full_old_legacy_reference":true,"raw_full_output_and_row_slice":true,"eager_repeats":2,"poisoned_graph_replays":2,"actual_graph_symbol_geometry_abi_words":true,"guards":true,"input_immutability":true}
{"record":"FixedSm89ExactN64AutoBoundaryV1","dtype":"f32","op":"nn","requested":"AUTO","expected":"Legacy","actual":"Legacy","symbol":"gemm_bi_f32_f32_s2","dims_mkn":[1,768,2304],"storage_rows":4639,"row_view":17,"float_offsets_abc":[0,0,1],"bias":true,"alpha_bits":1065353216,"beta_bits":0,"full_old_legacy_reference":true,"raw_full_output_and_row_slice":true,"eager_repeats":2,"poisoned_graph_replays":2,"actual_graph_symbol_geometry_abi_words":true,"guards":true,"input_immutability":true}
{"record":"FixedSm89ExactN64AutoBoundaryV1","dtype":"f32","op":"nn","requested":"AUTO","expected":"Legacy","actual":"Legacy","symbol":"gemm_bi_f32_f32_s2","dims_mkn":[17,768,2304],"storage_rows":4639,"row_view":17,"float_offsets_abc":[0,0,1],"bias":true,"alpha_bits":1065353216,"beta_bits":0,"full_old_legacy_reference":true,"raw_full_output_and_row_slice":true,"eager_repeats":2,"poisoned_graph_replays":2,"actual_graph_symbol_geometry_abi_words":true,"guards":true,"input_immutability":true}
{"record":"FixedSm89ExactN64AutoBoundaryV1","dtype":"f32","op":"nn","requested":"AUTO","expected":"Legacy","actual":"Legacy","symbol":"gemm_bi_f32_f32_s2","dims_mkn":[63,768,2304],"storage_rows":4639,"row_view":17,"float_offsets_abc":[0,0,1],"bias":true,"alpha_bits":1065353216,"beta_bits":0,"full_old_legacy_reference":true,"raw_full_output_and_row_slice":true,"eager_repeats":2,"poisoned_graph_replays":2,"actual_graph_symbol_geometry_abi_words":true,"guards":true,"input_immutability":true}
{"record":"FixedSm89ExactN64AutoBoundaryV1","dtype":"f32","op":"nn","requested":"AUTO","expected":"Legacy","actual":"Legacy","symbol":"gemm_bi_f32_f32_s2","dims_mkn":[64,768,2304],"storage_rows":4639,"row_view":17,"float_offsets_abc":[0,0,1],"bias":true,"alpha_bits":1065353216,"beta_bits":0,"full_old_legacy_reference":true,"raw_full_output_and_row_slice":true,"eager_repeats":2,"poisoned_graph_replays":2,"actual_graph_symbol_geometry_abi_words":true,"guards":true,"input_immutability":true}
{"record":"FixedSm89ExactN64AutoBoundaryV1","dtype":"f32","op":"nn","requested":"AUTO","expected":"Legacy","actual":"Legacy","symbol":"gemm_bi_f32_f32_s2","dims_mkn":[65,768,2304],"storage_rows":4639,"row_view":17,"float_offsets_abc":[0,0,1],"bias":true,"alpha_bits":1065353216,"beta_bits":0,"full_old_legacy_reference":true,"raw_full_output_and_row_slice":true,"eager_repeats":2,"poisoned_graph_replays":2,"actual_graph_symbol_geometry_abi_words":true,"guards":true,"input_immutability":true}
{"record":"FixedSm89ExactN64AutoBoundaryV1","dtype":"f32","op":"nn","requested":"AUTO","expected":"Legacy","actual":"Legacy","symbol":"gemm_bi_f32_f32_s2","dims_mkn":[127,768,2304],"storage_rows":4639,"row_view":17,"float_offsets_abc":[0,0,1],"bias":true,"alpha_bits":1065353216,"beta_bits":0,"full_old_legacy_reference":true,"raw_full_output_and_row_slice":true,"eager_repeats":2,"poisoned_graph_replays":2,"actual_graph_symbol_geometry_abi_words":true,"guards":true,"input_immutability":true}
{"record":"FixedSm89ExactN64AutoBoundaryV1","dtype":"f32","op":"nn","requested":"AUTO","expected":"Legacy","actual":"Legacy","symbol":"gemm_bi_f32_f32_s2","dims_mkn":[128,768,2304],"storage_rows":4639,"row_view":17,"float_offsets_abc":[0,0,1],"bias":true,"alpha_bits":1065353216,"beta_bits":0,"full_old_legacy_reference":true,"raw_full_output_and_row_slice":true,"eager_repeats":2,"poisoned_graph_replays":2,"actual_graph_symbol_geometry_abi_words":true,"guards":true,"input_immutability":true}
{"record":"FixedSm89ExactN64AutoBoundaryV1","dtype":"f32","op":"nn","requested":"AUTO","expected":"Legacy","actual":"Legacy","symbol":"gemm_bi_f32_f32_s2","dims_mkn":[129,768,2304],"storage_rows":4639,"row_view":17,"float_offsets_abc":[0,0,1],"bias":true,"alpha_bits":1065353216,"beta_bits":0,"full_old_legacy_reference":true,"raw_full_output_and_row_slice":true,"eager_repeats":2,"poisoned_graph_replays":2,"actual_graph_symbol_geometry_abi_words":true,"guards":true,"input_immutability":true}
{"record":"FixedSm89ExactN64AutoBoundaryV1","dtype":"f32","op":"nn","requested":"AUTO","expected":"F32Sm89N64CopyPlan","actual":"F32Sm89N64CopyPlan","symbol":"gemm_bi_nn_fixed_sm89_f32_n64_copyplan_v1","dims_mkn":[4621,384,1928],"storage_rows":4639,"row_view":0,"float_offsets_abc":[0,0,0],"bias":false,"alpha_bits":1065353216,"beta_bits":0,"full_old_legacy_reference":true,"raw_full_output_and_row_slice":true,"eager_repeats":2,"poisoned_graph_replays":2,"actual_graph_symbol_geometry_abi_words":true,"guards":true,"input_immutability":true}
{"record":"FixedSm89ExactN64AutoBoundaryV1","dtype":"f32","op":"nn","requested":"AUTO","expected":"Legacy","actual":"Legacy","symbol":"gemm_bi_f32_f32_s2","dims_mkn":[4620,384,1928],"storage_rows":4639,"row_view":0,"float_offsets_abc":[0,0,0],"bias":false,"alpha_bits":1065353216,"beta_bits":0,"full_old_legacy_reference":true,"raw_full_output_and_row_slice":true,"eager_repeats":2,"poisoned_graph_replays":2,"actual_graph_symbol_geometry_abi_words":true,"guards":true,"input_immutability":true}
{"record":"FixedSm89ExactN64AutoBoundaryV1","dtype":"f32","op":"nn","requested":"AUTO","expected":"Legacy","actual":"Legacy","symbol":"gemm_bi_f32_f32_s2","dims_mkn":[4622,384,1928],"storage_rows":4639,"row_view":0,"float_offsets_abc":[0,0,0],"bias":false,"alpha_bits":1065353216,"beta_bits":0,"full_old_legacy_reference":true,"raw_full_output_and_row_slice":true,"eager_repeats":2,"poisoned_graph_replays":2,"actual_graph_symbol_geometry_abi_words":true,"guards":true,"input_immutability":true}
{"record":"FixedSm89ExactN64AutoBoundaryV1","dtype":"f32","op":"nn","requested":"AUTO","expected":"Legacy","actual":"Legacy","symbol":"gemm_bi_f32_f32_s2","dims_mkn":[1,384,1928],"storage_rows":4639,"row_view":0,"float_offsets_abc":[0,0,0],"bias":false,"alpha_bits":1065353216,"beta_bits":0,"full_old_legacy_reference":true,"raw_full_output_and_row_slice":true,"eager_repeats":2,"poisoned_graph_replays":2,"actual_graph_symbol_geometry_abi_words":true,"guards":true,"input_immutability":true}
{"record":"FixedSm89ExactN64AutoBoundaryV1","dtype":"f32","op":"nn","requested":"AUTO","expected":"Legacy","actual":"Legacy","symbol":"gemm_bi_f32_f32_s2","dims_mkn":[17,384,1928],"storage_rows":4639,"row_view":0,"float_offsets_abc":[0,0,0],"bias":false,"alpha_bits":1065353216,"beta_bits":0,"full_old_legacy_reference":true,"raw_full_output_and_row_slice":true,"eager_repeats":2,"poisoned_graph_replays":2,"actual_graph_symbol_geometry_abi_words":true,"guards":true,"input_immutability":true}
{"record":"FixedSm89ExactN64AutoBoundaryV1","dtype":"f32","op":"nn","requested":"AUTO","expected":"Legacy","actual":"Legacy","symbol":"gemm_bi_f32_f32_s2","dims_mkn":[63,384,1928],"storage_rows":4639,"row_view":0,"float_offsets_abc":[0,0,0],"bias":false,"alpha_bits":1065353216,"beta_bits":0,"full_old_legacy_reference":true,"raw_full_output_and_row_slice":true,"eager_repeats":2,"poisoned_graph_replays":2,"actual_graph_symbol_geometry_abi_words":true,"guards":true,"input_immutability":true}
{"record":"FixedSm89ExactN64AutoBoundaryV1","dtype":"f32","op":"nn","requested":"AUTO","expected":"Legacy","actual":"Legacy","symbol":"gemm_bi_f32_f32_s2","dims_mkn":[64,384,1928],"storage_rows":4639,"row_view":0,"float_offsets_abc":[0,0,0],"bias":false,"alpha_bits":1065353216,"beta_bits":0,"full_old_legacy_reference":true,"raw_full_output_and_row_slice":true,"eager_repeats":2,"poisoned_graph_replays":2,"actual_graph_symbol_geometry_abi_words":true,"guards":true,"input_immutability":true}
{"record":"FixedSm89ExactN64AutoBoundaryV1","dtype":"f32","op":"nn","requested":"AUTO","expected":"Legacy","actual":"Legacy","symbol":"gemm_bi_f32_f32_s2","dims_mkn":[65,384,1928],"storage_rows":4639,"row_view":0,"float_offsets_abc":[0,0,0],"bias":false,"alpha_bits":1065353216,"beta_bits":0,"full_old_legacy_reference":true,"raw_full_output_and_row_slice":true,"eager_repeats":2,"poisoned_graph_replays":2,"actual_graph_symbol_geometry_abi_words":true,"guards":true,"input_immutability":true}
{"record":"FixedSm89ExactN64AutoBoundaryV1","dtype":"f32","op":"nn","requested":"AUTO","expected":"Legacy","actual":"Legacy","symbol":"gemm_bi_f32_f32_s2","dims_mkn":[127,384,1928],"storage_rows":4639,"row_view":0,"float_offsets_abc":[0,0,0],"bias":false,"alpha_bits":1065353216,"beta_bits":0,"full_old_legacy_reference":true,"raw_full_output_and_row_slice":true,"eager_repeats":2,"poisoned_graph_replays":2,"actual_graph_symbol_geometry_abi_words":true,"guards":true,"input_immutability":true}
{"record":"FixedSm89ExactN64AutoBoundaryV1","dtype":"f32","op":"nn","requested":"AUTO","expected":"Legacy","actual":"Legacy","symbol":"gemm_bi_f32_f32_s2","dims_mkn":[128,384,1928],"storage_rows":4639,"row_view":0,"float_offsets_abc":[0,0,0],"bias":false,"alpha_bits":1065353216,"beta_bits":0,"full_old_legacy_reference":true,"raw_full_output_and_row_slice":true,"eager_repeats":2,"poisoned_graph_replays":2,"actual_graph_symbol_geometry_abi_words":true,"guards":true,"input_immutability":true}
{"record":"FixedSm89ExactN64AutoBoundaryV1","dtype":"f32","op":"nn","requested":"AUTO","expected":"Legacy","actual":"Legacy","symbol":"gemm_bi_f32_f32_s2","dims_mkn":[129,384,1928],"storage_rows":4639,"row_view":0,"float_offsets_abc":[0,0,0],"bias":false,"alpha_bits":1065353216,"beta_bits":0,"full_old_legacy_reference":true,"raw_full_output_and_row_slice":true,"eager_repeats":2,"poisoned_graph_replays":2,"actual_graph_symbol_geometry_abi_words":true,"guards":true,"input_immutability":true}
{"record":"FixedSm89ExactN64AutoBoundaryV1","dtype":"f32","op":"nn","requested":"AUTO","expected":"F32Sm89N64CopyPlan","actual":"F32Sm89N64CopyPlan","symbol":"gemm_bi_nn_fixed_sm89_f32_n64_copyplan_v1","dims_mkn":[4621,384,1928],"storage_rows":4639,"row_view":17,"float_offsets_abc":[0,0,0],"bias":false,"alpha_bits":1065353216,"beta_bits":0,"full_old_legacy_reference":true,"raw_full_output_and_row_slice":true,"eager_repeats":2,"poisoned_graph_replays":2,"actual_graph_symbol_geometry_abi_words":true,"guards":true,"input_immutability":true}
{"record":"FixedSm89ExactN64AutoBoundaryV1","dtype":"f32","op":"nn","requested":"AUTO","expected":"Legacy","actual":"Legacy","symbol":"gemm_bi_f32_f32_s2","dims_mkn":[4620,384,1928],"storage_rows":4639,"row_view":17,"float_offsets_abc":[0,0,0],"bias":false,"alpha_bits":1065353216,"beta_bits":0,"full_old_legacy_reference":true,"raw_full_output_and_row_slice":true,"eager_repeats":2,"poisoned_graph_replays":2,"actual_graph_symbol_geometry_abi_words":true,"guards":true,"input_immutability":true}
{"record":"FixedSm89ExactN64AutoBoundaryV1","dtype":"f32","op":"nn","requested":"AUTO","expected":"Legacy","actual":"Legacy","symbol":"gemm_bi_f32_f32_s2","dims_mkn":[4622,384,1928],"storage_rows":4639,"row_view":17,"float_offsets_abc":[0,0,0],"bias":false,"alpha_bits":1065353216,"beta_bits":0,"full_old_legacy_reference":true,"raw_full_output_and_row_slice":true,"eager_repeats":2,"poisoned_graph_replays":2,"actual_graph_symbol_geometry_abi_words":true,"guards":true,"input_immutability":true}
{"record":"FixedSm89ExactN64AutoBoundaryV1","dtype":"f32","op":"nn","requested":"AUTO","expected":"Legacy","actual":"Legacy","symbol":"gemm_bi_f32_f32_s2","dims_mkn":[1,384,1928],"storage_rows":4639,"row_view":17,"float_offsets_abc":[0,0,0],"bias":false,"alpha_bits":1065353216,"beta_bits":0,"full_old_legacy_reference":true,"raw_full_output_and_row_slice":true,"eager_repeats":2,"poisoned_graph_replays":2,"actual_graph_symbol_geometry_abi_words":true,"guards":true,"input_immutability":true}
{"record":"FixedSm89ExactN64AutoBoundaryV1","dtype":"f32","op":"nn","requested":"AUTO","expected":"Legacy","actual":"Legacy","symbol":"gemm_bi_f32_f32_s2","dims_mkn":[17,384,1928],"storage_rows":4639,"row_view":17,"float_offsets_abc":[0,0,0],"bias":false,"alpha_bits":1065353216,"beta_bits":0,"full_old_legacy_reference":true,"raw_full_output_and_row_slice":true,"eager_repeats":2,"poisoned_graph_replays":2,"actual_graph_symbol_geometry_abi_words":true,"guards":true,"input_immutability":true}
{"record":"FixedSm89ExactN64AutoBoundaryV1","dtype":"f32","op":"nn","requested":"AUTO","expected":"Legacy","actual":"Legacy","symbol":"gemm_bi_f32_f32_s2","dims_mkn":[63,384,1928],"storage_rows":4639,"row_view":17,"float_offsets_abc":[0,0,0],"bias":false,"alpha_bits":1065353216,"beta_bits":0,"full_old_legacy_reference":true,"raw_full_output_and_row_slice":true,"eager_repeats":2,"poisoned_graph_replays":2,"actual_graph_symbol_geometry_abi_words":true,"guards":true,"input_immutability":true}
{"record":"FixedSm89ExactN64AutoBoundaryV1","dtype":"f32","op":"nn","requested":"AUTO","expected":"Legacy","actual":"Legacy","symbol":"gemm_bi_f32_f32_s2","dims_mkn":[64,384,1928],"storage_rows":4639,"row_view":17,"float_offsets_abc":[0,0,0],"bias":false,"alpha_bits":1065353216,"beta_bits":0,"full_old_legacy_reference":true,"raw_full_output_and_row_slice":true,"eager_repeats":2,"poisoned_graph_replays":2,"actual_graph_symbol_geometry_abi_words":true,"guards":true,"input_immutability":true}
{"record":"FixedSm89ExactN64AutoBoundaryV1","dtype":"f32","op":"nn","requested":"AUTO","expected":"Legacy","actual":"Legacy","symbol":"gemm_bi_f32_f32_s2","dims_mkn":[65,384,1928],"storage_rows":4639,"row_view":17,"float_offsets_abc":[0,0,0],"bias":false,"alpha_bits":1065353216,"beta_bits":0,"full_old_legacy_reference":true,"raw_full_output_and_row_slice":true,"eager_repeats":2,"poisoned_graph_replays":2,"actual_graph_symbol_geometry_abi_words":true,"guards":true,"input_immutability":true}
{"record":"FixedSm89ExactN64AutoBoundaryV1","dtype":"f32","op":"nn","requested":"AUTO","expected":"Legacy","actual":"Legacy","symbol":"gemm_bi_f32_f32_s2","dims_mkn":[127,384,1928],"storage_rows":4639,"row_view":17,"float_offsets_abc":[0,0,0],"bias":false,"alpha_bits":1065353216,"beta_bits":0,"full_old_legacy_reference":true,"raw_full_output_and_row_slice":true,"eager_repeats":2,"poisoned_graph_replays":2,"actual_graph_symbol_geometry_abi_words":true,"guards":true,"input_immutability":true}
{"record":"FixedSm89ExactN64AutoBoundaryV1","dtype":"f32","op":"nn","requested":"AUTO","expected":"Legacy","actual":"Legacy","symbol":"gemm_bi_f32_f32_s2","dims_mkn":[128,384,1928],"storage_rows":4639,"row_view":17,"float_offsets_abc":[0,0,0],"bias":false,"alpha_bits":1065353216,"beta_bits":0,"full_old_legacy_reference":true,"raw_full_output_and_row_slice":true,"eager_repeats":2,"poisoned_graph_replays":2,"actual_graph_symbol_geometry_abi_words":true,"guards":true,"input_immutability":true}
{"record":"FixedSm89ExactN64AutoBoundaryV1","dtype":"f32","op":"nn","requested":"AUTO","expected":"Legacy","actual":"Legacy","symbol":"gemm_bi_f32_f32_s2","dims_mkn":[129,384,1928],"storage_rows":4639,"row_view":17,"float_offsets_abc":[0,0,0],"bias":false,"alpha_bits":1065353216,"beta_bits":0,"full_old_legacy_reference":true,"raw_full_output_and_row_slice":true,"eager_repeats":2,"poisoned_graph_replays":2,"actual_graph_symbol_geometry_abi_words":true,"guards":true,"input_immutability":true}
{"record":"FixedSm89ExactN64AutoBoundaryV1","dtype":"f32","op":"nn","requested":"AUTO","expected":"Legacy","actual":"Legacy","symbol":"gemm_bi_f32_f32_s2","dims_mkn":[4621,384,1928],"storage_rows":4639,"row_view":0,"float_offsets_abc":[1,0,0],"bias":false,"alpha_bits":1065353216,"beta_bits":0,"full_old_legacy_reference":true,"raw_full_output_and_row_slice":true,"eager_repeats":2,"poisoned_graph_replays":2,"actual_graph_symbol_geometry_abi_words":true,"guards":true,"input_immutability":true}
{"record":"FixedSm89ExactN64AutoBoundaryV1","dtype":"f32","op":"nn","requested":"AUTO","expected":"Legacy","actual":"Legacy","symbol":"gemm_bi_f32_f32_s2","dims_mkn":[4620,384,1928],"storage_rows":4639,"row_view":0,"float_offsets_abc":[1,0,0],"bias":false,"alpha_bits":1065353216,"beta_bits":0,"full_old_legacy_reference":true,"raw_full_output_and_row_slice":true,"eager_repeats":2,"poisoned_graph_replays":2,"actual_graph_symbol_geometry_abi_words":true,"guards":true,"input_immutability":true}
{"record":"FixedSm89ExactN64AutoBoundaryV1","dtype":"f32","op":"nn","requested":"AUTO","expected":"Legacy","actual":"Legacy","symbol":"gemm_bi_f32_f32_s2","dims_mkn":[4622,384,1928],"storage_rows":4639,"row_view":0,"float_offsets_abc":[1,0,0],"bias":false,"alpha_bits":1065353216,"beta_bits":0,"full_old_legacy_reference":true,"raw_full_output_and_row_slice":true,"eager_repeats":2,"poisoned_graph_replays":2,"actual_graph_symbol_geometry_abi_words":true,"guards":true,"input_immutability":true}
{"record":"FixedSm89ExactN64AutoBoundaryV1","dtype":"f32","op":"nn","requested":"AUTO","expected":"Legacy","actual":"Legacy","symbol":"gemm_bi_f32_f32_s2","dims_mkn":[1,384,1928],"storage_rows":4639,"row_view":0,"float_offsets_abc":[1,0,0],"bias":false,"alpha_bits":1065353216,"beta_bits":0,"full_old_legacy_reference":true,"raw_full_output_and_row_slice":true,"eager_repeats":2,"poisoned_graph_replays":2,"actual_graph_symbol_geometry_abi_words":true,"guards":true,"input_immutability":true}
{"record":"FixedSm89ExactN64AutoBoundaryV1","dtype":"f32","op":"nn","requested":"AUTO","expected":"Legacy","actual":"Legacy","symbol":"gemm_bi_f32_f32_s2","dims_mkn":[17,384,1928],"storage_rows":4639,"row_view":0,"float_offsets_abc":[1,0,0],"bias":false,"alpha_bits":1065353216,"beta_bits":0,"full_old_legacy_reference":true,"raw_full_output_and_row_slice":true,"eager_repeats":2,"poisoned_graph_replays":2,"actual_graph_symbol_geometry_abi_words":true,"guards":true,"input_immutability":true}
{"record":"FixedSm89ExactN64AutoBoundaryV1","dtype":"f32","op":"nn","requested":"AUTO","expected":"Legacy","actual":"Legacy","symbol":"gemm_bi_f32_f32_s2","dims_mkn":[63,384,1928],"storage_rows":4639,"row_view":0,"float_offsets_abc":[1,0,0],"bias":false,"alpha_bits":1065353216,"beta_bits":0,"full_old_legacy_reference":true,"raw_full_output_and_row_slice":true,"eager_repeats":2,"poisoned_graph_replays":2,"actual_graph_symbol_geometry_abi_words":true,"guards":true,"input_immutability":true}
{"record":"FixedSm89ExactN64AutoBoundaryV1","dtype":"f32","op":"nn","requested":"AUTO","expected":"Legacy","actual":"Legacy","symbol":"gemm_bi_f32_f32_s2","dims_mkn":[64,384,1928],"storage_rows":4639,"row_view":0,"float_offsets_abc":[1,0,0],"bias":false,"alpha_bits":1065353216,"beta_bits":0,"full_old_legacy_reference":true,"raw_full_output_and_row_slice":true,"eager_repeats":2,"poisoned_graph_replays":2,"actual_graph_symbol_geometry_abi_words":true,"guards":true,"input_immutability":true}
{"record":"FixedSm89ExactN64AutoBoundaryV1","dtype":"f32","op":"nn","requested":"AUTO","expected":"Legacy","actual":"Legacy","symbol":"gemm_bi_f32_f32_s2","dims_mkn":[65,384,1928],"storage_rows":4639,"row_view":0,"float_offsets_abc":[1,0,0],"bias":false,"alpha_bits":1065353216,"beta_bits":0,"full_old_legacy_reference":true,"raw_full_output_and_row_slice":true,"eager_repeats":2,"poisoned_graph_replays":2,"actual_graph_symbol_geometry_abi_words":true,"guards":true,"input_immutability":true}
{"record":"FixedSm89ExactN64AutoBoundaryV1","dtype":"f32","op":"nn","requested":"AUTO","expected":"Legacy","actual":"Legacy","symbol":"gemm_bi_f32_f32_s2","dims_mkn":[127,384,1928],"storage_rows":4639,"row_view":0,"float_offsets_abc":[1,0,0],"bias":false,"alpha_bits":1065353216,"beta_bits":0,"full_old_legacy_reference":true,"raw_full_output_and_row_slice":true,"eager_repeats":2,"poisoned_graph_replays":2,"actual_graph_symbol_geometry_abi_words":true,"guards":true,"input_immutability":true}
{"record":"FixedSm89ExactN64AutoBoundaryV1","dtype":"f32","op":"nn","requested":"AUTO","expected":"Legacy","actual":"Legacy","symbol":"gemm_bi_f32_f32_s2","dims_mkn":[128,384,1928],"storage_rows":4639,"row_view":0,"float_offsets_abc":[1,0,0],"bias":false,"alpha_bits":1065353216,"beta_bits":0,"full_old_legacy_reference":true,"raw_full_output_and_row_slice":true,"eager_repeats":2,"poisoned_graph_replays":2,"actual_graph_symbol_geometry_abi_words":true,"guards":true,"input_immutability":true}
{"record":"FixedSm89ExactN64AutoBoundaryV1","dtype":"f32","op":"nn","requested":"AUTO","expected":"Legacy","actual":"Legacy","symbol":"gemm_bi_f32_f32_s2","dims_mkn":[129,384,1928],"storage_rows":4639,"row_view":0,"float_offsets_abc":[1,0,0],"bias":false,"alpha_bits":1065353216,"beta_bits":0,"full_old_legacy_reference":true,"raw_full_output_and_row_slice":true,"eager_repeats":2,"poisoned_graph_replays":2,"actual_graph_symbol_geometry_abi_words":true,"guards":true,"input_immutability":true}
{"record":"FixedSm89ExactN64AutoBoundaryV1","dtype":"f32","op":"nn","requested":"AUTO","expected":"Legacy","actual":"Legacy","symbol":"gemm_bi_f32_f32_s2","dims_mkn":[4621,384,1928],"storage_rows":4639,"row_view":17,"float_offsets_abc":[1,0,0],"bias":false,"alpha_bits":1065353216,"beta_bits":0,"full_old_legacy_reference":true,"raw_full_output_and_row_slice":true,"eager_repeats":2,"poisoned_graph_replays":2,"actual_graph_symbol_geometry_abi_words":true,"guards":true,"input_immutability":true}
{"record":"FixedSm89ExactN64AutoBoundaryV1","dtype":"f32","op":"nn","requested":"AUTO","expected":"Legacy","actual":"Legacy","symbol":"gemm_bi_f32_f32_s2","dims_mkn":[4620,384,1928],"storage_rows":4639,"row_view":17,"float_offsets_abc":[1,0,0],"bias":false,"alpha_bits":1065353216,"beta_bits":0,"full_old_legacy_reference":true,"raw_full_output_and_row_slice":true,"eager_repeats":2,"poisoned_graph_replays":2,"actual_graph_symbol_geometry_abi_words":true,"guards":true,"input_immutability":true}
{"record":"FixedSm89ExactN64AutoBoundaryV1","dtype":"f32","op":"nn","requested":"AUTO","expected":"Legacy","actual":"Legacy","symbol":"gemm_bi_f32_f32_s2","dims_mkn":[4622,384,1928],"storage_rows":4639,"row_view":17,"float_offsets_abc":[1,0,0],"bias":false,"alpha_bits":1065353216,"beta_bits":0,"full_old_legacy_reference":true,"raw_full_output_and_row_slice":true,"eager_repeats":2,"poisoned_graph_replays":2,"actual_graph_symbol_geometry_abi_words":true,"guards":true,"input_immutability":true}
{"record":"FixedSm89ExactN64AutoBoundaryV1","dtype":"f32","op":"nn","requested":"AUTO","expected":"Legacy","actual":"Legacy","symbol":"gemm_bi_f32_f32_s2","dims_mkn":[1,384,1928],"storage_rows":4639,"row_view":17,"float_offsets_abc":[1,0,0],"bias":false,"alpha_bits":1065353216,"beta_bits":0,"full_old_legacy_reference":true,"raw_full_output_and_row_slice":true,"eager_repeats":2,"poisoned_graph_replays":2,"actual_graph_symbol_geometry_abi_words":true,"guards":true,"input_immutability":true}
{"record":"FixedSm89ExactN64AutoBoundaryV1","dtype":"f32","op":"nn","requested":"AUTO","expected":"Legacy","actual":"Legacy","symbol":"gemm_bi_f32_f32_s2","dims_mkn":[17,384,1928],"storage_rows":4639,"row_view":17,"float_offsets_abc":[1,0,0],"bias":false,"alpha_bits":1065353216,"beta_bits":0,"full_old_legacy_reference":true,"raw_full_output_and_row_slice":true,"eager_repeats":2,"poisoned_graph_replays":2,"actual_graph_symbol_geometry_abi_words":true,"guards":true,"input_immutability":true}
{"record":"FixedSm89ExactN64AutoBoundaryV1","dtype":"f32","op":"nn","requested":"AUTO","expected":"Legacy","actual":"Legacy","symbol":"gemm_bi_f32_f32_s2","dims_mkn":[63,384,1928],"storage_rows":4639,"row_view":17,"float_offsets_abc":[1,0,0],"bias":false,"alpha_bits":1065353216,"beta_bits":0,"full_old_legacy_reference":true,"raw_full_output_and_row_slice":true,"eager_repeats":2,"poisoned_graph_replays":2,"actual_graph_symbol_geometry_abi_words":true,"guards":true,"input_immutability":true}
{"record":"FixedSm89ExactN64AutoBoundaryV1","dtype":"f32","op":"nn","requested":"AUTO","expected":"Legacy","actual":"Legacy","symbol":"gemm_bi_f32_f32_s2","dims_mkn":[64,384,1928],"storage_rows":4639,"row_view":17,"float_offsets_abc":[1,0,0],"bias":false,"alpha_bits":1065353216,"beta_bits":0,"full_old_legacy_reference":true,"raw_full_output_and_row_slice":true,"eager_repeats":2,"poisoned_graph_replays":2,"actual_graph_symbol_geometry_abi_words":true,"guards":true,"input_immutability":true}
{"record":"FixedSm89ExactN64AutoBoundaryV1","dtype":"f32","op":"nn","requested":"AUTO","expected":"Legacy","actual":"Legacy","symbol":"gemm_bi_f32_f32_s2","dims_mkn":[65,384,1928],"storage_rows":4639,"row_view":17,"float_offsets_abc":[1,0,0],"bias":false,"alpha_bits":1065353216,"beta_bits":0,"full_old_legacy_reference":true,"raw_full_output_and_row_slice":true,"eager_repeats":2,"poisoned_graph_replays":2,"actual_graph_symbol_geometry_abi_words":true,"guards":true,"input_immutability":true}
{"record":"FixedSm89ExactN64AutoBoundaryV1","dtype":"f32","op":"nn","requested":"AUTO","expected":"Legacy","actual":"Legacy","symbol":"gemm_bi_f32_f32_s2","dims_mkn":[127,384,1928],"storage_rows":4639,"row_view":17,"float_offsets_abc":[1,0,0],"bias":false,"alpha_bits":1065353216,"beta_bits":0,"full_old_legacy_reference":true,"raw_full_output_and_row_slice":true,"eager_repeats":2,"poisoned_graph_replays":2,"actual_graph_symbol_geometry_abi_words":true,"guards":true,"input_immutability":true}
{"record":"FixedSm89ExactN64AutoBoundaryV1","dtype":"f32","op":"nn","requested":"AUTO","expected":"Legacy","actual":"Legacy","symbol":"gemm_bi_f32_f32_s2","dims_mkn":[128,384,1928],"storage_rows":4639,"row_view":17,"float_offsets_abc":[1,0,0],"bias":false,"alpha_bits":1065353216,"beta_bits":0,"full_old_legacy_reference":true,"raw_full_output_and_row_slice":true,"eager_repeats":2,"poisoned_graph_replays":2,"actual_graph_symbol_geometry_abi_words":true,"guards":true,"input_immutability":true}
{"record":"FixedSm89ExactN64AutoBoundaryV1","dtype":"f32","op":"nn","requested":"AUTO","expected":"Legacy","actual":"Legacy","symbol":"gemm_bi_f32_f32_s2","dims_mkn":[129,384,1928],"storage_rows":4639,"row_view":17,"float_offsets_abc":[1,0,0],"bias":false,"alpha_bits":1065353216,"beta_bits":0,"full_old_legacy_reference":true,"raw_full_output_and_row_slice":true,"eager_repeats":2,"poisoned_graph_replays":2,"actual_graph_symbol_geometry_abi_words":true,"guards":true,"input_immutability":true}
{"record":"FixedSm89ExactN64AutoBoundaryV1","dtype":"f32","op":"nn","requested":"AUTO","expected":"Legacy","actual":"Legacy","symbol":"gemm_bi_f32_f32_s2","dims_mkn":[4621,384,1928],"storage_rows":4639,"row_view":0,"float_offsets_abc":[0,1,0],"bias":false,"alpha_bits":1065353216,"beta_bits":0,"full_old_legacy_reference":true,"raw_full_output_and_row_slice":true,"eager_repeats":2,"poisoned_graph_replays":2,"actual_graph_symbol_geometry_abi_words":true,"guards":true,"input_immutability":true}
{"record":"FixedSm89ExactN64AutoBoundaryV1","dtype":"f32","op":"nn","requested":"AUTO","expected":"Legacy","actual":"Legacy","symbol":"gemm_bi_f32_f32_s2","dims_mkn":[4620,384,1928],"storage_rows":4639,"row_view":0,"float_offsets_abc":[0,1,0],"bias":false,"alpha_bits":1065353216,"beta_bits":0,"full_old_legacy_reference":true,"raw_full_output_and_row_slice":true,"eager_repeats":2,"poisoned_graph_replays":2,"actual_graph_symbol_geometry_abi_words":true,"guards":true,"input_immutability":true}
{"record":"FixedSm89ExactN64AutoBoundaryV1","dtype":"f32","op":"nn","requested":"AUTO","expected":"Legacy","actual":"Legacy","symbol":"gemm_bi_f32_f32_s2","dims_mkn":[4622,384,1928],"storage_rows":4639,"row_view":0,"float_offsets_abc":[0,1,0],"bias":false,"alpha_bits":1065353216,"beta_bits":0,"full_old_legacy_reference":true,"raw_full_output_and_row_slice":true,"eager_repeats":2,"poisoned_graph_replays":2,"actual_graph_symbol_geometry_abi_words":true,"guards":true,"input_immutability":true}
{"record":"FixedSm89ExactN64AutoBoundaryV1","dtype":"f32","op":"nn","requested":"AUTO","expected":"Legacy","actual":"Legacy","symbol":"gemm_bi_f32_f32_s2","dims_mkn":[1,384,1928],"storage_rows":4639,"row_view":0,"float_offsets_abc":[0,1,0],"bias":false,"alpha_bits":1065353216,"beta_bits":0,"full_old_legacy_reference":true,"raw_full_output_and_row_slice":true,"eager_repeats":2,"poisoned_graph_replays":2,"actual_graph_symbol_geometry_abi_words":true,"guards":true,"input_immutability":true}
{"record":"FixedSm89ExactN64AutoBoundaryV1","dtype":"f32","op":"nn","requested":"AUTO","expected":"Legacy","actual":"Legacy","symbol":"gemm_bi_f32_f32_s2","dims_mkn":[17,384,1928],"storage_rows":4639,"row_view":0,"float_offsets_abc":[0,1,0],"bias":false,"alpha_bits":1065353216,"beta_bits":0,"full_old_legacy_reference":true,"raw_full_output_and_row_slice":true,"eager_repeats":2,"poisoned_graph_replays":2,"actual_graph_symbol_geometry_abi_words":true,"guards":true,"input_immutability":true}
{"record":"FixedSm89ExactN64AutoBoundaryV1","dtype":"f32","op":"nn","requested":"AUTO","expected":"Legacy","actual":"Legacy","symbol":"gemm_bi_f32_f32_s2","dims_mkn":[63,384,1928],"storage_rows":4639,"row_view":0,"float_offsets_abc":[0,1,0],"bias":false,"alpha_bits":1065353216,"beta_bits":0,"full_old_legacy_reference":true,"raw_full_output_and_row_slice":true,"eager_repeats":2,"poisoned_graph_replays":2,"actual_graph_symbol_geometry_abi_words":true,"guards":true,"input_immutability":true}
{"record":"FixedSm89ExactN64AutoBoundaryV1","dtype":"f32","op":"nn","requested":"AUTO","expected":"Legacy","actual":"Legacy","symbol":"gemm_bi_f32_f32_s2","dims_mkn":[64,384,1928],"storage_rows":4639,"row_view":0,"float_offsets_abc":[0,1,0],"bias":false,"alpha_bits":1065353216,"beta_bits":0,"full_old_legacy_reference":true,"raw_full_output_and_row_slice":true,"eager_repeats":2,"poisoned_graph_replays":2,"actual_graph_symbol_geometry_abi_words":true,"guards":true,"input_immutability":true}
{"record":"FixedSm89ExactN64AutoBoundaryV1","dtype":"f32","op":"nn","requested":"AUTO","expected":"Legacy","actual":"Legacy","symbol":"gemm_bi_f32_f32_s2","dims_mkn":[65,384,1928],"storage_rows":4639,"row_view":0,"float_offsets_abc":[0,1,0],"bias":false,"alpha_bits":1065353216,"beta_bits":0,"full_old_legacy_reference":true,"raw_full_output_and_row_slice":true,"eager_repeats":2,"poisoned_graph_replays":2,"actual_graph_symbol_geometry_abi_words":true,"guards":true,"input_immutability":true}
{"record":"FixedSm89ExactN64AutoBoundaryV1","dtype":"f32","op":"nn","requested":"AUTO","expected":"Legacy","actual":"Legacy","symbol":"gemm_bi_f32_f32_s2","dims_mkn":[127,384,1928],"storage_rows":4639,"row_view":0,"float_offsets_abc":[0,1,0],"bias":false,"alpha_bits":1065353216,"beta_bits":0,"full_old_legacy_reference":true,"raw_full_output_and_row_slice":true,"eager_repeats":2,"poisoned_graph_replays":2,"actual_graph_symbol_geometry_abi_words":true,"guards":true,"input_immutability":true}
{"record":"FixedSm89ExactN64AutoBoundaryV1","dtype":"f32","op":"nn","requested":"AUTO","expected":"Legacy","actual":"Legacy","symbol":"gemm_bi_f32_f32_s2","dims_mkn":[128,384,1928],"storage_rows":4639,"row_view":0,"float_offsets_abc":[0,1,0],"bias":false,"alpha_bits":1065353216,"beta_bits":0,"full_old_legacy_reference":true,"raw_full_output_and_row_slice":true,"eager_repeats":2,"poisoned_graph_replays":2,"actual_graph_symbol_geometry_abi_words":true,"guards":true,"input_immutability":true}
{"record":"FixedSm89ExactN64AutoBoundaryV1","dtype":"f32","op":"nn","requested":"AUTO","expected":"Legacy","actual":"Legacy","symbol":"gemm_bi_f32_f32_s2","dims_mkn":[129,384,1928],"storage_rows":4639,"row_view":0,"float_offsets_abc":[0,1,0],"bias":false,"alpha_bits":1065353216,"beta_bits":0,"full_old_legacy_reference":true,"raw_full_output_and_row_slice":true,"eager_repeats":2,"poisoned_graph_replays":2,"actual_graph_symbol_geometry_abi_words":true,"guards":true,"input_immutability":true}
{"record":"FixedSm89ExactN64AutoBoundaryV1","dtype":"f32","op":"nn","requested":"AUTO","expected":"Legacy","actual":"Legacy","symbol":"gemm_bi_f32_f32_s2","dims_mkn":[4621,384,1928],"storage_rows":4639,"row_view":17,"float_offsets_abc":[0,1,0],"bias":false,"alpha_bits":1065353216,"beta_bits":0,"full_old_legacy_reference":true,"raw_full_output_and_row_slice":true,"eager_repeats":2,"poisoned_graph_replays":2,"actual_graph_symbol_geometry_abi_words":true,"guards":true,"input_immutability":true}
{"record":"FixedSm89ExactN64AutoBoundaryV1","dtype":"f32","op":"nn","requested":"AUTO","expected":"Legacy","actual":"Legacy","symbol":"gemm_bi_f32_f32_s2","dims_mkn":[4620,384,1928],"storage_rows":4639,"row_view":17,"float_offsets_abc":[0,1,0],"bias":false,"alpha_bits":1065353216,"beta_bits":0,"full_old_legacy_reference":true,"raw_full_output_and_row_slice":true,"eager_repeats":2,"poisoned_graph_replays":2,"actual_graph_symbol_geometry_abi_words":true,"guards":true,"input_immutability":true}
{"record":"FixedSm89ExactN64AutoBoundaryV1","dtype":"f32","op":"nn","requested":"AUTO","expected":"Legacy","actual":"Legacy","symbol":"gemm_bi_f32_f32_s2","dims_mkn":[4622,384,1928],"storage_rows":4639,"row_view":17,"float_offsets_abc":[0,1,0],"bias":false,"alpha_bits":1065353216,"beta_bits":0,"full_old_legacy_reference":true,"raw_full_output_and_row_slice":true,"eager_repeats":2,"poisoned_graph_replays":2,"actual_graph_symbol_geometry_abi_words":true,"guards":true,"input_immutability":true}
{"record":"FixedSm89ExactN64AutoBoundaryV1","dtype":"f32","op":"nn","requested":"AUTO","expected":"Legacy","actual":"Legacy","symbol":"gemm_bi_f32_f32_s2","dims_mkn":[1,384,1928],"storage_rows":4639,"row_view":17,"float_offsets_abc":[0,1,0],"bias":false,"alpha_bits":1065353216,"beta_bits":0,"full_old_legacy_reference":true,"raw_full_output_and_row_slice":true,"eager_repeats":2,"poisoned_graph_replays":2,"actual_graph_symbol_geometry_abi_words":true,"guards":true,"input_immutability":true}
{"record":"FixedSm89ExactN64AutoBoundaryV1","dtype":"f32","op":"nn","requested":"AUTO","expected":"Legacy","actual":"Legacy","symbol":"gemm_bi_f32_f32_s2","dims_mkn":[17,384,1928],"storage_rows":4639,"row_view":17,"float_offsets_abc":[0,1,0],"bias":false,"alpha_bits":1065353216,"beta_bits":0,"full_old_legacy_reference":true,"raw_full_output_and_row_slice":true,"eager_repeats":2,"poisoned_graph_replays":2,"actual_graph_symbol_geometry_abi_words":true,"guards":true,"input_immutability":true}
{"record":"FixedSm89ExactN64AutoBoundaryV1","dtype":"f32","op":"nn","requested":"AUTO","expected":"Legacy","actual":"Legacy","symbol":"gemm_bi_f32_f32_s2","dims_mkn":[63,384,1928],"storage_rows":4639,"row_view":17,"float_offsets_abc":[0,1,0],"bias":false,"alpha_bits":1065353216,"beta_bits":0,"full_old_legacy_reference":true,"raw_full_output_and_row_slice":true,"eager_repeats":2,"poisoned_graph_replays":2,"actual_graph_symbol_geometry_abi_words":true,"guards":true,"input_immutability":true}
{"record":"FixedSm89ExactN64AutoBoundaryV1","dtype":"f32","op":"nn","requested":"AUTO","expected":"Legacy","actual":"Legacy","symbol":"gemm_bi_f32_f32_s2","dims_mkn":[64,384,1928],"storage_rows":4639,"row_view":17,"float_offsets_abc":[0,1,0],"bias":false,"alpha_bits":1065353216,"beta_bits":0,"full_old_legacy_reference":true,"raw_full_output_and_row_slice":true,"eager_repeats":2,"poisoned_graph_replays":2,"actual_graph_symbol_geometry_abi_words":true,"guards":true,"input_immutability":true}
{"record":"FixedSm89ExactN64AutoBoundaryV1","dtype":"f32","op":"nn","requested":"AUTO","expected":"Legacy","actual":"Legacy","symbol":"gemm_bi_f32_f32_s2","dims_mkn":[65,384,1928],"storage_rows":4639,"row_view":17,"float_offsets_abc":[0,1,0],"bias":false,"alpha_bits":1065353216,"beta_bits":0,"full_old_legacy_reference":true,"raw_full_output_and_row_slice":true,"eager_repeats":2,"poisoned_graph_replays":2,"actual_graph_symbol_geometry_abi_words":true,"guards":true,"input_immutability":true}
{"record":"FixedSm89ExactN64AutoBoundaryV1","dtype":"f32","op":"nn","requested":"AUTO","expected":"Legacy","actual":"Legacy","symbol":"gemm_bi_f32_f32_s2","dims_mkn":[127,384,1928],"storage_rows":4639,"row_view":17,"float_offsets_abc":[0,1,0],"bias":false,"alpha_bits":1065353216,"beta_bits":0,"full_old_legacy_reference":true,"raw_full_output_and_row_slice":true,"eager_repeats":2,"poisoned_graph_replays":2,"actual_graph_symbol_geometry_abi_words":true,"guards":true,"input_immutability":true}
{"record":"FixedSm89ExactN64AutoBoundaryV1","dtype":"f32","op":"nn","requested":"AUTO","expected":"Legacy","actual":"Legacy","symbol":"gemm_bi_f32_f32_s2","dims_mkn":[128,384,1928],"storage_rows":4639,"row_view":17,"float_offsets_abc":[0,1,0],"bias":false,"alpha_bits":1065353216,"beta_bits":0,"full_old_legacy_reference":true,"raw_full_output_and_row_slice":true,"eager_repeats":2,"poisoned_graph_replays":2,"actual_graph_symbol_geometry_abi_words":true,"guards":true,"input_immutability":true}
{"record":"FixedSm89ExactN64AutoBoundaryV1","dtype":"f32","op":"nn","requested":"AUTO","expected":"Legacy","actual":"Legacy","symbol":"gemm_bi_f32_f32_s2","dims_mkn":[129,384,1928],"storage_rows":4639,"row_view":17,"float_offsets_abc":[0,1,0],"bias":false,"alpha_bits":1065353216,"beta_bits":0,"full_old_legacy_reference":true,"raw_full_output_and_row_slice":true,"eager_repeats":2,"poisoned_graph_replays":2,"actual_graph_symbol_geometry_abi_words":true,"guards":true,"input_immutability":true}
{"record":"FixedSm89ExactN64AutoBoundaryV1","dtype":"f32","op":"nn","requested":"AUTO","expected":"Legacy","actual":"Legacy","symbol":"gemm_bi_f32_f32_s2","dims_mkn":[4621,384,1928],"storage_rows":4639,"row_view":0,"float_offsets_abc":[0,0,1],"bias":false,"alpha_bits":1065353216,"beta_bits":0,"full_old_legacy_reference":true,"raw_full_output_and_row_slice":true,"eager_repeats":2,"poisoned_graph_replays":2,"actual_graph_symbol_geometry_abi_words":true,"guards":true,"input_immutability":true}
{"record":"FixedSm89ExactN64AutoBoundaryV1","dtype":"f32","op":"nn","requested":"AUTO","expected":"Legacy","actual":"Legacy","symbol":"gemm_bi_f32_f32_s2","dims_mkn":[4620,384,1928],"storage_rows":4639,"row_view":0,"float_offsets_abc":[0,0,1],"bias":false,"alpha_bits":1065353216,"beta_bits":0,"full_old_legacy_reference":true,"raw_full_output_and_row_slice":true,"eager_repeats":2,"poisoned_graph_replays":2,"actual_graph_symbol_geometry_abi_words":true,"guards":true,"input_immutability":true}
{"record":"FixedSm89ExactN64AutoBoundaryV1","dtype":"f32","op":"nn","requested":"AUTO","expected":"Legacy","actual":"Legacy","symbol":"gemm_bi_f32_f32_s2","dims_mkn":[4622,384,1928],"storage_rows":4639,"row_view":0,"float_offsets_abc":[0,0,1],"bias":false,"alpha_bits":1065353216,"beta_bits":0,"full_old_legacy_reference":true,"raw_full_output_and_row_slice":true,"eager_repeats":2,"poisoned_graph_replays":2,"actual_graph_symbol_geometry_abi_words":true,"guards":true,"input_immutability":true}
{"record":"FixedSm89ExactN64AutoBoundaryV1","dtype":"f32","op":"nn","requested":"AUTO","expected":"Legacy","actual":"Legacy","symbol":"gemm_bi_f32_f32_s2","dims_mkn":[1,384,1928],"storage_rows":4639,"row_view":0,"float_offsets_abc":[0,0,1],"bias":false,"alpha_bits":1065353216,"beta_bits":0,"full_old_legacy_reference":true,"raw_full_output_and_row_slice":true,"eager_repeats":2,"poisoned_graph_replays":2,"actual_graph_symbol_geometry_abi_words":true,"guards":true,"input_immutability":true}
{"record":"FixedSm89ExactN64AutoBoundaryV1","dtype":"f32","op":"nn","requested":"AUTO","expected":"Legacy","actual":"Legacy","symbol":"gemm_bi_f32_f32_s2","dims_mkn":[17,384,1928],"storage_rows":4639,"row_view":0,"float_offsets_abc":[0,0,1],"bias":false,"alpha_bits":1065353216,"beta_bits":0,"full_old_legacy_reference":true,"raw_full_output_and_row_slice":true,"eager_repeats":2,"poisoned_graph_replays":2,"actual_graph_symbol_geometry_abi_words":true,"guards":true,"input_immutability":true}
{"record":"FixedSm89ExactN64AutoBoundaryV1","dtype":"f32","op":"nn","requested":"AUTO","expected":"Legacy","actual":"Legacy","symbol":"gemm_bi_f32_f32_s2","dims_mkn":[63,384,1928],"storage_rows":4639,"row_view":0,"float_offsets_abc":[0,0,1],"bias":false,"alpha_bits":1065353216,"beta_bits":0,"full_old_legacy_reference":true,"raw_full_output_and_row_slice":true,"eager_repeats":2,"poisoned_graph_replays":2,"actual_graph_symbol_geometry_abi_words":true,"guards":true,"input_immutability":true}
{"record":"FixedSm89ExactN64AutoBoundaryV1","dtype":"f32","op":"nn","requested":"AUTO","expected":"Legacy","actual":"Legacy","symbol":"gemm_bi_f32_f32_s2","dims_mkn":[64,384,1928],"storage_rows":4639,"row_view":0,"float_offsets_abc":[0,0,1],"bias":false,"alpha_bits":1065353216,"beta_bits":0,"full_old_legacy_reference":true,"raw_full_output_and_row_slice":true,"eager_repeats":2,"poisoned_graph_replays":2,"actual_graph_symbol_geometry_abi_words":true,"guards":true,"input_immutability":true}
{"record":"FixedSm89ExactN64AutoBoundaryV1","dtype":"f32","op":"nn","requested":"AUTO","expected":"Legacy","actual":"Legacy","symbol":"gemm_bi_f32_f32_s2","dims_mkn":[65,384,1928],"storage_rows":4639,"row_view":0,"float_offsets_abc":[0,0,1],"bias":false,"alpha_bits":1065353216,"beta_bits":0,"full_old_legacy_reference":true,"raw_full_output_and_row_slice":true,"eager_repeats":2,"poisoned_graph_replays":2,"actual_graph_symbol_geometry_abi_words":true,"guards":true,"input_immutability":true}
{"record":"FixedSm89ExactN64AutoBoundaryV1","dtype":"f32","op":"nn","requested":"AUTO","expected":"Legacy","actual":"Legacy","symbol":"gemm_bi_f32_f32_s2","dims_mkn":[127,384,1928],"storage_rows":4639,"row_view":0,"float_offsets_abc":[0,0,1],"bias":false,"alpha_bits":1065353216,"beta_bits":0,"full_old_legacy_reference":true,"raw_full_output_and_row_slice":true,"eager_repeats":2,"poisoned_graph_replays":2,"actual_graph_symbol_geometry_abi_words":true,"guards":true,"input_immutability":true}
{"record":"FixedSm89ExactN64AutoBoundaryV1","dtype":"f32","op":"nn","requested":"AUTO","expected":"Legacy","actual":"Legacy","symbol":"gemm_bi_f32_f32_s2","dims_mkn":[128,384,1928],"storage_rows":4639,"row_view":0,"float_offsets_abc":[0,0,1],"bias":false,"alpha_bits":1065353216,"beta_bits":0,"full_old_legacy_reference":true,"raw_full_output_and_row_slice":true,"eager_repeats":2,"poisoned_graph_replays":2,"actual_graph_symbol_geometry_abi_words":true,"guards":true,"input_immutability":true}
{"record":"FixedSm89ExactN64AutoBoundaryV1","dtype":"f32","op":"nn","requested":"AUTO","expected":"Legacy","actual":"Legacy","symbol":"gemm_bi_f32_f32_s2","dims_mkn":[129,384,1928],"storage_rows":4639,"row_view":0,"float_offsets_abc":[0,0,1],"bias":false,"alpha_bits":1065353216,"beta_bits":0,"full_old_legacy_reference":true,"raw_full_output_and_row_slice":true,"eager_repeats":2,"poisoned_graph_replays":2,"actual_graph_symbol_geometry_abi_words":true,"guards":true,"input_immutability":true}
{"record":"FixedSm89ExactN64AutoBoundaryV1","dtype":"f32","op":"nn","requested":"AUTO","expected":"Legacy","actual":"Legacy","symbol":"gemm_bi_f32_f32_s2","dims_mkn":[4621,384,1928],"storage_rows":4639,"row_view":17,"float_offsets_abc":[0,0,1],"bias":false,"alpha_bits":1065353216,"beta_bits":0,"full_old_legacy_reference":true,"raw_full_output_and_row_slice":true,"eager_repeats":2,"poisoned_graph_replays":2,"actual_graph_symbol_geometry_abi_words":true,"guards":true,"input_immutability":true}
{"record":"FixedSm89ExactN64AutoBoundaryV1","dtype":"f32","op":"nn","requested":"AUTO","expected":"Legacy","actual":"Legacy","symbol":"gemm_bi_f32_f32_s2","dims_mkn":[4620,384,1928],"storage_rows":4639,"row_view":17,"float_offsets_abc":[0,0,1],"bias":false,"alpha_bits":1065353216,"beta_bits":0,"full_old_legacy_reference":true,"raw_full_output_and_row_slice":true,"eager_repeats":2,"poisoned_graph_replays":2,"actual_graph_symbol_geometry_abi_words":true,"guards":true,"input_immutability":true}
{"record":"FixedSm89ExactN64AutoBoundaryV1","dtype":"f32","op":"nn","requested":"AUTO","expected":"Legacy","actual":"Legacy","symbol":"gemm_bi_f32_f32_s2","dims_mkn":[4622,384,1928],"storage_rows":4639,"row_view":17,"float_offsets_abc":[0,0,1],"bias":false,"alpha_bits":1065353216,"beta_bits":0,"full_old_legacy_reference":true,"raw_full_output_and_row_slice":true,"eager_repeats":2,"poisoned_graph_replays":2,"actual_graph_symbol_geometry_abi_words":true,"guards":true,"input_immutability":true}
{"record":"FixedSm89ExactN64AutoBoundaryV1","dtype":"f32","op":"nn","requested":"AUTO","expected":"Legacy","actual":"Legacy","symbol":"gemm_bi_f32_f32_s2","dims_mkn":[1,384,1928],"storage_rows":4639,"row_view":17,"float_offsets_abc":[0,0,1],"bias":false,"alpha_bits":1065353216,"beta_bits":0,"full_old_legacy_reference":true,"raw_full_output_and_row_slice":true,"eager_repeats":2,"poisoned_graph_replays":2,"actual_graph_symbol_geometry_abi_words":true,"guards":true,"input_immutability":true}
{"record":"FixedSm89ExactN64AutoBoundaryV1","dtype":"f32","op":"nn","requested":"AUTO","expected":"Legacy","actual":"Legacy","symbol":"gemm_bi_f32_f32_s2","dims_mkn":[17,384,1928],"storage_rows":4639,"row_view":17,"float_offsets_abc":[0,0,1],"bias":false,"alpha_bits":1065353216,"beta_bits":0,"full_old_legacy_reference":true,"raw_full_output_and_row_slice":true,"eager_repeats":2,"poisoned_graph_replays":2,"actual_graph_symbol_geometry_abi_words":true,"guards":true,"input_immutability":true}
{"record":"FixedSm89ExactN64AutoBoundaryV1","dtype":"f32","op":"nn","requested":"AUTO","expected":"Legacy","actual":"Legacy","symbol":"gemm_bi_f32_f32_s2","dims_mkn":[63,384,1928],"storage_rows":4639,"row_view":17,"float_offsets_abc":[0,0,1],"bias":false,"alpha_bits":1065353216,"beta_bits":0,"full_old_legacy_reference":true,"raw_full_output_and_row_slice":true,"eager_repeats":2,"poisoned_graph_replays":2,"actual_graph_symbol_geometry_abi_words":true,"guards":true,"input_immutability":true}
{"record":"FixedSm89ExactN64AutoBoundaryV1","dtype":"f32","op":"nn","requested":"AUTO","expected":"Legacy","actual":"Legacy","symbol":"gemm_bi_f32_f32_s2","dims_mkn":[64,384,1928],"storage_rows":4639,"row_view":17,"float_offsets_abc":[0,0,1],"bias":false,"alpha_bits":1065353216,"beta_bits":0,"full_old_legacy_reference":true,"raw_full_output_and_row_slice":true,"eager_repeats":2,"poisoned_graph_replays":2,"actual_graph_symbol_geometry_abi_words":true,"guards":true,"input_immutability":true}
{"record":"FixedSm89ExactN64AutoBoundaryV1","dtype":"f32","op":"nn","requested":"AUTO","expected":"Legacy","actual":"Legacy","symbol":"gemm_bi_f32_f32_s2","dims_mkn":[65,384,1928],"storage_rows":4639,"row_view":17,"float_offsets_abc":[0,0,1],"bias":false,"alpha_bits":1065353216,"beta_bits":0,"full_old_legacy_reference":true,"raw_full_output_and_row_slice":true,"eager_repeats":2,"poisoned_graph_replays":2,"actual_graph_symbol_geometry_abi_words":true,"guards":true,"input_immutability":true}
{"record":"FixedSm89ExactN64AutoBoundaryV1","dtype":"f32","op":"nn","requested":"AUTO","expected":"Legacy","actual":"Legacy","symbol":"gemm_bi_f32_f32_s2","dims_mkn":[127,384,1928],"storage_rows":4639,"row_view":17,"float_offsets_abc":[0,0,1],"bias":false,"alpha_bits":1065353216,"beta_bits":0,"full_old_legacy_reference":true,"raw_full_output_and_row_slice":true,"eager_repeats":2,"poisoned_graph_replays":2,"actual_graph_symbol_geometry_abi_words":true,"guards":true,"input_immutability":true}
{"record":"FixedSm89ExactN64AutoBoundaryV1","dtype":"f32","op":"nn","requested":"AUTO","expected":"Legacy","actual":"Legacy","symbol":"gemm_bi_f32_f32_s2","dims_mkn":[128,384,1928],"storage_rows":4639,"row_view":17,"float_offsets_abc":[0,0,1],"bias":false,"alpha_bits":1065353216,"beta_bits":0,"full_old_legacy_reference":true,"raw_full_output_and_row_slice":true,"eager_repeats":2,"poisoned_graph_replays":2,"actual_graph_symbol_geometry_abi_words":true,"guards":true,"input_immutability":true}
{"record":"FixedSm89ExactN64AutoBoundaryV1","dtype":"f32","op":"nn","requested":"AUTO","expected":"Legacy","actual":"Legacy","symbol":"gemm_bi_f32_f32_s2","dims_mkn":[129,384,1928],"storage_rows":4639,"row_view":17,"float_offsets_abc":[0,0,1],"bias":false,"alpha_bits":1065353216,"beta_bits":0,"full_old_legacy_reference":true,"raw_full_output_and_row_slice":true,"eager_repeats":2,"poisoned_graph_replays":2,"actual_graph_symbol_geometry_abi_words":true,"guards":true,"input_immutability":true}
{"record":"FixedSm89ExactN64AutoBoundaryV1","dtype":"f32","op":"nn","requested":"AUTO","expected":"F32Sm89N64CopyPlan","actual":"F32Sm89N64CopyPlan","symbol":"gemm_bi_nn_fixed_sm89_f32_n64_copyplan_v1","dims_mkn":[4621,384,1928],"storage_rows":4639,"row_view":0,"float_offsets_abc":[0,0,0],"bias":true,"alpha_bits":1065353216,"beta_bits":0,"full_old_legacy_reference":true,"raw_full_output_and_row_slice":true,"eager_repeats":2,"poisoned_graph_replays":2,"actual_graph_symbol_geometry_abi_words":true,"guards":true,"input_immutability":true}
{"record":"FixedSm89ExactN64AutoBoundaryV1","dtype":"f32","op":"nn","requested":"AUTO","expected":"Legacy","actual":"Legacy","symbol":"gemm_bi_f32_f32_s2","dims_mkn":[4620,384,1928],"storage_rows":4639,"row_view":0,"float_offsets_abc":[0,0,0],"bias":true,"alpha_bits":1065353216,"beta_bits":0,"full_old_legacy_reference":true,"raw_full_output_and_row_slice":true,"eager_repeats":2,"poisoned_graph_replays":2,"actual_graph_symbol_geometry_abi_words":true,"guards":true,"input_immutability":true}
{"record":"FixedSm89ExactN64AutoBoundaryV1","dtype":"f32","op":"nn","requested":"AUTO","expected":"Legacy","actual":"Legacy","symbol":"gemm_bi_f32_f32_s2","dims_mkn":[4622,384,1928],"storage_rows":4639,"row_view":0,"float_offsets_abc":[0,0,0],"bias":true,"alpha_bits":1065353216,"beta_bits":0,"full_old_legacy_reference":true,"raw_full_output_and_row_slice":true,"eager_repeats":2,"poisoned_graph_replays":2,"actual_graph_symbol_geometry_abi_words":true,"guards":true,"input_immutability":true}
{"record":"FixedSm89ExactN64AutoBoundaryV1","dtype":"f32","op":"nn","requested":"AUTO","expected":"Legacy","actual":"Legacy","symbol":"gemm_bi_f32_f32_s2","dims_mkn":[1,384,1928],"storage_rows":4639,"row_view":0,"float_offsets_abc":[0,0,0],"bias":true,"alpha_bits":1065353216,"beta_bits":0,"full_old_legacy_reference":true,"raw_full_output_and_row_slice":true,"eager_repeats":2,"poisoned_graph_replays":2,"actual_graph_symbol_geometry_abi_words":true,"guards":true,"input_immutability":true}
{"record":"FixedSm89ExactN64AutoBoundaryV1","dtype":"f32","op":"nn","requested":"AUTO","expected":"Legacy","actual":"Legacy","symbol":"gemm_bi_f32_f32_s2","dims_mkn":[17,384,1928],"storage_rows":4639,"row_view":0,"float_offsets_abc":[0,0,0],"bias":true,"alpha_bits":1065353216,"beta_bits":0,"full_old_legacy_reference":true,"raw_full_output_and_row_slice":true,"eager_repeats":2,"poisoned_graph_replays":2,"actual_graph_symbol_geometry_abi_words":true,"guards":true,"input_immutability":true}
{"record":"FixedSm89ExactN64AutoBoundaryV1","dtype":"f32","op":"nn","requested":"AUTO","expected":"Legacy","actual":"Legacy","symbol":"gemm_bi_f32_f32_s2","dims_mkn":[63,384,1928],"storage_rows":4639,"row_view":0,"float_offsets_abc":[0,0,0],"bias":true,"alpha_bits":1065353216,"beta_bits":0,"full_old_legacy_reference":true,"raw_full_output_and_row_slice":true,"eager_repeats":2,"poisoned_graph_replays":2,"actual_graph_symbol_geometry_abi_words":true,"guards":true,"input_immutability":true}
{"record":"FixedSm89ExactN64AutoBoundaryV1","dtype":"f32","op":"nn","requested":"AUTO","expected":"Legacy","actual":"Legacy","symbol":"gemm_bi_f32_f32_s2","dims_mkn":[64,384,1928],"storage_rows":4639,"row_view":0,"float_offsets_abc":[0,0,0],"bias":true,"alpha_bits":1065353216,"beta_bits":0,"full_old_legacy_reference":true,"raw_full_output_and_row_slice":true,"eager_repeats":2,"poisoned_graph_replays":2,"actual_graph_symbol_geometry_abi_words":true,"guards":true,"input_immutability":true}
{"record":"FixedSm89ExactN64AutoBoundaryV1","dtype":"f32","op":"nn","requested":"AUTO","expected":"Legacy","actual":"Legacy","symbol":"gemm_bi_f32_f32_s2","dims_mkn":[65,384,1928],"storage_rows":4639,"row_view":0,"float_offsets_abc":[0,0,0],"bias":true,"alpha_bits":1065353216,"beta_bits":0,"full_old_legacy_reference":true,"raw_full_output_and_row_slice":true,"eager_repeats":2,"poisoned_graph_replays":2,"actual_graph_symbol_geometry_abi_words":true,"guards":true,"input_immutability":true}
{"record":"FixedSm89ExactN64AutoBoundaryV1","dtype":"f32","op":"nn","requested":"AUTO","expected":"Legacy","actual":"Legacy","symbol":"gemm_bi_f32_f32_s2","dims_mkn":[127,384,1928],"storage_rows":4639,"row_view":0,"float_offsets_abc":[0,0,0],"bias":true,"alpha_bits":1065353216,"beta_bits":0,"full_old_legacy_reference":true,"raw_full_output_and_row_slice":true,"eager_repeats":2,"poisoned_graph_replays":2,"actual_graph_symbol_geometry_abi_words":true,"guards":true,"input_immutability":true}
{"record":"FixedSm89ExactN64AutoBoundaryV1","dtype":"f32","op":"nn","requested":"AUTO","expected":"Legacy","actual":"Legacy","symbol":"gemm_bi_f32_f32_s2","dims_mkn":[128,384,1928],"storage_rows":4639,"row_view":0,"float_offsets_abc":[0,0,0],"bias":true,"alpha_bits":1065353216,"beta_bits":0,"full_old_legacy_reference":true,"raw_full_output_and_row_slice":true,"eager_repeats":2,"poisoned_graph_replays":2,"actual_graph_symbol_geometry_abi_words":true,"guards":true,"input_immutability":true}
{"record":"FixedSm89ExactN64AutoBoundaryV1","dtype":"f32","op":"nn","requested":"AUTO","expected":"Legacy","actual":"Legacy","symbol":"gemm_bi_f32_f32_s2","dims_mkn":[129,384,1928],"storage_rows":4639,"row_view":0,"float_offsets_abc":[0,0,0],"bias":true,"alpha_bits":1065353216,"beta_bits":0,"full_old_legacy_reference":true,"raw_full_output_and_row_slice":true,"eager_repeats":2,"poisoned_graph_replays":2,"actual_graph_symbol_geometry_abi_words":true,"guards":true,"input_immutability":true}
{"record":"FixedSm89ExactN64AutoBoundaryV1","dtype":"f32","op":"nn","requested":"AUTO","expected":"F32Sm89N64CopyPlan","actual":"F32Sm89N64CopyPlan","symbol":"gemm_bi_nn_fixed_sm89_f32_n64_copyplan_v1","dims_mkn":[4621,384,1928],"storage_rows":4639,"row_view":17,"float_offsets_abc":[0,0,0],"bias":true,"alpha_bits":1065353216,"beta_bits":0,"full_old_legacy_reference":true,"raw_full_output_and_row_slice":true,"eager_repeats":2,"poisoned_graph_replays":2,"actual_graph_symbol_geometry_abi_words":true,"guards":true,"input_immutability":true}
{"record":"FixedSm89ExactN64AutoBoundaryV1","dtype":"f32","op":"nn","requested":"AUTO","expected":"Legacy","actual":"Legacy","symbol":"gemm_bi_f32_f32_s2","dims_mkn":[4620,384,1928],"storage_rows":4639,"row_view":17,"float_offsets_abc":[0,0,0],"bias":true,"alpha_bits":1065353216,"beta_bits":0,"full_old_legacy_reference":true,"raw_full_output_and_row_slice":true,"eager_repeats":2,"poisoned_graph_replays":2,"actual_graph_symbol_geometry_abi_words":true,"guards":true,"input_immutability":true}
{"record":"FixedSm89ExactN64AutoBoundaryV1","dtype":"f32","op":"nn","requested":"AUTO","expected":"Legacy","actual":"Legacy","symbol":"gemm_bi_f32_f32_s2","dims_mkn":[4622,384,1928],"storage_rows":4639,"row_view":17,"float_offsets_abc":[0,0,0],"bias":true,"alpha_bits":1065353216,"beta_bits":0,"full_old_legacy_reference":true,"raw_full_output_and_row_slice":true,"eager_repeats":2,"poisoned_graph_replays":2,"actual_graph_symbol_geometry_abi_words":true,"guards":true,"input_immutability":true}
{"record":"FixedSm89ExactN64AutoBoundaryV1","dtype":"f32","op":"nn","requested":"AUTO","expected":"Legacy","actual":"Legacy","symbol":"gemm_bi_f32_f32_s2","dims_mkn":[1,384,1928],"storage_rows":4639,"row_view":17,"float_offsets_abc":[0,0,0],"bias":true,"alpha_bits":1065353216,"beta_bits":0,"full_old_legacy_reference":true,"raw_full_output_and_row_slice":true,"eager_repeats":2,"poisoned_graph_replays":2,"actual_graph_symbol_geometry_abi_words":true,"guards":true,"input_immutability":true}
{"record":"FixedSm89ExactN64AutoBoundaryV1","dtype":"f32","op":"nn","requested":"AUTO","expected":"Legacy","actual":"Legacy","symbol":"gemm_bi_f32_f32_s2","dims_mkn":[17,384,1928],"storage_rows":4639,"row_view":17,"float_offsets_abc":[0,0,0],"bias":true,"alpha_bits":1065353216,"beta_bits":0,"full_old_legacy_reference":true,"raw_full_output_and_row_slice":true,"eager_repeats":2,"poisoned_graph_replays":2,"actual_graph_symbol_geometry_abi_words":true,"guards":true,"input_immutability":true}
{"record":"FixedSm89ExactN64AutoBoundaryV1","dtype":"f32","op":"nn","requested":"AUTO","expected":"Legacy","actual":"Legacy","symbol":"gemm_bi_f32_f32_s2","dims_mkn":[63,384,1928],"storage_rows":4639,"row_view":17,"float_offsets_abc":[0,0,0],"bias":true,"alpha_bits":1065353216,"beta_bits":0,"full_old_legacy_reference":true,"raw_full_output_and_row_slice":true,"eager_repeats":2,"poisoned_graph_replays":2,"actual_graph_symbol_geometry_abi_words":true,"guards":true,"input_immutability":true}
{"record":"FixedSm89ExactN64AutoBoundaryV1","dtype":"f32","op":"nn","requested":"AUTO","expected":"Legacy","actual":"Legacy","symbol":"gemm_bi_f32_f32_s2","dims_mkn":[64,384,1928],"storage_rows":4639,"row_view":17,"float_offsets_abc":[0,0,0],"bias":true,"alpha_bits":1065353216,"beta_bits":0,"full_old_legacy_reference":true,"raw_full_output_and_row_slice":true,"eager_repeats":2,"poisoned_graph_replays":2,"actual_graph_symbol_geometry_abi_words":true,"guards":true,"input_immutability":true}
{"record":"FixedSm89ExactN64AutoBoundaryV1","dtype":"f32","op":"nn","requested":"AUTO","expected":"Legacy","actual":"Legacy","symbol":"gemm_bi_f32_f32_s2","dims_mkn":[65,384,1928],"storage_rows":4639,"row_view":17,"float_offsets_abc":[0,0,0],"bias":true,"alpha_bits":1065353216,"beta_bits":0,"full_old_legacy_reference":true,"raw_full_output_and_row_slice":true,"eager_repeats":2,"poisoned_graph_replays":2,"actual_graph_symbol_geometry_abi_words":true,"guards":true,"input_immutability":true}
{"record":"FixedSm89ExactN64AutoBoundaryV1","dtype":"f32","op":"nn","requested":"AUTO","expected":"Legacy","actual":"Legacy","symbol":"gemm_bi_f32_f32_s2","dims_mkn":[127,384,1928],"storage_rows":4639,"row_view":17,"float_offsets_abc":[0,0,0],"bias":true,"alpha_bits":1065353216,"beta_bits":0,"full_old_legacy_reference":true,"raw_full_output_and_row_slice":true,"eager_repeats":2,"poisoned_graph_replays":2,"actual_graph_symbol_geometry_abi_words":true,"guards":true,"input_immutability":true}
{"record":"FixedSm89ExactN64AutoBoundaryV1","dtype":"f32","op":"nn","requested":"AUTO","expected":"Legacy","actual":"Legacy","symbol":"gemm_bi_f32_f32_s2","dims_mkn":[128,384,1928],"storage_rows":4639,"row_view":17,"float_offsets_abc":[0,0,0],"bias":true,"alpha_bits":1065353216,"beta_bits":0,"full_old_legacy_reference":true,"raw_full_output_and_row_slice":true,"eager_repeats":2,"poisoned_graph_replays":2,"actual_graph_symbol_geometry_abi_words":true,"guards":true,"input_immutability":true}
{"record":"FixedSm89ExactN64AutoBoundaryV1","dtype":"f32","op":"nn","requested":"AUTO","expected":"Legacy","actual":"Legacy","symbol":"gemm_bi_f32_f32_s2","dims_mkn":[129,384,1928],"storage_rows":4639,"row_view":17,"float_offsets_abc":[0,0,0],"bias":true,"alpha_bits":1065353216,"beta_bits":0,"full_old_legacy_reference":true,"raw_full_output_and_row_slice":true,"eager_repeats":2,"poisoned_graph_replays":2,"actual_graph_symbol_geometry_abi_words":true,"guards":true,"input_immutability":true}
{"record":"FixedSm89ExactN64AutoBoundaryV1","dtype":"f32","op":"nn","requested":"AUTO","expected":"Legacy","actual":"Legacy","symbol":"gemm_bi_f32_f32_s2","dims_mkn":[4621,384,1928],"storage_rows":4639,"row_view":0,"float_offsets_abc":[1,0,0],"bias":true,"alpha_bits":1065353216,"beta_bits":0,"full_old_legacy_reference":true,"raw_full_output_and_row_slice":true,"eager_repeats":2,"poisoned_graph_replays":2,"actual_graph_symbol_geometry_abi_words":true,"guards":true,"input_immutability":true}
{"record":"FixedSm89ExactN64AutoBoundaryV1","dtype":"f32","op":"nn","requested":"AUTO","expected":"Legacy","actual":"Legacy","symbol":"gemm_bi_f32_f32_s2","dims_mkn":[4620,384,1928],"storage_rows":4639,"row_view":0,"float_offsets_abc":[1,0,0],"bias":true,"alpha_bits":1065353216,"beta_bits":0,"full_old_legacy_reference":true,"raw_full_output_and_row_slice":true,"eager_repeats":2,"poisoned_graph_replays":2,"actual_graph_symbol_geometry_abi_words":true,"guards":true,"input_immutability":true}
{"record":"FixedSm89ExactN64AutoBoundaryV1","dtype":"f32","op":"nn","requested":"AUTO","expected":"Legacy","actual":"Legacy","symbol":"gemm_bi_f32_f32_s2","dims_mkn":[4622,384,1928],"storage_rows":4639,"row_view":0,"float_offsets_abc":[1,0,0],"bias":true,"alpha_bits":1065353216,"beta_bits":0,"full_old_legacy_reference":true,"raw_full_output_and_row_slice":true,"eager_repeats":2,"poisoned_graph_replays":2,"actual_graph_symbol_geometry_abi_words":true,"guards":true,"input_immutability":true}
{"record":"FixedSm89ExactN64AutoBoundaryV1","dtype":"f32","op":"nn","requested":"AUTO","expected":"Legacy","actual":"Legacy","symbol":"gemm_bi_f32_f32_s2","dims_mkn":[1,384,1928],"storage_rows":4639,"row_view":0,"float_offsets_abc":[1,0,0],"bias":true,"alpha_bits":1065353216,"beta_bits":0,"full_old_legacy_reference":true,"raw_full_output_and_row_slice":true,"eager_repeats":2,"poisoned_graph_replays":2,"actual_graph_symbol_geometry_abi_words":true,"guards":true,"input_immutability":true}
{"record":"FixedSm89ExactN64AutoBoundaryV1","dtype":"f32","op":"nn","requested":"AUTO","expected":"Legacy","actual":"Legacy","symbol":"gemm_bi_f32_f32_s2","dims_mkn":[17,384,1928],"storage_rows":4639,"row_view":0,"float_offsets_abc":[1,0,0],"bias":true,"alpha_bits":1065353216,"beta_bits":0,"full_old_legacy_reference":true,"raw_full_output_and_row_slice":true,"eager_repeats":2,"poisoned_graph_replays":2,"actual_graph_symbol_geometry_abi_words":true,"guards":true,"input_immutability":true}
{"record":"FixedSm89ExactN64AutoBoundaryV1","dtype":"f32","op":"nn","requested":"AUTO","expected":"Legacy","actual":"Legacy","symbol":"gemm_bi_f32_f32_s2","dims_mkn":[63,384,1928],"storage_rows":4639,"row_view":0,"float_offsets_abc":[1,0,0],"bias":true,"alpha_bits":1065353216,"beta_bits":0,"full_old_legacy_reference":true,"raw_full_output_and_row_slice":true,"eager_repeats":2,"poisoned_graph_replays":2,"actual_graph_symbol_geometry_abi_words":true,"guards":true,"input_immutability":true}
{"record":"FixedSm89ExactN64AutoBoundaryV1","dtype":"f32","op":"nn","requested":"AUTO","expected":"Legacy","actual":"Legacy","symbol":"gemm_bi_f32_f32_s2","dims_mkn":[64,384,1928],"storage_rows":4639,"row_view":0,"float_offsets_abc":[1,0,0],"bias":true,"alpha_bits":1065353216,"beta_bits":0,"full_old_legacy_reference":true,"raw_full_output_and_row_slice":true,"eager_repeats":2,"poisoned_graph_replays":2,"actual_graph_symbol_geometry_abi_words":true,"guards":true,"input_immutability":true}
{"record":"FixedSm89ExactN64AutoBoundaryV1","dtype":"f32","op":"nn","requested":"AUTO","expected":"Legacy","actual":"Legacy","symbol":"gemm_bi_f32_f32_s2","dims_mkn":[65,384,1928],"storage_rows":4639,"row_view":0,"float_offsets_abc":[1,0,0],"bias":true,"alpha_bits":1065353216,"beta_bits":0,"full_old_legacy_reference":true,"raw_full_output_and_row_slice":true,"eager_repeats":2,"poisoned_graph_replays":2,"actual_graph_symbol_geometry_abi_words":true,"guards":true,"input_immutability":true}
{"record":"FixedSm89ExactN64AutoBoundaryV1","dtype":"f32","op":"nn","requested":"AUTO","expected":"Legacy","actual":"Legacy","symbol":"gemm_bi_f32_f32_s2","dims_mkn":[127,384,1928],"storage_rows":4639,"row_view":0,"float_offsets_abc":[1,0,0],"bias":true,"alpha_bits":1065353216,"beta_bits":0,"full_old_legacy_reference":true,"raw_full_output_and_row_slice":true,"eager_repeats":2,"poisoned_graph_replays":2,"actual_graph_symbol_geometry_abi_words":true,"guards":true,"input_immutability":true}
{"record":"FixedSm89ExactN64AutoBoundaryV1","dtype":"f32","op":"nn","requested":"AUTO","expected":"Legacy","actual":"Legacy","symbol":"gemm_bi_f32_f32_s2","dims_mkn":[128,384,1928],"storage_rows":4639,"row_view":0,"float_offsets_abc":[1,0,0],"bias":true,"alpha_bits":1065353216,"beta_bits":0,"full_old_legacy_reference":true,"raw_full_output_and_row_slice":true,"eager_repeats":2,"poisoned_graph_replays":2,"actual_graph_symbol_geometry_abi_words":true,"guards":true,"input_immutability":true}
{"record":"FixedSm89ExactN64AutoBoundaryV1","dtype":"f32","op":"nn","requested":"AUTO","expected":"Legacy","actual":"Legacy","symbol":"gemm_bi_f32_f32_s2","dims_mkn":[129,384,1928],"storage_rows":4639,"row_view":0,"float_offsets_abc":[1,0,0],"bias":true,"alpha_bits":1065353216,"beta_bits":0,"full_old_legacy_reference":true,"raw_full_output_and_row_slice":true,"eager_repeats":2,"poisoned_graph_replays":2,"actual_graph_symbol_geometry_abi_words":true,"guards":true,"input_immutability":true}
{"record":"FixedSm89ExactN64AutoBoundaryV1","dtype":"f32","op":"nn","requested":"AUTO","expected":"Legacy","actual":"Legacy","symbol":"gemm_bi_f32_f32_s2","dims_mkn":[4621,384,1928],"storage_rows":4639,"row_view":17,"float_offsets_abc":[1,0,0],"bias":true,"alpha_bits":1065353216,"beta_bits":0,"full_old_legacy_reference":true,"raw_full_output_and_row_slice":true,"eager_repeats":2,"poisoned_graph_replays":2,"actual_graph_symbol_geometry_abi_words":true,"guards":true,"input_immutability":true}
{"record":"FixedSm89ExactN64AutoBoundaryV1","dtype":"f32","op":"nn","requested":"AUTO","expected":"Legacy","actual":"Legacy","symbol":"gemm_bi_f32_f32_s2","dims_mkn":[4620,384,1928],"storage_rows":4639,"row_view":17,"float_offsets_abc":[1,0,0],"bias":true,"alpha_bits":1065353216,"beta_bits":0,"full_old_legacy_reference":true,"raw_full_output_and_row_slice":true,"eager_repeats":2,"poisoned_graph_replays":2,"actual_graph_symbol_geometry_abi_words":true,"guards":true,"input_immutability":true}
{"record":"FixedSm89ExactN64AutoBoundaryV1","dtype":"f32","op":"nn","requested":"AUTO","expected":"Legacy","actual":"Legacy","symbol":"gemm_bi_f32_f32_s2","dims_mkn":[4622,384,1928],"storage_rows":4639,"row_view":17,"float_offsets_abc":[1,0,0],"bias":true,"alpha_bits":1065353216,"beta_bits":0,"full_old_legacy_reference":true,"raw_full_output_and_row_slice":true,"eager_repeats":2,"poisoned_graph_replays":2,"actual_graph_symbol_geometry_abi_words":true,"guards":true,"input_immutability":true}
{"record":"FixedSm89ExactN64AutoBoundaryV1","dtype":"f32","op":"nn","requested":"AUTO","expected":"Legacy","actual":"Legacy","symbol":"gemm_bi_f32_f32_s2","dims_mkn":[1,384,1928],"storage_rows":4639,"row_view":17,"float_offsets_abc":[1,0,0],"bias":true,"alpha_bits":1065353216,"beta_bits":0,"full_old_legacy_reference":true,"raw_full_output_and_row_slice":true,"eager_repeats":2,"poisoned_graph_replays":2,"actual_graph_symbol_geometry_abi_words":true,"guards":true,"input_immutability":true}
{"record":"FixedSm89ExactN64AutoBoundaryV1","dtype":"f32","op":"nn","requested":"AUTO","expected":"Legacy","actual":"Legacy","symbol":"gemm_bi_f32_f32_s2","dims_mkn":[17,384,1928],"storage_rows":4639,"row_view":17,"float_offsets_abc":[1,0,0],"bias":true,"alpha_bits":1065353216,"beta_bits":0,"full_old_legacy_reference":true,"raw_full_output_and_row_slice":true,"eager_repeats":2,"poisoned_graph_replays":2,"actual_graph_symbol_geometry_abi_words":true,"guards":true,"input_immutability":true}
{"record":"FixedSm89ExactN64AutoBoundaryV1","dtype":"f32","op":"nn","requested":"AUTO","expected":"Legacy","actual":"Legacy","symbol":"gemm_bi_f32_f32_s2","dims_mkn":[63,384,1928],"storage_rows":4639,"row_view":17,"float_offsets_abc":[1,0,0],"bias":true,"alpha_bits":1065353216,"beta_bits":0,"full_old_legacy_reference":true,"raw_full_output_and_row_slice":true,"eager_repeats":2,"poisoned_graph_replays":2,"actual_graph_symbol_geometry_abi_words":true,"guards":true,"input_immutability":true}
{"record":"FixedSm89ExactN64AutoBoundaryV1","dtype":"f32","op":"nn","requested":"AUTO","expected":"Legacy","actual":"Legacy","symbol":"gemm_bi_f32_f32_s2","dims_mkn":[64,384,1928],"storage_rows":4639,"row_view":17,"float_offsets_abc":[1,0,0],"bias":true,"alpha_bits":1065353216,"beta_bits":0,"full_old_legacy_reference":true,"raw_full_output_and_row_slice":true,"eager_repeats":2,"poisoned_graph_replays":2,"actual_graph_symbol_geometry_abi_words":true,"guards":true,"input_immutability":true}
{"record":"FixedSm89ExactN64AutoBoundaryV1","dtype":"f32","op":"nn","requested":"AUTO","expected":"Legacy","actual":"Legacy","symbol":"gemm_bi_f32_f32_s2","dims_mkn":[65,384,1928],"storage_rows":4639,"row_view":17,"float_offsets_abc":[1,0,0],"bias":true,"alpha_bits":1065353216,"beta_bits":0,"full_old_legacy_reference":true,"raw_full_output_and_row_slice":true,"eager_repeats":2,"poisoned_graph_replays":2,"actual_graph_symbol_geometry_abi_words":true,"guards":true,"input_immutability":true}
{"record":"FixedSm89ExactN64AutoBoundaryV1","dtype":"f32","op":"nn","requested":"AUTO","expected":"Legacy","actual":"Legacy","symbol":"gemm_bi_f32_f32_s2","dims_mkn":[127,384,1928],"storage_rows":4639,"row_view":17,"float_offsets_abc":[1,0,0],"bias":true,"alpha_bits":1065353216,"beta_bits":0,"full_old_legacy_reference":true,"raw_full_output_and_row_slice":true,"eager_repeats":2,"poisoned_graph_replays":2,"actual_graph_symbol_geometry_abi_words":true,"guards":true,"input_immutability":true}
{"record":"FixedSm89ExactN64AutoBoundaryV1","dtype":"f32","op":"nn","requested":"AUTO","expected":"Legacy","actual":"Legacy","symbol":"gemm_bi_f32_f32_s2","dims_mkn":[128,384,1928],"storage_rows":4639,"row_view":17,"float_offsets_abc":[1,0,0],"bias":true,"alpha_bits":1065353216,"beta_bits":0,"full_old_legacy_reference":true,"raw_full_output_and_row_slice":true,"eager_repeats":2,"poisoned_graph_replays":2,"actual_graph_symbol_geometry_abi_words":true,"guards":true,"input_immutability":true}
{"record":"FixedSm89ExactN64AutoBoundaryV1","dtype":"f32","op":"nn","requested":"AUTO","expected":"Legacy","actual":"Legacy","symbol":"gemm_bi_f32_f32_s2","dims_mkn":[129,384,1928],"storage_rows":4639,"row_view":17,"float_offsets_abc":[1,0,0],"bias":true,"alpha_bits":1065353216,"beta_bits":0,"full_old_legacy_reference":true,"raw_full_output_and_row_slice":true,"eager_repeats":2,"poisoned_graph_replays":2,"actual_graph_symbol_geometry_abi_words":true,"guards":true,"input_immutability":true}
{"record":"FixedSm89ExactN64AutoBoundaryV1","dtype":"f32","op":"nn","requested":"AUTO","expected":"Legacy","actual":"Legacy","symbol":"gemm_bi_f32_f32_s2","dims_mkn":[4621,384,1928],"storage_rows":4639,"row_view":0,"float_offsets_abc":[0,1,0],"bias":true,"alpha_bits":1065353216,"beta_bits":0,"full_old_legacy_reference":true,"raw_full_output_and_row_slice":true,"eager_repeats":2,"poisoned_graph_replays":2,"actual_graph_symbol_geometry_abi_words":true,"guards":true,"input_immutability":true}
{"record":"FixedSm89ExactN64AutoBoundaryV1","dtype":"f32","op":"nn","requested":"AUTO","expected":"Legacy","actual":"Legacy","symbol":"gemm_bi_f32_f32_s2","dims_mkn":[4620,384,1928],"storage_rows":4639,"row_view":0,"float_offsets_abc":[0,1,0],"bias":true,"alpha_bits":1065353216,"beta_bits":0,"full_old_legacy_reference":true,"raw_full_output_and_row_slice":true,"eager_repeats":2,"poisoned_graph_replays":2,"actual_graph_symbol_geometry_abi_words":true,"guards":true,"input_immutability":true}
{"record":"FixedSm89ExactN64AutoBoundaryV1","dtype":"f32","op":"nn","requested":"AUTO","expected":"Legacy","actual":"Legacy","symbol":"gemm_bi_f32_f32_s2","dims_mkn":[4622,384,1928],"storage_rows":4639,"row_view":0,"float_offsets_abc":[0,1,0],"bias":true,"alpha_bits":1065353216,"beta_bits":0,"full_old_legacy_reference":true,"raw_full_output_and_row_slice":true,"eager_repeats":2,"poisoned_graph_replays":2,"actual_graph_symbol_geometry_abi_words":true,"guards":true,"input_immutability":true}
{"record":"FixedSm89ExactN64AutoBoundaryV1","dtype":"f32","op":"nn","requested":"AUTO","expected":"Legacy","actual":"Legacy","symbol":"gemm_bi_f32_f32_s2","dims_mkn":[1,384,1928],"storage_rows":4639,"row_view":0,"float_offsets_abc":[0,1,0],"bias":true,"alpha_bits":1065353216,"beta_bits":0,"full_old_legacy_reference":true,"raw_full_output_and_row_slice":true,"eager_repeats":2,"poisoned_graph_replays":2,"actual_graph_symbol_geometry_abi_words":true,"guards":true,"input_immutability":true}
{"record":"FixedSm89ExactN64AutoBoundaryV1","dtype":"f32","op":"nn","requested":"AUTO","expected":"Legacy","actual":"Legacy","symbol":"gemm_bi_f32_f32_s2","dims_mkn":[17,384,1928],"storage_rows":4639,"row_view":0,"float_offsets_abc":[0,1,0],"bias":true,"alpha_bits":1065353216,"beta_bits":0,"full_old_legacy_reference":true,"raw_full_output_and_row_slice":true,"eager_repeats":2,"poisoned_graph_replays":2,"actual_graph_symbol_geometry_abi_words":true,"guards":true,"input_immutability":true}
{"record":"FixedSm89ExactN64AutoBoundaryV1","dtype":"f32","op":"nn","requested":"AUTO","expected":"Legacy","actual":"Legacy","symbol":"gemm_bi_f32_f32_s2","dims_mkn":[63,384,1928],"storage_rows":4639,"row_view":0,"float_offsets_abc":[0,1,0],"bias":true,"alpha_bits":1065353216,"beta_bits":0,"full_old_legacy_reference":true,"raw_full_output_and_row_slice":true,"eager_repeats":2,"poisoned_graph_replays":2,"actual_graph_symbol_geometry_abi_words":true,"guards":true,"input_immutability":true}
{"record":"FixedSm89ExactN64AutoBoundaryV1","dtype":"f32","op":"nn","requested":"AUTO","expected":"Legacy","actual":"Legacy","symbol":"gemm_bi_f32_f32_s2","dims_mkn":[64,384,1928],"storage_rows":4639,"row_view":0,"float_offsets_abc":[0,1,0],"bias":true,"alpha_bits":1065353216,"beta_bits":0,"full_old_legacy_reference":true,"raw_full_output_and_row_slice":true,"eager_repeats":2,"poisoned_graph_replays":2,"actual_graph_symbol_geometry_abi_words":true,"guards":true,"input_immutability":true}
{"record":"FixedSm89ExactN64AutoBoundaryV1","dtype":"f32","op":"nn","requested":"AUTO","expected":"Legacy","actual":"Legacy","symbol":"gemm_bi_f32_f32_s2","dims_mkn":[65,384,1928],"storage_rows":4639,"row_view":0,"float_offsets_abc":[0,1,0],"bias":true,"alpha_bits":1065353216,"beta_bits":0,"full_old_legacy_reference":true,"raw_full_output_and_row_slice":true,"eager_repeats":2,"poisoned_graph_replays":2,"actual_graph_symbol_geometry_abi_words":true,"guards":true,"input_immutability":true}
{"record":"FixedSm89ExactN64AutoBoundaryV1","dtype":"f32","op":"nn","requested":"AUTO","expected":"Legacy","actual":"Legacy","symbol":"gemm_bi_f32_f32_s2","dims_mkn":[127,384,1928],"storage_rows":4639,"row_view":0,"float_offsets_abc":[0,1,0],"bias":true,"alpha_bits":1065353216,"beta_bits":0,"full_old_legacy_reference":true,"raw_full_output_and_row_slice":true,"eager_repeats":2,"poisoned_graph_replays":2,"actual_graph_symbol_geometry_abi_words":true,"guards":true,"input_immutability":true}
{"record":"FixedSm89ExactN64AutoBoundaryV1","dtype":"f32","op":"nn","requested":"AUTO","expected":"Legacy","actual":"Legacy","symbol":"gemm_bi_f32_f32_s2","dims_mkn":[128,384,1928],"storage_rows":4639,"row_view":0,"float_offsets_abc":[0,1,0],"bias":true,"alpha_bits":1065353216,"beta_bits":0,"full_old_legacy_reference":true,"raw_full_output_and_row_slice":true,"eager_repeats":2,"poisoned_graph_replays":2,"actual_graph_symbol_geometry_abi_words":true,"guards":true,"input_immutability":true}
{"record":"FixedSm89ExactN64AutoBoundaryV1","dtype":"f32","op":"nn","requested":"AUTO","expected":"Legacy","actual":"Legacy","symbol":"gemm_bi_f32_f32_s2","dims_mkn":[129,384,1928],"storage_rows":4639,"row_view":0,"float_offsets_abc":[0,1,0],"bias":true,"alpha_bits":1065353216,"beta_bits":0,"full_old_legacy_reference":true,"raw_full_output_and_row_slice":true,"eager_repeats":2,"poisoned_graph_replays":2,"actual_graph_symbol_geometry_abi_words":true,"guards":true,"input_immutability":true}
{"record":"FixedSm89ExactN64AutoBoundaryV1","dtype":"f32","op":"nn","requested":"AUTO","expected":"Legacy","actual":"Legacy","symbol":"gemm_bi_f32_f32_s2","dims_mkn":[4621,384,1928],"storage_rows":4639,"row_view":17,"float_offsets_abc":[0,1,0],"bias":true,"alpha_bits":1065353216,"beta_bits":0,"full_old_legacy_reference":true,"raw_full_output_and_row_slice":true,"eager_repeats":2,"poisoned_graph_replays":2,"actual_graph_symbol_geometry_abi_words":true,"guards":true,"input_immutability":true}
{"record":"FixedSm89ExactN64AutoBoundaryV1","dtype":"f32","op":"nn","requested":"AUTO","expected":"Legacy","actual":"Legacy","symbol":"gemm_bi_f32_f32_s2","dims_mkn":[4620,384,1928],"storage_rows":4639,"row_view":17,"float_offsets_abc":[0,1,0],"bias":true,"alpha_bits":1065353216,"beta_bits":0,"full_old_legacy_reference":true,"raw_full_output_and_row_slice":true,"eager_repeats":2,"poisoned_graph_replays":2,"actual_graph_symbol_geometry_abi_words":true,"guards":true,"input_immutability":true}
{"record":"FixedSm89ExactN64AutoBoundaryV1","dtype":"f32","op":"nn","requested":"AUTO","expected":"Legacy","actual":"Legacy","symbol":"gemm_bi_f32_f32_s2","dims_mkn":[4622,384,1928],"storage_rows":4639,"row_view":17,"float_offsets_abc":[0,1,0],"bias":true,"alpha_bits":1065353216,"beta_bits":0,"full_old_legacy_reference":true,"raw_full_output_and_row_slice":true,"eager_repeats":2,"poisoned_graph_replays":2,"actual_graph_symbol_geometry_abi_words":true,"guards":true,"input_immutability":true}
{"record":"FixedSm89ExactN64AutoBoundaryV1","dtype":"f32","op":"nn","requested":"AUTO","expected":"Legacy","actual":"Legacy","symbol":"gemm_bi_f32_f32_s2","dims_mkn":[1,384,1928],"storage_rows":4639,"row_view":17,"float_offsets_abc":[0,1,0],"bias":true,"alpha_bits":1065353216,"beta_bits":0,"full_old_legacy_reference":true,"raw_full_output_and_row_slice":true,"eager_repeats":2,"poisoned_graph_replays":2,"actual_graph_symbol_geometry_abi_words":true,"guards":true,"input_immutability":true}
{"record":"FixedSm89ExactN64AutoBoundaryV1","dtype":"f32","op":"nn","requested":"AUTO","expected":"Legacy","actual":"Legacy","symbol":"gemm_bi_f32_f32_s2","dims_mkn":[17,384,1928],"storage_rows":4639,"row_view":17,"float_offsets_abc":[0,1,0],"bias":true,"alpha_bits":1065353216,"beta_bits":0,"full_old_legacy_reference":true,"raw_full_output_and_row_slice":true,"eager_repeats":2,"poisoned_graph_replays":2,"actual_graph_symbol_geometry_abi_words":true,"guards":true,"input_immutability":true}
{"record":"FixedSm89ExactN64AutoBoundaryV1","dtype":"f32","op":"nn","requested":"AUTO","expected":"Legacy","actual":"Legacy","symbol":"gemm_bi_f32_f32_s2","dims_mkn":[63,384,1928],"storage_rows":4639,"row_view":17,"float_offsets_abc":[0,1,0],"bias":true,"alpha_bits":1065353216,"beta_bits":0,"full_old_legacy_reference":true,"raw_full_output_and_row_slice":true,"eager_repeats":2,"poisoned_graph_replays":2,"actual_graph_symbol_geometry_abi_words":true,"guards":true,"input_immutability":true}
{"record":"FixedSm89ExactN64AutoBoundaryV1","dtype":"f32","op":"nn","requested":"AUTO","expected":"Legacy","actual":"Legacy","symbol":"gemm_bi_f32_f32_s2","dims_mkn":[64,384,1928],"storage_rows":4639,"row_view":17,"float_offsets_abc":[0,1,0],"bias":true,"alpha_bits":1065353216,"beta_bits":0,"full_old_legacy_reference":true,"raw_full_output_and_row_slice":true,"eager_repeats":2,"poisoned_graph_replays":2,"actual_graph_symbol_geometry_abi_words":true,"guards":true,"input_immutability":true}
{"record":"FixedSm89ExactN64AutoBoundaryV1","dtype":"f32","op":"nn","requested":"AUTO","expected":"Legacy","actual":"Legacy","symbol":"gemm_bi_f32_f32_s2","dims_mkn":[65,384,1928],"storage_rows":4639,"row_view":17,"float_offsets_abc":[0,1,0],"bias":true,"alpha_bits":1065353216,"beta_bits":0,"full_old_legacy_reference":true,"raw_full_output_and_row_slice":true,"eager_repeats":2,"poisoned_graph_replays":2,"actual_graph_symbol_geometry_abi_words":true,"guards":true,"input_immutability":true}
{"record":"FixedSm89ExactN64AutoBoundaryV1","dtype":"f32","op":"nn","requested":"AUTO","expected":"Legacy","actual":"Legacy","symbol":"gemm_bi_f32_f32_s2","dims_mkn":[127,384,1928],"storage_rows":4639,"row_view":17,"float_offsets_abc":[0,1,0],"bias":true,"alpha_bits":1065353216,"beta_bits":0,"full_old_legacy_reference":true,"raw_full_output_and_row_slice":true,"eager_repeats":2,"poisoned_graph_replays":2,"actual_graph_symbol_geometry_abi_words":true,"guards":true,"input_immutability":true}
{"record":"FixedSm89ExactN64AutoBoundaryV1","dtype":"f32","op":"nn","requested":"AUTO","expected":"Legacy","actual":"Legacy","symbol":"gemm_bi_f32_f32_s2","dims_mkn":[128,384,1928],"storage_rows":4639,"row_view":17,"float_offsets_abc":[0,1,0],"bias":true,"alpha_bits":1065353216,"beta_bits":0,"full_old_legacy_reference":true,"raw_full_output_and_row_slice":true,"eager_repeats":2,"poisoned_graph_replays":2,"actual_graph_symbol_geometry_abi_words":true,"guards":true,"input_immutability":true}
{"record":"FixedSm89ExactN64AutoBoundaryV1","dtype":"f32","op":"nn","requested":"AUTO","expected":"Legacy","actual":"Legacy","symbol":"gemm_bi_f32_f32_s2","dims_mkn":[129,384,1928],"storage_rows":4639,"row_view":17,"float_offsets_abc":[0,1,0],"bias":true,"alpha_bits":1065353216,"beta_bits":0,"full_old_legacy_reference":true,"raw_full_output_and_row_slice":true,"eager_repeats":2,"poisoned_graph_replays":2,"actual_graph_symbol_geometry_abi_words":true,"guards":true,"input_immutability":true}
{"record":"FixedSm89ExactN64AutoBoundaryV1","dtype":"f32","op":"nn","requested":"AUTO","expected":"Legacy","actual":"Legacy","symbol":"gemm_bi_f32_f32_s2","dims_mkn":[4621,384,1928],"storage_rows":4639,"row_view":0,"float_offsets_abc":[0,0,1],"bias":true,"alpha_bits":1065353216,"beta_bits":0,"full_old_legacy_reference":true,"raw_full_output_and_row_slice":true,"eager_repeats":2,"poisoned_graph_replays":2,"actual_graph_symbol_geometry_abi_words":true,"guards":true,"input_immutability":true}
{"record":"FixedSm89ExactN64AutoBoundaryV1","dtype":"f32","op":"nn","requested":"AUTO","expected":"Legacy","actual":"Legacy","symbol":"gemm_bi_f32_f32_s2","dims_mkn":[4620,384,1928],"storage_rows":4639,"row_view":0,"float_offsets_abc":[0,0,1],"bias":true,"alpha_bits":1065353216,"beta_bits":0,"full_old_legacy_reference":true,"raw_full_output_and_row_slice":true,"eager_repeats":2,"poisoned_graph_replays":2,"actual_graph_symbol_geometry_abi_words":true,"guards":true,"input_immutability":true}
{"record":"FixedSm89ExactN64AutoBoundaryV1","dtype":"f32","op":"nn","requested":"AUTO","expected":"Legacy","actual":"Legacy","symbol":"gemm_bi_f32_f32_s2","dims_mkn":[4622,384,1928],"storage_rows":4639,"row_view":0,"float_offsets_abc":[0,0,1],"bias":true,"alpha_bits":1065353216,"beta_bits":0,"full_old_legacy_reference":true,"raw_full_output_and_row_slice":true,"eager_repeats":2,"poisoned_graph_replays":2,"actual_graph_symbol_geometry_abi_words":true,"guards":true,"input_immutability":true}
{"record":"FixedSm89ExactN64AutoBoundaryV1","dtype":"f32","op":"nn","requested":"AUTO","expected":"Legacy","actual":"Legacy","symbol":"gemm_bi_f32_f32_s2","dims_mkn":[1,384,1928],"storage_rows":4639,"row_view":0,"float_offsets_abc":[0,0,1],"bias":true,"alpha_bits":1065353216,"beta_bits":0,"full_old_legacy_reference":true,"raw_full_output_and_row_slice":true,"eager_repeats":2,"poisoned_graph_replays":2,"actual_graph_symbol_geometry_abi_words":true,"guards":true,"input_immutability":true}
{"record":"FixedSm89ExactN64AutoBoundaryV1","dtype":"f32","op":"nn","requested":"AUTO","expected":"Legacy","actual":"Legacy","symbol":"gemm_bi_f32_f32_s2","dims_mkn":[17,384,1928],"storage_rows":4639,"row_view":0,"float_offsets_abc":[0,0,1],"bias":true,"alpha_bits":1065353216,"beta_bits":0,"full_old_legacy_reference":true,"raw_full_output_and_row_slice":true,"eager_repeats":2,"poisoned_graph_replays":2,"actual_graph_symbol_geometry_abi_words":true,"guards":true,"input_immutability":true}
{"record":"FixedSm89ExactN64AutoBoundaryV1","dtype":"f32","op":"nn","requested":"AUTO","expected":"Legacy","actual":"Legacy","symbol":"gemm_bi_f32_f32_s2","dims_mkn":[63,384,1928],"storage_rows":4639,"row_view":0,"float_offsets_abc":[0,0,1],"bias":true,"alpha_bits":1065353216,"beta_bits":0,"full_old_legacy_reference":true,"raw_full_output_and_row_slice":true,"eager_repeats":2,"poisoned_graph_replays":2,"actual_graph_symbol_geometry_abi_words":true,"guards":true,"input_immutability":true}
{"record":"FixedSm89ExactN64AutoBoundaryV1","dtype":"f32","op":"nn","requested":"AUTO","expected":"Legacy","actual":"Legacy","symbol":"gemm_bi_f32_f32_s2","dims_mkn":[64,384,1928],"storage_rows":4639,"row_view":0,"float_offsets_abc":[0,0,1],"bias":true,"alpha_bits":1065353216,"beta_bits":0,"full_old_legacy_reference":true,"raw_full_output_and_row_slice":true,"eager_repeats":2,"poisoned_graph_replays":2,"actual_graph_symbol_geometry_abi_words":true,"guards":true,"input_immutability":true}
{"record":"FixedSm89ExactN64AutoBoundaryV1","dtype":"f32","op":"nn","requested":"AUTO","expected":"Legacy","actual":"Legacy","symbol":"gemm_bi_f32_f32_s2","dims_mkn":[65,384,1928],"storage_rows":4639,"row_view":0,"float_offsets_abc":[0,0,1],"bias":true,"alpha_bits":1065353216,"beta_bits":0,"full_old_legacy_reference":true,"raw_full_output_and_row_slice":true,"eager_repeats":2,"poisoned_graph_replays":2,"actual_graph_symbol_geometry_abi_words":true,"guards":true,"input_immutability":true}
{"record":"FixedSm89ExactN64AutoBoundaryV1","dtype":"f32","op":"nn","requested":"AUTO","expected":"Legacy","actual":"Legacy","symbol":"gemm_bi_f32_f32_s2","dims_mkn":[127,384,1928],"storage_rows":4639,"row_view":0,"float_offsets_abc":[0,0,1],"bias":true,"alpha_bits":1065353216,"beta_bits":0,"full_old_legacy_reference":true,"raw_full_output_and_row_slice":true,"eager_repeats":2,"poisoned_graph_replays":2,"actual_graph_symbol_geometry_abi_words":true,"guards":true,"input_immutability":true}
{"record":"FixedSm89ExactN64AutoBoundaryV1","dtype":"f32","op":"nn","requested":"AUTO","expected":"Legacy","actual":"Legacy","symbol":"gemm_bi_f32_f32_s2","dims_mkn":[128,384,1928],"storage_rows":4639,"row_view":0,"float_offsets_abc":[0,0,1],"bias":true,"alpha_bits":1065353216,"beta_bits":0,"full_old_legacy_reference":true,"raw_full_output_and_row_slice":true,"eager_repeats":2,"poisoned_graph_replays":2,"actual_graph_symbol_geometry_abi_words":true,"guards":true,"input_immutability":true}
{"record":"FixedSm89ExactN64AutoBoundaryV1","dtype":"f32","op":"nn","requested":"AUTO","expected":"Legacy","actual":"Legacy","symbol":"gemm_bi_f32_f32_s2","dims_mkn":[129,384,1928],"storage_rows":4639,"row_view":0,"float_offsets_abc":[0,0,1],"bias":true,"alpha_bits":1065353216,"beta_bits":0,"full_old_legacy_reference":true,"raw_full_output_and_row_slice":true,"eager_repeats":2,"poisoned_graph_replays":2,"actual_graph_symbol_geometry_abi_words":true,"guards":true,"input_immutability":true}
{"record":"FixedSm89ExactN64AutoBoundaryV1","dtype":"f32","op":"nn","requested":"AUTO","expected":"Legacy","actual":"Legacy","symbol":"gemm_bi_f32_f32_s2","dims_mkn":[4621,384,1928],"storage_rows":4639,"row_view":17,"float_offsets_abc":[0,0,1],"bias":true,"alpha_bits":1065353216,"beta_bits":0,"full_old_legacy_reference":true,"raw_full_output_and_row_slice":true,"eager_repeats":2,"poisoned_graph_replays":2,"actual_graph_symbol_geometry_abi_words":true,"guards":true,"input_immutability":true}
{"record":"FixedSm89ExactN64AutoBoundaryV1","dtype":"f32","op":"nn","requested":"AUTO","expected":"Legacy","actual":"Legacy","symbol":"gemm_bi_f32_f32_s2","dims_mkn":[4620,384,1928],"storage_rows":4639,"row_view":17,"float_offsets_abc":[0,0,1],"bias":true,"alpha_bits":1065353216,"beta_bits":0,"full_old_legacy_reference":true,"raw_full_output_and_row_slice":true,"eager_repeats":2,"poisoned_graph_replays":2,"actual_graph_symbol_geometry_abi_words":true,"guards":true,"input_immutability":true}
{"record":"FixedSm89ExactN64AutoBoundaryV1","dtype":"f32","op":"nn","requested":"AUTO","expected":"Legacy","actual":"Legacy","symbol":"gemm_bi_f32_f32_s2","dims_mkn":[4622,384,1928],"storage_rows":4639,"row_view":17,"float_offsets_abc":[0,0,1],"bias":true,"alpha_bits":1065353216,"beta_bits":0,"full_old_legacy_reference":true,"raw_full_output_and_row_slice":true,"eager_repeats":2,"poisoned_graph_replays":2,"actual_graph_symbol_geometry_abi_words":true,"guards":true,"input_immutability":true}
{"record":"FixedSm89ExactN64AutoBoundaryV1","dtype":"f32","op":"nn","requested":"AUTO","expected":"Legacy","actual":"Legacy","symbol":"gemm_bi_f32_f32_s2","dims_mkn":[1,384,1928],"storage_rows":4639,"row_view":17,"float_offsets_abc":[0,0,1],"bias":true,"alpha_bits":1065353216,"beta_bits":0,"full_old_legacy_reference":true,"raw_full_output_and_row_slice":true,"eager_repeats":2,"poisoned_graph_replays":2,"actual_graph_symbol_geometry_abi_words":true,"guards":true,"input_immutability":true}
{"record":"FixedSm89ExactN64AutoBoundaryV1","dtype":"f32","op":"nn","requested":"AUTO","expected":"Legacy","actual":"Legacy","symbol":"gemm_bi_f32_f32_s2","dims_mkn":[17,384,1928],"storage_rows":4639,"row_view":17,"float_offsets_abc":[0,0,1],"bias":true,"alpha_bits":1065353216,"beta_bits":0,"full_old_legacy_reference":true,"raw_full_output_and_row_slice":true,"eager_repeats":2,"poisoned_graph_replays":2,"actual_graph_symbol_geometry_abi_words":true,"guards":true,"input_immutability":true}
{"record":"FixedSm89ExactN64AutoBoundaryV1","dtype":"f32","op":"nn","requested":"AUTO","expected":"Legacy","actual":"Legacy","symbol":"gemm_bi_f32_f32_s2","dims_mkn":[63,384,1928],"storage_rows":4639,"row_view":17,"float_offsets_abc":[0,0,1],"bias":true,"alpha_bits":1065353216,"beta_bits":0,"full_old_legacy_reference":true,"raw_full_output_and_row_slice":true,"eager_repeats":2,"poisoned_graph_replays":2,"actual_graph_symbol_geometry_abi_words":true,"guards":true,"input_immutability":true}
{"record":"FixedSm89ExactN64AutoBoundaryV1","dtype":"f32","op":"nn","requested":"AUTO","expected":"Legacy","actual":"Legacy","symbol":"gemm_bi_f32_f32_s2","dims_mkn":[64,384,1928],"storage_rows":4639,"row_view":17,"float_offsets_abc":[0,0,1],"bias":true,"alpha_bits":1065353216,"beta_bits":0,"full_old_legacy_reference":true,"raw_full_output_and_row_slice":true,"eager_repeats":2,"poisoned_graph_replays":2,"actual_graph_symbol_geometry_abi_words":true,"guards":true,"input_immutability":true}
{"record":"FixedSm89ExactN64AutoBoundaryV1","dtype":"f32","op":"nn","requested":"AUTO","expected":"Legacy","actual":"Legacy","symbol":"gemm_bi_f32_f32_s2","dims_mkn":[65,384,1928],"storage_rows":4639,"row_view":17,"float_offsets_abc":[0,0,1],"bias":true,"alpha_bits":1065353216,"beta_bits":0,"full_old_legacy_reference":true,"raw_full_output_and_row_slice":true,"eager_repeats":2,"poisoned_graph_replays":2,"actual_graph_symbol_geometry_abi_words":true,"guards":true,"input_immutability":true}
{"record":"FixedSm89ExactN64AutoBoundaryV1","dtype":"f32","op":"nn","requested":"AUTO","expected":"Legacy","actual":"Legacy","symbol":"gemm_bi_f32_f32_s2","dims_mkn":[127,384,1928],"storage_rows":4639,"row_view":17,"float_offsets_abc":[0,0,1],"bias":true,"alpha_bits":1065353216,"beta_bits":0,"full_old_legacy_reference":true,"raw_full_output_and_row_slice":true,"eager_repeats":2,"poisoned_graph_replays":2,"actual_graph_symbol_geometry_abi_words":true,"guards":true,"input_immutability":true}
{"record":"FixedSm89ExactN64AutoBoundaryV1","dtype":"f32","op":"nn","requested":"AUTO","expected":"Legacy","actual":"Legacy","symbol":"gemm_bi_f32_f32_s2","dims_mkn":[128,384,1928],"storage_rows":4639,"row_view":17,"float_offsets_abc":[0,0,1],"bias":true,"alpha_bits":1065353216,"beta_bits":0,"full_old_legacy_reference":true,"raw_full_output_and_row_slice":true,"eager_repeats":2,"poisoned_graph_replays":2,"actual_graph_symbol_geometry_abi_words":true,"guards":true,"input_immutability":true}
{"record":"FixedSm89ExactN64AutoBoundaryV1","dtype":"f32","op":"nn","requested":"AUTO","expected":"Legacy","actual":"Legacy","symbol":"gemm_bi_f32_f32_s2","dims_mkn":[129,384,1928],"storage_rows":4639,"row_view":17,"float_offsets_abc":[0,0,1],"bias":true,"alpha_bits":1065353216,"beta_bits":0,"full_old_legacy_reference":true,"raw_full_output_and_row_slice":true,"eager_repeats":2,"poisoned_graph_replays":2,"actual_graph_symbol_geometry_abi_words":true,"guards":true,"input_immutability":true}
{"record":"FixedSm89ExactN64AutoBoundaryV1","dtype":"f32","op":"nn","requested":"AUTO","expected":"F32Sm89N64CopyPlan","actual":"F32Sm89N64CopyPlan","symbol":"gemm_bi_nn_fixed_sm89_f32_n64_copyplan_v1","dims_mkn":[2048,768,2304],"storage_rows":2066,"row_view":0,"float_offsets_abc":[0,0,0],"bias":false,"alpha_bits":1065353216,"beta_bits":0,"full_old_legacy_reference":true,"raw_full_output_and_row_slice":true,"eager_repeats":2,"poisoned_graph_replays":2,"actual_graph_symbol_geometry_abi_words":true,"guards":true,"input_immutability":true}
{"record":"FixedSm89ExactN64AutoBoundaryV1","dtype":"f32","op":"nn","requested":"AUTO","expected":"Legacy","actual":"Legacy","symbol":"gemm_bi_f32_f32_s2","dims_mkn":[2047,768,2304],"storage_rows":2066,"row_view":0,"float_offsets_abc":[0,0,0],"bias":false,"alpha_bits":1065353216,"beta_bits":0,"full_old_legacy_reference":true,"raw_full_output_and_row_slice":true,"eager_repeats":2,"poisoned_graph_replays":2,"actual_graph_symbol_geometry_abi_words":true,"guards":true,"input_immutability":true}
{"record":"FixedSm89ExactN64AutoBoundaryV1","dtype":"f32","op":"nn","requested":"AUTO","expected":"Legacy","actual":"Legacy","symbol":"gemm_bi_f32_f32_s2","dims_mkn":[2049,768,2304],"storage_rows":2066,"row_view":0,"float_offsets_abc":[0,0,0],"bias":false,"alpha_bits":1065353216,"beta_bits":0,"full_old_legacy_reference":true,"raw_full_output_and_row_slice":true,"eager_repeats":2,"poisoned_graph_replays":2,"actual_graph_symbol_geometry_abi_words":true,"guards":true,"input_immutability":true}
{"record":"FixedSm89ExactN64AutoBoundaryV1","dtype":"f32","op":"nn","requested":"AUTO","expected":"Legacy","actual":"Legacy","symbol":"gemm_bi_f32_f32_s2","dims_mkn":[1,768,2304],"storage_rows":2066,"row_view":0,"float_offsets_abc":[0,0,0],"bias":false,"alpha_bits":1065353216,"beta_bits":0,"full_old_legacy_reference":true,"raw_full_output_and_row_slice":true,"eager_repeats":2,"poisoned_graph_replays":2,"actual_graph_symbol_geometry_abi_words":true,"guards":true,"input_immutability":true}
{"record":"FixedSm89ExactN64AutoBoundaryV1","dtype":"f32","op":"nn","requested":"AUTO","expected":"Legacy","actual":"Legacy","symbol":"gemm_bi_f32_f32_s2","dims_mkn":[17,768,2304],"storage_rows":2066,"row_view":0,"float_offsets_abc":[0,0,0],"bias":false,"alpha_bits":1065353216,"beta_bits":0,"full_old_legacy_reference":true,"raw_full_output_and_row_slice":true,"eager_repeats":2,"poisoned_graph_replays":2,"actual_graph_symbol_geometry_abi_words":true,"guards":true,"input_immutability":true}
{"record":"FixedSm89ExactN64AutoBoundaryV1","dtype":"f32","op":"nn","requested":"AUTO","expected":"Legacy","actual":"Legacy","symbol":"gemm_bi_f32_f32_s2","dims_mkn":[63,768,2304],"storage_rows":2066,"row_view":0,"float_offsets_abc":[0,0,0],"bias":false,"alpha_bits":1065353216,"beta_bits":0,"full_old_legacy_reference":true,"raw_full_output_and_row_slice":true,"eager_repeats":2,"poisoned_graph_replays":2,"actual_graph_symbol_geometry_abi_words":true,"guards":true,"input_immutability":true}
{"record":"FixedSm89ExactN64AutoBoundaryV1","dtype":"f32","op":"nn","requested":"AUTO","expected":"Legacy","actual":"Legacy","symbol":"gemm_bi_f32_f32_s2","dims_mkn":[64,768,2304],"storage_rows":2066,"row_view":0,"float_offsets_abc":[0,0,0],"bias":false,"alpha_bits":1065353216,"beta_bits":0,"full_old_legacy_reference":true,"raw_full_output_and_row_slice":true,"eager_repeats":2,"poisoned_graph_replays":2,"actual_graph_symbol_geometry_abi_words":true,"guards":true,"input_immutability":true}
{"record":"FixedSm89ExactN64AutoBoundaryV1","dtype":"f32","op":"nn","requested":"AUTO","expected":"Legacy","actual":"Legacy","symbol":"gemm_bi_f32_f32_s2","dims_mkn":[65,768,2304],"storage_rows":2066,"row_view":0,"float_offsets_abc":[0,0,0],"bias":false,"alpha_bits":1065353216,"beta_bits":0,"full_old_legacy_reference":true,"raw_full_output_and_row_slice":true,"eager_repeats":2,"poisoned_graph_replays":2,"actual_graph_symbol_geometry_abi_words":true,"guards":true,"input_immutability":true}
{"record":"FixedSm89ExactN64AutoBoundaryV1","dtype":"f32","op":"nn","requested":"AUTO","expected":"Legacy","actual":"Legacy","symbol":"gemm_bi_f32_f32_s2","dims_mkn":[127,768,2304],"storage_rows":2066,"row_view":0,"float_offsets_abc":[0,0,0],"bias":false,"alpha_bits":1065353216,"beta_bits":0,"full_old_legacy_reference":true,"raw_full_output_and_row_slice":true,"eager_repeats":2,"poisoned_graph_replays":2,"actual_graph_symbol_geometry_abi_words":true,"guards":true,"input_immutability":true}
{"record":"FixedSm89ExactN64AutoBoundaryV1","dtype":"f32","op":"nn","requested":"AUTO","expected":"Legacy","actual":"Legacy","symbol":"gemm_bi_f32_f32_s2","dims_mkn":[128,768,2304],"storage_rows":2066,"row_view":0,"float_offsets_abc":[0,0,0],"bias":false,"alpha_bits":1065353216,"beta_bits":0,"full_old_legacy_reference":true,"raw_full_output_and_row_slice":true,"eager_repeats":2,"poisoned_graph_replays":2,"actual_graph_symbol_geometry_abi_words":true,"guards":true,"input_immutability":true}
{"record":"FixedSm89ExactN64AutoBoundaryV1","dtype":"f32","op":"nn","requested":"AUTO","expected":"Legacy","actual":"Legacy","symbol":"gemm_bi_f32_f32_s2","dims_mkn":[129,768,2304],"storage_rows":2066,"row_view":0,"float_offsets_abc":[0,0,0],"bias":false,"alpha_bits":1065353216,"beta_bits":0,"full_old_legacy_reference":true,"raw_full_output_and_row_slice":true,"eager_repeats":2,"poisoned_graph_replays":2,"actual_graph_symbol_geometry_abi_words":true,"guards":true,"input_immutability":true}
{"record":"FixedSm89ExactN64AutoBoundaryV1","dtype":"f32","op":"nn","requested":"AUTO","expected":"F32Sm89N64CopyPlan","actual":"F32Sm89N64CopyPlan","symbol":"gemm_bi_nn_fixed_sm89_f32_n64_copyplan_v1","dims_mkn":[2048,768,2304],"storage_rows":2066,"row_view":17,"float_offsets_abc":[0,0,0],"bias":false,"alpha_bits":1065353216,"beta_bits":0,"full_old_legacy_reference":true,"raw_full_output_and_row_slice":true,"eager_repeats":2,"poisoned_graph_replays":2,"actual_graph_symbol_geometry_abi_words":true,"guards":true,"input_immutability":true}
{"record":"FixedSm89ExactN64AutoBoundaryV1","dtype":"f32","op":"nn","requested":"AUTO","expected":"Legacy","actual":"Legacy","symbol":"gemm_bi_f32_f32_s2","dims_mkn":[2047,768,2304],"storage_rows":2066,"row_view":17,"float_offsets_abc":[0,0,0],"bias":false,"alpha_bits":1065353216,"beta_bits":0,"full_old_legacy_reference":true,"raw_full_output_and_row_slice":true,"eager_repeats":2,"poisoned_graph_replays":2,"actual_graph_symbol_geometry_abi_words":true,"guards":true,"input_immutability":true}
{"record":"FixedSm89ExactN64AutoBoundaryV1","dtype":"f32","op":"nn","requested":"AUTO","expected":"Legacy","actual":"Legacy","symbol":"gemm_bi_f32_f32_s2","dims_mkn":[2049,768,2304],"storage_rows":2066,"row_view":17,"float_offsets_abc":[0,0,0],"bias":false,"alpha_bits":1065353216,"beta_bits":0,"full_old_legacy_reference":true,"raw_full_output_and_row_slice":true,"eager_repeats":2,"poisoned_graph_replays":2,"actual_graph_symbol_geometry_abi_words":true,"guards":true,"input_immutability":true}
{"record":"FixedSm89ExactN64AutoBoundaryV1","dtype":"f32","op":"nn","requested":"AUTO","expected":"Legacy","actual":"Legacy","symbol":"gemm_bi_f32_f32_s2","dims_mkn":[1,768,2304],"storage_rows":2066,"row_view":17,"float_offsets_abc":[0,0,0],"bias":false,"alpha_bits":1065353216,"beta_bits":0,"full_old_legacy_reference":true,"raw_full_output_and_row_slice":true,"eager_repeats":2,"poisoned_graph_replays":2,"actual_graph_symbol_geometry_abi_words":true,"guards":true,"input_immutability":true}
{"record":"FixedSm89ExactN64AutoBoundaryV1","dtype":"f32","op":"nn","requested":"AUTO","expected":"Legacy","actual":"Legacy","symbol":"gemm_bi_f32_f32_s2","dims_mkn":[17,768,2304],"storage_rows":2066,"row_view":17,"float_offsets_abc":[0,0,0],"bias":false,"alpha_bits":1065353216,"beta_bits":0,"full_old_legacy_reference":true,"raw_full_output_and_row_slice":true,"eager_repeats":2,"poisoned_graph_replays":2,"actual_graph_symbol_geometry_abi_words":true,"guards":true,"input_immutability":true}
{"record":"FixedSm89ExactN64AutoBoundaryV1","dtype":"f32","op":"nn","requested":"AUTO","expected":"Legacy","actual":"Legacy","symbol":"gemm_bi_f32_f32_s2","dims_mkn":[63,768,2304],"storage_rows":2066,"row_view":17,"float_offsets_abc":[0,0,0],"bias":false,"alpha_bits":1065353216,"beta_bits":0,"full_old_legacy_reference":true,"raw_full_output_and_row_slice":true,"eager_repeats":2,"poisoned_graph_replays":2,"actual_graph_symbol_geometry_abi_words":true,"guards":true,"input_immutability":true}
{"record":"FixedSm89ExactN64AutoBoundaryV1","dtype":"f32","op":"nn","requested":"AUTO","expected":"Legacy","actual":"Legacy","symbol":"gemm_bi_f32_f32_s2","dims_mkn":[64,768,2304],"storage_rows":2066,"row_view":17,"float_offsets_abc":[0,0,0],"bias":false,"alpha_bits":1065353216,"beta_bits":0,"full_old_legacy_reference":true,"raw_full_output_and_row_slice":true,"eager_repeats":2,"poisoned_graph_replays":2,"actual_graph_symbol_geometry_abi_words":true,"guards":true,"input_immutability":true}
{"record":"FixedSm89ExactN64AutoBoundaryV1","dtype":"f32","op":"nn","requested":"AUTO","expected":"Legacy","actual":"Legacy","symbol":"gemm_bi_f32_f32_s2","dims_mkn":[65,768,2304],"storage_rows":2066,"row_view":17,"float_offsets_abc":[0,0,0],"bias":false,"alpha_bits":1065353216,"beta_bits":0,"full_old_legacy_reference":true,"raw_full_output_and_row_slice":true,"eager_repeats":2,"poisoned_graph_replays":2,"actual_graph_symbol_geometry_abi_words":true,"guards":true,"input_immutability":true}
{"record":"FixedSm89ExactN64AutoBoundaryV1","dtype":"f32","op":"nn","requested":"AUTO","expected":"Legacy","actual":"Legacy","symbol":"gemm_bi_f32_f32_s2","dims_mkn":[127,768,2304],"storage_rows":2066,"row_view":17,"float_offsets_abc":[0,0,0],"bias":false,"alpha_bits":1065353216,"beta_bits":0,"full_old_legacy_reference":true,"raw_full_output_and_row_slice":true,"eager_repeats":2,"poisoned_graph_replays":2,"actual_graph_symbol_geometry_abi_words":true,"guards":true,"input_immutability":true}
{"record":"FixedSm89ExactN64AutoBoundaryV1","dtype":"f32","op":"nn","requested":"AUTO","expected":"Legacy","actual":"Legacy","symbol":"gemm_bi_f32_f32_s2","dims_mkn":[128,768,2304],"storage_rows":2066,"row_view":17,"float_offsets_abc":[0,0,0],"bias":false,"alpha_bits":1065353216,"beta_bits":0,"full_old_legacy_reference":true,"raw_full_output_and_row_slice":true,"eager_repeats":2,"poisoned_graph_replays":2,"actual_graph_symbol_geometry_abi_words":true,"guards":true,"input_immutability":true}
{"record":"FixedSm89ExactN64AutoBoundaryV1","dtype":"f32","op":"nn","requested":"AUTO","expected":"Legacy","actual":"Legacy","symbol":"gemm_bi_f32_f32_s2","dims_mkn":[129,768,2304],"storage_rows":2066,"row_view":17,"float_offsets_abc":[0,0,0],"bias":false,"alpha_bits":1065353216,"beta_bits":0,"full_old_legacy_reference":true,"raw_full_output_and_row_slice":true,"eager_repeats":2,"poisoned_graph_replays":2,"actual_graph_symbol_geometry_abi_words":true,"guards":true,"input_immutability":true}
{"record":"FixedSm89ExactN64AutoBoundaryV1","dtype":"f32","op":"nn","requested":"AUTO","expected":"Legacy","actual":"Legacy","symbol":"gemm_bi_f32_f32_s2","dims_mkn":[2048,768,2304],"storage_rows":2066,"row_view":0,"float_offsets_abc":[1,0,0],"bias":false,"alpha_bits":1065353216,"beta_bits":0,"full_old_legacy_reference":true,"raw_full_output_and_row_slice":true,"eager_repeats":2,"poisoned_graph_replays":2,"actual_graph_symbol_geometry_abi_words":true,"guards":true,"input_immutability":true}
{"record":"FixedSm89ExactN64AutoBoundaryV1","dtype":"f32","op":"nn","requested":"AUTO","expected":"Legacy","actual":"Legacy","symbol":"gemm_bi_f32_f32_s2","dims_mkn":[2047,768,2304],"storage_rows":2066,"row_view":0,"float_offsets_abc":[1,0,0],"bias":false,"alpha_bits":1065353216,"beta_bits":0,"full_old_legacy_reference":true,"raw_full_output_and_row_slice":true,"eager_repeats":2,"poisoned_graph_replays":2,"actual_graph_symbol_geometry_abi_words":true,"guards":true,"input_immutability":true}
{"record":"FixedSm89ExactN64AutoBoundaryV1","dtype":"f32","op":"nn","requested":"AUTO","expected":"Legacy","actual":"Legacy","symbol":"gemm_bi_f32_f32_s2","dims_mkn":[2049,768,2304],"storage_rows":2066,"row_view":0,"float_offsets_abc":[1,0,0],"bias":false,"alpha_bits":1065353216,"beta_bits":0,"full_old_legacy_reference":true,"raw_full_output_and_row_slice":true,"eager_repeats":2,"poisoned_graph_replays":2,"actual_graph_symbol_geometry_abi_words":true,"guards":true,"input_immutability":true}
{"record":"FixedSm89ExactN64AutoBoundaryV1","dtype":"f32","op":"nn","requested":"AUTO","expected":"Legacy","actual":"Legacy","symbol":"gemm_bi_f32_f32_s2","dims_mkn":[1,768,2304],"storage_rows":2066,"row_view":0,"float_offsets_abc":[1,0,0],"bias":false,"alpha_bits":1065353216,"beta_bits":0,"full_old_legacy_reference":true,"raw_full_output_and_row_slice":true,"eager_repeats":2,"poisoned_graph_replays":2,"actual_graph_symbol_geometry_abi_words":true,"guards":true,"input_immutability":true}
{"record":"FixedSm89ExactN64AutoBoundaryV1","dtype":"f32","op":"nn","requested":"AUTO","expected":"Legacy","actual":"Legacy","symbol":"gemm_bi_f32_f32_s2","dims_mkn":[17,768,2304],"storage_rows":2066,"row_view":0,"float_offsets_abc":[1,0,0],"bias":false,"alpha_bits":1065353216,"beta_bits":0,"full_old_legacy_reference":true,"raw_full_output_and_row_slice":true,"eager_repeats":2,"poisoned_graph_replays":2,"actual_graph_symbol_geometry_abi_words":true,"guards":true,"input_immutability":true}
{"record":"FixedSm89ExactN64AutoBoundaryV1","dtype":"f32","op":"nn","requested":"AUTO","expected":"Legacy","actual":"Legacy","symbol":"gemm_bi_f32_f32_s2","dims_mkn":[63,768,2304],"storage_rows":2066,"row_view":0,"float_offsets_abc":[1,0,0],"bias":false,"alpha_bits":1065353216,"beta_bits":0,"full_old_legacy_reference":true,"raw_full_output_and_row_slice":true,"eager_repeats":2,"poisoned_graph_replays":2,"actual_graph_symbol_geometry_abi_words":true,"guards":true,"input_immutability":true}
{"record":"FixedSm89ExactN64AutoBoundaryV1","dtype":"f32","op":"nn","requested":"AUTO","expected":"Legacy","actual":"Legacy","symbol":"gemm_bi_f32_f32_s2","dims_mkn":[64,768,2304],"storage_rows":2066,"row_view":0,"float_offsets_abc":[1,0,0],"bias":false,"alpha_bits":1065353216,"beta_bits":0,"full_old_legacy_reference":true,"raw_full_output_and_row_slice":true,"eager_repeats":2,"poisoned_graph_replays":2,"actual_graph_symbol_geometry_abi_words":true,"guards":true,"input_immutability":true}
{"record":"FixedSm89ExactN64AutoBoundaryV1","dtype":"f32","op":"nn","requested":"AUTO","expected":"Legacy","actual":"Legacy","symbol":"gemm_bi_f32_f32_s2","dims_mkn":[65,768,2304],"storage_rows":2066,"row_view":0,"float_offsets_abc":[1,0,0],"bias":false,"alpha_bits":1065353216,"beta_bits":0,"full_old_legacy_reference":true,"raw_full_output_and_row_slice":true,"eager_repeats":2,"poisoned_graph_replays":2,"actual_graph_symbol_geometry_abi_words":true,"guards":true,"input_immutability":true}
{"record":"FixedSm89ExactN64AutoBoundaryV1","dtype":"f32","op":"nn","requested":"AUTO","expected":"Legacy","actual":"Legacy","symbol":"gemm_bi_f32_f32_s2","dims_mkn":[127,768,2304],"storage_rows":2066,"row_view":0,"float_offsets_abc":[1,0,0],"bias":false,"alpha_bits":1065353216,"beta_bits":0,"full_old_legacy_reference":true,"raw_full_output_and_row_slice":true,"eager_repeats":2,"poisoned_graph_replays":2,"actual_graph_symbol_geometry_abi_words":true,"guards":true,"input_immutability":true}
{"record":"FixedSm89ExactN64AutoBoundaryV1","dtype":"f32","op":"nn","requested":"AUTO","expected":"Legacy","actual":"Legacy","symbol":"gemm_bi_f32_f32_s2","dims_mkn":[128,768,2304],"storage_rows":2066,"row_view":0,"float_offsets_abc":[1,0,0],"bias":false,"alpha_bits":1065353216,"beta_bits":0,"full_old_legacy_reference":true,"raw_full_output_and_row_slice":true,"eager_repeats":2,"poisoned_graph_replays":2,"actual_graph_symbol_geometry_abi_words":true,"guards":true,"input_immutability":true}
{"record":"FixedSm89ExactN64AutoBoundaryV1","dtype":"f32","op":"nn","requested":"AUTO","expected":"Legacy","actual":"Legacy","symbol":"gemm_bi_f32_f32_s2","dims_mkn":[129,768,2304],"storage_rows":2066,"row_view":0,"float_offsets_abc":[1,0,0],"bias":false,"alpha_bits":1065353216,"beta_bits":0,"full_old_legacy_reference":true,"raw_full_output_and_row_slice":true,"eager_repeats":2,"poisoned_graph_replays":2,"actual_graph_symbol_geometry_abi_words":true,"guards":true,"input_immutability":true}
{"record":"FixedSm89ExactN64AutoBoundaryV1","dtype":"f32","op":"nn","requested":"AUTO","expected":"Legacy","actual":"Legacy","symbol":"gemm_bi_f32_f32_s2","dims_mkn":[2048,768,2304],"storage_rows":2066,"row_view":17,"float_offsets_abc":[1,0,0],"bias":false,"alpha_bits":1065353216,"beta_bits":0,"full_old_legacy_reference":true,"raw_full_output_and_row_slice":true,"eager_repeats":2,"poisoned_graph_replays":2,"actual_graph_symbol_geometry_abi_words":true,"guards":true,"input_immutability":true}
{"record":"FixedSm89ExactN64AutoBoundaryV1","dtype":"f32","op":"nn","requested":"AUTO","expected":"Legacy","actual":"Legacy","symbol":"gemm_bi_f32_f32_s2","dims_mkn":[2047,768,2304],"storage_rows":2066,"row_view":17,"float_offsets_abc":[1,0,0],"bias":false,"alpha_bits":1065353216,"beta_bits":0,"full_old_legacy_reference":true,"raw_full_output_and_row_slice":true,"eager_repeats":2,"poisoned_graph_replays":2,"actual_graph_symbol_geometry_abi_words":true,"guards":true,"input_immutability":true}
{"record":"FixedSm89ExactN64AutoBoundaryV1","dtype":"f32","op":"nn","requested":"AUTO","expected":"Legacy","actual":"Legacy","symbol":"gemm_bi_f32_f32_s2","dims_mkn":[2049,768,2304],"storage_rows":2066,"row_view":17,"float_offsets_abc":[1,0,0],"bias":false,"alpha_bits":1065353216,"beta_bits":0,"full_old_legacy_reference":true,"raw_full_output_and_row_slice":true,"eager_repeats":2,"poisoned_graph_replays":2,"actual_graph_symbol_geometry_abi_words":true,"guards":true,"input_immutability":true}
{"record":"FixedSm89ExactN64AutoBoundaryV1","dtype":"f32","op":"nn","requested":"AUTO","expected":"Legacy","actual":"Legacy","symbol":"gemm_bi_f32_f32_s2","dims_mkn":[1,768,2304],"storage_rows":2066,"row_view":17,"float_offsets_abc":[1,0,0],"bias":false,"alpha_bits":1065353216,"beta_bits":0,"full_old_legacy_reference":true,"raw_full_output_and_row_slice":true,"eager_repeats":2,"poisoned_graph_replays":2,"actual_graph_symbol_geometry_abi_words":true,"guards":true,"input_immutability":true}
{"record":"FixedSm89ExactN64AutoBoundaryV1","dtype":"f32","op":"nn","requested":"AUTO","expected":"Legacy","actual":"Legacy","symbol":"gemm_bi_f32_f32_s2","dims_mkn":[17,768,2304],"storage_rows":2066,"row_view":17,"float_offsets_abc":[1,0,0],"bias":false,"alpha_bits":1065353216,"beta_bits":0,"full_old_legacy_reference":true,"raw_full_output_and_row_slice":true,"eager_repeats":2,"poisoned_graph_replays":2,"actual_graph_symbol_geometry_abi_words":true,"guards":true,"input_immutability":true}
{"record":"FixedSm89ExactN64AutoBoundaryV1","dtype":"f32","op":"nn","requested":"AUTO","expected":"Legacy","actual":"Legacy","symbol":"gemm_bi_f32_f32_s2","dims_mkn":[63,768,2304],"storage_rows":2066,"row_view":17,"float_offsets_abc":[1,0,0],"bias":false,"alpha_bits":1065353216,"beta_bits":0,"full_old_legacy_reference":true,"raw_full_output_and_row_slice":true,"eager_repeats":2,"poisoned_graph_replays":2,"actual_graph_symbol_geometry_abi_words":true,"guards":true,"input_immutability":true}
{"record":"FixedSm89ExactN64AutoBoundaryV1","dtype":"f32","op":"nn","requested":"AUTO","expected":"Legacy","actual":"Legacy","symbol":"gemm_bi_f32_f32_s2","dims_mkn":[64,768,2304],"storage_rows":2066,"row_view":17,"float_offsets_abc":[1,0,0],"bias":false,"alpha_bits":1065353216,"beta_bits":0,"full_old_legacy_reference":true,"raw_full_output_and_row_slice":true,"eager_repeats":2,"poisoned_graph_replays":2,"actual_graph_symbol_geometry_abi_words":true,"guards":true,"input_immutability":true}
{"record":"FixedSm89ExactN64AutoBoundaryV1","dtype":"f32","op":"nn","requested":"AUTO","expected":"Legacy","actual":"Legacy","symbol":"gemm_bi_f32_f32_s2","dims_mkn":[65,768,2304],"storage_rows":2066,"row_view":17,"float_offsets_abc":[1,0,0],"bias":false,"alpha_bits":1065353216,"beta_bits":0,"full_old_legacy_reference":true,"raw_full_output_and_row_slice":true,"eager_repeats":2,"poisoned_graph_replays":2,"actual_graph_symbol_geometry_abi_words":true,"guards":true,"input_immutability":true}
{"record":"FixedSm89ExactN64AutoBoundaryV1","dtype":"f32","op":"nn","requested":"AUTO","expected":"Legacy","actual":"Legacy","symbol":"gemm_bi_f32_f32_s2","dims_mkn":[127,768,2304],"storage_rows":2066,"row_view":17,"float_offsets_abc":[1,0,0],"bias":false,"alpha_bits":1065353216,"beta_bits":0,"full_old_legacy_reference":true,"raw_full_output_and_row_slice":true,"eager_repeats":2,"poisoned_graph_replays":2,"actual_graph_symbol_geometry_abi_words":true,"guards":true,"input_immutability":true}
{"record":"FixedSm89ExactN64AutoBoundaryV1","dtype":"f32","op":"nn","requested":"AUTO","expected":"Legacy","actual":"Legacy","symbol":"gemm_bi_f32_f32_s2","dims_mkn":[128,768,2304],"storage_rows":2066,"row_view":17,"float_offsets_abc":[1,0,0],"bias":false,"alpha_bits":1065353216,"beta_bits":0,"full_old_legacy_reference":true,"raw_full_output_and_row_slice":true,"eager_repeats":2,"poisoned_graph_replays":2,"actual_graph_symbol_geometry_abi_words":true,"guards":true,"input_immutability":true}
{"record":"FixedSm89ExactN64AutoBoundaryV1","dtype":"f32","op":"nn","requested":"AUTO","expected":"Legacy","actual":"Legacy","symbol":"gemm_bi_f32_f32_s2","dims_mkn":[129,768,2304],"storage_rows":2066,"row_view":17,"float_offsets_abc":[1,0,0],"bias":false,"alpha_bits":1065353216,"beta_bits":0,"full_old_legacy_reference":true,"raw_full_output_and_row_slice":true,"eager_repeats":2,"poisoned_graph_replays":2,"actual_graph_symbol_geometry_abi_words":true,"guards":true,"input_immutability":true}
{"record":"FixedSm89ExactN64AutoBoundaryV1","dtype":"f32","op":"nn","requested":"AUTO","expected":"Legacy","actual":"Legacy","symbol":"gemm_bi_f32_f32_s2","dims_mkn":[2048,768,2304],"storage_rows":2066,"row_view":0,"float_offsets_abc":[0,1,0],"bias":false,"alpha_bits":1065353216,"beta_bits":0,"full_old_legacy_reference":true,"raw_full_output_and_row_slice":true,"eager_repeats":2,"poisoned_graph_replays":2,"actual_graph_symbol_geometry_abi_words":true,"guards":true,"input_immutability":true}
{"record":"FixedSm89ExactN64AutoBoundaryV1","dtype":"f32","op":"nn","requested":"AUTO","expected":"Legacy","actual":"Legacy","symbol":"gemm_bi_f32_f32_s2","dims_mkn":[2047,768,2304],"storage_rows":2066,"row_view":0,"float_offsets_abc":[0,1,0],"bias":false,"alpha_bits":1065353216,"beta_bits":0,"full_old_legacy_reference":true,"raw_full_output_and_row_slice":true,"eager_repeats":2,"poisoned_graph_replays":2,"actual_graph_symbol_geometry_abi_words":true,"guards":true,"input_immutability":true}
{"record":"FixedSm89ExactN64AutoBoundaryV1","dtype":"f32","op":"nn","requested":"AUTO","expected":"Legacy","actual":"Legacy","symbol":"gemm_bi_f32_f32_s2","dims_mkn":[2049,768,2304],"storage_rows":2066,"row_view":0,"float_offsets_abc":[0,1,0],"bias":false,"alpha_bits":1065353216,"beta_bits":0,"full_old_legacy_reference":true,"raw_full_output_and_row_slice":true,"eager_repeats":2,"poisoned_graph_replays":2,"actual_graph_symbol_geometry_abi_words":true,"guards":true,"input_immutability":true}
{"record":"FixedSm89ExactN64AutoBoundaryV1","dtype":"f32","op":"nn","requested":"AUTO","expected":"Legacy","actual":"Legacy","symbol":"gemm_bi_f32_f32_s2","dims_mkn":[1,768,2304],"storage_rows":2066,"row_view":0,"float_offsets_abc":[0,1,0],"bias":false,"alpha_bits":1065353216,"beta_bits":0,"full_old_legacy_reference":true,"raw_full_output_and_row_slice":true,"eager_repeats":2,"poisoned_graph_replays":2,"actual_graph_symbol_geometry_abi_words":true,"guards":true,"input_immutability":true}
{"record":"FixedSm89ExactN64AutoBoundaryV1","dtype":"f32","op":"nn","requested":"AUTO","expected":"Legacy","actual":"Legacy","symbol":"gemm_bi_f32_f32_s2","dims_mkn":[17,768,2304],"storage_rows":2066,"row_view":0,"float_offsets_abc":[0,1,0],"bias":false,"alpha_bits":1065353216,"beta_bits":0,"full_old_legacy_reference":true,"raw_full_output_and_row_slice":true,"eager_repeats":2,"poisoned_graph_replays":2,"actual_graph_symbol_geometry_abi_words":true,"guards":true,"input_immutability":true}
{"record":"FixedSm89ExactN64AutoBoundaryV1","dtype":"f32","op":"nn","requested":"AUTO","expected":"Legacy","actual":"Legacy","symbol":"gemm_bi_f32_f32_s2","dims_mkn":[63,768,2304],"storage_rows":2066,"row_view":0,"float_offsets_abc":[0,1,0],"bias":false,"alpha_bits":1065353216,"beta_bits":0,"full_old_legacy_reference":true,"raw_full_output_and_row_slice":true,"eager_repeats":2,"poisoned_graph_replays":2,"actual_graph_symbol_geometry_abi_words":true,"guards":true,"input_immutability":true}
{"record":"FixedSm89ExactN64AutoBoundaryV1","dtype":"f32","op":"nn","requested":"AUTO","expected":"Legacy","actual":"Legacy","symbol":"gemm_bi_f32_f32_s2","dims_mkn":[64,768,2304],"storage_rows":2066,"row_view":0,"float_offsets_abc":[0,1,0],"bias":false,"alpha_bits":1065353216,"beta_bits":0,"full_old_legacy_reference":true,"raw_full_output_and_row_slice":true,"eager_repeats":2,"poisoned_graph_replays":2,"actual_graph_symbol_geometry_abi_words":true,"guards":true,"input_immutability":true}
{"record":"FixedSm89ExactN64AutoBoundaryV1","dtype":"f32","op":"nn","requested":"AUTO","expected":"Legacy","actual":"Legacy","symbol":"gemm_bi_f32_f32_s2","dims_mkn":[65,768,2304],"storage_rows":2066,"row_view":0,"float_offsets_abc":[0,1,0],"bias":false,"alpha_bits":1065353216,"beta_bits":0,"full_old_legacy_reference":true,"raw_full_output_and_row_slice":true,"eager_repeats":2,"poisoned_graph_replays":2,"actual_graph_symbol_geometry_abi_words":true,"guards":true,"input_immutability":true}
{"record":"FixedSm89ExactN64AutoBoundaryV1","dtype":"f32","op":"nn","requested":"AUTO","expected":"Legacy","actual":"Legacy","symbol":"gemm_bi_f32_f32_s2","dims_mkn":[127,768,2304],"storage_rows":2066,"row_view":0,"float_offsets_abc":[0,1,0],"bias":false,"alpha_bits":1065353216,"beta_bits":0,"full_old_legacy_reference":true,"raw_full_output_and_row_slice":true,"eager_repeats":2,"poisoned_graph_replays":2,"actual_graph_symbol_geometry_abi_words":true,"guards":true,"input_immutability":true}
{"record":"FixedSm89ExactN64AutoBoundaryV1","dtype":"f32","op":"nn","requested":"AUTO","expected":"Legacy","actual":"Legacy","symbol":"gemm_bi_f32_f32_s2","dims_mkn":[128,768,2304],"storage_rows":2066,"row_view":0,"float_offsets_abc":[0,1,0],"bias":false,"alpha_bits":1065353216,"beta_bits":0,"full_old_legacy_reference":true,"raw_full_output_and_row_slice":true,"eager_repeats":2,"poisoned_graph_replays":2,"actual_graph_symbol_geometry_abi_words":true,"guards":true,"input_immutability":true}
{"record":"FixedSm89ExactN64AutoBoundaryV1","dtype":"f32","op":"nn","requested":"AUTO","expected":"Legacy","actual":"Legacy","symbol":"gemm_bi_f32_f32_s2","dims_mkn":[129,768,2304],"storage_rows":2066,"row_view":0,"float_offsets_abc":[0,1,0],"bias":false,"alpha_bits":1065353216,"beta_bits":0,"full_old_legacy_reference":true,"raw_full_output_and_row_slice":true,"eager_repeats":2,"poisoned_graph_replays":2,"actual_graph_symbol_geometry_abi_words":true,"guards":true,"input_immutability":true}
{"record":"FixedSm89ExactN64AutoBoundaryV1","dtype":"f32","op":"nn","requested":"AUTO","expected":"Legacy","actual":"Legacy","symbol":"gemm_bi_f32_f32_s2","dims_mkn":[2048,768,2304],"storage_rows":2066,"row_view":17,"float_offsets_abc":[0,1,0],"bias":false,"alpha_bits":1065353216,"beta_bits":0,"full_old_legacy_reference":true,"raw_full_output_and_row_slice":true,"eager_repeats":2,"poisoned_graph_replays":2,"actual_graph_symbol_geometry_abi_words":true,"guards":true,"input_immutability":true}
{"record":"FixedSm89ExactN64AutoBoundaryV1","dtype":"f32","op":"nn","requested":"AUTO","expected":"Legacy","actual":"Legacy","symbol":"gemm_bi_f32_f32_s2","dims_mkn":[2047,768,2304],"storage_rows":2066,"row_view":17,"float_offsets_abc":[0,1,0],"bias":false,"alpha_bits":1065353216,"beta_bits":0,"full_old_legacy_reference":true,"raw_full_output_and_row_slice":true,"eager_repeats":2,"poisoned_graph_replays":2,"actual_graph_symbol_geometry_abi_words":true,"guards":true,"input_immutability":true}
{"record":"FixedSm89ExactN64AutoBoundaryV1","dtype":"f32","op":"nn","requested":"AUTO","expected":"Legacy","actual":"Legacy","symbol":"gemm_bi_f32_f32_s2","dims_mkn":[2049,768,2304],"storage_rows":2066,"row_view":17,"float_offsets_abc":[0,1,0],"bias":false,"alpha_bits":1065353216,"beta_bits":0,"full_old_legacy_reference":true,"raw_full_output_and_row_slice":true,"eager_repeats":2,"poisoned_graph_replays":2,"actual_graph_symbol_geometry_abi_words":true,"guards":true,"input_immutability":true}
{"record":"FixedSm89ExactN64AutoBoundaryV1","dtype":"f32","op":"nn","requested":"AUTO","expected":"Legacy","actual":"Legacy","symbol":"gemm_bi_f32_f32_s2","dims_mkn":[1,768,2304],"storage_rows":2066,"row_view":17,"float_offsets_abc":[0,1,0],"bias":false,"alpha_bits":1065353216,"beta_bits":0,"full_old_legacy_reference":true,"raw_full_output_and_row_slice":true,"eager_repeats":2,"poisoned_graph_replays":2,"actual_graph_symbol_geometry_abi_words":true,"guards":true,"input_immutability":true}
{"record":"FixedSm89ExactN64AutoBoundaryV1","dtype":"f32","op":"nn","requested":"AUTO","expected":"Legacy","actual":"Legacy","symbol":"gemm_bi_f32_f32_s2","dims_mkn":[17,768,2304],"storage_rows":2066,"row_view":17,"float_offsets_abc":[0,1,0],"bias":false,"alpha_bits":1065353216,"beta_bits":0,"full_old_legacy_reference":true,"raw_full_output_and_row_slice":true,"eager_repeats":2,"poisoned_graph_replays":2,"actual_graph_symbol_geometry_abi_words":true,"guards":true,"input_immutability":true}
{"record":"FixedSm89ExactN64AutoBoundaryV1","dtype":"f32","op":"nn","requested":"AUTO","expected":"Legacy","actual":"Legacy","symbol":"gemm_bi_f32_f32_s2","dims_mkn":[63,768,2304],"storage_rows":2066,"row_view":17,"float_offsets_abc":[0,1,0],"bias":false,"alpha_bits":1065353216,"beta_bits":0,"full_old_legacy_reference":true,"raw_full_output_and_row_slice":true,"eager_repeats":2,"poisoned_graph_replays":2,"actual_graph_symbol_geometry_abi_words":true,"guards":true,"input_immutability":true}
{"record":"FixedSm89ExactN64AutoBoundaryV1","dtype":"f32","op":"nn","requested":"AUTO","expected":"Legacy","actual":"Legacy","symbol":"gemm_bi_f32_f32_s2","dims_mkn":[64,768,2304],"storage_rows":2066,"row_view":17,"float_offsets_abc":[0,1,0],"bias":false,"alpha_bits":1065353216,"beta_bits":0,"full_old_legacy_reference":true,"raw_full_output_and_row_slice":true,"eager_repeats":2,"poisoned_graph_replays":2,"actual_graph_symbol_geometry_abi_words":true,"guards":true,"input_immutability":true}
{"record":"FixedSm89ExactN64AutoBoundaryV1","dtype":"f32","op":"nn","requested":"AUTO","expected":"Legacy","actual":"Legacy","symbol":"gemm_bi_f32_f32_s2","dims_mkn":[65,768,2304],"storage_rows":2066,"row_view":17,"float_offsets_abc":[0,1,0],"bias":false,"alpha_bits":1065353216,"beta_bits":0,"full_old_legacy_reference":true,"raw_full_output_and_row_slice":true,"eager_repeats":2,"poisoned_graph_replays":2,"actual_graph_symbol_geometry_abi_words":true,"guards":true,"input_immutability":true}
{"record":"FixedSm89ExactN64AutoBoundaryV1","dtype":"f32","op":"nn","requested":"AUTO","expected":"Legacy","actual":"Legacy","symbol":"gemm_bi_f32_f32_s2","dims_mkn":[127,768,2304],"storage_rows":2066,"row_view":17,"float_offsets_abc":[0,1,0],"bias":false,"alpha_bits":1065353216,"beta_bits":0,"full_old_legacy_reference":true,"raw_full_output_and_row_slice":true,"eager_repeats":2,"poisoned_graph_replays":2,"actual_graph_symbol_geometry_abi_words":true,"guards":true,"input_immutability":true}
{"record":"FixedSm89ExactN64AutoBoundaryV1","dtype":"f32","op":"nn","requested":"AUTO","expected":"Legacy","actual":"Legacy","symbol":"gemm_bi_f32_f32_s2","dims_mkn":[128,768,2304],"storage_rows":2066,"row_view":17,"float_offsets_abc":[0,1,0],"bias":false,"alpha_bits":1065353216,"beta_bits":0,"full_old_legacy_reference":true,"raw_full_output_and_row_slice":true,"eager_repeats":2,"poisoned_graph_replays":2,"actual_graph_symbol_geometry_abi_words":true,"guards":true,"input_immutability":true}
{"record":"FixedSm89ExactN64AutoBoundaryV1","dtype":"f32","op":"nn","requested":"AUTO","expected":"Legacy","actual":"Legacy","symbol":"gemm_bi_f32_f32_s2","dims_mkn":[129,768,2304],"storage_rows":2066,"row_view":17,"float_offsets_abc":[0,1,0],"bias":false,"alpha_bits":1065353216,"beta_bits":0,"full_old_legacy_reference":true,"raw_full_output_and_row_slice":true,"eager_repeats":2,"poisoned_graph_replays":2,"actual_graph_symbol_geometry_abi_words":true,"guards":true,"input_immutability":true}
{"record":"FixedSm89ExactN64AutoBoundaryV1","dtype":"f32","op":"nn","requested":"AUTO","expected":"Legacy","actual":"Legacy","symbol":"gemm_bi_f32_f32_s2","dims_mkn":[2048,768,2304],"storage_rows":2066,"row_view":0,"float_offsets_abc":[0,0,1],"bias":false,"alpha_bits":1065353216,"beta_bits":0,"full_old_legacy_reference":true,"raw_full_output_and_row_slice":true,"eager_repeats":2,"poisoned_graph_replays":2,"actual_graph_symbol_geometry_abi_words":true,"guards":true,"input_immutability":true}
{"record":"FixedSm89ExactN64AutoBoundaryV1","dtype":"f32","op":"nn","requested":"AUTO","expected":"Legacy","actual":"Legacy","symbol":"gemm_bi_f32_f32_s2","dims_mkn":[2047,768,2304],"storage_rows":2066,"row_view":0,"float_offsets_abc":[0,0,1],"bias":false,"alpha_bits":1065353216,"beta_bits":0,"full_old_legacy_reference":true,"raw_full_output_and_row_slice":true,"eager_repeats":2,"poisoned_graph_replays":2,"actual_graph_symbol_geometry_abi_words":true,"guards":true,"input_immutability":true}
{"record":"FixedSm89ExactN64AutoBoundaryV1","dtype":"f32","op":"nn","requested":"AUTO","expected":"Legacy","actual":"Legacy","symbol":"gemm_bi_f32_f32_s2","dims_mkn":[2049,768,2304],"storage_rows":2066,"row_view":0,"float_offsets_abc":[0,0,1],"bias":false,"alpha_bits":1065353216,"beta_bits":0,"full_old_legacy_reference":true,"raw_full_output_and_row_slice":true,"eager_repeats":2,"poisoned_graph_replays":2,"actual_graph_symbol_geometry_abi_words":true,"guards":true,"input_immutability":true}
{"record":"FixedSm89ExactN64AutoBoundaryV1","dtype":"f32","op":"nn","requested":"AUTO","expected":"Legacy","actual":"Legacy","symbol":"gemm_bi_f32_f32_s2","dims_mkn":[1,768,2304],"storage_rows":2066,"row_view":0,"float_offsets_abc":[0,0,1],"bias":false,"alpha_bits":1065353216,"beta_bits":0,"full_old_legacy_reference":true,"raw_full_output_and_row_slice":true,"eager_repeats":2,"poisoned_graph_replays":2,"actual_graph_symbol_geometry_abi_words":true,"guards":true,"input_immutability":true}
{"record":"FixedSm89ExactN64AutoBoundaryV1","dtype":"f32","op":"nn","requested":"AUTO","expected":"Legacy","actual":"Legacy","symbol":"gemm_bi_f32_f32_s2","dims_mkn":[17,768,2304],"storage_rows":2066,"row_view":0,"float_offsets_abc":[0,0,1],"bias":false,"alpha_bits":1065353216,"beta_bits":0,"full_old_legacy_reference":true,"raw_full_output_and_row_slice":true,"eager_repeats":2,"poisoned_graph_replays":2,"actual_graph_symbol_geometry_abi_words":true,"guards":true,"input_immutability":true}
{"record":"FixedSm89ExactN64AutoBoundaryV1","dtype":"f32","op":"nn","requested":"AUTO","expected":"Legacy","actual":"Legacy","symbol":"gemm_bi_f32_f32_s2","dims_mkn":[63,768,2304],"storage_rows":2066,"row_view":0,"float_offsets_abc":[0,0,1],"bias":false,"alpha_bits":1065353216,"beta_bits":0,"full_old_legacy_reference":true,"raw_full_output_and_row_slice":true,"eager_repeats":2,"poisoned_graph_replays":2,"actual_graph_symbol_geometry_abi_words":true,"guards":true,"input_immutability":true}
{"record":"FixedSm89ExactN64AutoBoundaryV1","dtype":"f32","op":"nn","requested":"AUTO","expected":"Legacy","actual":"Legacy","symbol":"gemm_bi_f32_f32_s2","dims_mkn":[64,768,2304],"storage_rows":2066,"row_view":0,"float_offsets_abc":[0,0,1],"bias":false,"alpha_bits":1065353216,"beta_bits":0,"full_old_legacy_reference":true,"raw_full_output_and_row_slice":true,"eager_repeats":2,"poisoned_graph_replays":2,"actual_graph_symbol_geometry_abi_words":true,"guards":true,"input_immutability":true}
{"record":"FixedSm89ExactN64AutoBoundaryV1","dtype":"f32","op":"nn","requested":"AUTO","expected":"Legacy","actual":"Legacy","symbol":"gemm_bi_f32_f32_s2","dims_mkn":[65,768,2304],"storage_rows":2066,"row_view":0,"float_offsets_abc":[0,0,1],"bias":false,"alpha_bits":1065353216,"beta_bits":0,"full_old_legacy_reference":true,"raw_full_output_and_row_slice":true,"eager_repeats":2,"poisoned_graph_replays":2,"actual_graph_symbol_geometry_abi_words":true,"guards":true,"input_immutability":true}
{"record":"FixedSm89ExactN64AutoBoundaryV1","dtype":"f32","op":"nn","requested":"AUTO","expected":"Legacy","actual":"Legacy","symbol":"gemm_bi_f32_f32_s2","dims_mkn":[127,768,2304],"storage_rows":2066,"row_view":0,"float_offsets_abc":[0,0,1],"bias":false,"alpha_bits":1065353216,"beta_bits":0,"full_old_legacy_reference":true,"raw_full_output_and_row_slice":true,"eager_repeats":2,"poisoned_graph_replays":2,"actual_graph_symbol_geometry_abi_words":true,"guards":true,"input_immutability":true}
{"record":"FixedSm89ExactN64AutoBoundaryV1","dtype":"f32","op":"nn","requested":"AUTO","expected":"Legacy","actual":"Legacy","symbol":"gemm_bi_f32_f32_s2","dims_mkn":[128,768,2304],"storage_rows":2066,"row_view":0,"float_offsets_abc":[0,0,1],"bias":false,"alpha_bits":1065353216,"beta_bits":0,"full_old_legacy_reference":true,"raw_full_output_and_row_slice":true,"eager_repeats":2,"poisoned_graph_replays":2,"actual_graph_symbol_geometry_abi_words":true,"guards":true,"input_immutability":true}
{"record":"FixedSm89ExactN64AutoBoundaryV1","dtype":"f32","op":"nn","requested":"AUTO","expected":"Legacy","actual":"Legacy","symbol":"gemm_bi_f32_f32_s2","dims_mkn":[129,768,2304],"storage_rows":2066,"row_view":0,"float_offsets_abc":[0,0,1],"bias":false,"alpha_bits":1065353216,"beta_bits":0,"full_old_legacy_reference":true,"raw_full_output_and_row_slice":true,"eager_repeats":2,"poisoned_graph_replays":2,"actual_graph_symbol_geometry_abi_words":true,"guards":true,"input_immutability":true}
{"record":"FixedSm89ExactN64AutoBoundaryV1","dtype":"f32","op":"nn","requested":"AUTO","expected":"Legacy","actual":"Legacy","symbol":"gemm_bi_f32_f32_s2","dims_mkn":[2048,768,2304],"storage_rows":2066,"row_view":17,"float_offsets_abc":[0,0,1],"bias":false,"alpha_bits":1065353216,"beta_bits":0,"full_old_legacy_reference":true,"raw_full_output_and_row_slice":true,"eager_repeats":2,"poisoned_graph_replays":2,"actual_graph_symbol_geometry_abi_words":true,"guards":true,"input_immutability":true}
{"record":"FixedSm89ExactN64AutoBoundaryV1","dtype":"f32","op":"nn","requested":"AUTO","expected":"Legacy","actual":"Legacy","symbol":"gemm_bi_f32_f32_s2","dims_mkn":[2047,768,2304],"storage_rows":2066,"row_view":17,"float_offsets_abc":[0,0,1],"bias":false,"alpha_bits":1065353216,"beta_bits":0,"full_old_legacy_reference":true,"raw_full_output_and_row_slice":true,"eager_repeats":2,"poisoned_graph_replays":2,"actual_graph_symbol_geometry_abi_words":true,"guards":true,"input_immutability":true}
{"record":"FixedSm89ExactN64AutoBoundaryV1","dtype":"f32","op":"nn","requested":"AUTO","expected":"Legacy","actual":"Legacy","symbol":"gemm_bi_f32_f32_s2","dims_mkn":[2049,768,2304],"storage_rows":2066,"row_view":17,"float_offsets_abc":[0,0,1],"bias":false,"alpha_bits":1065353216,"beta_bits":0,"full_old_legacy_reference":true,"raw_full_output_and_row_slice":true,"eager_repeats":2,"poisoned_graph_replays":2,"actual_graph_symbol_geometry_abi_words":true,"guards":true,"input_immutability":true}
{"record":"FixedSm89ExactN64AutoBoundaryV1","dtype":"f32","op":"nn","requested":"AUTO","expected":"Legacy","actual":"Legacy","symbol":"gemm_bi_f32_f32_s2","dims_mkn":[1,768,2304],"storage_rows":2066,"row_view":17,"float_offsets_abc":[0,0,1],"bias":false,"alpha_bits":1065353216,"beta_bits":0,"full_old_legacy_reference":true,"raw_full_output_and_row_slice":true,"eager_repeats":2,"poisoned_graph_replays":2,"actual_graph_symbol_geometry_abi_words":true,"guards":true,"input_immutability":true}
{"record":"FixedSm89ExactN64AutoBoundaryV1","dtype":"f32","op":"nn","requested":"AUTO","expected":"Legacy","actual":"Legacy","symbol":"gemm_bi_f32_f32_s2","dims_mkn":[17,768,2304],"storage_rows":2066,"row_view":17,"float_offsets_abc":[0,0,1],"bias":false,"alpha_bits":1065353216,"beta_bits":0,"full_old_legacy_reference":true,"raw_full_output_and_row_slice":true,"eager_repeats":2,"poisoned_graph_replays":2,"actual_graph_symbol_geometry_abi_words":true,"guards":true,"input_immutability":true}
{"record":"FixedSm89ExactN64AutoBoundaryV1","dtype":"f32","op":"nn","requested":"AUTO","expected":"Legacy","actual":"Legacy","symbol":"gemm_bi_f32_f32_s2","dims_mkn":[63,768,2304],"storage_rows":2066,"row_view":17,"float_offsets_abc":[0,0,1],"bias":false,"alpha_bits":1065353216,"beta_bits":0,"full_old_legacy_reference":true,"raw_full_output_and_row_slice":true,"eager_repeats":2,"poisoned_graph_replays":2,"actual_graph_symbol_geometry_abi_words":true,"guards":true,"input_immutability":true}
{"record":"FixedSm89ExactN64AutoBoundaryV1","dtype":"f32","op":"nn","requested":"AUTO","expected":"Legacy","actual":"Legacy","symbol":"gemm_bi_f32_f32_s2","dims_mkn":[64,768,2304],"storage_rows":2066,"row_view":17,"float_offsets_abc":[0,0,1],"bias":false,"alpha_bits":1065353216,"beta_bits":0,"full_old_legacy_reference":true,"raw_full_output_and_row_slice":true,"eager_repeats":2,"poisoned_graph_replays":2,"actual_graph_symbol_geometry_abi_words":true,"guards":true,"input_immutability":true}
{"record":"FixedSm89ExactN64AutoBoundaryV1","dtype":"f32","op":"nn","requested":"AUTO","expected":"Legacy","actual":"Legacy","symbol":"gemm_bi_f32_f32_s2","dims_mkn":[65,768,2304],"storage_rows":2066,"row_view":17,"float_offsets_abc":[0,0,1],"bias":false,"alpha_bits":1065353216,"beta_bits":0,"full_old_legacy_reference":true,"raw_full_output_and_row_slice":true,"eager_repeats":2,"poisoned_graph_replays":2,"actual_graph_symbol_geometry_abi_words":true,"guards":true,"input_immutability":true}
{"record":"FixedSm89ExactN64AutoBoundaryV1","dtype":"f32","op":"nn","requested":"AUTO","expected":"Legacy","actual":"Legacy","symbol":"gemm_bi_f32_f32_s2","dims_mkn":[127,768,2304],"storage_rows":2066,"row_view":17,"float_offsets_abc":[0,0,1],"bias":false,"alpha_bits":1065353216,"beta_bits":0,"full_old_legacy_reference":true,"raw_full_output_and_row_slice":true,"eager_repeats":2,"poisoned_graph_replays":2,"actual_graph_symbol_geometry_abi_words":true,"guards":true,"input_immutability":true}
{"record":"FixedSm89ExactN64AutoBoundaryV1","dtype":"f32","op":"nn","requested":"AUTO","expected":"Legacy","actual":"Legacy","symbol":"gemm_bi_f32_f32_s2","dims_mkn":[128,768,2304],"storage_rows":2066,"row_view":17,"float_offsets_abc":[0,0,1],"bias":false,"alpha_bits":1065353216,"beta_bits":0,"full_old_legacy_reference":true,"raw_full_output_and_row_slice":true,"eager_repeats":2,"poisoned_graph_replays":2,"actual_graph_symbol_geometry_abi_words":true,"guards":true,"input_immutability":true}
{"record":"FixedSm89ExactN64AutoBoundaryV1","dtype":"f32","op":"nn","requested":"AUTO","expected":"Legacy","actual":"Legacy","symbol":"gemm_bi_f32_f32_s2","dims_mkn":[129,768,2304],"storage_rows":2066,"row_view":17,"float_offsets_abc":[0,0,1],"bias":false,"alpha_bits":1065353216,"beta_bits":0,"full_old_legacy_reference":true,"raw_full_output_and_row_slice":true,"eager_repeats":2,"poisoned_graph_replays":2,"actual_graph_symbol_geometry_abi_words":true,"guards":true,"input_immutability":true}
{"record":"FixedSm89ExactN64AutoBoundaryV1","dtype":"f32","op":"nn","requested":"AUTO","expected":"F32Sm89N64CopyPlan","actual":"F32Sm89N64CopyPlan","symbol":"gemm_bi_nn_fixed_sm89_f32_n64_copyplan_v1","dims_mkn":[2048,768,2304],"storage_rows":2066,"row_view":0,"float_offsets_abc":[0,0,0],"bias":true,"alpha_bits":1065353216,"beta_bits":0,"full_old_legacy_reference":true,"raw_full_output_and_row_slice":true,"eager_repeats":2,"poisoned_graph_replays":2,"actual_graph_symbol_geometry_abi_words":true,"guards":true,"input_immutability":true}
{"record":"FixedSm89ExactN64AutoBoundaryV1","dtype":"f32","op":"nn","requested":"AUTO","expected":"Legacy","actual":"Legacy","symbol":"gemm_bi_f32_f32_s2","dims_mkn":[2047,768,2304],"storage_rows":2066,"row_view":0,"float_offsets_abc":[0,0,0],"bias":true,"alpha_bits":1065353216,"beta_bits":0,"full_old_legacy_reference":true,"raw_full_output_and_row_slice":true,"eager_repeats":2,"poisoned_graph_replays":2,"actual_graph_symbol_geometry_abi_words":true,"guards":true,"input_immutability":true}
{"record":"FixedSm89ExactN64AutoBoundaryV1","dtype":"f32","op":"nn","requested":"AUTO","expected":"Legacy","actual":"Legacy","symbol":"gemm_bi_f32_f32_s2","dims_mkn":[2049,768,2304],"storage_rows":2066,"row_view":0,"float_offsets_abc":[0,0,0],"bias":true,"alpha_bits":1065353216,"beta_bits":0,"full_old_legacy_reference":true,"raw_full_output_and_row_slice":true,"eager_repeats":2,"poisoned_graph_replays":2,"actual_graph_symbol_geometry_abi_words":true,"guards":true,"input_immutability":true}
{"record":"FixedSm89ExactN64AutoBoundaryV1","dtype":"f32","op":"nn","requested":"AUTO","expected":"Legacy","actual":"Legacy","symbol":"gemm_bi_f32_f32_s2","dims_mkn":[1,768,2304],"storage_rows":2066,"row_view":0,"float_offsets_abc":[0,0,0],"bias":true,"alpha_bits":1065353216,"beta_bits":0,"full_old_legacy_reference":true,"raw_full_output_and_row_slice":true,"eager_repeats":2,"poisoned_graph_replays":2,"actual_graph_symbol_geometry_abi_words":true,"guards":true,"input_immutability":true}
{"record":"FixedSm89ExactN64AutoBoundaryV1","dtype":"f32","op":"nn","requested":"AUTO","expected":"Legacy","actual":"Legacy","symbol":"gemm_bi_f32_f32_s2","dims_mkn":[17,768,2304],"storage_rows":2066,"row_view":0,"float_offsets_abc":[0,0,0],"bias":true,"alpha_bits":1065353216,"beta_bits":0,"full_old_legacy_reference":true,"raw_full_output_and_row_slice":true,"eager_repeats":2,"poisoned_graph_replays":2,"actual_graph_symbol_geometry_abi_words":true,"guards":true,"input_immutability":true}
{"record":"FixedSm89ExactN64AutoBoundaryV1","dtype":"f32","op":"nn","requested":"AUTO","expected":"Legacy","actual":"Legacy","symbol":"gemm_bi_f32_f32_s2","dims_mkn":[63,768,2304],"storage_rows":2066,"row_view":0,"float_offsets_abc":[0,0,0],"bias":true,"alpha_bits":1065353216,"beta_bits":0,"full_old_legacy_reference":true,"raw_full_output_and_row_slice":true,"eager_repeats":2,"poisoned_graph_replays":2,"actual_graph_symbol_geometry_abi_words":true,"guards":true,"input_immutability":true}
{"record":"FixedSm89ExactN64AutoBoundaryV1","dtype":"f32","op":"nn","requested":"AUTO","expected":"Legacy","actual":"Legacy","symbol":"gemm_bi_f32_f32_s2","dims_mkn":[64,768,2304],"storage_rows":2066,"row_view":0,"float_offsets_abc":[0,0,0],"bias":true,"alpha_bits":1065353216,"beta_bits":0,"full_old_legacy_reference":true,"raw_full_output_and_row_slice":true,"eager_repeats":2,"poisoned_graph_replays":2,"actual_graph_symbol_geometry_abi_words":true,"guards":true,"input_immutability":true}
{"record":"FixedSm89ExactN64AutoBoundaryV1","dtype":"f32","op":"nn","requested":"AUTO","expected":"Legacy","actual":"Legacy","symbol":"gemm_bi_f32_f32_s2","dims_mkn":[65,768,2304],"storage_rows":2066,"row_view":0,"float_offsets_abc":[0,0,0],"bias":true,"alpha_bits":1065353216,"beta_bits":0,"full_old_legacy_reference":true,"raw_full_output_and_row_slice":true,"eager_repeats":2,"poisoned_graph_replays":2,"actual_graph_symbol_geometry_abi_words":true,"guards":true,"input_immutability":true}
{"record":"FixedSm89ExactN64AutoBoundaryV1","dtype":"f32","op":"nn","requested":"AUTO","expected":"Legacy","actual":"Legacy","symbol":"gemm_bi_f32_f32_s2","dims_mkn":[127,768,2304],"storage_rows":2066,"row_view":0,"float_offsets_abc":[0,0,0],"bias":true,"alpha_bits":1065353216,"beta_bits":0,"full_old_legacy_reference":true,"raw_full_output_and_row_slice":true,"eager_repeats":2,"poisoned_graph_replays":2,"actual_graph_symbol_geometry_abi_words":true,"guards":true,"input_immutability":true}
{"record":"FixedSm89ExactN64AutoBoundaryV1","dtype":"f32","op":"nn","requested":"AUTO","expected":"Legacy","actual":"Legacy","symbol":"gemm_bi_f32_f32_s2","dims_mkn":[128,768,2304],"storage_rows":2066,"row_view":0,"float_offsets_abc":[0,0,0],"bias":true,"alpha_bits":1065353216,"beta_bits":0,"full_old_legacy_reference":true,"raw_full_output_and_row_slice":true,"eager_repeats":2,"poisoned_graph_replays":2,"actual_graph_symbol_geometry_abi_words":true,"guards":true,"input_immutability":true}
{"record":"FixedSm89ExactN64AutoBoundaryV1","dtype":"f32","op":"nn","requested":"AUTO","expected":"Legacy","actual":"Legacy","symbol":"gemm_bi_f32_f32_s2","dims_mkn":[129,768,2304],"storage_rows":2066,"row_view":0,"float_offsets_abc":[0,0,0],"bias":true,"alpha_bits":1065353216,"beta_bits":0,"full_old_legacy_reference":true,"raw_full_output_and_row_slice":true,"eager_repeats":2,"poisoned_graph_replays":2,"actual_graph_symbol_geometry_abi_words":true,"guards":true,"input_immutability":true}
{"record":"FixedSm89ExactN64AutoBoundaryV1","dtype":"f32","op":"nn","requested":"AUTO","expected":"F32Sm89N64CopyPlan","actual":"F32Sm89N64CopyPlan","symbol":"gemm_bi_nn_fixed_sm89_f32_n64_copyplan_v1","dims_mkn":[2048,768,2304],"storage_rows":2066,"row_view":17,"float_offsets_abc":[0,0,0],"bias":true,"alpha_bits":1065353216,"beta_bits":0,"full_old_legacy_reference":true,"raw_full_output_and_row_slice":true,"eager_repeats":2,"poisoned_graph_replays":2,"actual_graph_symbol_geometry_abi_words":true,"guards":true,"input_immutability":true}
{"record":"FixedSm89ExactN64AutoBoundaryV1","dtype":"f32","op":"nn","requested":"AUTO","expected":"Legacy","actual":"Legacy","symbol":"gemm_bi_f32_f32_s2","dims_mkn":[2047,768,2304],"storage_rows":2066,"row_view":17,"float_offsets_abc":[0,0,0],"bias":true,"alpha_bits":1065353216,"beta_bits":0,"full_old_legacy_reference":true,"raw_full_output_and_row_slice":true,"eager_repeats":2,"poisoned_graph_replays":2,"actual_graph_symbol_geometry_abi_words":true,"guards":true,"input_immutability":true}
{"record":"FixedSm89ExactN64AutoBoundaryV1","dtype":"f32","op":"nn","requested":"AUTO","expected":"Legacy","actual":"Legacy","symbol":"gemm_bi_f32_f32_s2","dims_mkn":[2049,768,2304],"storage_rows":2066,"row_view":17,"float_offsets_abc":[0,0,0],"bias":true,"alpha_bits":1065353216,"beta_bits":0,"full_old_legacy_reference":true,"raw_full_output_and_row_slice":true,"eager_repeats":2,"poisoned_graph_replays":2,"actual_graph_symbol_geometry_abi_words":true,"guards":true,"input_immutability":true}
{"record":"FixedSm89ExactN64AutoBoundaryV1","dtype":"f32","op":"nn","requested":"AUTO","expected":"Legacy","actual":"Legacy","symbol":"gemm_bi_f32_f32_s2","dims_mkn":[1,768,2304],"storage_rows":2066,"row_view":17,"float_offsets_abc":[0,0,0],"bias":true,"alpha_bits":1065353216,"beta_bits":0,"full_old_legacy_reference":true,"raw_full_output_and_row_slice":true,"eager_repeats":2,"poisoned_graph_replays":2,"actual_graph_symbol_geometry_abi_words":true,"guards":true,"input_immutability":true}
{"record":"FixedSm89ExactN64AutoBoundaryV1","dtype":"f32","op":"nn","requested":"AUTO","expected":"Legacy","actual":"Legacy","symbol":"gemm_bi_f32_f32_s2","dims_mkn":[17,768,2304],"storage_rows":2066,"row_view":17,"float_offsets_abc":[0,0,0],"bias":true,"alpha_bits":1065353216,"beta_bits":0,"full_old_legacy_reference":true,"raw_full_output_and_row_slice":true,"eager_repeats":2,"poisoned_graph_replays":2,"actual_graph_symbol_geometry_abi_words":true,"guards":true,"input_immutability":true}
{"record":"FixedSm89ExactN64AutoBoundaryV1","dtype":"f32","op":"nn","requested":"AUTO","expected":"Legacy","actual":"Legacy","symbol":"gemm_bi_f32_f32_s2","dims_mkn":[63,768,2304],"storage_rows":2066,"row_view":17,"float_offsets_abc":[0,0,0],"bias":true,"alpha_bits":1065353216,"beta_bits":0,"full_old_legacy_reference":true,"raw_full_output_and_row_slice":true,"eager_repeats":2,"poisoned_graph_replays":2,"actual_graph_symbol_geometry_abi_words":true,"guards":true,"input_immutability":true}
{"record":"FixedSm89ExactN64AutoBoundaryV1","dtype":"f32","op":"nn","requested":"AUTO","expected":"Legacy","actual":"Legacy","symbol":"gemm_bi_f32_f32_s2","dims_mkn":[64,768,2304],"storage_rows":2066,"row_view":17,"float_offsets_abc":[0,0,0],"bias":true,"alpha_bits":1065353216,"beta_bits":0,"full_old_legacy_reference":true,"raw_full_output_and_row_slice":true,"eager_repeats":2,"poisoned_graph_replays":2,"actual_graph_symbol_geometry_abi_words":true,"guards":true,"input_immutability":true}
{"record":"FixedSm89ExactN64AutoBoundaryV1","dtype":"f32","op":"nn","requested":"AUTO","expected":"Legacy","actual":"Legacy","symbol":"gemm_bi_f32_f32_s2","dims_mkn":[65,768,2304],"storage_rows":2066,"row_view":17,"float_offsets_abc":[0,0,0],"bias":true,"alpha_bits":1065353216,"beta_bits":0,"full_old_legacy_reference":true,"raw_full_output_and_row_slice":true,"eager_repeats":2,"poisoned_graph_replays":2,"actual_graph_symbol_geometry_abi_words":true,"guards":true,"input_immutability":true}
{"record":"FixedSm89ExactN64AutoBoundaryV1","dtype":"f32","op":"nn","requested":"AUTO","expected":"Legacy","actual":"Legacy","symbol":"gemm_bi_f32_f32_s2","dims_mkn":[127,768,2304],"storage_rows":2066,"row_view":17,"float_offsets_abc":[0,0,0],"bias":true,"alpha_bits":1065353216,"beta_bits":0,"full_old_legacy_reference":true,"raw_full_output_and_row_slice":true,"eager_repeats":2,"poisoned_graph_replays":2,"actual_graph_symbol_geometry_abi_words":true,"guards":true,"input_immutability":true}
{"record":"FixedSm89ExactN64AutoBoundaryV1","dtype":"f32","op":"nn","requested":"AUTO","expected":"Legacy","actual":"Legacy","symbol":"gemm_bi_f32_f32_s2","dims_mkn":[128,768,2304],"storage_rows":2066,"row_view":17,"float_offsets_abc":[0,0,0],"bias":true,"alpha_bits":1065353216,"beta_bits":0,"full_old_legacy_reference":true,"raw_full_output_and_row_slice":true,"eager_repeats":2,"poisoned_graph_replays":2,"actual_graph_symbol_geometry_abi_words":true,"guards":true,"input_immutability":true}
{"record":"FixedSm89ExactN64AutoBoundaryV1","dtype":"f32","op":"nn","requested":"AUTO","expected":"Legacy","actual":"Legacy","symbol":"gemm_bi_f32_f32_s2","dims_mkn":[129,768,2304],"storage_rows":2066,"row_view":17,"float_offsets_abc":[0,0,0],"bias":true,"alpha_bits":1065353216,"beta_bits":0,"full_old_legacy_reference":true,"raw_full_output_and_row_slice":true,"eager_repeats":2,"poisoned_graph_replays":2,"actual_graph_symbol_geometry_abi_words":true,"guards":true,"input_immutability":true}
{"record":"FixedSm89ExactN64AutoBoundaryV1","dtype":"f32","op":"nn","requested":"AUTO","expected":"Legacy","actual":"Legacy","symbol":"gemm_bi_f32_f32_s2","dims_mkn":[2048,768,2304],"storage_rows":2066,"row_view":0,"float_offsets_abc":[1,0,0],"bias":true,"alpha_bits":1065353216,"beta_bits":0,"full_old_legacy_reference":true,"raw_full_output_and_row_slice":true,"eager_repeats":2,"poisoned_graph_replays":2,"actual_graph_symbol_geometry_abi_words":true,"guards":true,"input_immutability":true}
{"record":"FixedSm89ExactN64AutoBoundaryV1","dtype":"f32","op":"nn","requested":"AUTO","expected":"Legacy","actual":"Legacy","symbol":"gemm_bi_f32_f32_s2","dims_mkn":[2047,768,2304],"storage_rows":2066,"row_view":0,"float_offsets_abc":[1,0,0],"bias":true,"alpha_bits":1065353216,"beta_bits":0,"full_old_legacy_reference":true,"raw_full_output_and_row_slice":true,"eager_repeats":2,"poisoned_graph_replays":2,"actual_graph_symbol_geometry_abi_words":true,"guards":true,"input_immutability":true}
{"record":"FixedSm89ExactN64AutoBoundaryV1","dtype":"f32","op":"nn","requested":"AUTO","expected":"Legacy","actual":"Legacy","symbol":"gemm_bi_f32_f32_s2","dims_mkn":[2049,768,2304],"storage_rows":2066,"row_view":0,"float_offsets_abc":[1,0,0],"bias":true,"alpha_bits":1065353216,"beta_bits":0,"full_old_legacy_reference":true,"raw_full_output_and_row_slice":true,"eager_repeats":2,"poisoned_graph_replays":2,"actual_graph_symbol_geometry_abi_words":true,"guards":true,"input_immutability":true}
{"record":"FixedSm89ExactN64AutoBoundaryV1","dtype":"f32","op":"nn","requested":"AUTO","expected":"Legacy","actual":"Legacy","symbol":"gemm_bi_f32_f32_s2","dims_mkn":[1,768,2304],"storage_rows":2066,"row_view":0,"float_offsets_abc":[1,0,0],"bias":true,"alpha_bits":1065353216,"beta_bits":0,"full_old_legacy_reference":true,"raw_full_output_and_row_slice":true,"eager_repeats":2,"poisoned_graph_replays":2,"actual_graph_symbol_geometry_abi_words":true,"guards":true,"input_immutability":true}
{"record":"FixedSm89ExactN64AutoBoundaryV1","dtype":"f32","op":"nn","requested":"AUTO","expected":"Legacy","actual":"Legacy","symbol":"gemm_bi_f32_f32_s2","dims_mkn":[17,768,2304],"storage_rows":2066,"row_view":0,"float_offsets_abc":[1,0,0],"bias":true,"alpha_bits":1065353216,"beta_bits":0,"full_old_legacy_reference":true,"raw_full_output_and_row_slice":true,"eager_repeats":2,"poisoned_graph_replays":2,"actual_graph_symbol_geometry_abi_words":true,"guards":true,"input_immutability":true}
{"record":"FixedSm89ExactN64AutoBoundaryV1","dtype":"f32","op":"nn","requested":"AUTO","expected":"Legacy","actual":"Legacy","symbol":"gemm_bi_f32_f32_s2","dims_mkn":[63,768,2304],"storage_rows":2066,"row_view":0,"float_offsets_abc":[1,0,0],"bias":true,"alpha_bits":1065353216,"beta_bits":0,"full_old_legacy_reference":true,"raw_full_output_and_row_slice":true,"eager_repeats":2,"poisoned_graph_replays":2,"actual_graph_symbol_geometry_abi_words":true,"guards":true,"input_immutability":true}
{"record":"FixedSm89ExactN64AutoBoundaryV1","dtype":"f32","op":"nn","requested":"AUTO","expected":"Legacy","actual":"Legacy","symbol":"gemm_bi_f32_f32_s2","dims_mkn":[64,768,2304],"storage_rows":2066,"row_view":0,"float_offsets_abc":[1,0,0],"bias":true,"alpha_bits":1065353216,"beta_bits":0,"full_old_legacy_reference":true,"raw_full_output_and_row_slice":true,"eager_repeats":2,"poisoned_graph_replays":2,"actual_graph_symbol_geometry_abi_words":true,"guards":true,"input_immutability":true}
{"record":"FixedSm89ExactN64AutoBoundaryV1","dtype":"f32","op":"nn","requested":"AUTO","expected":"Legacy","actual":"Legacy","symbol":"gemm_bi_f32_f32_s2","dims_mkn":[65,768,2304],"storage_rows":2066,"row_view":0,"float_offsets_abc":[1,0,0],"bias":true,"alpha_bits":1065353216,"beta_bits":0,"full_old_legacy_reference":true,"raw_full_output_and_row_slice":true,"eager_repeats":2,"poisoned_graph_replays":2,"actual_graph_symbol_geometry_abi_words":true,"guards":true,"input_immutability":true}
{"record":"FixedSm89ExactN64AutoBoundaryV1","dtype":"f32","op":"nn","requested":"AUTO","expected":"Legacy","actual":"Legacy","symbol":"gemm_bi_f32_f32_s2","dims_mkn":[127,768,2304],"storage_rows":2066,"row_view":0,"float_offsets_abc":[1,0,0],"bias":true,"alpha_bits":1065353216,"beta_bits":0,"full_old_legacy_reference":true,"raw_full_output_and_row_slice":true,"eager_repeats":2,"poisoned_graph_replays":2,"actual_graph_symbol_geometry_abi_words":true,"guards":true,"input_immutability":true}
{"record":"FixedSm89ExactN64AutoBoundaryV1","dtype":"f32","op":"nn","requested":"AUTO","expected":"Legacy","actual":"Legacy","symbol":"gemm_bi_f32_f32_s2","dims_mkn":[128,768,2304],"storage_rows":2066,"row_view":0,"float_offsets_abc":[1,0,0],"bias":true,"alpha_bits":1065353216,"beta_bits":0,"full_old_legacy_reference":true,"raw_full_output_and_row_slice":true,"eager_repeats":2,"poisoned_graph_replays":2,"actual_graph_symbol_geometry_abi_words":true,"guards":true,"input_immutability":true}
{"record":"FixedSm89ExactN64AutoBoundaryV1","dtype":"f32","op":"nn","requested":"AUTO","expected":"Legacy","actual":"Legacy","symbol":"gemm_bi_f32_f32_s2","dims_mkn":[129,768,2304],"storage_rows":2066,"row_view":0,"float_offsets_abc":[1,0,0],"bias":true,"alpha_bits":1065353216,"beta_bits":0,"full_old_legacy_reference":true,"raw_full_output_and_row_slice":true,"eager_repeats":2,"poisoned_graph_replays":2,"actual_graph_symbol_geometry_abi_words":true,"guards":true,"input_immutability":true}
{"record":"FixedSm89ExactN64AutoBoundaryV1","dtype":"f32","op":"nn","requested":"AUTO","expected":"Legacy","actual":"Legacy","symbol":"gemm_bi_f32_f32_s2","dims_mkn":[2048,768,2304],"storage_rows":2066,"row_view":17,"float_offsets_abc":[1,0,0],"bias":true,"alpha_bits":1065353216,"beta_bits":0,"full_old_legacy_reference":true,"raw_full_output_and_row_slice":true,"eager_repeats":2,"poisoned_graph_replays":2,"actual_graph_symbol_geometry_abi_words":true,"guards":true,"input_immutability":true}
{"record":"FixedSm89ExactN64AutoBoundaryV1","dtype":"f32","op":"nn","requested":"AUTO","expected":"Legacy","actual":"Legacy","symbol":"gemm_bi_f32_f32_s2","dims_mkn":[2047,768,2304],"storage_rows":2066,"row_view":17,"float_offsets_abc":[1,0,0],"bias":true,"alpha_bits":1065353216,"beta_bits":0,"full_old_legacy_reference":true,"raw_full_output_and_row_slice":true,"eager_repeats":2,"poisoned_graph_replays":2,"actual_graph_symbol_geometry_abi_words":true,"guards":true,"input_immutability":true}
{"record":"FixedSm89ExactN64AutoBoundaryV1","dtype":"f32","op":"nn","requested":"AUTO","expected":"Legacy","actual":"Legacy","symbol":"gemm_bi_f32_f32_s2","dims_mkn":[2049,768,2304],"storage_rows":2066,"row_view":17,"float_offsets_abc":[1,0,0],"bias":true,"alpha_bits":1065353216,"beta_bits":0,"full_old_legacy_reference":true,"raw_full_output_and_row_slice":true,"eager_repeats":2,"poisoned_graph_replays":2,"actual_graph_symbol_geometry_abi_words":true,"guards":true,"input_immutability":true}
{"record":"FixedSm89ExactN64AutoBoundaryV1","dtype":"f32","op":"nn","requested":"AUTO","expected":"Legacy","actual":"Legacy","symbol":"gemm_bi_f32_f32_s2","dims_mkn":[1,768,2304],"storage_rows":2066,"row_view":17,"float_offsets_abc":[1,0,0],"bias":true,"alpha_bits":1065353216,"beta_bits":0,"full_old_legacy_reference":true,"raw_full_output_and_row_slice":true,"eager_repeats":2,"poisoned_graph_replays":2,"actual_graph_symbol_geometry_abi_words":true,"guards":true,"input_immutability":true}
{"record":"FixedSm89ExactN64AutoBoundaryV1","dtype":"f32","op":"nn","requested":"AUTO","expected":"Legacy","actual":"Legacy","symbol":"gemm_bi_f32_f32_s2","dims_mkn":[17,768,2304],"storage_rows":2066,"row_view":17,"float_offsets_abc":[1,0,0],"bias":true,"alpha_bits":1065353216,"beta_bits":0,"full_old_legacy_reference":true,"raw_full_output_and_row_slice":true,"eager_repeats":2,"poisoned_graph_replays":2,"actual_graph_symbol_geometry_abi_words":true,"guards":true,"input_immutability":true}
{"record":"FixedSm89ExactN64AutoBoundaryV1","dtype":"f32","op":"nn","requested":"AUTO","expected":"Legacy","actual":"Legacy","symbol":"gemm_bi_f32_f32_s2","dims_mkn":[63,768,2304],"storage_rows":2066,"row_view":17,"float_offsets_abc":[1,0,0],"bias":true,"alpha_bits":1065353216,"beta_bits":0,"full_old_legacy_reference":true,"raw_full_output_and_row_slice":true,"eager_repeats":2,"poisoned_graph_replays":2,"actual_graph_symbol_geometry_abi_words":true,"guards":true,"input_immutability":true}
{"record":"FixedSm89ExactN64AutoBoundaryV1","dtype":"f32","op":"nn","requested":"AUTO","expected":"Legacy","actual":"Legacy","symbol":"gemm_bi_f32_f32_s2","dims_mkn":[64,768,2304],"storage_rows":2066,"row_view":17,"float_offsets_abc":[1,0,0],"bias":true,"alpha_bits":1065353216,"beta_bits":0,"full_old_legacy_reference":true,"raw_full_output_and_row_slice":true,"eager_repeats":2,"poisoned_graph_replays":2,"actual_graph_symbol_geometry_abi_words":true,"guards":true,"input_immutability":true}
{"record":"FixedSm89ExactN64AutoBoundaryV1","dtype":"f32","op":"nn","requested":"AUTO","expected":"Legacy","actual":"Legacy","symbol":"gemm_bi_f32_f32_s2","dims_mkn":[65,768,2304],"storage_rows":2066,"row_view":17,"float_offsets_abc":[1,0,0],"bias":true,"alpha_bits":1065353216,"beta_bits":0,"full_old_legacy_reference":true,"raw_full_output_and_row_slice":true,"eager_repeats":2,"poisoned_graph_replays":2,"actual_graph_symbol_geometry_abi_words":true,"guards":true,"input_immutability":true}
{"record":"FixedSm89ExactN64AutoBoundaryV1","dtype":"f32","op":"nn","requested":"AUTO","expected":"Legacy","actual":"Legacy","symbol":"gemm_bi_f32_f32_s2","dims_mkn":[127,768,2304],"storage_rows":2066,"row_view":17,"float_offsets_abc":[1,0,0],"bias":true,"alpha_bits":1065353216,"beta_bits":0,"full_old_legacy_reference":true,"raw_full_output_and_row_slice":true,"eager_repeats":2,"poisoned_graph_replays":2,"actual_graph_symbol_geometry_abi_words":true,"guards":true,"input_immutability":true}
{"record":"FixedSm89ExactN64AutoBoundaryV1","dtype":"f32","op":"nn","requested":"AUTO","expected":"Legacy","actual":"Legacy","symbol":"gemm_bi_f32_f32_s2","dims_mkn":[128,768,2304],"storage_rows":2066,"row_view":17,"float_offsets_abc":[1,0,0],"bias":true,"alpha_bits":1065353216,"beta_bits":0,"full_old_legacy_reference":true,"raw_full_output_and_row_slice":true,"eager_repeats":2,"poisoned_graph_replays":2,"actual_graph_symbol_geometry_abi_words":true,"guards":true,"input_immutability":true}
{"record":"FixedSm89ExactN64AutoBoundaryV1","dtype":"f32","op":"nn","requested":"AUTO","expected":"Legacy","actual":"Legacy","symbol":"gemm_bi_f32_f32_s2","dims_mkn":[129,768,2304],"storage_rows":2066,"row_view":17,"float_offsets_abc":[1,0,0],"bias":true,"alpha_bits":1065353216,"beta_bits":0,"full_old_legacy_reference":true,"raw_full_output_and_row_slice":true,"eager_repeats":2,"poisoned_graph_replays":2,"actual_graph_symbol_geometry_abi_words":true,"guards":true,"input_immutability":true}
{"record":"FixedSm89ExactN64AutoBoundaryV1","dtype":"f32","op":"nn","requested":"AUTO","expected":"Legacy","actual":"Legacy","symbol":"gemm_bi_f32_f32_s2","dims_mkn":[2048,768,2304],"storage_rows":2066,"row_view":0,"float_offsets_abc":[0,1,0],"bias":true,"alpha_bits":1065353216,"beta_bits":0,"full_old_legacy_reference":true,"raw_full_output_and_row_slice":true,"eager_repeats":2,"poisoned_graph_replays":2,"actual_graph_symbol_geometry_abi_words":true,"guards":true,"input_immutability":true}
{"record":"FixedSm89ExactN64AutoBoundaryV1","dtype":"f32","op":"nn","requested":"AUTO","expected":"Legacy","actual":"Legacy","symbol":"gemm_bi_f32_f32_s2","dims_mkn":[2047,768,2304],"storage_rows":2066,"row_view":0,"float_offsets_abc":[0,1,0],"bias":true,"alpha_bits":1065353216,"beta_bits":0,"full_old_legacy_reference":true,"raw_full_output_and_row_slice":true,"eager_repeats":2,"poisoned_graph_replays":2,"actual_graph_symbol_geometry_abi_words":true,"guards":true,"input_immutability":true}
{"record":"FixedSm89ExactN64AutoBoundaryV1","dtype":"f32","op":"nn","requested":"AUTO","expected":"Legacy","actual":"Legacy","symbol":"gemm_bi_f32_f32_s2","dims_mkn":[2049,768,2304],"storage_rows":2066,"row_view":0,"float_offsets_abc":[0,1,0],"bias":true,"alpha_bits":1065353216,"beta_bits":0,"full_old_legacy_reference":true,"raw_full_output_and_row_slice":true,"eager_repeats":2,"poisoned_graph_replays":2,"actual_graph_symbol_geometry_abi_words":true,"guards":true,"input_immutability":true}
{"record":"FixedSm89ExactN64AutoBoundaryV1","dtype":"f32","op":"nn","requested":"AUTO","expected":"Legacy","actual":"Legacy","symbol":"gemm_bi_f32_f32_s2","dims_mkn":[1,768,2304],"storage_rows":2066,"row_view":0,"float_offsets_abc":[0,1,0],"bias":true,"alpha_bits":1065353216,"beta_bits":0,"full_old_legacy_reference":true,"raw_full_output_and_row_slice":true,"eager_repeats":2,"poisoned_graph_replays":2,"actual_graph_symbol_geometry_abi_words":true,"guards":true,"input_immutability":true}
{"record":"FixedSm89ExactN64AutoBoundaryV1","dtype":"f32","op":"nn","requested":"AUTO","expected":"Legacy","actual":"Legacy","symbol":"gemm_bi_f32_f32_s2","dims_mkn":[17,768,2304],"storage_rows":2066,"row_view":0,"float_offsets_abc":[0,1,0],"bias":true,"alpha_bits":1065353216,"beta_bits":0,"full_old_legacy_reference":true,"raw_full_output_and_row_slice":true,"eager_repeats":2,"poisoned_graph_replays":2,"actual_graph_symbol_geometry_abi_words":true,"guards":true,"input_immutability":true}
{"record":"FixedSm89ExactN64AutoBoundaryV1","dtype":"f32","op":"nn","requested":"AUTO","expected":"Legacy","actual":"Legacy","symbol":"gemm_bi_f32_f32_s2","dims_mkn":[63,768,2304],"storage_rows":2066,"row_view":0,"float_offsets_abc":[0,1,0],"bias":true,"alpha_bits":1065353216,"beta_bits":0,"full_old_legacy_reference":true,"raw_full_output_and_row_slice":true,"eager_repeats":2,"poisoned_graph_replays":2,"actual_graph_symbol_geometry_abi_words":true,"guards":true,"input_immutability":true}
{"record":"FixedSm89ExactN64AutoBoundaryV1","dtype":"f32","op":"nn","requested":"AUTO","expected":"Legacy","actual":"Legacy","symbol":"gemm_bi_f32_f32_s2","dims_mkn":[64,768,2304],"storage_rows":2066,"row_view":0,"float_offsets_abc":[0,1,0],"bias":true,"alpha_bits":1065353216,"beta_bits":0,"full_old_legacy_reference":true,"raw_full_output_and_row_slice":true,"eager_repeats":2,"poisoned_graph_replays":2,"actual_graph_symbol_geometry_abi_words":true,"guards":true,"input_immutability":true}
{"record":"FixedSm89ExactN64AutoBoundaryV1","dtype":"f32","op":"nn","requested":"AUTO","expected":"Legacy","actual":"Legacy","symbol":"gemm_bi_f32_f32_s2","dims_mkn":[65,768,2304],"storage_rows":2066,"row_view":0,"float_offsets_abc":[0,1,0],"bias":true,"alpha_bits":1065353216,"beta_bits":0,"full_old_legacy_reference":true,"raw_full_output_and_row_slice":true,"eager_repeats":2,"poisoned_graph_replays":2,"actual_graph_symbol_geometry_abi_words":true,"guards":true,"input_immutability":true}
{"record":"FixedSm89ExactN64AutoBoundaryV1","dtype":"f32","op":"nn","requested":"AUTO","expected":"Legacy","actual":"Legacy","symbol":"gemm_bi_f32_f32_s2","dims_mkn":[127,768,2304],"storage_rows":2066,"row_view":0,"float_offsets_abc":[0,1,0],"bias":true,"alpha_bits":1065353216,"beta_bits":0,"full_old_legacy_reference":true,"raw_full_output_and_row_slice":true,"eager_repeats":2,"poisoned_graph_replays":2,"actual_graph_symbol_geometry_abi_words":true,"guards":true,"input_immutability":true}
{"record":"FixedSm89ExactN64AutoBoundaryV1","dtype":"f32","op":"nn","requested":"AUTO","expected":"Legacy","actual":"Legacy","symbol":"gemm_bi_f32_f32_s2","dims_mkn":[128,768,2304],"storage_rows":2066,"row_view":0,"float_offsets_abc":[0,1,0],"bias":true,"alpha_bits":1065353216,"beta_bits":0,"full_old_legacy_reference":true,"raw_full_output_and_row_slice":true,"eager_repeats":2,"poisoned_graph_replays":2,"actual_graph_symbol_geometry_abi_words":true,"guards":true,"input_immutability":true}
{"record":"FixedSm89ExactN64AutoBoundaryV1","dtype":"f32","op":"nn","requested":"AUTO","expected":"Legacy","actual":"Legacy","symbol":"gemm_bi_f32_f32_s2","dims_mkn":[129,768,2304],"storage_rows":2066,"row_view":0,"float_offsets_abc":[0,1,0],"bias":true,"alpha_bits":1065353216,"beta_bits":0,"full_old_legacy_reference":true,"raw_full_output_and_row_slice":true,"eager_repeats":2,"poisoned_graph_replays":2,"actual_graph_symbol_geometry_abi_words":true,"guards":true,"input_immutability":true}
{"record":"FixedSm89ExactN64AutoBoundaryV1","dtype":"f32","op":"nn","requested":"AUTO","expected":"Legacy","actual":"Legacy","symbol":"gemm_bi_f32_f32_s2","dims_mkn":[2048,768,2304],"storage_rows":2066,"row_view":17,"float_offsets_abc":[0,1,0],"bias":true,"alpha_bits":1065353216,"beta_bits":0,"full_old_legacy_reference":true,"raw_full_output_and_row_slice":true,"eager_repeats":2,"poisoned_graph_replays":2,"actual_graph_symbol_geometry_abi_words":true,"guards":true,"input_immutability":true}
{"record":"FixedSm89ExactN64AutoBoundaryV1","dtype":"f32","op":"nn","requested":"AUTO","expected":"Legacy","actual":"Legacy","symbol":"gemm_bi_f32_f32_s2","dims_mkn":[2047,768,2304],"storage_rows":2066,"row_view":17,"float_offsets_abc":[0,1,0],"bias":true,"alpha_bits":1065353216,"beta_bits":0,"full_old_legacy_reference":true,"raw_full_output_and_row_slice":true,"eager_repeats":2,"poisoned_graph_replays":2,"actual_graph_symbol_geometry_abi_words":true,"guards":true,"input_immutability":true}
{"record":"FixedSm89ExactN64AutoBoundaryV1","dtype":"f32","op":"nn","requested":"AUTO","expected":"Legacy","actual":"Legacy","symbol":"gemm_bi_f32_f32_s2","dims_mkn":[2049,768,2304],"storage_rows":2066,"row_view":17,"float_offsets_abc":[0,1,0],"bias":true,"alpha_bits":1065353216,"beta_bits":0,"full_old_legacy_reference":true,"raw_full_output_and_row_slice":true,"eager_repeats":2,"poisoned_graph_replays":2,"actual_graph_symbol_geometry_abi_words":true,"guards":true,"input_immutability":true}
{"record":"FixedSm89ExactN64AutoBoundaryV1","dtype":"f32","op":"nn","requested":"AUTO","expected":"Legacy","actual":"Legacy","symbol":"gemm_bi_f32_f32_s2","dims_mkn":[1,768,2304],"storage_rows":2066,"row_view":17,"float_offsets_abc":[0,1,0],"bias":true,"alpha_bits":1065353216,"beta_bits":0,"full_old_legacy_reference":true,"raw_full_output_and_row_slice":true,"eager_repeats":2,"poisoned_graph_replays":2,"actual_graph_symbol_geometry_abi_words":true,"guards":true,"input_immutability":true}
{"record":"FixedSm89ExactN64AutoBoundaryV1","dtype":"f32","op":"nn","requested":"AUTO","expected":"Legacy","actual":"Legacy","symbol":"gemm_bi_f32_f32_s2","dims_mkn":[17,768,2304],"storage_rows":2066,"row_view":17,"float_offsets_abc":[0,1,0],"bias":true,"alpha_bits":1065353216,"beta_bits":0,"full_old_legacy_reference":true,"raw_full_output_and_row_slice":true,"eager_repeats":2,"poisoned_graph_replays":2,"actual_graph_symbol_geometry_abi_words":true,"guards":true,"input_immutability":true}
{"record":"FixedSm89ExactN64AutoBoundaryV1","dtype":"f32","op":"nn","requested":"AUTO","expected":"Legacy","actual":"Legacy","symbol":"gemm_bi_f32_f32_s2","dims_mkn":[63,768,2304],"storage_rows":2066,"row_view":17,"float_offsets_abc":[0,1,0],"bias":true,"alpha_bits":1065353216,"beta_bits":0,"full_old_legacy_reference":true,"raw_full_output_and_row_slice":true,"eager_repeats":2,"poisoned_graph_replays":2,"actual_graph_symbol_geometry_abi_words":true,"guards":true,"input_immutability":true}
{"record":"FixedSm89ExactN64AutoBoundaryV1","dtype":"f32","op":"nn","requested":"AUTO","expected":"Legacy","actual":"Legacy","symbol":"gemm_bi_f32_f32_s2","dims_mkn":[64,768,2304],"storage_rows":2066,"row_view":17,"float_offsets_abc":[0,1,0],"bias":true,"alpha_bits":1065353216,"beta_bits":0,"full_old_legacy_reference":true,"raw_full_output_and_row_slice":true,"eager_repeats":2,"poisoned_graph_replays":2,"actual_graph_symbol_geometry_abi_words":true,"guards":true,"input_immutability":true}
{"record":"FixedSm89ExactN64AutoBoundaryV1","dtype":"f32","op":"nn","requested":"AUTO","expected":"Legacy","actual":"Legacy","symbol":"gemm_bi_f32_f32_s2","dims_mkn":[65,768,2304],"storage_rows":2066,"row_view":17,"float_offsets_abc":[0,1,0],"bias":true,"alpha_bits":1065353216,"beta_bits":0,"full_old_legacy_reference":true,"raw_full_output_and_row_slice":true,"eager_repeats":2,"poisoned_graph_replays":2,"actual_graph_symbol_geometry_abi_words":true,"guards":true,"input_immutability":true}
{"record":"FixedSm89ExactN64AutoBoundaryV1","dtype":"f32","op":"nn","requested":"AUTO","expected":"Legacy","actual":"Legacy","symbol":"gemm_bi_f32_f32_s2","dims_mkn":[127,768,2304],"storage_rows":2066,"row_view":17,"float_offsets_abc":[0,1,0],"bias":true,"alpha_bits":1065353216,"beta_bits":0,"full_old_legacy_reference":true,"raw_full_output_and_row_slice":true,"eager_repeats":2,"poisoned_graph_replays":2,"actual_graph_symbol_geometry_abi_words":true,"guards":true,"input_immutability":true}
{"record":"FixedSm89ExactN64AutoBoundaryV1","dtype":"f32","op":"nn","requested":"AUTO","expected":"Legacy","actual":"Legacy","symbol":"gemm_bi_f32_f32_s2","dims_mkn":[128,768,2304],"storage_rows":2066,"row_view":17,"float_offsets_abc":[0,1,0],"bias":true,"alpha_bits":1065353216,"beta_bits":0,"full_old_legacy_reference":true,"raw_full_output_and_row_slice":true,"eager_repeats":2,"poisoned_graph_replays":2,"actual_graph_symbol_geometry_abi_words":true,"guards":true,"input_immutability":true}
{"record":"FixedSm89ExactN64AutoBoundaryV1","dtype":"f32","op":"nn","requested":"AUTO","expected":"Legacy","actual":"Legacy","symbol":"gemm_bi_f32_f32_s2","dims_mkn":[129,768,2304],"storage_rows":2066,"row_view":17,"float_offsets_abc":[0,1,0],"bias":true,"alpha_bits":1065353216,"beta_bits":0,"full_old_legacy_reference":true,"raw_full_output_and_row_slice":true,"eager_repeats":2,"poisoned_graph_replays":2,"actual_graph_symbol_geometry_abi_words":true,"guards":true,"input_immutability":true}
{"record":"FixedSm89ExactN64AutoBoundaryV1","dtype":"f32","op":"nn","requested":"AUTO","expected":"Legacy","actual":"Legacy","symbol":"gemm_bi_f32_f32_s2","dims_mkn":[2048,768,2304],"storage_rows":2066,"row_view":0,"float_offsets_abc":[0,0,1],"bias":true,"alpha_bits":1065353216,"beta_bits":0,"full_old_legacy_reference":true,"raw_full_output_and_row_slice":true,"eager_repeats":2,"poisoned_graph_replays":2,"actual_graph_symbol_geometry_abi_words":true,"guards":true,"input_immutability":true}
{"record":"FixedSm89ExactN64AutoBoundaryV1","dtype":"f32","op":"nn","requested":"AUTO","expected":"Legacy","actual":"Legacy","symbol":"gemm_bi_f32_f32_s2","dims_mkn":[2047,768,2304],"storage_rows":2066,"row_view":0,"float_offsets_abc":[0,0,1],"bias":true,"alpha_bits":1065353216,"beta_bits":0,"full_old_legacy_reference":true,"raw_full_output_and_row_slice":true,"eager_repeats":2,"poisoned_graph_replays":2,"actual_graph_symbol_geometry_abi_words":true,"guards":true,"input_immutability":true}
{"record":"FixedSm89ExactN64AutoBoundaryV1","dtype":"f32","op":"nn","requested":"AUTO","expected":"Legacy","actual":"Legacy","symbol":"gemm_bi_f32_f32_s2","dims_mkn":[2049,768,2304],"storage_rows":2066,"row_view":0,"float_offsets_abc":[0,0,1],"bias":true,"alpha_bits":1065353216,"beta_bits":0,"full_old_legacy_reference":true,"raw_full_output_and_row_slice":true,"eager_repeats":2,"poisoned_graph_replays":2,"actual_graph_symbol_geometry_abi_words":true,"guards":true,"input_immutability":true}
{"record":"FixedSm89ExactN64AutoBoundaryV1","dtype":"f32","op":"nn","requested":"AUTO","expected":"Legacy","actual":"Legacy","symbol":"gemm_bi_f32_f32_s2","dims_mkn":[1,768,2304],"storage_rows":2066,"row_view":0,"float_offsets_abc":[0,0,1],"bias":true,"alpha_bits":1065353216,"beta_bits":0,"full_old_legacy_reference":true,"raw_full_output_and_row_slice":true,"eager_repeats":2,"poisoned_graph_replays":2,"actual_graph_symbol_geometry_abi_words":true,"guards":true,"input_immutability":true}
{"record":"FixedSm89ExactN64AutoBoundaryV1","dtype":"f32","op":"nn","requested":"AUTO","expected":"Legacy","actual":"Legacy","symbol":"gemm_bi_f32_f32_s2","dims_mkn":[17,768,2304],"storage_rows":2066,"row_view":0,"float_offsets_abc":[0,0,1],"bias":true,"alpha_bits":1065353216,"beta_bits":0,"full_old_legacy_reference":true,"raw_full_output_and_row_slice":true,"eager_repeats":2,"poisoned_graph_replays":2,"actual_graph_symbol_geometry_abi_words":true,"guards":true,"input_immutability":true}
{"record":"FixedSm89ExactN64AutoBoundaryV1","dtype":"f32","op":"nn","requested":"AUTO","expected":"Legacy","actual":"Legacy","symbol":"gemm_bi_f32_f32_s2","dims_mkn":[63,768,2304],"storage_rows":2066,"row_view":0,"float_offsets_abc":[0,0,1],"bias":true,"alpha_bits":1065353216,"beta_bits":0,"full_old_legacy_reference":true,"raw_full_output_and_row_slice":true,"eager_repeats":2,"poisoned_graph_replays":2,"actual_graph_symbol_geometry_abi_words":true,"guards":true,"input_immutability":true}
{"record":"FixedSm89ExactN64AutoBoundaryV1","dtype":"f32","op":"nn","requested":"AUTO","expected":"Legacy","actual":"Legacy","symbol":"gemm_bi_f32_f32_s2","dims_mkn":[64,768,2304],"storage_rows":2066,"row_view":0,"float_offsets_abc":[0,0,1],"bias":true,"alpha_bits":1065353216,"beta_bits":0,"full_old_legacy_reference":true,"raw_full_output_and_row_slice":true,"eager_repeats":2,"poisoned_graph_replays":2,"actual_graph_symbol_geometry_abi_words":true,"guards":true,"input_immutability":true}
{"record":"FixedSm89ExactN64AutoBoundaryV1","dtype":"f32","op":"nn","requested":"AUTO","expected":"Legacy","actual":"Legacy","symbol":"gemm_bi_f32_f32_s2","dims_mkn":[65,768,2304],"storage_rows":2066,"row_view":0,"float_offsets_abc":[0,0,1],"bias":true,"alpha_bits":1065353216,"beta_bits":0,"full_old_legacy_reference":true,"raw_full_output_and_row_slice":true,"eager_repeats":2,"poisoned_graph_replays":2,"actual_graph_symbol_geometry_abi_words":true,"guards":true,"input_immutability":true}
{"record":"FixedSm89ExactN64AutoBoundaryV1","dtype":"f32","op":"nn","requested":"AUTO","expected":"Legacy","actual":"Legacy","symbol":"gemm_bi_f32_f32_s2","dims_mkn":[127,768,2304],"storage_rows":2066,"row_view":0,"float_offsets_abc":[0,0,1],"bias":true,"alpha_bits":1065353216,"beta_bits":0,"full_old_legacy_reference":true,"raw_full_output_and_row_slice":true,"eager_repeats":2,"poisoned_graph_replays":2,"actual_graph_symbol_geometry_abi_words":true,"guards":true,"input_immutability":true}
{"record":"FixedSm89ExactN64AutoBoundaryV1","dtype":"f32","op":"nn","requested":"AUTO","expected":"Legacy","actual":"Legacy","symbol":"gemm_bi_f32_f32_s2","dims_mkn":[128,768,2304],"storage_rows":2066,"row_view":0,"float_offsets_abc":[0,0,1],"bias":true,"alpha_bits":1065353216,"beta_bits":0,"full_old_legacy_reference":true,"raw_full_output_and_row_slice":true,"eager_repeats":2,"poisoned_graph_replays":2,"actual_graph_symbol_geometry_abi_words":true,"guards":true,"input_immutability":true}
{"record":"FixedSm89ExactN64AutoBoundaryV1","dtype":"f32","op":"nn","requested":"AUTO","expected":"Legacy","actual":"Legacy","symbol":"gemm_bi_f32_f32_s2","dims_mkn":[129,768,2304],"storage_rows":2066,"row_view":0,"float_offsets_abc":[0,0,1],"bias":true,"alpha_bits":1065353216,"beta_bits":0,"full_old_legacy_reference":true,"raw_full_output_and_row_slice":true,"eager_repeats":2,"poisoned_graph_replays":2,"actual_graph_symbol_geometry_abi_words":true,"guards":true,"input_immutability":true}
{"record":"FixedSm89ExactN64AutoBoundaryV1","dtype":"f32","op":"nn","requested":"AUTO","expected":"Legacy","actual":"Legacy","symbol":"gemm_bi_f32_f32_s2","dims_mkn":[2048,768,2304],"storage_rows":2066,"row_view":17,"float_offsets_abc":[0,0,1],"bias":true,"alpha_bits":1065353216,"beta_bits":0,"full_old_legacy_reference":true,"raw_full_output_and_row_slice":true,"eager_repeats":2,"poisoned_graph_replays":2,"actual_graph_symbol_geometry_abi_words":true,"guards":true,"input_immutability":true}
{"record":"FixedSm89ExactN64AutoBoundaryV1","dtype":"f32","op":"nn","requested":"AUTO","expected":"Legacy","actual":"Legacy","symbol":"gemm_bi_f32_f32_s2","dims_mkn":[2047,768,2304],"storage_rows":2066,"row_view":17,"float_offsets_abc":[0,0,1],"bias":true,"alpha_bits":1065353216,"beta_bits":0,"full_old_legacy_reference":true,"raw_full_output_and_row_slice":true,"eager_repeats":2,"poisoned_graph_replays":2,"actual_graph_symbol_geometry_abi_words":true,"guards":true,"input_immutability":true}
{"record":"FixedSm89ExactN64AutoBoundaryV1","dtype":"f32","op":"nn","requested":"AUTO","expected":"Legacy","actual":"Legacy","symbol":"gemm_bi_f32_f32_s2","dims_mkn":[2049,768,2304],"storage_rows":2066,"row_view":17,"float_offsets_abc":[0,0,1],"bias":true,"alpha_bits":1065353216,"beta_bits":0,"full_old_legacy_reference":true,"raw_full_output_and_row_slice":true,"eager_repeats":2,"poisoned_graph_replays":2,"actual_graph_symbol_geometry_abi_words":true,"guards":true,"input_immutability":true}
{"record":"FixedSm89ExactN64AutoBoundaryV1","dtype":"f32","op":"nn","requested":"AUTO","expected":"Legacy","actual":"Legacy","symbol":"gemm_bi_f32_f32_s2","dims_mkn":[1,768,2304],"storage_rows":2066,"row_view":17,"float_offsets_abc":[0,0,1],"bias":true,"alpha_bits":1065353216,"beta_bits":0,"full_old_legacy_reference":true,"raw_full_output_and_row_slice":true,"eager_repeats":2,"poisoned_graph_replays":2,"actual_graph_symbol_geometry_abi_words":true,"guards":true,"input_immutability":true}
{"record":"FixedSm89ExactN64AutoBoundaryV1","dtype":"f32","op":"nn","requested":"AUTO","expected":"Legacy","actual":"Legacy","symbol":"gemm_bi_f32_f32_s2","dims_mkn":[17,768,2304],"storage_rows":2066,"row_view":17,"float_offsets_abc":[0,0,1],"bias":true,"alpha_bits":1065353216,"beta_bits":0,"full_old_legacy_reference":true,"raw_full_output_and_row_slice":true,"eager_repeats":2,"poisoned_graph_replays":2,"actual_graph_symbol_geometry_abi_words":true,"guards":true,"input_immutability":true}
{"record":"FixedSm89ExactN64AutoBoundaryV1","dtype":"f32","op":"nn","requested":"AUTO","expected":"Legacy","actual":"Legacy","symbol":"gemm_bi_f32_f32_s2","dims_mkn":[63,768,2304],"storage_rows":2066,"row_view":17,"float_offsets_abc":[0,0,1],"bias":true,"alpha_bits":1065353216,"beta_bits":0,"full_old_legacy_reference":true,"raw_full_output_and_row_slice":true,"eager_repeats":2,"poisoned_graph_replays":2,"actual_graph_symbol_geometry_abi_words":true,"guards":true,"input_immutability":true}
{"record":"FixedSm89ExactN64AutoBoundaryV1","dtype":"f32","op":"nn","requested":"AUTO","expected":"Legacy","actual":"Legacy","symbol":"gemm_bi_f32_f32_s2","dims_mkn":[64,768,2304],"storage_rows":2066,"row_view":17,"float_offsets_abc":[0,0,1],"bias":true,"alpha_bits":1065353216,"beta_bits":0,"full_old_legacy_reference":true,"raw_full_output_and_row_slice":true,"eager_repeats":2,"poisoned_graph_replays":2,"actual_graph_symbol_geometry_abi_words":true,"guards":true,"input_immutability":true}
{"record":"FixedSm89ExactN64AutoBoundaryV1","dtype":"f32","op":"nn","requested":"AUTO","expected":"Legacy","actual":"Legacy","symbol":"gemm_bi_f32_f32_s2","dims_mkn":[65,768,2304],"storage_rows":2066,"row_view":17,"float_offsets_abc":[0,0,1],"bias":true,"alpha_bits":1065353216,"beta_bits":0,"full_old_legacy_reference":true,"raw_full_output_and_row_slice":true,"eager_repeats":2,"poisoned_graph_replays":2,"actual_graph_symbol_geometry_abi_words":true,"guards":true,"input_immutability":true}
{"record":"FixedSm89ExactN64AutoBoundaryV1","dtype":"f32","op":"nn","requested":"AUTO","expected":"Legacy","actual":"Legacy","symbol":"gemm_bi_f32_f32_s2","dims_mkn":[127,768,2304],"storage_rows":2066,"row_view":17,"float_offsets_abc":[0,0,1],"bias":true,"alpha_bits":1065353216,"beta_bits":0,"full_old_legacy_reference":true,"raw_full_output_and_row_slice":true,"eager_repeats":2,"poisoned_graph_replays":2,"actual_graph_symbol_geometry_abi_words":true,"guards":true,"input_immutability":true}
{"record":"FixedSm89ExactN64AutoBoundaryV1","dtype":"f32","op":"nn","requested":"AUTO","expected":"Legacy","actual":"Legacy","symbol":"gemm_bi_f32_f32_s2","dims_mkn":[128,768,2304],"storage_rows":2066,"row_view":17,"float_offsets_abc":[0,0,1],"bias":true,"alpha_bits":1065353216,"beta_bits":0,"full_old_legacy_reference":true,"raw_full_output_and_row_slice":true,"eager_repeats":2,"poisoned_graph_replays":2,"actual_graph_symbol_geometry_abi_words":true,"guards":true,"input_immutability":true}
{"record":"FixedSm89ExactN64AutoBoundaryV1","dtype":"f32","op":"nn","requested":"AUTO","expected":"Legacy","actual":"Legacy","symbol":"gemm_bi_f32_f32_s2","dims_mkn":[129,768,2304],"storage_rows":2066,"row_view":17,"float_offsets_abc":[0,0,1],"bias":true,"alpha_bits":1065353216,"beta_bits":0,"full_old_legacy_reference":true,"raw_full_output_and_row_slice":true,"eager_repeats":2,"poisoned_graph_replays":2,"actual_graph_symbol_geometry_abi_words":true,"guards":true,"input_immutability":true}
ok

test result: ok. 1 passed; 0 failed; 0 ignored; 0 measured; 5 filtered out; finished in 146.27s

EXIT_STATUSES=0,0,0,0,0,0
