    Finished `release` profile [optimized] target(s) in 0.08s
     Running tests/gemm_bi_performance_matrix.rs (/root/target-ada-finalist-aldmatrix-cuda132-20260910/release/deps/gemm_bi_performance_matrix-d1b0332edac85e69)

running 1 test
test gemm_bi_production_auto_paired_cublas_release_matrix ... GPU quiet gate final-auto/pre-context: uuid=GPU-d1edd7be-e88d-aed6-047d-622163306f0e gpu_util=0% memory_util=0% used=48MiB sm_clock=1800MHz temperature=41C pstate=P5; quiet_samples=5
GPU quiet gate final-auto/f32_policy_allow_tf32/nn/underfill/contiguous/cublas_fast_tf32/eager/ab: uuid=GPU-d1edd7be-e88d-aed6-047d-622163306f0e gpu_util=0% memory_util=0% used=746MiB sm_clock=1800MHz temperature=42C pstate=P2; quiet_samples=5
GPU quiet gate final-auto/f32_policy_allow_tf32/nn/underfill/contiguous/cublas_fast_tf32/eager/ab: uuid=GPU-d1edd7be-e88d-aed6-047d-622163306f0e gpu_util=0% memory_util=0% used=746MiB sm_clock=1800MHz temperature=42C pstate=P2; quiet_samples=5
GPU quiet gate final-auto/f32_policy_allow_tf32/nn/underfill/contiguous/cublas_fast_tf32/eager/ba: uuid=GPU-d1edd7be-e88d-aed6-047d-622163306f0e gpu_util=0% memory_util=0% used=746MiB sm_clock=1800MHz temperature=42C pstate=P2; quiet_samples=5
GPU quiet gate final-auto/f32_policy_allow_tf32/nn/underfill/contiguous/cublas_fast_tf32/eager/ba: uuid=GPU-d1edd7be-e88d-aed6-047d-622163306f0e gpu_util=0% memory_util=0% used=746MiB sm_clock=1800MHz temperature=42C pstate=P2; quiet_samples=5
GPU quiet gate final-auto/f32_policy_allow_tf32/nn/underfill/contiguous/cublas_fast_tf32/graph/ab: uuid=GPU-d1edd7be-e88d-aed6-047d-622163306f0e gpu_util=0% memory_util=0% used=746MiB sm_clock=1800MHz temperature=42C pstate=P2; quiet_samples=5
GPU quiet gate final-auto/f32_policy_allow_tf32/nn/underfill/contiguous/cublas_fast_tf32/graph/ab: uuid=GPU-d1edd7be-e88d-aed6-047d-622163306f0e gpu_util=0% memory_util=0% used=746MiB sm_clock=1800MHz temperature=42C pstate=P2; quiet_samples=5
GPU quiet gate final-auto/f32_policy_allow_tf32/nn/underfill/contiguous/cublas_fast_tf32/graph/ba: uuid=GPU-d1edd7be-e88d-aed6-047d-622163306f0e gpu_util=0% memory_util=0% used=746MiB sm_clock=1800MHz temperature=42C pstate=P2; quiet_samples=5
GPU quiet gate final-auto/f32_policy_allow_tf32/nn/underfill/contiguous/cublas_fast_tf32/graph/ba: uuid=GPU-d1edd7be-e88d-aed6-047d-622163306f0e gpu_util=0% memory_util=0% used=746MiB sm_clock=1800MHz temperature=42C pstate=P2; quiet_samples=5
GPU quiet gate final-auto/f32_policy_allow_tf32/tn/underfill/contiguous/cublas_fast_tf32/eager/ab: uuid=GPU-d1edd7be-e88d-aed6-047d-622163306f0e gpu_util=0% memory_util=0% used=746MiB sm_clock=1800MHz temperature=42C pstate=P2; quiet_samples=5
GPU quiet gate final-auto/f32_policy_allow_tf32/tn/underfill/contiguous/cublas_fast_tf32/eager/ab: uuid=GPU-d1edd7be-e88d-aed6-047d-622163306f0e gpu_util=0% memory_util=0% used=746MiB sm_clock=1800MHz temperature=42C pstate=P2; quiet_samples=5
GPU quiet gate final-auto/f32_policy_allow_tf32/tn/underfill/contiguous/cublas_fast_tf32/eager/ba: uuid=GPU-d1edd7be-e88d-aed6-047d-622163306f0e gpu_util=0% memory_util=0% used=746MiB sm_clock=1800MHz temperature=42C pstate=P2; quiet_samples=5
GPU quiet gate final-auto/f32_policy_allow_tf32/tn/underfill/contiguous/cublas_fast_tf32/eager/ba: uuid=GPU-d1edd7be-e88d-aed6-047d-622163306f0e gpu_util=0% memory_util=0% used=746MiB sm_clock=1800MHz temperature=42C pstate=P2; quiet_samples=5
GPU quiet gate final-auto/f32_policy_allow_tf32/tn/underfill/contiguous/cublas_fast_tf32/graph/ab: uuid=GPU-d1edd7be-e88d-aed6-047d-622163306f0e gpu_util=0% memory_util=0% used=746MiB sm_clock=1800MHz temperature=42C pstate=P2; quiet_samples=5
GPU quiet gate final-auto/f32_policy_allow_tf32/tn/underfill/contiguous/cublas_fast_tf32/graph/ab: uuid=GPU-d1edd7be-e88d-aed6-047d-622163306f0e gpu_util=0% memory_util=0% used=746MiB sm_clock=1800MHz temperature=43C pstate=P2; quiet_samples=5
GPU quiet gate final-auto/f32_policy_allow_tf32/tn/underfill/contiguous/cublas_fast_tf32/graph/ba: uuid=GPU-d1edd7be-e88d-aed6-047d-622163306f0e gpu_util=0% memory_util=0% used=746MiB sm_clock=1800MHz temperature=43C pstate=P2; quiet_samples=5
GPU quiet gate final-auto/f32_policy_allow_tf32/tn/underfill/contiguous/cublas_fast_tf32/graph/ba: uuid=GPU-d1edd7be-e88d-aed6-047d-622163306f0e gpu_util=0% memory_util=0% used=746MiB sm_clock=1800MHz temperature=43C pstate=P2; quiet_samples=5
GPU quiet gate final-auto/f32_policy_allow_tf32/nt/underfill/contiguous/cublas_fast_tf32/eager/ab: uuid=GPU-d1edd7be-e88d-aed6-047d-622163306f0e gpu_util=0% memory_util=0% used=746MiB sm_clock=1800MHz temperature=43C pstate=P2; quiet_samples=5
GPU quiet gate final-auto/f32_policy_allow_tf32/nt/underfill/contiguous/cublas_fast_tf32/eager/ab: uuid=GPU-d1edd7be-e88d-aed6-047d-622163306f0e gpu_util=0% memory_util=0% used=746MiB sm_clock=1800MHz temperature=43C pstate=P2; quiet_samples=5
GPU quiet gate final-auto/f32_policy_allow_tf32/nt/underfill/contiguous/cublas_fast_tf32/eager/ba: uuid=GPU-d1edd7be-e88d-aed6-047d-622163306f0e gpu_util=0% memory_util=0% used=746MiB sm_clock=1800MHz temperature=43C pstate=P2; quiet_samples=5
GPU quiet gate final-auto/f32_policy_allow_tf32/nt/underfill/contiguous/cublas_fast_tf32/eager/ba: uuid=GPU-d1edd7be-e88d-aed6-047d-622163306f0e gpu_util=0% memory_util=0% used=746MiB sm_clock=1800MHz temperature=43C pstate=P2; quiet_samples=5
GPU quiet gate final-auto/f32_policy_allow_tf32/nt/underfill/contiguous/cublas_fast_tf32/graph/ab: uuid=GPU-d1edd7be-e88d-aed6-047d-622163306f0e gpu_util=0% memory_util=0% used=746MiB sm_clock=1800MHz temperature=43C pstate=P2; quiet_samples=5
GPU quiet gate final-auto/f32_policy_allow_tf32/nt/underfill/contiguous/cublas_fast_tf32/graph/ab: uuid=GPU-d1edd7be-e88d-aed6-047d-622163306f0e gpu_util=0% memory_util=0% used=746MiB sm_clock=1800MHz temperature=43C pstate=P2; quiet_samples=5
GPU quiet gate final-auto/f32_policy_allow_tf32/nt/underfill/contiguous/cublas_fast_tf32/graph/ba: uuid=GPU-d1edd7be-e88d-aed6-047d-622163306f0e gpu_util=0% memory_util=0% used=746MiB sm_clock=1800MHz temperature=43C pstate=P2; quiet_samples=5
GPU quiet gate final-auto/f32_policy_allow_tf32/nt/underfill/contiguous/cublas_fast_tf32/graph/ba: uuid=GPU-d1edd7be-e88d-aed6-047d-622163306f0e gpu_util=0% memory_util=0% used=746MiB sm_clock=1800MHz temperature=43C pstate=P2; quiet_samples=5
GPU quiet gate final-auto/f32_policy_allow_tf32/nn/large_deep/contiguous/cublas_fast_tf32/eager/ab: uuid=GPU-d1edd7be-e88d-aed6-047d-622163306f0e gpu_util=0% memory_util=0% used=906MiB sm_clock=1800MHz temperature=43C pstate=P2; quiet_samples=5
GPU quiet gate final-auto/f32_policy_allow_tf32/nn/large_deep/contiguous/cublas_fast_tf32/eager/ab: uuid=GPU-d1edd7be-e88d-aed6-047d-622163306f0e gpu_util=0% memory_util=0% used=906MiB sm_clock=1800MHz temperature=44C pstate=P2; quiet_samples=5
GPU quiet gate final-auto/f32_policy_allow_tf32/nn/large_deep/contiguous/cublas_fast_tf32/eager/ba: uuid=GPU-d1edd7be-e88d-aed6-047d-622163306f0e gpu_util=0% memory_util=0% used=906MiB sm_clock=1800MHz temperature=43C pstate=P2; quiet_samples=5
GPU quiet gate final-auto/f32_policy_allow_tf32/nn/large_deep/contiguous/cublas_fast_tf32/eager/ba: uuid=GPU-d1edd7be-e88d-aed6-047d-622163306f0e gpu_util=0% memory_util=0% used=906MiB sm_clock=1800MHz temperature=44C pstate=P2; quiet_samples=5
GPU quiet gate final-auto/f32_policy_allow_tf32/nn/large_deep/contiguous/cublas_fast_tf32/graph/ab: uuid=GPU-d1edd7be-e88d-aed6-047d-622163306f0e gpu_util=0% memory_util=0% used=906MiB sm_clock=1800MHz temperature=44C pstate=P2; quiet_samples=5
GPU quiet gate final-auto/f32_policy_allow_tf32/nn/large_deep/contiguous/cublas_fast_tf32/graph/ab: uuid=GPU-d1edd7be-e88d-aed6-047d-622163306f0e gpu_util=0% memory_util=0% used=906MiB sm_clock=1800MHz temperature=44C pstate=P2; quiet_samples=5
GPU quiet gate final-auto/f32_policy_allow_tf32/nn/large_deep/contiguous/cublas_fast_tf32/graph/ba: uuid=GPU-d1edd7be-e88d-aed6-047d-622163306f0e gpu_util=0% memory_util=0% used=906MiB sm_clock=1800MHz temperature=44C pstate=P2; quiet_samples=5
GPU quiet gate final-auto/f32_policy_allow_tf32/nn/large_deep/contiguous/cublas_fast_tf32/graph/ba: uuid=GPU-d1edd7be-e88d-aed6-047d-622163306f0e gpu_util=0% memory_util=0% used=906MiB sm_clock=1800MHz temperature=44C pstate=P2; quiet_samples=5
GPU quiet gate final-auto/f32_policy_allow_tf32/tn/large_deep/contiguous/cublas_fast_tf32/eager/ab: uuid=GPU-d1edd7be-e88d-aed6-047d-622163306f0e gpu_util=0% memory_util=0% used=906MiB sm_clock=1800MHz temperature=44C pstate=P2; quiet_samples=5
GPU quiet gate final-auto/f32_policy_allow_tf32/tn/large_deep/contiguous/cublas_fast_tf32/eager/ab: uuid=GPU-d1edd7be-e88d-aed6-047d-622163306f0e gpu_util=0% memory_util=0% used=906MiB sm_clock=1800MHz temperature=44C pstate=P2; quiet_samples=5
GPU quiet gate final-auto/f32_policy_allow_tf32/tn/large_deep/contiguous/cublas_fast_tf32/eager/ba: uuid=GPU-d1edd7be-e88d-aed6-047d-622163306f0e gpu_util=0% memory_util=0% used=906MiB sm_clock=1800MHz temperature=44C pstate=P2; quiet_samples=5
GPU quiet gate final-auto/f32_policy_allow_tf32/tn/large_deep/contiguous/cublas_fast_tf32/eager/ba: uuid=GPU-d1edd7be-e88d-aed6-047d-622163306f0e gpu_util=0% memory_util=0% used=906MiB sm_clock=1800MHz temperature=45C pstate=P2; quiet_samples=5
GPU quiet gate final-auto/f32_policy_allow_tf32/tn/large_deep/contiguous/cublas_fast_tf32/graph/ab: uuid=GPU-d1edd7be-e88d-aed6-047d-622163306f0e gpu_util=0% memory_util=0% used=906MiB sm_clock=1800MHz temperature=45C pstate=P2; quiet_samples=5
GPU quiet gate final-auto/f32_policy_allow_tf32/tn/large_deep/contiguous/cublas_fast_tf32/graph/ab: uuid=GPU-d1edd7be-e88d-aed6-047d-622163306f0e gpu_util=0% memory_util=0% used=906MiB sm_clock=1800MHz temperature=45C pstate=P2; quiet_samples=5
GPU quiet gate final-auto/f32_policy_allow_tf32/tn/large_deep/contiguous/cublas_fast_tf32/graph/ba: uuid=GPU-d1edd7be-e88d-aed6-047d-622163306f0e gpu_util=0% memory_util=0% used=906MiB sm_clock=1800MHz temperature=45C pstate=P2; quiet_samples=5
GPU quiet gate final-auto/f32_policy_allow_tf32/tn/large_deep/contiguous/cublas_fast_tf32/graph/ba: uuid=GPU-d1edd7be-e88d-aed6-047d-622163306f0e gpu_util=0% memory_util=0% used=906MiB sm_clock=1800MHz temperature=45C pstate=P2; quiet_samples=5
GPU quiet gate final-auto/f32_policy_allow_tf32/nt/large_deep/contiguous/cublas_fast_tf32/eager/ab: uuid=GPU-d1edd7be-e88d-aed6-047d-622163306f0e gpu_util=0% memory_util=0% used=906MiB sm_clock=1800MHz temperature=45C pstate=P2; quiet_samples=5
GPU quiet gate final-auto/f32_policy_allow_tf32/nt/large_deep/contiguous/cublas_fast_tf32/eager/ab: uuid=GPU-d1edd7be-e88d-aed6-047d-622163306f0e gpu_util=0% memory_util=0% used=906MiB sm_clock=1800MHz temperature=46C pstate=P2; quiet_samples=5
GPU quiet gate final-auto/f32_policy_allow_tf32/nt/large_deep/contiguous/cublas_fast_tf32/eager/ba: uuid=GPU-d1edd7be-e88d-aed6-047d-622163306f0e gpu_util=0% memory_util=0% used=906MiB sm_clock=1800MHz temperature=46C pstate=P2; quiet_samples=5
GPU quiet gate final-auto/f32_policy_allow_tf32/nt/large_deep/contiguous/cublas_fast_tf32/eager/ba: uuid=GPU-d1edd7be-e88d-aed6-047d-622163306f0e gpu_util=0% memory_util=0% used=906MiB sm_clock=1800MHz temperature=46C pstate=P2; quiet_samples=5
GPU quiet gate final-auto/f32_policy_allow_tf32/nt/large_deep/contiguous/cublas_fast_tf32/graph/ab: uuid=GPU-d1edd7be-e88d-aed6-047d-622163306f0e gpu_util=0% memory_util=0% used=906MiB sm_clock=1800MHz temperature=46C pstate=P2; quiet_samples=5
GPU quiet gate final-auto/f32_policy_allow_tf32/nt/large_deep/contiguous/cublas_fast_tf32/graph/ab: uuid=GPU-d1edd7be-e88d-aed6-047d-622163306f0e gpu_util=0% memory_util=0% used=906MiB sm_clock=1800MHz temperature=46C pstate=P2; quiet_samples=5
GPU quiet gate final-auto/f32_policy_allow_tf32/nt/large_deep/contiguous/cublas_fast_tf32/graph/ba: uuid=GPU-d1edd7be-e88d-aed6-047d-622163306f0e gpu_util=0% memory_util=0% used=906MiB sm_clock=1800MHz temperature=46C pstate=P2; quiet_samples=5
GPU quiet gate final-auto/f32_policy_allow_tf32/nt/large_deep/contiguous/cublas_fast_tf32/graph/ba: uuid=GPU-d1edd7be-e88d-aed6-047d-622163306f0e gpu_util=0% memory_util=0% used=906MiB sm_clock=1800MHz temperature=47C pstate=P2; quiet_samples=5
GPU quiet gate final-auto/f32_policy_exact/nn/d128_in_proj/contiguous/cublas_fast_tf32/eager/ab: uuid=GPU-d1edd7be-e88d-aed6-047d-622163306f0e gpu_util=0% memory_util=0% used=778MiB sm_clock=1800MHz temperature=46C pstate=P2; quiet_samples=5
GPU quiet gate final-auto/f32_policy_exact/nn/d128_in_proj/contiguous/cublas_fast_tf32/eager/ab: uuid=GPU-d1edd7be-e88d-aed6-047d-622163306f0e gpu_util=0% memory_util=0% used=778MiB sm_clock=1800MHz temperature=46C pstate=P2; quiet_samples=5
GPU quiet gate final-auto/f32_policy_exact/nn/d128_in_proj/contiguous/cublas_fast_tf32/eager/ba: uuid=GPU-d1edd7be-e88d-aed6-047d-622163306f0e gpu_util=0% memory_util=0% used=778MiB sm_clock=1800MHz temperature=46C pstate=P2; quiet_samples=5
GPU quiet gate final-auto/f32_policy_exact/nn/d128_in_proj/contiguous/cublas_fast_tf32/eager/ba: uuid=GPU-d1edd7be-e88d-aed6-047d-622163306f0e gpu_util=0% memory_util=0% used=778MiB sm_clock=1800MHz temperature=46C pstate=P2; quiet_samples=5
GPU quiet gate final-auto/f32_policy_exact/nn/d128_in_proj/contiguous/cublas_fast_tf32/graph/ab: uuid=GPU-d1edd7be-e88d-aed6-047d-622163306f0e gpu_util=0% memory_util=0% used=778MiB sm_clock=1800MHz temperature=46C pstate=P2; quiet_samples=5
GPU quiet gate final-auto/f32_policy_exact/nn/d128_in_proj/contiguous/cublas_fast_tf32/graph/ab: uuid=GPU-d1edd7be-e88d-aed6-047d-622163306f0e gpu_util=0% memory_util=0% used=778MiB sm_clock=1800MHz temperature=47C pstate=P2; quiet_samples=5
GPU quiet gate final-auto/f32_policy_exact/nn/d128_in_proj/contiguous/cublas_fast_tf32/graph/ba: uuid=GPU-d1edd7be-e88d-aed6-047d-622163306f0e gpu_util=0% memory_util=0% used=778MiB sm_clock=1800MHz temperature=46C pstate=P2; quiet_samples=5
GPU quiet gate final-auto/f32_policy_exact/nn/d128_in_proj/contiguous/cublas_fast_tf32/graph/ba: uuid=GPU-d1edd7be-e88d-aed6-047d-622163306f0e gpu_util=0% memory_util=0% used=778MiB sm_clock=1800MHz temperature=47C pstate=P2; quiet_samples=5
GPU quiet gate final-auto/f32_policy_exact/nn/d128_in_proj/contiguous/cublas_pedantic/eager/ab: uuid=GPU-d1edd7be-e88d-aed6-047d-622163306f0e gpu_util=0% memory_util=0% used=778MiB sm_clock=1800MHz temperature=46C pstate=P2; quiet_samples=5
GPU quiet gate final-auto/f32_policy_exact/nn/d128_in_proj/contiguous/cublas_pedantic/eager/ab: uuid=GPU-d1edd7be-e88d-aed6-047d-622163306f0e gpu_util=0% memory_util=0% used=778MiB sm_clock=1800MHz temperature=47C pstate=P2; quiet_samples=5
GPU quiet gate final-auto/f32_policy_exact/nn/d128_in_proj/contiguous/cublas_pedantic/eager/ba: uuid=GPU-d1edd7be-e88d-aed6-047d-622163306f0e gpu_util=0% memory_util=0% used=778MiB sm_clock=1800MHz temperature=47C pstate=P2; quiet_samples=5
GPU quiet gate final-auto/f32_policy_exact/nn/d128_in_proj/contiguous/cublas_pedantic/eager/ba: uuid=GPU-d1edd7be-e88d-aed6-047d-622163306f0e gpu_util=0% memory_util=0% used=778MiB sm_clock=1800MHz temperature=47C pstate=P2; quiet_samples=5
GPU quiet gate final-auto/f32_policy_exact/nn/d128_in_proj/contiguous/cublas_pedantic/graph/ab: uuid=GPU-d1edd7be-e88d-aed6-047d-622163306f0e gpu_util=0% memory_util=0% used=778MiB sm_clock=1800MHz temperature=47C pstate=P2; quiet_samples=5
GPU quiet gate final-auto/f32_policy_exact/nn/d128_in_proj/contiguous/cublas_pedantic/graph/ab: uuid=GPU-d1edd7be-e88d-aed6-047d-622163306f0e gpu_util=0% memory_util=0% used=778MiB sm_clock=1800MHz temperature=47C pstate=P2; quiet_samples=5
GPU quiet gate final-auto/f32_policy_exact/nn/d128_in_proj/contiguous/cublas_pedantic/graph/ba: uuid=GPU-d1edd7be-e88d-aed6-047d-622163306f0e gpu_util=0% memory_util=0% used=778MiB sm_clock=1800MHz temperature=47C pstate=P2; quiet_samples=5
GPU quiet gate final-auto/f32_policy_exact/nn/d128_in_proj/contiguous/cublas_pedantic/graph/ba: uuid=GPU-d1edd7be-e88d-aed6-047d-622163306f0e gpu_util=0% memory_util=0% used=778MiB sm_clock=1800MHz temperature=47C pstate=P2; quiet_samples=5
GPU quiet gate final-auto/f32_policy_allow_tf32/nn/d128_in_proj/contiguous/cublas_fast_tf32/eager/ab: uuid=GPU-d1edd7be-e88d-aed6-047d-622163306f0e gpu_util=0% memory_util=0% used=778MiB sm_clock=1800MHz temperature=47C pstate=P2; quiet_samples=5
GPU quiet gate final-auto/f32_policy_allow_tf32/nn/d128_in_proj/contiguous/cublas_fast_tf32/eager/ab: uuid=GPU-d1edd7be-e88d-aed6-047d-622163306f0e gpu_util=0% memory_util=0% used=778MiB sm_clock=1800MHz temperature=47C pstate=P2; quiet_samples=5
GPU quiet gate final-auto/f32_policy_allow_tf32/nn/d128_in_proj/contiguous/cublas_fast_tf32/eager/ba: uuid=GPU-d1edd7be-e88d-aed6-047d-622163306f0e gpu_util=0% memory_util=0% used=778MiB sm_clock=1800MHz temperature=47C pstate=P2; quiet_samples=5
GPU quiet gate final-auto/f32_policy_allow_tf32/nn/d128_in_proj/contiguous/cublas_fast_tf32/eager/ba: uuid=GPU-d1edd7be-e88d-aed6-047d-622163306f0e gpu_util=0% memory_util=0% used=778MiB sm_clock=1800MHz temperature=47C pstate=P2; quiet_samples=5
GPU quiet gate final-auto/f32_policy_allow_tf32/nn/d128_in_proj/contiguous/cublas_fast_tf32/graph/ab: uuid=GPU-d1edd7be-e88d-aed6-047d-622163306f0e gpu_util=0% memory_util=0% used=778MiB sm_clock=1800MHz temperature=47C pstate=P2; quiet_samples=5
GPU quiet gate final-auto/f32_policy_allow_tf32/nn/d128_in_proj/contiguous/cublas_fast_tf32/graph/ab: uuid=GPU-d1edd7be-e88d-aed6-047d-622163306f0e gpu_util=0% memory_util=0% used=778MiB sm_clock=1800MHz temperature=47C pstate=P2; quiet_samples=5
GPU quiet gate final-auto/f32_policy_allow_tf32/nn/d128_in_proj/contiguous/cublas_fast_tf32/graph/ba: uuid=GPU-d1edd7be-e88d-aed6-047d-622163306f0e gpu_util=0% memory_util=0% used=778MiB sm_clock=1800MHz temperature=47C pstate=P2; quiet_samples=5
GPU quiet gate final-auto/f32_policy_allow_tf32/nn/d128_in_proj/contiguous/cublas_fast_tf32/graph/ba: uuid=GPU-d1edd7be-e88d-aed6-047d-622163306f0e gpu_util=0% memory_util=0% used=778MiB sm_clock=1800MHz temperature=47C pstate=P2; quiet_samples=5
GPU quiet gate final-auto/bf16_policy_tc/nn/d128_in_proj/contiguous/cublas_fast/eager/ab: uuid=GPU-d1edd7be-e88d-aed6-047d-622163306f0e gpu_util=0% memory_util=0% used=784MiB sm_clock=1800MHz temperature=47C pstate=P2; quiet_samples=5
GPU quiet gate final-auto/bf16_policy_tc/nn/d128_in_proj/contiguous/cublas_fast/eager/ab: uuid=GPU-d1edd7be-e88d-aed6-047d-622163306f0e gpu_util=0% memory_util=0% used=784MiB sm_clock=1800MHz temperature=47C pstate=P2; quiet_samples=5
GPU quiet gate final-auto/bf16_policy_tc/nn/d128_in_proj/contiguous/cublas_fast/eager/ba: uuid=GPU-d1edd7be-e88d-aed6-047d-622163306f0e gpu_util=0% memory_util=0% used=784MiB sm_clock=1800MHz temperature=47C pstate=P2; quiet_samples=5
GPU quiet gate final-auto/bf16_policy_tc/nn/d128_in_proj/contiguous/cublas_fast/eager/ba: uuid=GPU-d1edd7be-e88d-aed6-047d-622163306f0e gpu_util=0% memory_util=0% used=784MiB sm_clock=1800MHz temperature=47C pstate=P2; quiet_samples=5
GPU quiet gate final-auto/bf16_policy_tc/nn/d128_in_proj/contiguous/cublas_fast/graph/ab: uuid=GPU-d1edd7be-e88d-aed6-047d-622163306f0e gpu_util=0% memory_util=0% used=784MiB sm_clock=1800MHz temperature=47C pstate=P2; quiet_samples=5
GPU quiet gate final-auto/bf16_policy_tc/nn/d128_in_proj/contiguous/cublas_fast/graph/ab: uuid=GPU-d1edd7be-e88d-aed6-047d-622163306f0e gpu_util=0% memory_util=0% used=784MiB sm_clock=1800MHz temperature=47C pstate=P2; quiet_samples=5
GPU quiet gate final-auto/bf16_policy_tc/nn/d128_in_proj/contiguous/cublas_fast/graph/ba: uuid=GPU-d1edd7be-e88d-aed6-047d-622163306f0e gpu_util=0% memory_util=0% used=784MiB sm_clock=1800MHz temperature=47C pstate=P2; quiet_samples=5
GPU quiet gate final-auto/bf16_policy_tc/nn/d128_in_proj/contiguous/cublas_fast/graph/ba: uuid=GPU-d1edd7be-e88d-aed6-047d-622163306f0e gpu_util=0% memory_util=0% used=784MiB sm_clock=1800MHz temperature=47C pstate=P2; quiet_samples=5
GPU quiet gate final-auto/f16_policy_tc/nn/d128_in_proj/contiguous/cublas_fast/eager/ab: uuid=GPU-d1edd7be-e88d-aed6-047d-622163306f0e gpu_util=0% memory_util=0% used=790MiB sm_clock=1800MHz temperature=47C pstate=P2; quiet_samples=5
GPU quiet gate final-auto/f16_policy_tc/nn/d128_in_proj/contiguous/cublas_fast/eager/ab: uuid=GPU-d1edd7be-e88d-aed6-047d-622163306f0e gpu_util=0% memory_util=0% used=790MiB sm_clock=1800MHz temperature=47C pstate=P2; quiet_samples=5
GPU quiet gate final-auto/f16_policy_tc/nn/d128_in_proj/contiguous/cublas_fast/eager/ba: uuid=GPU-d1edd7be-e88d-aed6-047d-622163306f0e gpu_util=0% memory_util=0% used=790MiB sm_clock=1800MHz temperature=47C pstate=P2; quiet_samples=5
GPU quiet gate final-auto/f16_policy_tc/nn/d128_in_proj/contiguous/cublas_fast/eager/ba: uuid=GPU-d1edd7be-e88d-aed6-047d-622163306f0e gpu_util=0% memory_util=0% used=790MiB sm_clock=1800MHz temperature=47C pstate=P2; quiet_samples=5
GPU quiet gate final-auto/f16_policy_tc/nn/d128_in_proj/contiguous/cublas_fast/graph/ab: uuid=GPU-d1edd7be-e88d-aed6-047d-622163306f0e gpu_util=0% memory_util=0% used=790MiB sm_clock=1800MHz temperature=47C pstate=P2; quiet_samples=5
GPU quiet gate final-auto/f16_policy_tc/nn/d128_in_proj/contiguous/cublas_fast/graph/ab: uuid=GPU-d1edd7be-e88d-aed6-047d-622163306f0e gpu_util=0% memory_util=0% used=790MiB sm_clock=1800MHz temperature=47C pstate=P2; quiet_samples=5
GPU quiet gate final-auto/f16_policy_tc/nn/d128_in_proj/contiguous/cublas_fast/graph/ba: uuid=GPU-d1edd7be-e88d-aed6-047d-622163306f0e gpu_util=0% memory_util=0% used=790MiB sm_clock=1800MHz temperature=47C pstate=P2; quiet_samples=5
GPU quiet gate final-auto/f16_policy_tc/nn/d128_in_proj/contiguous/cublas_fast/graph/ba: uuid=GPU-d1edd7be-e88d-aed6-047d-622163306f0e gpu_util=0% memory_util=0% used=790MiB sm_clock=1800MHz temperature=47C pstate=P2; quiet_samples=5
GPU quiet gate final-auto/f32_policy_exact/tn/d128_in_proj/contiguous/cublas_fast_tf32/eager/ab: uuid=GPU-d1edd7be-e88d-aed6-047d-622163306f0e gpu_util=0% memory_util=0% used=790MiB sm_clock=1800MHz temperature=47C pstate=P2; quiet_samples=5
GPU quiet gate final-auto/f32_policy_exact/tn/d128_in_proj/contiguous/cublas_fast_tf32/eager/ab: uuid=GPU-d1edd7be-e88d-aed6-047d-622163306f0e gpu_util=0% memory_util=0% used=790MiB sm_clock=1800MHz temperature=47C pstate=P2; quiet_samples=5
GPU quiet gate final-auto/f32_policy_exact/tn/d128_in_proj/contiguous/cublas_fast_tf32/eager/ba: uuid=GPU-d1edd7be-e88d-aed6-047d-622163306f0e gpu_util=0% memory_util=0% used=790MiB sm_clock=1800MHz temperature=47C pstate=P2; quiet_samples=5
GPU quiet gate final-auto/f32_policy_exact/tn/d128_in_proj/contiguous/cublas_fast_tf32/eager/ba: uuid=GPU-d1edd7be-e88d-aed6-047d-622163306f0e gpu_util=0% memory_util=0% used=790MiB sm_clock=1800MHz temperature=47C pstate=P2; quiet_samples=5
GPU quiet gate final-auto/f32_policy_exact/tn/d128_in_proj/contiguous/cublas_fast_tf32/graph/ab: uuid=GPU-d1edd7be-e88d-aed6-047d-622163306f0e gpu_util=0% memory_util=0% used=790MiB sm_clock=1800MHz temperature=47C pstate=P2; quiet_samples=5
GPU quiet gate final-auto/f32_policy_exact/tn/d128_in_proj/contiguous/cublas_fast_tf32/graph/ab: uuid=GPU-d1edd7be-e88d-aed6-047d-622163306f0e gpu_util=0% memory_util=0% used=790MiB sm_clock=1800MHz temperature=47C pstate=P2; quiet_samples=5
GPU quiet gate final-auto/f32_policy_exact/tn/d128_in_proj/contiguous/cublas_fast_tf32/graph/ba: uuid=GPU-d1edd7be-e88d-aed6-047d-622163306f0e gpu_util=0% memory_util=0% used=790MiB sm_clock=1800MHz temperature=47C pstate=P2; quiet_samples=5
GPU quiet gate final-auto/f32_policy_exact/tn/d128_in_proj/contiguous/cublas_fast_tf32/graph/ba: uuid=GPU-d1edd7be-e88d-aed6-047d-622163306f0e gpu_util=0% memory_util=0% used=790MiB sm_clock=1800MHz temperature=47C pstate=P2; quiet_samples=5
GPU quiet gate final-auto/f32_policy_exact/tn/d128_in_proj/contiguous/cublas_pedantic/eager/ab: uuid=GPU-d1edd7be-e88d-aed6-047d-622163306f0e gpu_util=0% memory_util=0% used=790MiB sm_clock=1800MHz temperature=47C pstate=P2; quiet_samples=5
GPU quiet gate final-auto/f32_policy_exact/tn/d128_in_proj/contiguous/cublas_pedantic/eager/ab: uuid=GPU-d1edd7be-e88d-aed6-047d-622163306f0e gpu_util=0% memory_util=0% used=790MiB sm_clock=1800MHz temperature=47C pstate=P2; quiet_samples=5
GPU quiet gate final-auto/f32_policy_exact/tn/d128_in_proj/contiguous/cublas_pedantic/eager/ba: uuid=GPU-d1edd7be-e88d-aed6-047d-622163306f0e gpu_util=0% memory_util=0% used=790MiB sm_clock=1800MHz temperature=47C pstate=P2; quiet_samples=5
GPU quiet gate final-auto/f32_policy_exact/tn/d128_in_proj/contiguous/cublas_pedantic/eager/ba: uuid=GPU-d1edd7be-e88d-aed6-047d-622163306f0e gpu_util=0% memory_util=0% used=790MiB sm_clock=1800MHz temperature=47C pstate=P2; quiet_samples=5
GPU quiet gate final-auto/f32_policy_exact/tn/d128_in_proj/contiguous/cublas_pedantic/graph/ab: uuid=GPU-d1edd7be-e88d-aed6-047d-622163306f0e gpu_util=0% memory_util=0% used=790MiB sm_clock=1800MHz temperature=47C pstate=P2; quiet_samples=5
GPU quiet gate final-auto/f32_policy_exact/tn/d128_in_proj/contiguous/cublas_pedantic/graph/ab: uuid=GPU-d1edd7be-e88d-aed6-047d-622163306f0e gpu_util=0% memory_util=0% used=790MiB sm_clock=1800MHz temperature=47C pstate=P2; quiet_samples=5
GPU quiet gate final-auto/f32_policy_exact/tn/d128_in_proj/contiguous/cublas_pedantic/graph/ba: uuid=GPU-d1edd7be-e88d-aed6-047d-622163306f0e gpu_util=0% memory_util=0% used=790MiB sm_clock=1800MHz temperature=47C pstate=P2; quiet_samples=5
GPU quiet gate final-auto/f32_policy_exact/tn/d128_in_proj/contiguous/cublas_pedantic/graph/ba: uuid=GPU-d1edd7be-e88d-aed6-047d-622163306f0e gpu_util=0% memory_util=0% used=790MiB sm_clock=1800MHz temperature=47C pstate=P2; quiet_samples=5
GPU quiet gate final-auto/f32_policy_allow_tf32/tn/d128_in_proj/contiguous/cublas_fast_tf32/eager/ab: uuid=GPU-d1edd7be-e88d-aed6-047d-622163306f0e gpu_util=0% memory_util=0% used=758MiB sm_clock=1800MHz temperature=47C pstate=P2; quiet_samples=5
GPU quiet gate final-auto/f32_policy_allow_tf32/tn/d128_in_proj/contiguous/cublas_fast_tf32/eager/ab: uuid=GPU-d1edd7be-e88d-aed6-047d-622163306f0e gpu_util=0% memory_util=0% used=758MiB sm_clock=1800MHz temperature=47C pstate=P2; quiet_samples=5
GPU quiet gate final-auto/f32_policy_allow_tf32/tn/d128_in_proj/contiguous/cublas_fast_tf32/eager/ba: uuid=GPU-d1edd7be-e88d-aed6-047d-622163306f0e gpu_util=0% memory_util=0% used=758MiB sm_clock=1800MHz temperature=47C pstate=P2; quiet_samples=5
GPU quiet gate final-auto/f32_policy_allow_tf32/tn/d128_in_proj/contiguous/cublas_fast_tf32/eager/ba: uuid=GPU-d1edd7be-e88d-aed6-047d-622163306f0e gpu_util=0% memory_util=0% used=758MiB sm_clock=1800MHz temperature=47C pstate=P2; quiet_samples=5
GPU quiet gate final-auto/f32_policy_allow_tf32/tn/d128_in_proj/contiguous/cublas_fast_tf32/graph/ab: uuid=GPU-d1edd7be-e88d-aed6-047d-622163306f0e gpu_util=0% memory_util=0% used=758MiB sm_clock=1800MHz temperature=47C pstate=P2; quiet_samples=5
GPU quiet gate final-auto/f32_policy_allow_tf32/tn/d128_in_proj/contiguous/cublas_fast_tf32/graph/ab: uuid=GPU-d1edd7be-e88d-aed6-047d-622163306f0e gpu_util=0% memory_util=0% used=758MiB sm_clock=1800MHz temperature=47C pstate=P2; quiet_samples=5
GPU quiet gate final-auto/f32_policy_allow_tf32/tn/d128_in_proj/contiguous/cublas_fast_tf32/graph/ba: uuid=GPU-d1edd7be-e88d-aed6-047d-622163306f0e gpu_util=0% memory_util=0% used=758MiB sm_clock=1800MHz temperature=47C pstate=P2; quiet_samples=5
GPU quiet gate final-auto/f32_policy_allow_tf32/tn/d128_in_proj/contiguous/cublas_fast_tf32/graph/ba: uuid=GPU-d1edd7be-e88d-aed6-047d-622163306f0e gpu_util=0% memory_util=0% used=758MiB sm_clock=1800MHz temperature=47C pstate=P2; quiet_samples=5
GPU quiet gate final-auto/bf16_policy_tc/tn/d128_in_proj/contiguous/cublas_fast/eager/ab: uuid=GPU-d1edd7be-e88d-aed6-047d-622163306f0e gpu_util=0% memory_util=0% used=758MiB sm_clock=1800MHz temperature=47C pstate=P2; quiet_samples=5
GPU quiet gate final-auto/bf16_policy_tc/tn/d128_in_proj/contiguous/cublas_fast/eager/ab: uuid=GPU-d1edd7be-e88d-aed6-047d-622163306f0e gpu_util=0% memory_util=0% used=758MiB sm_clock=1800MHz temperature=47C pstate=P2; quiet_samples=5
GPU quiet gate final-auto/bf16_policy_tc/tn/d128_in_proj/contiguous/cublas_fast/eager/ba: uuid=GPU-d1edd7be-e88d-aed6-047d-622163306f0e gpu_util=0% memory_util=0% used=758MiB sm_clock=1800MHz temperature=47C pstate=P2; quiet_samples=5
GPU quiet gate final-auto/bf16_policy_tc/tn/d128_in_proj/contiguous/cublas_fast/eager/ba: uuid=GPU-d1edd7be-e88d-aed6-047d-622163306f0e gpu_util=0% memory_util=0% used=758MiB sm_clock=1800MHz temperature=47C pstate=P2; quiet_samples=5
GPU quiet gate final-auto/bf16_policy_tc/tn/d128_in_proj/contiguous/cublas_fast/graph/ab: uuid=GPU-d1edd7be-e88d-aed6-047d-622163306f0e gpu_util=0% memory_util=0% used=758MiB sm_clock=1800MHz temperature=47C pstate=P2; quiet_samples=5
GPU quiet gate final-auto/bf16_policy_tc/tn/d128_in_proj/contiguous/cublas_fast/graph/ab: uuid=GPU-d1edd7be-e88d-aed6-047d-622163306f0e gpu_util=0% memory_util=0% used=758MiB sm_clock=1800MHz temperature=47C pstate=P2; quiet_samples=5
GPU quiet gate final-auto/bf16_policy_tc/tn/d128_in_proj/contiguous/cublas_fast/graph/ba: uuid=GPU-d1edd7be-e88d-aed6-047d-622163306f0e gpu_util=0% memory_util=0% used=758MiB sm_clock=1800MHz temperature=47C pstate=P2; quiet_samples=5
GPU quiet gate final-auto/bf16_policy_tc/tn/d128_in_proj/contiguous/cublas_fast/graph/ba: uuid=GPU-d1edd7be-e88d-aed6-047d-622163306f0e gpu_util=0% memory_util=0% used=758MiB sm_clock=1800MHz temperature=47C pstate=P2; quiet_samples=5
GPU quiet gate final-auto/f16_policy_tc/tn/d128_in_proj/contiguous/cublas_fast/eager/ab: uuid=GPU-d1edd7be-e88d-aed6-047d-622163306f0e gpu_util=0% memory_util=0% used=758MiB sm_clock=1800MHz temperature=47C pstate=P2; quiet_samples=5
GPU quiet gate final-auto/f16_policy_tc/tn/d128_in_proj/contiguous/cublas_fast/eager/ab: uuid=GPU-d1edd7be-e88d-aed6-047d-622163306f0e gpu_util=0% memory_util=0% used=758MiB sm_clock=1800MHz temperature=47C pstate=P2; quiet_samples=5
GPU quiet gate final-auto/f16_policy_tc/tn/d128_in_proj/contiguous/cublas_fast/eager/ba: uuid=GPU-d1edd7be-e88d-aed6-047d-622163306f0e gpu_util=0% memory_util=0% used=758MiB sm_clock=1800MHz temperature=47C pstate=P2; quiet_samples=5
GPU quiet gate final-auto/f16_policy_tc/tn/d128_in_proj/contiguous/cublas_fast/eager/ba: uuid=GPU-d1edd7be-e88d-aed6-047d-622163306f0e gpu_util=0% memory_util=0% used=758MiB sm_clock=1800MHz temperature=47C pstate=P2; quiet_samples=5
GPU quiet gate final-auto/f16_policy_tc/tn/d128_in_proj/contiguous/cublas_fast/graph/ab: uuid=GPU-d1edd7be-e88d-aed6-047d-622163306f0e gpu_util=0% memory_util=0% used=758MiB sm_clock=1800MHz temperature=47C pstate=P2; quiet_samples=5
GPU quiet gate final-auto/f16_policy_tc/tn/d128_in_proj/contiguous/cublas_fast/graph/ab: uuid=GPU-d1edd7be-e88d-aed6-047d-622163306f0e gpu_util=0% memory_util=0% used=758MiB sm_clock=1800MHz temperature=47C pstate=P2; quiet_samples=5
GPU quiet gate final-auto/f16_policy_tc/tn/d128_in_proj/contiguous/cublas_fast/graph/ba: uuid=GPU-d1edd7be-e88d-aed6-047d-622163306f0e gpu_util=0% memory_util=0% used=758MiB sm_clock=1800MHz temperature=47C pstate=P2; quiet_samples=5
GPU quiet gate final-auto/f16_policy_tc/tn/d128_in_proj/contiguous/cublas_fast/graph/ba: uuid=GPU-d1edd7be-e88d-aed6-047d-622163306f0e gpu_util=0% memory_util=0% used=758MiB sm_clock=1800MHz temperature=47C pstate=P2; quiet_samples=5
GPU quiet gate final-auto/f32_policy_exact/nt/d128_in_proj/contiguous/cublas_fast_tf32/eager/ab: uuid=GPU-d1edd7be-e88d-aed6-047d-622163306f0e gpu_util=0% memory_util=0% used=758MiB sm_clock=1800MHz temperature=47C pstate=P2; quiet_samples=5
GPU quiet gate final-auto/f32_policy_exact/nt/d128_in_proj/contiguous/cublas_fast_tf32/eager/ab: uuid=GPU-d1edd7be-e88d-aed6-047d-622163306f0e gpu_util=0% memory_util=0% used=758MiB sm_clock=1800MHz temperature=47C pstate=P2; quiet_samples=5
GPU quiet gate final-auto/f32_policy_exact/nt/d128_in_proj/contiguous/cublas_fast_tf32/eager/ba: uuid=GPU-d1edd7be-e88d-aed6-047d-622163306f0e gpu_util=0% memory_util=0% used=758MiB sm_clock=1800MHz temperature=47C pstate=P2; quiet_samples=5
GPU quiet gate final-auto/f32_policy_exact/nt/d128_in_proj/contiguous/cublas_fast_tf32/eager/ba: uuid=GPU-d1edd7be-e88d-aed6-047d-622163306f0e gpu_util=0% memory_util=0% used=758MiB sm_clock=1800MHz temperature=47C pstate=P2; quiet_samples=5
GPU quiet gate final-auto/f32_policy_exact/nt/d128_in_proj/contiguous/cublas_fast_tf32/graph/ab: uuid=GPU-d1edd7be-e88d-aed6-047d-622163306f0e gpu_util=0% memory_util=0% used=758MiB sm_clock=1800MHz temperature=47C pstate=P2; quiet_samples=5
GPU quiet gate final-auto/f32_policy_exact/nt/d128_in_proj/contiguous/cublas_fast_tf32/graph/ab: uuid=GPU-d1edd7be-e88d-aed6-047d-622163306f0e gpu_util=0% memory_util=0% used=758MiB sm_clock=1800MHz temperature=47C pstate=P2; quiet_samples=5
GPU quiet gate final-auto/f32_policy_exact/nt/d128_in_proj/contiguous/cublas_fast_tf32/graph/ba: uuid=GPU-d1edd7be-e88d-aed6-047d-622163306f0e gpu_util=0% memory_util=0% used=758MiB sm_clock=1800MHz temperature=47C pstate=P2; quiet_samples=5
GPU quiet gate final-auto/f32_policy_exact/nt/d128_in_proj/contiguous/cublas_fast_tf32/graph/ba: uuid=GPU-d1edd7be-e88d-aed6-047d-622163306f0e gpu_util=0% memory_util=0% used=758MiB sm_clock=1800MHz temperature=47C pstate=P2; quiet_samples=5
GPU quiet gate final-auto/f32_policy_exact/nt/d128_in_proj/contiguous/cublas_pedantic/eager/ab: uuid=GPU-d1edd7be-e88d-aed6-047d-622163306f0e gpu_util=0% memory_util=0% used=758MiB sm_clock=1800MHz temperature=47C pstate=P2; quiet_samples=5
GPU quiet gate final-auto/f32_policy_exact/nt/d128_in_proj/contiguous/cublas_pedantic/eager/ab: uuid=GPU-d1edd7be-e88d-aed6-047d-622163306f0e gpu_util=0% memory_util=0% used=758MiB sm_clock=1800MHz temperature=47C pstate=P2; quiet_samples=5
GPU quiet gate final-auto/f32_policy_exact/nt/d128_in_proj/contiguous/cublas_pedantic/eager/ba: uuid=GPU-d1edd7be-e88d-aed6-047d-622163306f0e gpu_util=0% memory_util=0% used=758MiB sm_clock=1800MHz temperature=47C pstate=P2; quiet_samples=5
GPU quiet gate final-auto/f32_policy_exact/nt/d128_in_proj/contiguous/cublas_pedantic/eager/ba: uuid=GPU-d1edd7be-e88d-aed6-047d-622163306f0e gpu_util=0% memory_util=0% used=758MiB sm_clock=1800MHz temperature=47C pstate=P2; quiet_samples=5
GPU quiet gate final-auto/f32_policy_exact/nt/d128_in_proj/contiguous/cublas_pedantic/graph/ab: uuid=GPU-d1edd7be-e88d-aed6-047d-622163306f0e gpu_util=0% memory_util=0% used=758MiB sm_clock=1800MHz temperature=47C pstate=P2; quiet_samples=5
GPU quiet gate final-auto/f32_policy_exact/nt/d128_in_proj/contiguous/cublas_pedantic/graph/ab: uuid=GPU-d1edd7be-e88d-aed6-047d-622163306f0e gpu_util=0% memory_util=0% used=758MiB sm_clock=1800MHz temperature=47C pstate=P2; quiet_samples=5
GPU quiet gate final-auto/f32_policy_exact/nt/d128_in_proj/contiguous/cublas_pedantic/graph/ba: uuid=GPU-d1edd7be-e88d-aed6-047d-622163306f0e gpu_util=0% memory_util=0% used=758MiB sm_clock=1800MHz temperature=47C pstate=P2; quiet_samples=5
GPU quiet gate final-auto/f32_policy_exact/nt/d128_in_proj/contiguous/cublas_pedantic/graph/ba: uuid=GPU-d1edd7be-e88d-aed6-047d-622163306f0e gpu_util=0% memory_util=0% used=758MiB sm_clock=1800MHz temperature=47C pstate=P2; quiet_samples=5
GPU quiet gate final-auto/f32_policy_allow_tf32/nt/d128_in_proj/contiguous/cublas_fast_tf32/eager/ab: uuid=GPU-d1edd7be-e88d-aed6-047d-622163306f0e gpu_util=0% memory_util=0% used=758MiB sm_clock=1800MHz temperature=47C pstate=P2; quiet_samples=5
GPU quiet gate final-auto/f32_policy_allow_tf32/nt/d128_in_proj/contiguous/cublas_fast_tf32/eager/ab: uuid=GPU-d1edd7be-e88d-aed6-047d-622163306f0e gpu_util=0% memory_util=0% used=758MiB sm_clock=1800MHz temperature=47C pstate=P2; quiet_samples=5
GPU quiet gate final-auto/f32_policy_allow_tf32/nt/d128_in_proj/contiguous/cublas_fast_tf32/eager/ba: uuid=GPU-d1edd7be-e88d-aed6-047d-622163306f0e gpu_util=0% memory_util=0% used=758MiB sm_clock=1800MHz temperature=47C pstate=P2; quiet_samples=5
GPU quiet gate final-auto/f32_policy_allow_tf32/nt/d128_in_proj/contiguous/cublas_fast_tf32/eager/ba: uuid=GPU-d1edd7be-e88d-aed6-047d-622163306f0e gpu_util=0% memory_util=0% used=758MiB sm_clock=1800MHz temperature=47C pstate=P2; quiet_samples=5
GPU quiet gate final-auto/f32_policy_allow_tf32/nt/d128_in_proj/contiguous/cublas_fast_tf32/graph/ab: uuid=GPU-d1edd7be-e88d-aed6-047d-622163306f0e gpu_util=0% memory_util=0% used=758MiB sm_clock=1800MHz temperature=47C pstate=P2; quiet_samples=5
GPU quiet gate final-auto/f32_policy_allow_tf32/nt/d128_in_proj/contiguous/cublas_fast_tf32/graph/ab: uuid=GPU-d1edd7be-e88d-aed6-047d-622163306f0e gpu_util=0% memory_util=0% used=758MiB sm_clock=1800MHz temperature=47C pstate=P2; quiet_samples=5
GPU quiet gate final-auto/f32_policy_allow_tf32/nt/d128_in_proj/contiguous/cublas_fast_tf32/graph/ba: uuid=GPU-d1edd7be-e88d-aed6-047d-622163306f0e gpu_util=0% memory_util=0% used=758MiB sm_clock=1800MHz temperature=47C pstate=P2; quiet_samples=5
GPU quiet gate final-auto/f32_policy_allow_tf32/nt/d128_in_proj/contiguous/cublas_fast_tf32/graph/ba: uuid=GPU-d1edd7be-e88d-aed6-047d-622163306f0e gpu_util=0% memory_util=0% used=758MiB sm_clock=1800MHz temperature=48C pstate=P2; quiet_samples=5
GPU quiet gate final-auto/bf16_policy_tc/nt/d128_in_proj/contiguous/cublas_fast/eager/ab: uuid=GPU-d1edd7be-e88d-aed6-047d-622163306f0e gpu_util=0% memory_util=0% used=758MiB sm_clock=1800MHz temperature=47C pstate=P2; quiet_samples=5
GPU quiet gate final-auto/bf16_policy_tc/nt/d128_in_proj/contiguous/cublas_fast/eager/ab: uuid=GPU-d1edd7be-e88d-aed6-047d-622163306f0e gpu_util=0% memory_util=0% used=758MiB sm_clock=1800MHz temperature=47C pstate=P2; quiet_samples=5
GPU quiet gate final-auto/bf16_policy_tc/nt/d128_in_proj/contiguous/cublas_fast/eager/ba: uuid=GPU-d1edd7be-e88d-aed6-047d-622163306f0e gpu_util=0% memory_util=0% used=758MiB sm_clock=1800MHz temperature=47C pstate=P2; quiet_samples=5
GPU quiet gate final-auto/bf16_policy_tc/nt/d128_in_proj/contiguous/cublas_fast/eager/ba: uuid=GPU-d1edd7be-e88d-aed6-047d-622163306f0e gpu_util=0% memory_util=0% used=758MiB sm_clock=1800MHz temperature=47C pstate=P2; quiet_samples=5
GPU quiet gate final-auto/bf16_policy_tc/nt/d128_in_proj/contiguous/cublas_fast/graph/ab: uuid=GPU-d1edd7be-e88d-aed6-047d-622163306f0e gpu_util=0% memory_util=0% used=758MiB sm_clock=1800MHz temperature=47C pstate=P2; quiet_samples=5
GPU quiet gate final-auto/bf16_policy_tc/nt/d128_in_proj/contiguous/cublas_fast/graph/ab: uuid=GPU-d1edd7be-e88d-aed6-047d-622163306f0e gpu_util=0% memory_util=0% used=758MiB sm_clock=1800MHz temperature=47C pstate=P2; quiet_samples=5
GPU quiet gate final-auto/bf16_policy_tc/nt/d128_in_proj/contiguous/cublas_fast/graph/ba: uuid=GPU-d1edd7be-e88d-aed6-047d-622163306f0e gpu_util=0% memory_util=0% used=758MiB sm_clock=1800MHz temperature=47C pstate=P2; quiet_samples=5
GPU quiet gate final-auto/bf16_policy_tc/nt/d128_in_proj/contiguous/cublas_fast/graph/ba: uuid=GPU-d1edd7be-e88d-aed6-047d-622163306f0e gpu_util=0% memory_util=0% used=758MiB sm_clock=1800MHz temperature=47C pstate=P2; quiet_samples=5
GPU quiet gate final-auto/f16_policy_tc/nt/d128_in_proj/contiguous/cublas_fast/eager/ab: uuid=GPU-d1edd7be-e88d-aed6-047d-622163306f0e gpu_util=0% memory_util=0% used=758MiB sm_clock=1800MHz temperature=47C pstate=P2; quiet_samples=5
GPU quiet gate final-auto/f16_policy_tc/nt/d128_in_proj/contiguous/cublas_fast/eager/ab: uuid=GPU-d1edd7be-e88d-aed6-047d-622163306f0e gpu_util=0% memory_util=0% used=758MiB sm_clock=1800MHz temperature=47C pstate=P2; quiet_samples=5
GPU quiet gate final-auto/f16_policy_tc/nt/d128_in_proj/contiguous/cublas_fast/eager/ba: uuid=GPU-d1edd7be-e88d-aed6-047d-622163306f0e gpu_util=0% memory_util=0% used=758MiB sm_clock=1800MHz temperature=47C pstate=P2; quiet_samples=5
GPU quiet gate final-auto/f16_policy_tc/nt/d128_in_proj/contiguous/cublas_fast/eager/ba: uuid=GPU-d1edd7be-e88d-aed6-047d-622163306f0e gpu_util=0% memory_util=0% used=758MiB sm_clock=1800MHz temperature=47C pstate=P2; quiet_samples=5
GPU quiet gate final-auto/f16_policy_tc/nt/d128_in_proj/contiguous/cublas_fast/graph/ab: uuid=GPU-d1edd7be-e88d-aed6-047d-622163306f0e gpu_util=0% memory_util=0% used=758MiB sm_clock=1800MHz temperature=47C pstate=P2; quiet_samples=5
GPU quiet gate final-auto/f16_policy_tc/nt/d128_in_proj/contiguous/cublas_fast/graph/ab: uuid=GPU-d1edd7be-e88d-aed6-047d-622163306f0e gpu_util=0% memory_util=0% used=758MiB sm_clock=1800MHz temperature=47C pstate=P2; quiet_samples=5
GPU quiet gate final-auto/f16_policy_tc/nt/d128_in_proj/contiguous/cublas_fast/graph/ba: uuid=GPU-d1edd7be-e88d-aed6-047d-622163306f0e gpu_util=0% memory_util=0% used=758MiB sm_clock=1800MHz temperature=47C pstate=P2; quiet_samples=5
GPU quiet gate final-auto/f16_policy_tc/nt/d128_in_proj/contiguous/cublas_fast/graph/ba: uuid=GPU-d1edd7be-e88d-aed6-047d-622163306f0e gpu_util=0% memory_util=0% used=758MiB sm_clock=1800MHz temperature=47C pstate=P2; quiet_samples=5
GPU quiet gate final-auto/f32_policy_exact/nn/d128_out_proj/contiguous/cublas_fast_tf32/eager/ab: uuid=GPU-d1edd7be-e88d-aed6-047d-622163306f0e gpu_util=0% memory_util=0% used=758MiB sm_clock=1800MHz temperature=47C pstate=P2; quiet_samples=5
GPU quiet gate final-auto/f32_policy_exact/nn/d128_out_proj/contiguous/cublas_fast_tf32/eager/ab: uuid=GPU-d1edd7be-e88d-aed6-047d-622163306f0e gpu_util=0% memory_util=0% used=758MiB sm_clock=1800MHz temperature=47C pstate=P2; quiet_samples=5
GPU quiet gate final-auto/f32_policy_exact/nn/d128_out_proj/contiguous/cublas_fast_tf32/eager/ba: uuid=GPU-d1edd7be-e88d-aed6-047d-622163306f0e gpu_util=0% memory_util=0% used=758MiB sm_clock=1800MHz temperature=47C pstate=P2; quiet_samples=5
GPU quiet gate final-auto/f32_policy_exact/nn/d128_out_proj/contiguous/cublas_fast_tf32/eager/ba: uuid=GPU-d1edd7be-e88d-aed6-047d-622163306f0e gpu_util=0% memory_util=0% used=758MiB sm_clock=1800MHz temperature=47C pstate=P2; quiet_samples=5
GPU quiet gate final-auto/f32_policy_exact/nn/d128_out_proj/contiguous/cublas_fast_tf32/graph/ab: uuid=GPU-d1edd7be-e88d-aed6-047d-622163306f0e gpu_util=0% memory_util=0% used=758MiB sm_clock=1800MHz temperature=47C pstate=P2; quiet_samples=5
GPU quiet gate final-auto/f32_policy_exact/nn/d128_out_proj/contiguous/cublas_fast_tf32/graph/ab: uuid=GPU-d1edd7be-e88d-aed6-047d-622163306f0e gpu_util=0% memory_util=0% used=758MiB sm_clock=1800MHz temperature=48C pstate=P2; quiet_samples=5
GPU quiet gate final-auto/f32_policy_exact/nn/d128_out_proj/contiguous/cublas_fast_tf32/graph/ba: uuid=GPU-d1edd7be-e88d-aed6-047d-622163306f0e gpu_util=0% memory_util=0% used=758MiB sm_clock=1800MHz temperature=47C pstate=P2; quiet_samples=5
GPU quiet gate final-auto/f32_policy_exact/nn/d128_out_proj/contiguous/cublas_fast_tf32/graph/ba: uuid=GPU-d1edd7be-e88d-aed6-047d-622163306f0e gpu_util=0% memory_util=0% used=758MiB sm_clock=1800MHz temperature=47C pstate=P2; quiet_samples=5
GPU quiet gate final-auto/f32_policy_exact/nn/d128_out_proj/contiguous/cublas_pedantic/eager/ab: uuid=GPU-d1edd7be-e88d-aed6-047d-622163306f0e gpu_util=0% memory_util=0% used=758MiB sm_clock=1800MHz temperature=47C pstate=P2; quiet_samples=5
GPU quiet gate final-auto/f32_policy_exact/nn/d128_out_proj/contiguous/cublas_pedantic/eager/ab: uuid=GPU-d1edd7be-e88d-aed6-047d-622163306f0e gpu_util=0% memory_util=0% used=758MiB sm_clock=1800MHz temperature=48C pstate=P2; quiet_samples=5
GPU quiet gate final-auto/f32_policy_exact/nn/d128_out_proj/contiguous/cublas_pedantic/eager/ba: uuid=GPU-d1edd7be-e88d-aed6-047d-622163306f0e gpu_util=0% memory_util=0% used=758MiB sm_clock=1800MHz temperature=48C pstate=P2; quiet_samples=5
GPU quiet gate final-auto/f32_policy_exact/nn/d128_out_proj/contiguous/cublas_pedantic/eager/ba: uuid=GPU-d1edd7be-e88d-aed6-047d-622163306f0e gpu_util=0% memory_util=0% used=758MiB sm_clock=1800MHz temperature=48C pstate=P2; quiet_samples=5
GPU quiet gate final-auto/f32_policy_exact/nn/d128_out_proj/contiguous/cublas_pedantic/graph/ab: uuid=GPU-d1edd7be-e88d-aed6-047d-622163306f0e gpu_util=0% memory_util=0% used=758MiB sm_clock=1800MHz temperature=48C pstate=P2; quiet_samples=5
GPU quiet gate final-auto/f32_policy_exact/nn/d128_out_proj/contiguous/cublas_pedantic/graph/ab: uuid=GPU-d1edd7be-e88d-aed6-047d-622163306f0e gpu_util=0% memory_util=0% used=758MiB sm_clock=1800MHz temperature=48C pstate=P2; quiet_samples=5
GPU quiet gate final-auto/f32_policy_exact/nn/d128_out_proj/contiguous/cublas_pedantic/graph/ba: uuid=GPU-d1edd7be-e88d-aed6-047d-622163306f0e gpu_util=0% memory_util=0% used=758MiB sm_clock=1800MHz temperature=48C pstate=P2; quiet_samples=5
GPU quiet gate final-auto/f32_policy_exact/nn/d128_out_proj/contiguous/cublas_pedantic/graph/ba: uuid=GPU-d1edd7be-e88d-aed6-047d-622163306f0e gpu_util=0% memory_util=0% used=758MiB sm_clock=1800MHz temperature=48C pstate=P2; quiet_samples=5
GPU quiet gate final-auto/f32_policy_allow_tf32/nn/d128_out_proj/contiguous/cublas_fast_tf32/eager/ab: uuid=GPU-d1edd7be-e88d-aed6-047d-622163306f0e gpu_util=0% memory_util=0% used=758MiB sm_clock=1800MHz temperature=48C pstate=P2; quiet_samples=5
GPU quiet gate final-auto/f32_policy_allow_tf32/nn/d128_out_proj/contiguous/cublas_fast_tf32/eager/ab: uuid=GPU-d1edd7be-e88d-aed6-047d-622163306f0e gpu_util=0% memory_util=0% used=758MiB sm_clock=1800MHz temperature=48C pstate=P2; quiet_samples=5
GPU quiet gate final-auto/f32_policy_allow_tf32/nn/d128_out_proj/contiguous/cublas_fast_tf32/eager/ba: uuid=GPU-d1edd7be-e88d-aed6-047d-622163306f0e gpu_util=0% memory_util=0% used=758MiB sm_clock=1800MHz temperature=48C pstate=P2; quiet_samples=5
GPU quiet gate final-auto/f32_policy_allow_tf32/nn/d128_out_proj/contiguous/cublas_fast_tf32/eager/ba: uuid=GPU-d1edd7be-e88d-aed6-047d-622163306f0e gpu_util=0% memory_util=0% used=758MiB sm_clock=1800MHz temperature=48C pstate=P2; quiet_samples=5
GPU quiet gate final-auto/f32_policy_allow_tf32/nn/d128_out_proj/contiguous/cublas_fast_tf32/graph/ab: uuid=GPU-d1edd7be-e88d-aed6-047d-622163306f0e gpu_util=0% memory_util=0% used=758MiB sm_clock=1800MHz temperature=48C pstate=P2; quiet_samples=5
GPU quiet gate final-auto/f32_policy_allow_tf32/nn/d128_out_proj/contiguous/cublas_fast_tf32/graph/ab: uuid=GPU-d1edd7be-e88d-aed6-047d-622163306f0e gpu_util=0% memory_util=0% used=758MiB sm_clock=1800MHz temperature=48C pstate=P2; quiet_samples=5
GPU quiet gate final-auto/f32_policy_allow_tf32/nn/d128_out_proj/contiguous/cublas_fast_tf32/graph/ba: uuid=GPU-d1edd7be-e88d-aed6-047d-622163306f0e gpu_util=0% memory_util=0% used=758MiB sm_clock=1800MHz temperature=48C pstate=P2; quiet_samples=5
GPU quiet gate final-auto/f32_policy_allow_tf32/nn/d128_out_proj/contiguous/cublas_fast_tf32/graph/ba: uuid=GPU-d1edd7be-e88d-aed6-047d-622163306f0e gpu_util=0% memory_util=0% used=758MiB sm_clock=1800MHz temperature=48C pstate=P2; quiet_samples=5
GPU quiet gate final-auto/bf16_policy_tc/nn/d128_out_proj/contiguous/cublas_fast/eager/ab: uuid=GPU-d1edd7be-e88d-aed6-047d-622163306f0e gpu_util=0% memory_util=0% used=758MiB sm_clock=1800MHz temperature=48C pstate=P2; quiet_samples=5
GPU quiet gate final-auto/bf16_policy_tc/nn/d128_out_proj/contiguous/cublas_fast/eager/ab: uuid=GPU-d1edd7be-e88d-aed6-047d-622163306f0e gpu_util=0% memory_util=0% used=758MiB sm_clock=1800MHz temperature=48C pstate=P2; quiet_samples=5
GPU quiet gate final-auto/bf16_policy_tc/nn/d128_out_proj/contiguous/cublas_fast/eager/ba: uuid=GPU-d1edd7be-e88d-aed6-047d-622163306f0e gpu_util=0% memory_util=0% used=758MiB sm_clock=1800MHz temperature=48C pstate=P2; quiet_samples=5
GPU quiet gate final-auto/bf16_policy_tc/nn/d128_out_proj/contiguous/cublas_fast/eager/ba: uuid=GPU-d1edd7be-e88d-aed6-047d-622163306f0e gpu_util=0% memory_util=0% used=758MiB sm_clock=1800MHz temperature=48C pstate=P2; quiet_samples=5
GPU quiet gate final-auto/bf16_policy_tc/nn/d128_out_proj/contiguous/cublas_fast/graph/ab: uuid=GPU-d1edd7be-e88d-aed6-047d-622163306f0e gpu_util=0% memory_util=0% used=758MiB sm_clock=1800MHz temperature=48C pstate=P2; quiet_samples=5
GPU quiet gate final-auto/bf16_policy_tc/nn/d128_out_proj/contiguous/cublas_fast/graph/ab: uuid=GPU-d1edd7be-e88d-aed6-047d-622163306f0e gpu_util=0% memory_util=0% used=758MiB sm_clock=1800MHz temperature=48C pstate=P2; quiet_samples=5
GPU quiet gate final-auto/bf16_policy_tc/nn/d128_out_proj/contiguous/cublas_fast/graph/ba: uuid=GPU-d1edd7be-e88d-aed6-047d-622163306f0e gpu_util=0% memory_util=0% used=758MiB sm_clock=1800MHz temperature=48C pstate=P2; quiet_samples=5
GPU quiet gate final-auto/bf16_policy_tc/nn/d128_out_proj/contiguous/cublas_fast/graph/ba: uuid=GPU-d1edd7be-e88d-aed6-047d-622163306f0e gpu_util=0% memory_util=0% used=758MiB sm_clock=1800MHz temperature=48C pstate=P2; quiet_samples=5
GPU quiet gate final-auto/f16_policy_tc/nn/d128_out_proj/contiguous/cublas_fast/eager/ab: uuid=GPU-d1edd7be-e88d-aed6-047d-622163306f0e gpu_util=0% memory_util=0% used=758MiB sm_clock=1800MHz temperature=47C pstate=P2; quiet_samples=5
GPU quiet gate final-auto/f16_policy_tc/nn/d128_out_proj/contiguous/cublas_fast/eager/ab: uuid=GPU-d1edd7be-e88d-aed6-047d-622163306f0e gpu_util=0% memory_util=0% used=758MiB sm_clock=1800MHz temperature=48C pstate=P2; quiet_samples=5
GPU quiet gate final-auto/f16_policy_tc/nn/d128_out_proj/contiguous/cublas_fast/eager/ba: uuid=GPU-d1edd7be-e88d-aed6-047d-622163306f0e gpu_util=0% memory_util=0% used=758MiB sm_clock=1800MHz temperature=47C pstate=P2; quiet_samples=5
GPU quiet gate final-auto/f16_policy_tc/nn/d128_out_proj/contiguous/cublas_fast/eager/ba: uuid=GPU-d1edd7be-e88d-aed6-047d-622163306f0e gpu_util=0% memory_util=0% used=758MiB sm_clock=1800MHz temperature=47C pstate=P2; quiet_samples=5
GPU quiet gate final-auto/f16_policy_tc/nn/d128_out_proj/contiguous/cublas_fast/graph/ab: uuid=GPU-d1edd7be-e88d-aed6-047d-622163306f0e gpu_util=0% memory_util=0% used=758MiB sm_clock=1800MHz temperature=47C pstate=P2; quiet_samples=5
GPU quiet gate final-auto/f16_policy_tc/nn/d128_out_proj/contiguous/cublas_fast/graph/ab: uuid=GPU-d1edd7be-e88d-aed6-047d-622163306f0e gpu_util=0% memory_util=0% used=758MiB sm_clock=1800MHz temperature=48C pstate=P2; quiet_samples=5
GPU quiet gate final-auto/f16_policy_tc/nn/d128_out_proj/contiguous/cublas_fast/graph/ba: uuid=GPU-d1edd7be-e88d-aed6-047d-622163306f0e gpu_util=0% memory_util=0% used=758MiB sm_clock=1800MHz temperature=48C pstate=P2; quiet_samples=5
GPU quiet gate final-auto/f16_policy_tc/nn/d128_out_proj/contiguous/cublas_fast/graph/ba: uuid=GPU-d1edd7be-e88d-aed6-047d-622163306f0e gpu_util=0% memory_util=0% used=758MiB sm_clock=1800MHz temperature=47C pstate=P2; quiet_samples=5
GPU quiet gate final-auto/f32_policy_exact/tn/d128_out_proj/contiguous/cublas_fast_tf32/eager/ab: uuid=GPU-d1edd7be-e88d-aed6-047d-622163306f0e gpu_util=0% memory_util=0% used=758MiB sm_clock=1800MHz temperature=47C pstate=P2; quiet_samples=5
GPU quiet gate final-auto/f32_policy_exact/tn/d128_out_proj/contiguous/cublas_fast_tf32/eager/ab: uuid=GPU-d1edd7be-e88d-aed6-047d-622163306f0e gpu_util=0% memory_util=0% used=758MiB sm_clock=1800MHz temperature=47C pstate=P2; quiet_samples=5
GPU quiet gate final-auto/f32_policy_exact/tn/d128_out_proj/contiguous/cublas_fast_tf32/eager/ba: uuid=GPU-d1edd7be-e88d-aed6-047d-622163306f0e gpu_util=0% memory_util=0% used=758MiB sm_clock=1800MHz temperature=48C pstate=P2; quiet_samples=5
GPU quiet gate final-auto/f32_policy_exact/tn/d128_out_proj/contiguous/cublas_fast_tf32/eager/ba: uuid=GPU-d1edd7be-e88d-aed6-047d-622163306f0e gpu_util=0% memory_util=0% used=758MiB sm_clock=1800MHz temperature=48C pstate=P2; quiet_samples=5
GPU quiet gate final-auto/f32_policy_exact/tn/d128_out_proj/contiguous/cublas_fast_tf32/graph/ab: uuid=GPU-d1edd7be-e88d-aed6-047d-622163306f0e gpu_util=0% memory_util=0% used=758MiB sm_clock=1800MHz temperature=48C pstate=P2; quiet_samples=5
GPU quiet gate final-auto/f32_policy_exact/tn/d128_out_proj/contiguous/cublas_fast_tf32/graph/ab: uuid=GPU-d1edd7be-e88d-aed6-047d-622163306f0e gpu_util=0% memory_util=0% used=758MiB sm_clock=1800MHz temperature=48C pstate=P2; quiet_samples=5
GPU quiet gate final-auto/f32_policy_exact/tn/d128_out_proj/contiguous/cublas_fast_tf32/graph/ba: uuid=GPU-d1edd7be-e88d-aed6-047d-622163306f0e gpu_util=0% memory_util=0% used=758MiB sm_clock=1800MHz temperature=48C pstate=P2; quiet_samples=5
GPU quiet gate final-auto/f32_policy_exact/tn/d128_out_proj/contiguous/cublas_fast_tf32/graph/ba: uuid=GPU-d1edd7be-e88d-aed6-047d-622163306f0e gpu_util=0% memory_util=0% used=758MiB sm_clock=1800MHz temperature=48C pstate=P2; quiet_samples=5
GPU quiet gate final-auto/f32_policy_exact/tn/d128_out_proj/contiguous/cublas_pedantic/eager/ab: uuid=GPU-d1edd7be-e88d-aed6-047d-622163306f0e gpu_util=0% memory_util=0% used=758MiB sm_clock=1800MHz temperature=47C pstate=P2; quiet_samples=5
GPU quiet gate final-auto/f32_policy_exact/tn/d128_out_proj/contiguous/cublas_pedantic/eager/ab: uuid=GPU-d1edd7be-e88d-aed6-047d-622163306f0e gpu_util=0% memory_util=0% used=758MiB sm_clock=1800MHz temperature=48C pstate=P2; quiet_samples=5
GPU quiet gate final-auto/f32_policy_exact/tn/d128_out_proj/contiguous/cublas_pedantic/eager/ba: uuid=GPU-d1edd7be-e88d-aed6-047d-622163306f0e gpu_util=0% memory_util=0% used=758MiB sm_clock=1800MHz temperature=48C pstate=P2; quiet_samples=5
GPU quiet gate final-auto/f32_policy_exact/tn/d128_out_proj/contiguous/cublas_pedantic/eager/ba: uuid=GPU-d1edd7be-e88d-aed6-047d-622163306f0e gpu_util=0% memory_util=0% used=758MiB sm_clock=1800MHz temperature=48C pstate=P2; quiet_samples=5
GPU quiet gate final-auto/f32_policy_exact/tn/d128_out_proj/contiguous/cublas_pedantic/graph/ab: uuid=GPU-d1edd7be-e88d-aed6-047d-622163306f0e gpu_util=0% memory_util=0% used=758MiB sm_clock=1800MHz temperature=48C pstate=P2; quiet_samples=5
GPU quiet gate final-auto/f32_policy_exact/tn/d128_out_proj/contiguous/cublas_pedantic/graph/ab: uuid=GPU-d1edd7be-e88d-aed6-047d-622163306f0e gpu_util=0% memory_util=0% used=758MiB sm_clock=1800MHz temperature=48C pstate=P2; quiet_samples=5
GPU quiet gate final-auto/f32_policy_exact/tn/d128_out_proj/contiguous/cublas_pedantic/graph/ba: uuid=GPU-d1edd7be-e88d-aed6-047d-622163306f0e gpu_util=0% memory_util=0% used=758MiB sm_clock=1800MHz temperature=48C pstate=P2; quiet_samples=5
GPU quiet gate final-auto/f32_policy_exact/tn/d128_out_proj/contiguous/cublas_pedantic/graph/ba: uuid=GPU-d1edd7be-e88d-aed6-047d-622163306f0e gpu_util=0% memory_util=0% used=758MiB sm_clock=1800MHz temperature=48C pstate=P2; quiet_samples=5
GPU quiet gate final-auto/f32_policy_allow_tf32/tn/d128_out_proj/contiguous/cublas_fast_tf32/eager/ab: uuid=GPU-d1edd7be-e88d-aed6-047d-622163306f0e gpu_util=0% memory_util=0% used=758MiB sm_clock=1800MHz temperature=48C pstate=P2; quiet_samples=5
GPU quiet gate final-auto/f32_policy_allow_tf32/tn/d128_out_proj/contiguous/cublas_fast_tf32/eager/ab: uuid=GPU-d1edd7be-e88d-aed6-047d-622163306f0e gpu_util=0% memory_util=0% used=758MiB sm_clock=1800MHz temperature=48C pstate=P2; quiet_samples=5
GPU quiet gate final-auto/f32_policy_allow_tf32/tn/d128_out_proj/contiguous/cublas_fast_tf32/eager/ba: uuid=GPU-d1edd7be-e88d-aed6-047d-622163306f0e gpu_util=0% memory_util=0% used=758MiB sm_clock=1800MHz temperature=48C pstate=P2; quiet_samples=5
GPU quiet gate final-auto/f32_policy_allow_tf32/tn/d128_out_proj/contiguous/cublas_fast_tf32/eager/ba: uuid=GPU-d1edd7be-e88d-aed6-047d-622163306f0e gpu_util=0% memory_util=0% used=758MiB sm_clock=1800MHz temperature=48C pstate=P2; quiet_samples=5
GPU quiet gate final-auto/f32_policy_allow_tf32/tn/d128_out_proj/contiguous/cublas_fast_tf32/graph/ab: uuid=GPU-d1edd7be-e88d-aed6-047d-622163306f0e gpu_util=0% memory_util=0% used=758MiB sm_clock=1800MHz temperature=48C pstate=P2; quiet_samples=5
GPU quiet gate final-auto/f32_policy_allow_tf32/tn/d128_out_proj/contiguous/cublas_fast_tf32/graph/ab: uuid=GPU-d1edd7be-e88d-aed6-047d-622163306f0e gpu_util=0% memory_util=0% used=758MiB sm_clock=1800MHz temperature=48C pstate=P2; quiet_samples=5
GPU quiet gate final-auto/f32_policy_allow_tf32/tn/d128_out_proj/contiguous/cublas_fast_tf32/graph/ba: uuid=GPU-d1edd7be-e88d-aed6-047d-622163306f0e gpu_util=0% memory_util=0% used=758MiB sm_clock=1800MHz temperature=48C pstate=P2; quiet_samples=5
GPU quiet gate final-auto/f32_policy_allow_tf32/tn/d128_out_proj/contiguous/cublas_fast_tf32/graph/ba: uuid=GPU-d1edd7be-e88d-aed6-047d-622163306f0e gpu_util=0% memory_util=0% used=758MiB sm_clock=1800MHz temperature=48C pstate=P2; quiet_samples=5
GPU quiet gate final-auto/bf16_policy_tc/tn/d128_out_proj/contiguous/cublas_fast/eager/ab: uuid=GPU-d1edd7be-e88d-aed6-047d-622163306f0e gpu_util=0% memory_util=0% used=758MiB sm_clock=1800MHz temperature=47C pstate=P2; quiet_samples=5
GPU quiet gate final-auto/bf16_policy_tc/tn/d128_out_proj/contiguous/cublas_fast/eager/ab: uuid=GPU-d1edd7be-e88d-aed6-047d-622163306f0e gpu_util=0% memory_util=0% used=758MiB sm_clock=1800MHz temperature=47C pstate=P2; quiet_samples=5
GPU quiet gate final-auto/bf16_policy_tc/tn/d128_out_proj/contiguous/cublas_fast/eager/ba: uuid=GPU-d1edd7be-e88d-aed6-047d-622163306f0e gpu_util=0% memory_util=0% used=758MiB sm_clock=1800MHz temperature=48C pstate=P2; quiet_samples=5
GPU quiet gate final-auto/bf16_policy_tc/tn/d128_out_proj/contiguous/cublas_fast/eager/ba: uuid=GPU-d1edd7be-e88d-aed6-047d-622163306f0e gpu_util=0% memory_util=0% used=758MiB sm_clock=1800MHz temperature=47C pstate=P2; quiet_samples=5
GPU quiet gate final-auto/bf16_policy_tc/tn/d128_out_proj/contiguous/cublas_fast/graph/ab: uuid=GPU-d1edd7be-e88d-aed6-047d-622163306f0e gpu_util=0% memory_util=0% used=758MiB sm_clock=1800MHz temperature=47C pstate=P2; quiet_samples=5
GPU quiet gate final-auto/bf16_policy_tc/tn/d128_out_proj/contiguous/cublas_fast/graph/ab: uuid=GPU-d1edd7be-e88d-aed6-047d-622163306f0e gpu_util=0% memory_util=0% used=758MiB sm_clock=1800MHz temperature=47C pstate=P2; quiet_samples=5
GPU quiet gate final-auto/bf16_policy_tc/tn/d128_out_proj/contiguous/cublas_fast/graph/ba: uuid=GPU-d1edd7be-e88d-aed6-047d-622163306f0e gpu_util=0% memory_util=0% used=758MiB sm_clock=1800MHz temperature=47C pstate=P2; quiet_samples=5
GPU quiet gate final-auto/bf16_policy_tc/tn/d128_out_proj/contiguous/cublas_fast/graph/ba: uuid=GPU-d1edd7be-e88d-aed6-047d-622163306f0e gpu_util=0% memory_util=0% used=758MiB sm_clock=1800MHz temperature=47C pstate=P2; quiet_samples=5
GPU quiet gate final-auto/f16_policy_tc/tn/d128_out_proj/contiguous/cublas_fast/eager/ab: uuid=GPU-d1edd7be-e88d-aed6-047d-622163306f0e gpu_util=0% memory_util=0% used=758MiB sm_clock=1800MHz temperature=47C pstate=P2; quiet_samples=5
GPU quiet gate final-auto/f16_policy_tc/tn/d128_out_proj/contiguous/cublas_fast/eager/ab: uuid=GPU-d1edd7be-e88d-aed6-047d-622163306f0e gpu_util=0% memory_util=0% used=758MiB sm_clock=1800MHz temperature=47C pstate=P2; quiet_samples=5
GPU quiet gate final-auto/f16_policy_tc/tn/d128_out_proj/contiguous/cublas_fast/eager/ba: uuid=GPU-d1edd7be-e88d-aed6-047d-622163306f0e gpu_util=0% memory_util=0% used=758MiB sm_clock=1800MHz temperature=47C pstate=P2; quiet_samples=5
GPU quiet gate final-auto/f16_policy_tc/tn/d128_out_proj/contiguous/cublas_fast/eager/ba: uuid=GPU-d1edd7be-e88d-aed6-047d-622163306f0e gpu_util=0% memory_util=0% used=758MiB sm_clock=1800MHz temperature=47C pstate=P2; quiet_samples=5
GPU quiet gate final-auto/f16_policy_tc/tn/d128_out_proj/contiguous/cublas_fast/graph/ab: uuid=GPU-d1edd7be-e88d-aed6-047d-622163306f0e gpu_util=0% memory_util=0% used=758MiB sm_clock=1800MHz temperature=47C pstate=P2; quiet_samples=5
GPU quiet gate final-auto/f16_policy_tc/tn/d128_out_proj/contiguous/cublas_fast/graph/ab: uuid=GPU-d1edd7be-e88d-aed6-047d-622163306f0e gpu_util=0% memory_util=0% used=758MiB sm_clock=1800MHz temperature=47C pstate=P2; quiet_samples=5
GPU quiet gate final-auto/f16_policy_tc/tn/d128_out_proj/contiguous/cublas_fast/graph/ba: uuid=GPU-d1edd7be-e88d-aed6-047d-622163306f0e gpu_util=0% memory_util=0% used=758MiB sm_clock=1800MHz temperature=47C pstate=P2; quiet_samples=5
GPU quiet gate final-auto/f16_policy_tc/tn/d128_out_proj/contiguous/cublas_fast/graph/ba: uuid=GPU-d1edd7be-e88d-aed6-047d-622163306f0e gpu_util=0% memory_util=0% used=758MiB sm_clock=1800MHz temperature=47C pstate=P2; quiet_samples=5
GPU quiet gate final-auto/f32_policy_exact/nt/d128_out_proj/contiguous/cublas_fast_tf32/eager/ab: uuid=GPU-d1edd7be-e88d-aed6-047d-622163306f0e gpu_util=0% memory_util=0% used=758MiB sm_clock=1800MHz temperature=47C pstate=P2; quiet_samples=5
GPU quiet gate final-auto/f32_policy_exact/nt/d128_out_proj/contiguous/cublas_fast_tf32/eager/ab: uuid=GPU-d1edd7be-e88d-aed6-047d-622163306f0e gpu_util=0% memory_util=0% used=758MiB sm_clock=1800MHz temperature=47C pstate=P2; quiet_samples=5
GPU quiet gate final-auto/f32_policy_exact/nt/d128_out_proj/contiguous/cublas_fast_tf32/eager/ba: uuid=GPU-d1edd7be-e88d-aed6-047d-622163306f0e gpu_util=0% memory_util=0% used=758MiB sm_clock=1800MHz temperature=47C pstate=P2; quiet_samples=5
GPU quiet gate final-auto/f32_policy_exact/nt/d128_out_proj/contiguous/cublas_fast_tf32/eager/ba: uuid=GPU-d1edd7be-e88d-aed6-047d-622163306f0e gpu_util=0% memory_util=0% used=758MiB sm_clock=1800MHz temperature=47C pstate=P2; quiet_samples=5
GPU quiet gate final-auto/f32_policy_exact/nt/d128_out_proj/contiguous/cublas_fast_tf32/graph/ab: uuid=GPU-d1edd7be-e88d-aed6-047d-622163306f0e gpu_util=0% memory_util=0% used=758MiB sm_clock=1800MHz temperature=47C pstate=P2; quiet_samples=5
GPU quiet gate final-auto/f32_policy_exact/nt/d128_out_proj/contiguous/cublas_fast_tf32/graph/ab: uuid=GPU-d1edd7be-e88d-aed6-047d-622163306f0e gpu_util=0% memory_util=0% used=758MiB sm_clock=1800MHz temperature=47C pstate=P2; quiet_samples=5
GPU quiet gate final-auto/f32_policy_exact/nt/d128_out_proj/contiguous/cublas_fast_tf32/graph/ba: uuid=GPU-d1edd7be-e88d-aed6-047d-622163306f0e gpu_util=0% memory_util=0% used=758MiB sm_clock=1800MHz temperature=47C pstate=P2; quiet_samples=5
GPU quiet gate final-auto/f32_policy_exact/nt/d128_out_proj/contiguous/cublas_fast_tf32/graph/ba: uuid=GPU-d1edd7be-e88d-aed6-047d-622163306f0e gpu_util=0% memory_util=0% used=758MiB sm_clock=1800MHz temperature=47C pstate=P2; quiet_samples=5
GPU quiet gate final-auto/f32_policy_exact/nt/d128_out_proj/contiguous/cublas_pedantic/eager/ab: uuid=GPU-d1edd7be-e88d-aed6-047d-622163306f0e gpu_util=0% memory_util=0% used=758MiB sm_clock=1800MHz temperature=47C pstate=P2; quiet_samples=5
GPU quiet gate final-auto/f32_policy_exact/nt/d128_out_proj/contiguous/cublas_pedantic/eager/ab: uuid=GPU-d1edd7be-e88d-aed6-047d-622163306f0e gpu_util=0% memory_util=0% used=758MiB sm_clock=1800MHz temperature=47C pstate=P2; quiet_samples=5
GPU quiet gate final-auto/f32_policy_exact/nt/d128_out_proj/contiguous/cublas_pedantic/eager/ba: uuid=GPU-d1edd7be-e88d-aed6-047d-622163306f0e gpu_util=0% memory_util=0% used=758MiB sm_clock=1800MHz temperature=47C pstate=P2; quiet_samples=5
GPU quiet gate final-auto/f32_policy_exact/nt/d128_out_proj/contiguous/cublas_pedantic/eager/ba: uuid=GPU-d1edd7be-e88d-aed6-047d-622163306f0e gpu_util=0% memory_util=0% used=758MiB sm_clock=1800MHz temperature=47C pstate=P2; quiet_samples=5
GPU quiet gate final-auto/f32_policy_exact/nt/d128_out_proj/contiguous/cublas_pedantic/graph/ab: uuid=GPU-d1edd7be-e88d-aed6-047d-622163306f0e gpu_util=0% memory_util=0% used=758MiB sm_clock=1800MHz temperature=47C pstate=P2; quiet_samples=5
GPU quiet gate final-auto/f32_policy_exact/nt/d128_out_proj/contiguous/cublas_pedantic/graph/ab: uuid=GPU-d1edd7be-e88d-aed6-047d-622163306f0e gpu_util=0% memory_util=0% used=758MiB sm_clock=1800MHz temperature=48C pstate=P2; quiet_samples=5
GPU quiet gate final-auto/f32_policy_exact/nt/d128_out_proj/contiguous/cublas_pedantic/graph/ba: uuid=GPU-d1edd7be-e88d-aed6-047d-622163306f0e gpu_util=0% memory_util=0% used=758MiB sm_clock=1800MHz temperature=48C pstate=P2; quiet_samples=5
GPU quiet gate final-auto/f32_policy_exact/nt/d128_out_proj/contiguous/cublas_pedantic/graph/ba: uuid=GPU-d1edd7be-e88d-aed6-047d-622163306f0e gpu_util=0% memory_util=0% used=758MiB sm_clock=1800MHz temperature=48C pstate=P2; quiet_samples=5
GPU quiet gate final-auto/f32_policy_allow_tf32/nt/d128_out_proj/contiguous/cublas_fast_tf32/eager/ab: uuid=GPU-d1edd7be-e88d-aed6-047d-622163306f0e gpu_util=0% memory_util=0% used=758MiB sm_clock=1800MHz temperature=47C pstate=P2; quiet_samples=5
GPU quiet gate final-auto/f32_policy_allow_tf32/nt/d128_out_proj/contiguous/cublas_fast_tf32/eager/ab: uuid=GPU-d1edd7be-e88d-aed6-047d-622163306f0e gpu_util=0% memory_util=0% used=758MiB sm_clock=1800MHz temperature=48C pstate=P2; quiet_samples=5
GPU quiet gate final-auto/f32_policy_allow_tf32/nt/d128_out_proj/contiguous/cublas_fast_tf32/eager/ba: uuid=GPU-d1edd7be-e88d-aed6-047d-622163306f0e gpu_util=0% memory_util=0% used=758MiB sm_clock=1800MHz temperature=48C pstate=P2; quiet_samples=5
GPU quiet gate final-auto/f32_policy_allow_tf32/nt/d128_out_proj/contiguous/cublas_fast_tf32/eager/ba: uuid=GPU-d1edd7be-e88d-aed6-047d-622163306f0e gpu_util=0% memory_util=0% used=758MiB sm_clock=1800MHz temperature=48C pstate=P2; quiet_samples=5
GPU quiet gate final-auto/f32_policy_allow_tf32/nt/d128_out_proj/contiguous/cublas_fast_tf32/graph/ab: uuid=GPU-d1edd7be-e88d-aed6-047d-622163306f0e gpu_util=0% memory_util=0% used=758MiB sm_clock=1800MHz temperature=48C pstate=P2; quiet_samples=5
GPU quiet gate final-auto/f32_policy_allow_tf32/nt/d128_out_proj/contiguous/cublas_fast_tf32/graph/ab: uuid=GPU-d1edd7be-e88d-aed6-047d-622163306f0e gpu_util=0% memory_util=0% used=758MiB sm_clock=1800MHz temperature=48C pstate=P2; quiet_samples=5
GPU quiet gate final-auto/f32_policy_allow_tf32/nt/d128_out_proj/contiguous/cublas_fast_tf32/graph/ba: uuid=GPU-d1edd7be-e88d-aed6-047d-622163306f0e gpu_util=0% memory_util=0% used=758MiB sm_clock=1800MHz temperature=48C pstate=P2; quiet_samples=5
GPU quiet gate final-auto/f32_policy_allow_tf32/nt/d128_out_proj/contiguous/cublas_fast_tf32/graph/ba: uuid=GPU-d1edd7be-e88d-aed6-047d-622163306f0e gpu_util=0% memory_util=0% used=758MiB sm_clock=1800MHz temperature=48C pstate=P2; quiet_samples=5
GPU quiet gate final-auto/bf16_policy_tc/nt/d128_out_proj/contiguous/cublas_fast/eager/ab: uuid=GPU-d1edd7be-e88d-aed6-047d-622163306f0e gpu_util=0% memory_util=0% used=758MiB sm_clock=1800MHz temperature=48C pstate=P2; quiet_samples=5
GPU quiet gate final-auto/bf16_policy_tc/nt/d128_out_proj/contiguous/cublas_fast/eager/ab: uuid=GPU-d1edd7be-e88d-aed6-047d-622163306f0e gpu_util=0% memory_util=0% used=758MiB sm_clock=1800MHz temperature=48C pstate=P2; quiet_samples=5
GPU quiet gate final-auto/bf16_policy_tc/nt/d128_out_proj/contiguous/cublas_fast/eager/ba: uuid=GPU-d1edd7be-e88d-aed6-047d-622163306f0e gpu_util=0% memory_util=0% used=758MiB sm_clock=1800MHz temperature=48C pstate=P2; quiet_samples=5
GPU quiet gate final-auto/bf16_policy_tc/nt/d128_out_proj/contiguous/cublas_fast/eager/ba: uuid=GPU-d1edd7be-e88d-aed6-047d-622163306f0e gpu_util=0% memory_util=0% used=758MiB sm_clock=1800MHz temperature=47C pstate=P2; quiet_samples=5
GPU quiet gate final-auto/bf16_policy_tc/nt/d128_out_proj/contiguous/cublas_fast/graph/ab: uuid=GPU-d1edd7be-e88d-aed6-047d-622163306f0e gpu_util=0% memory_util=0% used=758MiB sm_clock=1800MHz temperature=47C pstate=P2; quiet_samples=5
GPU quiet gate final-auto/bf16_policy_tc/nt/d128_out_proj/contiguous/cublas_fast/graph/ab: uuid=GPU-d1edd7be-e88d-aed6-047d-622163306f0e gpu_util=0% memory_util=0% used=758MiB sm_clock=1800MHz temperature=47C pstate=P2; quiet_samples=5
GPU quiet gate final-auto/bf16_policy_tc/nt/d128_out_proj/contiguous/cublas_fast/graph/ba: uuid=GPU-d1edd7be-e88d-aed6-047d-622163306f0e gpu_util=0% memory_util=0% used=758MiB sm_clock=1800MHz temperature=48C pstate=P2; quiet_samples=5
GPU quiet gate final-auto/bf16_policy_tc/nt/d128_out_proj/contiguous/cublas_fast/graph/ba: uuid=GPU-d1edd7be-e88d-aed6-047d-622163306f0e gpu_util=0% memory_util=0% used=758MiB sm_clock=1800MHz temperature=48C pstate=P2; quiet_samples=5
GPU quiet gate final-auto/f16_policy_tc/nt/d128_out_proj/contiguous/cublas_fast/eager/ab: uuid=GPU-d1edd7be-e88d-aed6-047d-622163306f0e gpu_util=0% memory_util=0% used=758MiB sm_clock=1800MHz temperature=47C pstate=P2; quiet_samples=5
GPU quiet gate final-auto/f16_policy_tc/nt/d128_out_proj/contiguous/cublas_fast/eager/ab: uuid=GPU-d1edd7be-e88d-aed6-047d-622163306f0e gpu_util=0% memory_util=0% used=758MiB sm_clock=1800MHz temperature=47C pstate=P2; quiet_samples=5
GPU quiet gate final-auto/f16_policy_tc/nt/d128_out_proj/contiguous/cublas_fast/eager/ba: uuid=GPU-d1edd7be-e88d-aed6-047d-622163306f0e gpu_util=0% memory_util=0% used=758MiB sm_clock=1800MHz temperature=47C pstate=P2; quiet_samples=5
GPU quiet gate final-auto/f16_policy_tc/nt/d128_out_proj/contiguous/cublas_fast/eager/ba: uuid=GPU-d1edd7be-e88d-aed6-047d-622163306f0e gpu_util=0% memory_util=0% used=758MiB sm_clock=1800MHz temperature=47C pstate=P2; quiet_samples=5
GPU quiet gate final-auto/f16_policy_tc/nt/d128_out_proj/contiguous/cublas_fast/graph/ab: uuid=GPU-d1edd7be-e88d-aed6-047d-622163306f0e gpu_util=0% memory_util=0% used=758MiB sm_clock=1800MHz temperature=47C pstate=P2; quiet_samples=5
GPU quiet gate final-auto/f16_policy_tc/nt/d128_out_proj/contiguous/cublas_fast/graph/ab: uuid=GPU-d1edd7be-e88d-aed6-047d-622163306f0e gpu_util=0% memory_util=0% used=758MiB sm_clock=1800MHz temperature=47C pstate=P2; quiet_samples=5
GPU quiet gate final-auto/f16_policy_tc/nt/d128_out_proj/contiguous/cublas_fast/graph/ba: uuid=GPU-d1edd7be-e88d-aed6-047d-622163306f0e gpu_util=0% memory_util=0% used=758MiB sm_clock=1800MHz temperature=47C pstate=P2; quiet_samples=5
GPU quiet gate final-auto/f16_policy_tc/nt/d128_out_proj/contiguous/cublas_fast/graph/ba: uuid=GPU-d1edd7be-e88d-aed6-047d-622163306f0e gpu_util=0% memory_util=0% used=758MiB sm_clock=1800MHz temperature=47C pstate=P2; quiet_samples=5
GPU quiet gate final-auto/f32_policy_exact/nn/d768_in_proj/contiguous/cublas_fast_tf32/eager/ab: uuid=GPU-d1edd7be-e88d-aed6-047d-622163306f0e gpu_util=0% memory_util=0% used=854MiB sm_clock=1800MHz temperature=47C pstate=P2; quiet_samples=5
GPU quiet gate final-auto/f32_policy_exact/nn/d768_in_proj/contiguous/cublas_fast_tf32/eager/ab: uuid=GPU-d1edd7be-e88d-aed6-047d-622163306f0e gpu_util=0% memory_util=0% used=854MiB sm_clock=1800MHz temperature=48C pstate=P2; quiet_samples=5
GPU quiet gate final-auto/f32_policy_exact/nn/d768_in_proj/contiguous/cublas_fast_tf32/eager/ba: uuid=GPU-d1edd7be-e88d-aed6-047d-622163306f0e gpu_util=0% memory_util=0% used=854MiB sm_clock=1800MHz temperature=48C pstate=P2; quiet_samples=5
GPU quiet gate final-auto/f32_policy_exact/nn/d768_in_proj/contiguous/cublas_fast_tf32/eager/ba: uuid=GPU-d1edd7be-e88d-aed6-047d-622163306f0e gpu_util=0% memory_util=0% used=854MiB sm_clock=1800MHz temperature=48C pstate=P2; quiet_samples=5
GPU quiet gate final-auto/f32_policy_exact/nn/d768_in_proj/contiguous/cublas_fast_tf32/graph/ab: uuid=GPU-d1edd7be-e88d-aed6-047d-622163306f0e gpu_util=0% memory_util=0% used=854MiB sm_clock=1800MHz temperature=48C pstate=P2; quiet_samples=5
GPU quiet gate final-auto/f32_policy_exact/nn/d768_in_proj/contiguous/cublas_fast_tf32/graph/ab: uuid=GPU-d1edd7be-e88d-aed6-047d-622163306f0e gpu_util=0% memory_util=0% used=854MiB sm_clock=1800MHz temperature=48C pstate=P2; quiet_samples=5
GPU quiet gate final-auto/f32_policy_exact/nn/d768_in_proj/contiguous/cublas_fast_tf32/graph/ba: uuid=GPU-d1edd7be-e88d-aed6-047d-622163306f0e gpu_util=0% memory_util=0% used=854MiB sm_clock=1800MHz temperature=48C pstate=P2; quiet_samples=5
GPU quiet gate final-auto/f32_policy_exact/nn/d768_in_proj/contiguous/cublas_fast_tf32/graph/ba: uuid=GPU-d1edd7be-e88d-aed6-047d-622163306f0e gpu_util=0% memory_util=0% used=854MiB sm_clock=1800MHz temperature=49C pstate=P2; quiet_samples=5
GPU quiet gate final-auto/f32_policy_exact/nn/d768_in_proj/contiguous/cublas_pedantic/eager/ab: uuid=GPU-d1edd7be-e88d-aed6-047d-622163306f0e gpu_util=0% memory_util=0% used=854MiB sm_clock=1800MHz temperature=48C pstate=P2; quiet_samples=5
GPU quiet gate final-auto/f32_policy_exact/nn/d768_in_proj/contiguous/cublas_pedantic/eager/ab: uuid=GPU-d1edd7be-e88d-aed6-047d-622163306f0e gpu_util=0% memory_util=0% used=854MiB sm_clock=1800MHz temperature=49C pstate=P2; quiet_samples=5
GPU quiet gate final-auto/f32_policy_exact/nn/d768_in_proj/contiguous/cublas_pedantic/eager/ba: uuid=GPU-d1edd7be-e88d-aed6-047d-622163306f0e gpu_util=0% memory_util=0% used=854MiB sm_clock=1800MHz temperature=49C pstate=P2; quiet_samples=5
GPU quiet gate final-auto/f32_policy_exact/nn/d768_in_proj/contiguous/cublas_pedantic/eager/ba: uuid=GPU-d1edd7be-e88d-aed6-047d-622163306f0e gpu_util=0% memory_util=0% used=854MiB sm_clock=1800MHz temperature=49C pstate=P2; quiet_samples=5
GPU quiet gate final-auto/f32_policy_exact/nn/d768_in_proj/contiguous/cublas_pedantic/graph/ab: uuid=GPU-d1edd7be-e88d-aed6-047d-622163306f0e gpu_util=0% memory_util=0% used=854MiB sm_clock=1800MHz temperature=49C pstate=P2; quiet_samples=5
GPU quiet gate final-auto/f32_policy_exact/nn/d768_in_proj/contiguous/cublas_pedantic/graph/ab: uuid=GPU-d1edd7be-e88d-aed6-047d-622163306f0e gpu_util=0% memory_util=0% used=854MiB sm_clock=1800MHz temperature=49C pstate=P2; quiet_samples=5
GPU quiet gate final-auto/f32_policy_exact/nn/d768_in_proj/contiguous/cublas_pedantic/graph/ba: uuid=GPU-d1edd7be-e88d-aed6-047d-622163306f0e gpu_util=0% memory_util=0% used=854MiB sm_clock=1800MHz temperature=49C pstate=P2; quiet_samples=5
GPU quiet gate final-auto/f32_policy_exact/nn/d768_in_proj/contiguous/cublas_pedantic/graph/ba: uuid=GPU-d1edd7be-e88d-aed6-047d-622163306f0e gpu_util=0% memory_util=0% used=854MiB sm_clock=1800MHz temperature=49C pstate=P2; quiet_samples=5
GPU quiet gate final-auto/f32_policy_allow_tf32/nn/d768_in_proj/contiguous/cublas_fast_tf32/eager/ab: uuid=GPU-d1edd7be-e88d-aed6-047d-622163306f0e gpu_util=0% memory_util=0% used=854MiB sm_clock=1800MHz temperature=49C pstate=P2; quiet_samples=5
GPU quiet gate final-auto/f32_policy_allow_tf32/nn/d768_in_proj/contiguous/cublas_fast_tf32/eager/ab: uuid=GPU-d1edd7be-e88d-aed6-047d-622163306f0e gpu_util=0% memory_util=0% used=854MiB sm_clock=1800MHz temperature=49C pstate=P2; quiet_samples=5
GPU quiet gate final-auto/f32_policy_allow_tf32/nn/d768_in_proj/contiguous/cublas_fast_tf32/eager/ba: uuid=GPU-d1edd7be-e88d-aed6-047d-622163306f0e gpu_util=0% memory_util=0% used=854MiB sm_clock=1800MHz temperature=49C pstate=P2; quiet_samples=5
GPU quiet gate final-auto/f32_policy_allow_tf32/nn/d768_in_proj/contiguous/cublas_fast_tf32/eager/ba: uuid=GPU-d1edd7be-e88d-aed6-047d-622163306f0e gpu_util=0% memory_util=0% used=854MiB sm_clock=1800MHz temperature=49C pstate=P2; quiet_samples=5
GPU quiet gate final-auto/f32_policy_allow_tf32/nn/d768_in_proj/contiguous/cublas_fast_tf32/graph/ab: uuid=GPU-d1edd7be-e88d-aed6-047d-622163306f0e gpu_util=0% memory_util=0% used=854MiB sm_clock=1800MHz temperature=49C pstate=P2; quiet_samples=5
GPU quiet gate final-auto/f32_policy_allow_tf32/nn/d768_in_proj/contiguous/cublas_fast_tf32/graph/ab: uuid=GPU-d1edd7be-e88d-aed6-047d-622163306f0e gpu_util=0% memory_util=0% used=854MiB sm_clock=1800MHz temperature=50C pstate=P2; quiet_samples=5
GPU quiet gate final-auto/f32_policy_allow_tf32/nn/d768_in_proj/contiguous/cublas_fast_tf32/graph/ba: uuid=GPU-d1edd7be-e88d-aed6-047d-622163306f0e gpu_util=0% memory_util=0% used=854MiB sm_clock=1800MHz temperature=49C pstate=P2; quiet_samples=5
GPU quiet gate final-auto/f32_policy_allow_tf32/nn/d768_in_proj/contiguous/cublas_fast_tf32/graph/ba: uuid=GPU-d1edd7be-e88d-aed6-047d-622163306f0e gpu_util=0% memory_util=0% used=854MiB sm_clock=1800MHz temperature=50C pstate=P2; quiet_samples=5
GPU quiet gate final-auto/bf16_policy_tc/nn/d768_in_proj/contiguous/cublas_fast/eager/ab: uuid=GPU-d1edd7be-e88d-aed6-047d-622163306f0e gpu_util=0% memory_util=0% used=822MiB sm_clock=1800MHz temperature=49C pstate=P2; quiet_samples=5
GPU quiet gate final-auto/bf16_policy_tc/nn/d768_in_proj/contiguous/cublas_fast/eager/ab: uuid=GPU-d1edd7be-e88d-aed6-047d-622163306f0e gpu_util=0% memory_util=0% used=822MiB sm_clock=1800MHz temperature=50C pstate=P2; quiet_samples=5
GPU quiet gate final-auto/bf16_policy_tc/nn/d768_in_proj/contiguous/cublas_fast/eager/ba: uuid=GPU-d1edd7be-e88d-aed6-047d-622163306f0e gpu_util=0% memory_util=0% used=822MiB sm_clock=1800MHz temperature=50C pstate=P2; quiet_samples=5
GPU quiet gate final-auto/bf16_policy_tc/nn/d768_in_proj/contiguous/cublas_fast/eager/ba: uuid=GPU-d1edd7be-e88d-aed6-047d-622163306f0e gpu_util=0% memory_util=0% used=822MiB sm_clock=1800MHz temperature=50C pstate=P2; quiet_samples=5
GPU quiet gate final-auto/bf16_policy_tc/nn/d768_in_proj/contiguous/cublas_fast/graph/ab: uuid=GPU-d1edd7be-e88d-aed6-047d-622163306f0e gpu_util=0% memory_util=0% used=822MiB sm_clock=1800MHz temperature=50C pstate=P2; quiet_samples=5
GPU quiet gate final-auto/bf16_policy_tc/nn/d768_in_proj/contiguous/cublas_fast/graph/ab: uuid=GPU-d1edd7be-e88d-aed6-047d-622163306f0e gpu_util=0% memory_util=0% used=822MiB sm_clock=1800MHz temperature=50C pstate=P2; quiet_samples=5
GPU quiet gate final-auto/bf16_policy_tc/nn/d768_in_proj/contiguous/cublas_fast/graph/ba: uuid=GPU-d1edd7be-e88d-aed6-047d-622163306f0e gpu_util=0% memory_util=0% used=822MiB sm_clock=1800MHz temperature=50C pstate=P2; quiet_samples=5
GPU quiet gate final-auto/bf16_policy_tc/nn/d768_in_proj/contiguous/cublas_fast/graph/ba: uuid=GPU-d1edd7be-e88d-aed6-047d-622163306f0e gpu_util=0% memory_util=0% used=822MiB sm_clock=1800MHz temperature=50C pstate=P2; quiet_samples=5
GPU quiet gate final-auto/f16_policy_tc/nn/d768_in_proj/contiguous/cublas_fast/eager/ab: uuid=GPU-d1edd7be-e88d-aed6-047d-622163306f0e gpu_util=0% memory_util=0% used=822MiB sm_clock=1800MHz temperature=50C pstate=P2; quiet_samples=5
GPU quiet gate final-auto/f16_policy_tc/nn/d768_in_proj/contiguous/cublas_fast/eager/ab: uuid=GPU-d1edd7be-e88d-aed6-047d-622163306f0e gpu_util=0% memory_util=0% used=822MiB sm_clock=1800MHz temperature=50C pstate=P2; quiet_samples=5
GPU quiet gate final-auto/f16_policy_tc/nn/d768_in_proj/contiguous/cublas_fast/eager/ba: uuid=GPU-d1edd7be-e88d-aed6-047d-622163306f0e gpu_util=0% memory_util=0% used=822MiB sm_clock=1800MHz temperature=50C pstate=P2; quiet_samples=5
GPU quiet gate final-auto/f16_policy_tc/nn/d768_in_proj/contiguous/cublas_fast/eager/ba: uuid=GPU-d1edd7be-e88d-aed6-047d-622163306f0e gpu_util=0% memory_util=0% used=822MiB sm_clock=1800MHz temperature=50C pstate=P2; quiet_samples=5
GPU quiet gate final-auto/f16_policy_tc/nn/d768_in_proj/contiguous/cublas_fast/graph/ab: uuid=GPU-d1edd7be-e88d-aed6-047d-622163306f0e gpu_util=0% memory_util=0% used=822MiB sm_clock=1800MHz temperature=50C pstate=P2; quiet_samples=5
GPU quiet gate final-auto/f16_policy_tc/nn/d768_in_proj/contiguous/cublas_fast/graph/ab: uuid=GPU-d1edd7be-e88d-aed6-047d-622163306f0e gpu_util=0% memory_util=0% used=822MiB sm_clock=1800MHz temperature=50C pstate=P2; quiet_samples=5
GPU quiet gate final-auto/f16_policy_tc/nn/d768_in_proj/contiguous/cublas_fast/graph/ba: uuid=GPU-d1edd7be-e88d-aed6-047d-622163306f0e gpu_util=0% memory_util=0% used=822MiB sm_clock=1800MHz temperature=50C pstate=P2; quiet_samples=5
GPU quiet gate final-auto/f16_policy_tc/nn/d768_in_proj/contiguous/cublas_fast/graph/ba: uuid=GPU-d1edd7be-e88d-aed6-047d-622163306f0e gpu_util=0% memory_util=0% used=822MiB sm_clock=1800MHz temperature=50C pstate=P2; quiet_samples=5
GPU quiet gate final-auto/f32_policy_exact/tn/d768_in_proj/contiguous/cublas_fast_tf32/eager/ab: uuid=GPU-d1edd7be-e88d-aed6-047d-622163306f0e gpu_util=0% memory_util=0% used=854MiB sm_clock=1800MHz temperature=50C pstate=P2; quiet_samples=5
GPU quiet gate final-auto/f32_policy_exact/tn/d768_in_proj/contiguous/cublas_fast_tf32/eager/ab: uuid=GPU-d1edd7be-e88d-aed6-047d-622163306f0e gpu_util=0% memory_util=0% used=854MiB sm_clock=1800MHz temperature=50C pstate=P2; quiet_samples=5
GPU quiet gate final-auto/f32_policy_exact/tn/d768_in_proj/contiguous/cublas_fast_tf32/eager/ba: uuid=GPU-d1edd7be-e88d-aed6-047d-622163306f0e gpu_util=0% memory_util=0% used=854MiB sm_clock=1800MHz temperature=50C pstate=P2; quiet_samples=5
GPU quiet gate final-auto/f32_policy_exact/tn/d768_in_proj/contiguous/cublas_fast_tf32/eager/ba: uuid=GPU-d1edd7be-e88d-aed6-047d-622163306f0e gpu_util=0% memory_util=0% used=854MiB sm_clock=1800MHz temperature=50C pstate=P2; quiet_samples=5
GPU quiet gate final-auto/f32_policy_exact/tn/d768_in_proj/contiguous/cublas_fast_tf32/graph/ab: uuid=GPU-d1edd7be-e88d-aed6-047d-622163306f0e gpu_util=0% memory_util=0% used=854MiB sm_clock=1800MHz temperature=50C pstate=P2; quiet_samples=5
GPU quiet gate final-auto/f32_policy_exact/tn/d768_in_proj/contiguous/cublas_fast_tf32/graph/ab: uuid=GPU-d1edd7be-e88d-aed6-047d-622163306f0e gpu_util=0% memory_util=0% used=854MiB sm_clock=1800MHz temperature=50C pstate=P2; quiet_samples=5
GPU quiet gate final-auto/f32_policy_exact/tn/d768_in_proj/contiguous/cublas_fast_tf32/graph/ba: uuid=GPU-d1edd7be-e88d-aed6-047d-622163306f0e gpu_util=0% memory_util=0% used=854MiB sm_clock=1800MHz temperature=50C pstate=P2; quiet_samples=5
GPU quiet gate final-auto/f32_policy_exact/tn/d768_in_proj/contiguous/cublas_fast_tf32/graph/ba: uuid=GPU-d1edd7be-e88d-aed6-047d-622163306f0e gpu_util=0% memory_util=0% used=854MiB sm_clock=1800MHz temperature=50C pstate=P2; quiet_samples=5
GPU quiet gate final-auto/f32_policy_exact/tn/d768_in_proj/contiguous/cublas_pedantic/eager/ab: uuid=GPU-d1edd7be-e88d-aed6-047d-622163306f0e gpu_util=0% memory_util=0% used=854MiB sm_clock=1800MHz temperature=50C pstate=P2; quiet_samples=5
GPU quiet gate final-auto/f32_policy_exact/tn/d768_in_proj/contiguous/cublas_pedantic/eager/ab: uuid=GPU-d1edd7be-e88d-aed6-047d-622163306f0e gpu_util=0% memory_util=0% used=854MiB sm_clock=1800MHz temperature=50C pstate=P2; quiet_samples=5
GPU quiet gate final-auto/f32_policy_exact/tn/d768_in_proj/contiguous/cublas_pedantic/eager/ba: uuid=GPU-d1edd7be-e88d-aed6-047d-622163306f0e gpu_util=0% memory_util=0% used=854MiB sm_clock=1800MHz temperature=50C pstate=P2; quiet_samples=5
GPU quiet gate final-auto/f32_policy_exact/tn/d768_in_proj/contiguous/cublas_pedantic/eager/ba: uuid=GPU-d1edd7be-e88d-aed6-047d-622163306f0e gpu_util=0% memory_util=0% used=854MiB sm_clock=1800MHz temperature=51C pstate=P2; quiet_samples=5
GPU quiet gate final-auto/f32_policy_exact/tn/d768_in_proj/contiguous/cublas_pedantic/graph/ab: uuid=GPU-d1edd7be-e88d-aed6-047d-622163306f0e gpu_util=0% memory_util=0% used=854MiB sm_clock=1800MHz temperature=50C pstate=P2; quiet_samples=5
GPU quiet gate final-auto/f32_policy_exact/tn/d768_in_proj/contiguous/cublas_pedantic/graph/ab: uuid=GPU-d1edd7be-e88d-aed6-047d-622163306f0e gpu_util=0% memory_util=0% used=854MiB sm_clock=1800MHz temperature=51C pstate=P2; quiet_samples=5
GPU quiet gate final-auto/f32_policy_exact/tn/d768_in_proj/contiguous/cublas_pedantic/graph/ba: uuid=GPU-d1edd7be-e88d-aed6-047d-622163306f0e gpu_util=0% memory_util=0% used=854MiB sm_clock=1800MHz temperature=51C pstate=P2; quiet_samples=5
GPU quiet gate final-auto/f32_policy_exact/tn/d768_in_proj/contiguous/cublas_pedantic/graph/ba: uuid=GPU-d1edd7be-e88d-aed6-047d-622163306f0e gpu_util=0% memory_util=0% used=854MiB sm_clock=1800MHz temperature=51C pstate=P2; quiet_samples=5
GPU quiet gate final-auto/f32_policy_allow_tf32/tn/d768_in_proj/contiguous/cublas_fast_tf32/eager/ab: uuid=GPU-d1edd7be-e88d-aed6-047d-622163306f0e gpu_util=0% memory_util=0% used=854MiB sm_clock=1800MHz temperature=51C pstate=P2; quiet_samples=5
GPU quiet gate final-auto/f32_policy_allow_tf32/tn/d768_in_proj/contiguous/cublas_fast_tf32/eager/ab: uuid=GPU-d1edd7be-e88d-aed6-047d-622163306f0e gpu_util=0% memory_util=0% used=854MiB sm_clock=1800MHz temperature=51C pstate=P2; quiet_samples=5
GPU quiet gate final-auto/f32_policy_allow_tf32/tn/d768_in_proj/contiguous/cublas_fast_tf32/eager/ba: uuid=GPU-d1edd7be-e88d-aed6-047d-622163306f0e gpu_util=0% memory_util=0% used=854MiB sm_clock=1800MHz temperature=51C pstate=P2; quiet_samples=5
GPU quiet gate final-auto/f32_policy_allow_tf32/tn/d768_in_proj/contiguous/cublas_fast_tf32/eager/ba: uuid=GPU-d1edd7be-e88d-aed6-047d-622163306f0e gpu_util=0% memory_util=0% used=854MiB sm_clock=1800MHz temperature=51C pstate=P2; quiet_samples=5
GPU quiet gate final-auto/f32_policy_allow_tf32/tn/d768_in_proj/contiguous/cublas_fast_tf32/graph/ab: uuid=GPU-d1edd7be-e88d-aed6-047d-622163306f0e gpu_util=0% memory_util=0% used=854MiB sm_clock=1800MHz temperature=51C pstate=P2; quiet_samples=5
GPU quiet gate final-auto/f32_policy_allow_tf32/tn/d768_in_proj/contiguous/cublas_fast_tf32/graph/ab: uuid=GPU-d1edd7be-e88d-aed6-047d-622163306f0e gpu_util=0% memory_util=0% used=854MiB sm_clock=1800MHz temperature=51C pstate=P2; quiet_samples=5
GPU quiet gate final-auto/f32_policy_allow_tf32/tn/d768_in_proj/contiguous/cublas_fast_tf32/graph/ba: uuid=GPU-d1edd7be-e88d-aed6-047d-622163306f0e gpu_util=0% memory_util=0% used=854MiB sm_clock=1800MHz temperature=51C pstate=P2; quiet_samples=5
GPU quiet gate final-auto/f32_policy_allow_tf32/tn/d768_in_proj/contiguous/cublas_fast_tf32/graph/ba: uuid=GPU-d1edd7be-e88d-aed6-047d-622163306f0e gpu_util=0% memory_util=0% used=854MiB sm_clock=1800MHz temperature=51C pstate=P2; quiet_samples=5
GPU quiet gate final-auto/bf16_policy_tc/tn/d768_in_proj/contiguous/cublas_fast/eager/ab: uuid=GPU-d1edd7be-e88d-aed6-047d-622163306f0e gpu_util=0% memory_util=0% used=822MiB sm_clock=1800MHz temperature=50C pstate=P2; quiet_samples=5
GPU quiet gate final-auto/bf16_policy_tc/tn/d768_in_proj/contiguous/cublas_fast/eager/ab: uuid=GPU-d1edd7be-e88d-aed6-047d-622163306f0e gpu_util=0% memory_util=0% used=822MiB sm_clock=1800MHz temperature=51C pstate=P2; quiet_samples=5
GPU quiet gate final-auto/bf16_policy_tc/tn/d768_in_proj/contiguous/cublas_fast/eager/ba: uuid=GPU-d1edd7be-e88d-aed6-047d-622163306f0e gpu_util=0% memory_util=0% used=822MiB sm_clock=1800MHz temperature=51C pstate=P2; quiet_samples=5
GPU quiet gate final-auto/bf16_policy_tc/tn/d768_in_proj/contiguous/cublas_fast/eager/ba: uuid=GPU-d1edd7be-e88d-aed6-047d-622163306f0e gpu_util=0% memory_util=0% used=822MiB sm_clock=1800MHz temperature=51C pstate=P2; quiet_samples=5
GPU quiet gate final-auto/bf16_policy_tc/tn/d768_in_proj/contiguous/cublas_fast/graph/ab: uuid=GPU-d1edd7be-e88d-aed6-047d-622163306f0e gpu_util=0% memory_util=0% used=822MiB sm_clock=1800MHz temperature=51C pstate=P2; quiet_samples=5
GPU quiet gate final-auto/bf16_policy_tc/tn/d768_in_proj/contiguous/cublas_fast/graph/ab: uuid=GPU-d1edd7be-e88d-aed6-047d-622163306f0e gpu_util=0% memory_util=0% used=822MiB sm_clock=1800MHz temperature=51C pstate=P2; quiet_samples=5
GPU quiet gate final-auto/bf16_policy_tc/tn/d768_in_proj/contiguous/cublas_fast/graph/ba: uuid=GPU-d1edd7be-e88d-aed6-047d-622163306f0e gpu_util=0% memory_util=0% used=822MiB sm_clock=1800MHz temperature=51C pstate=P2; quiet_samples=5
GPU quiet gate final-auto/bf16_policy_tc/tn/d768_in_proj/contiguous/cublas_fast/graph/ba: uuid=GPU-d1edd7be-e88d-aed6-047d-622163306f0e gpu_util=0% memory_util=0% used=822MiB sm_clock=1800MHz temperature=51C pstate=P2; quiet_samples=5
GPU quiet gate final-auto/f16_policy_tc/tn/d768_in_proj/contiguous/cublas_fast/eager/ab: uuid=GPU-d1edd7be-e88d-aed6-047d-622163306f0e gpu_util=0% memory_util=0% used=822MiB sm_clock=1800MHz temperature=51C pstate=P2; quiet_samples=5
GPU quiet gate final-auto/f16_policy_tc/tn/d768_in_proj/contiguous/cublas_fast/eager/ab: uuid=GPU-d1edd7be-e88d-aed6-047d-622163306f0e gpu_util=0% memory_util=0% used=822MiB sm_clock=1800MHz temperature=51C pstate=P2; quiet_samples=5
GPU quiet gate final-auto/f16_policy_tc/tn/d768_in_proj/contiguous/cublas_fast/eager/ba: uuid=GPU-d1edd7be-e88d-aed6-047d-622163306f0e gpu_util=0% memory_util=0% used=822MiB sm_clock=1800MHz temperature=51C pstate=P2; quiet_samples=5
GPU quiet gate final-auto/f16_policy_tc/tn/d768_in_proj/contiguous/cublas_fast/eager/ba: uuid=GPU-d1edd7be-e88d-aed6-047d-622163306f0e gpu_util=0% memory_util=0% used=822MiB sm_clock=1800MHz temperature=51C pstate=P2; quiet_samples=5
GPU quiet gate final-auto/f16_policy_tc/tn/d768_in_proj/contiguous/cublas_fast/graph/ab: uuid=GPU-d1edd7be-e88d-aed6-047d-622163306f0e gpu_util=0% memory_util=0% used=822MiB sm_clock=1800MHz temperature=51C pstate=P2; quiet_samples=5
GPU quiet gate final-auto/f16_policy_tc/tn/d768_in_proj/contiguous/cublas_fast/graph/ab: uuid=GPU-d1edd7be-e88d-aed6-047d-622163306f0e gpu_util=0% memory_util=0% used=822MiB sm_clock=1800MHz temperature=51C pstate=P2; quiet_samples=5
GPU quiet gate final-auto/f16_policy_tc/tn/d768_in_proj/contiguous/cublas_fast/graph/ba: uuid=GPU-d1edd7be-e88d-aed6-047d-622163306f0e gpu_util=0% memory_util=0% used=822MiB sm_clock=1800MHz temperature=51C pstate=P2; quiet_samples=5
GPU quiet gate final-auto/f16_policy_tc/tn/d768_in_proj/contiguous/cublas_fast/graph/ba: uuid=GPU-d1edd7be-e88d-aed6-047d-622163306f0e gpu_util=0% memory_util=0% used=822MiB sm_clock=1800MHz temperature=51C pstate=P2; quiet_samples=5
GPU quiet gate final-auto/f32_policy_exact/nt/d768_in_proj/contiguous/cublas_fast_tf32/eager/ab: uuid=GPU-d1edd7be-e88d-aed6-047d-622163306f0e gpu_util=0% memory_util=0% used=854MiB sm_clock=1800MHz temperature=51C pstate=P2; quiet_samples=5
GPU quiet gate final-auto/f32_policy_exact/nt/d768_in_proj/contiguous/cublas_fast_tf32/eager/ab: uuid=GPU-d1edd7be-e88d-aed6-047d-622163306f0e gpu_util=0% memory_util=0% used=854MiB sm_clock=1800MHz temperature=51C pstate=P2; quiet_samples=5
GPU quiet gate final-auto/f32_policy_exact/nt/d768_in_proj/contiguous/cublas_fast_tf32/eager/ba: uuid=GPU-d1edd7be-e88d-aed6-047d-622163306f0e gpu_util=0% memory_util=0% used=854MiB sm_clock=1800MHz temperature=51C pstate=P2; quiet_samples=5
GPU quiet gate final-auto/f32_policy_exact/nt/d768_in_proj/contiguous/cublas_fast_tf32/eager/ba: uuid=GPU-d1edd7be-e88d-aed6-047d-622163306f0e gpu_util=0% memory_util=0% used=854MiB sm_clock=1800MHz temperature=51C pstate=P2; quiet_samples=5
GPU quiet gate final-auto/f32_policy_exact/nt/d768_in_proj/contiguous/cublas_fast_tf32/graph/ab: uuid=GPU-d1edd7be-e88d-aed6-047d-622163306f0e gpu_util=0% memory_util=0% used=854MiB sm_clock=1800MHz temperature=51C pstate=P2; quiet_samples=5
GPU quiet gate final-auto/f32_policy_exact/nt/d768_in_proj/contiguous/cublas_fast_tf32/graph/ab: uuid=GPU-d1edd7be-e88d-aed6-047d-622163306f0e gpu_util=0% memory_util=0% used=854MiB sm_clock=1800MHz temperature=51C pstate=P2; quiet_samples=5
GPU quiet gate final-auto/f32_policy_exact/nt/d768_in_proj/contiguous/cublas_fast_tf32/graph/ba: uuid=GPU-d1edd7be-e88d-aed6-047d-622163306f0e gpu_util=0% memory_util=0% used=854MiB sm_clock=1800MHz temperature=51C pstate=P2; quiet_samples=5
GPU quiet gate final-auto/f32_policy_exact/nt/d768_in_proj/contiguous/cublas_fast_tf32/graph/ba: uuid=GPU-d1edd7be-e88d-aed6-047d-622163306f0e gpu_util=0% memory_util=0% used=854MiB sm_clock=1800MHz temperature=52C pstate=P2; quiet_samples=5
GPU quiet gate final-auto/f32_policy_exact/nt/d768_in_proj/contiguous/cublas_pedantic/eager/ab: uuid=GPU-d1edd7be-e88d-aed6-047d-622163306f0e gpu_util=0% memory_util=0% used=856MiB sm_clock=1800MHz temperature=51C pstate=P2; quiet_samples=5
GPU quiet gate final-auto/f32_policy_exact/nt/d768_in_proj/contiguous/cublas_pedantic/eager/ab: uuid=GPU-d1edd7be-e88d-aed6-047d-622163306f0e gpu_util=0% memory_util=0% used=856MiB sm_clock=1800MHz temperature=52C pstate=P2; quiet_samples=5
GPU quiet gate final-auto/f32_policy_exact/nt/d768_in_proj/contiguous/cublas_pedantic/eager/ba: uuid=GPU-d1edd7be-e88d-aed6-047d-622163306f0e gpu_util=0% memory_util=0% used=856MiB sm_clock=1800MHz temperature=52C pstate=P2; quiet_samples=5
GPU quiet gate final-auto/f32_policy_exact/nt/d768_in_proj/contiguous/cublas_pedantic/eager/ba: uuid=GPU-d1edd7be-e88d-aed6-047d-622163306f0e gpu_util=0% memory_util=0% used=856MiB sm_clock=1800MHz temperature=52C pstate=P2; quiet_samples=5
GPU quiet gate final-auto/f32_policy_exact/nt/d768_in_proj/contiguous/cublas_pedantic/graph/ab: uuid=GPU-d1edd7be-e88d-aed6-047d-622163306f0e gpu_util=0% memory_util=0% used=856MiB sm_clock=1800MHz temperature=52C pstate=P2; quiet_samples=5
GPU quiet gate final-auto/f32_policy_exact/nt/d768_in_proj/contiguous/cublas_pedantic/graph/ab: uuid=GPU-d1edd7be-e88d-aed6-047d-622163306f0e gpu_util=0% memory_util=0% used=856MiB sm_clock=1800MHz temperature=52C pstate=P2; quiet_samples=5
GPU quiet gate final-auto/f32_policy_exact/nt/d768_in_proj/contiguous/cublas_pedantic/graph/ba: uuid=GPU-d1edd7be-e88d-aed6-047d-622163306f0e gpu_util=0% memory_util=0% used=856MiB sm_clock=1800MHz temperature=52C pstate=P2; quiet_samples=5
GPU quiet gate final-auto/f32_policy_exact/nt/d768_in_proj/contiguous/cublas_pedantic/graph/ba: uuid=GPU-d1edd7be-e88d-aed6-047d-622163306f0e gpu_util=0% memory_util=0% used=856MiB sm_clock=1800MHz temperature=52C pstate=P2; quiet_samples=5
GPU quiet gate final-auto/f32_policy_allow_tf32/nt/d768_in_proj/contiguous/cublas_fast_tf32/eager/ab: uuid=GPU-d1edd7be-e88d-aed6-047d-622163306f0e gpu_util=0% memory_util=0% used=856MiB sm_clock=1800MHz temperature=52C pstate=P2; quiet_samples=5
GPU quiet gate final-auto/f32_policy_allow_tf32/nt/d768_in_proj/contiguous/cublas_fast_tf32/eager/ab: uuid=GPU-d1edd7be-e88d-aed6-047d-622163306f0e gpu_util=0% memory_util=0% used=856MiB sm_clock=1800MHz temperature=52C pstate=P2; quiet_samples=5
GPU quiet gate final-auto/f32_policy_allow_tf32/nt/d768_in_proj/contiguous/cublas_fast_tf32/eager/ba: uuid=GPU-d1edd7be-e88d-aed6-047d-622163306f0e gpu_util=0% memory_util=0% used=856MiB sm_clock=1800MHz temperature=52C pstate=P2; quiet_samples=5
GPU quiet gate final-auto/f32_policy_allow_tf32/nt/d768_in_proj/contiguous/cublas_fast_tf32/eager/ba: uuid=GPU-d1edd7be-e88d-aed6-047d-622163306f0e gpu_util=0% memory_util=0% used=856MiB sm_clock=1800MHz temperature=52C pstate=P2; quiet_samples=5
GPU quiet gate final-auto/f32_policy_allow_tf32/nt/d768_in_proj/contiguous/cublas_fast_tf32/graph/ab: uuid=GPU-d1edd7be-e88d-aed6-047d-622163306f0e gpu_util=0% memory_util=0% used=856MiB sm_clock=1800MHz temperature=52C pstate=P2; quiet_samples=5
GPU quiet gate final-auto/f32_policy_allow_tf32/nt/d768_in_proj/contiguous/cublas_fast_tf32/graph/ab: uuid=GPU-d1edd7be-e88d-aed6-047d-622163306f0e gpu_util=0% memory_util=0% used=856MiB sm_clock=1800MHz temperature=52C pstate=P2; quiet_samples=5
GPU quiet gate final-auto/f32_policy_allow_tf32/nt/d768_in_proj/contiguous/cublas_fast_tf32/graph/ba: uuid=GPU-d1edd7be-e88d-aed6-047d-622163306f0e gpu_util=0% memory_util=0% used=856MiB sm_clock=1800MHz temperature=52C pstate=P2; quiet_samples=5
GPU quiet gate final-auto/f32_policy_allow_tf32/nt/d768_in_proj/contiguous/cublas_fast_tf32/graph/ba: uuid=GPU-d1edd7be-e88d-aed6-047d-622163306f0e gpu_util=0% memory_util=0% used=856MiB sm_clock=1800MHz temperature=52C pstate=P2; quiet_samples=5
GPU quiet gate final-auto/bf16_policy_tc/nt/d768_in_proj/contiguous/cublas_fast/eager/ab: uuid=GPU-d1edd7be-e88d-aed6-047d-622163306f0e gpu_util=0% memory_util=0% used=824MiB sm_clock=1800MHz temperature=52C pstate=P2; quiet_samples=5
GPU quiet gate final-auto/bf16_policy_tc/nt/d768_in_proj/contiguous/cublas_fast/eager/ab: uuid=GPU-d1edd7be-e88d-aed6-047d-622163306f0e gpu_util=0% memory_util=0% used=824MiB sm_clock=1800MHz temperature=52C pstate=P2; quiet_samples=5
GPU quiet gate final-auto/bf16_policy_tc/nt/d768_in_proj/contiguous/cublas_fast/eager/ba: uuid=GPU-d1edd7be-e88d-aed6-047d-622163306f0e gpu_util=0% memory_util=0% used=824MiB sm_clock=1800MHz temperature=52C pstate=P2; quiet_samples=5
GPU quiet gate final-auto/bf16_policy_tc/nt/d768_in_proj/contiguous/cublas_fast/eager/ba: uuid=GPU-d1edd7be-e88d-aed6-047d-622163306f0e gpu_util=0% memory_util=0% used=824MiB sm_clock=1800MHz temperature=52C pstate=P2; quiet_samples=5
GPU quiet gate final-auto/bf16_policy_tc/nt/d768_in_proj/contiguous/cublas_fast/graph/ab: uuid=GPU-d1edd7be-e88d-aed6-047d-622163306f0e gpu_util=0% memory_util=0% used=824MiB sm_clock=1800MHz temperature=52C pstate=P2; quiet_samples=5
GPU quiet gate final-auto/bf16_policy_tc/nt/d768_in_proj/contiguous/cublas_fast/graph/ab: uuid=GPU-d1edd7be-e88d-aed6-047d-622163306f0e gpu_util=0% memory_util=0% used=824MiB sm_clock=1800MHz temperature=52C pstate=P2; quiet_samples=5
GPU quiet gate final-auto/bf16_policy_tc/nt/d768_in_proj/contiguous/cublas_fast/graph/ba: uuid=GPU-d1edd7be-e88d-aed6-047d-622163306f0e gpu_util=0% memory_util=0% used=824MiB sm_clock=1800MHz temperature=52C pstate=P2; quiet_samples=5
GPU quiet gate final-auto/bf16_policy_tc/nt/d768_in_proj/contiguous/cublas_fast/graph/ba: uuid=GPU-d1edd7be-e88d-aed6-047d-622163306f0e gpu_util=0% memory_util=0% used=824MiB sm_clock=1800MHz temperature=52C pstate=P2; quiet_samples=5
GPU quiet gate final-auto/f16_policy_tc/nt/d768_in_proj/contiguous/cublas_fast/eager/ab: uuid=GPU-d1edd7be-e88d-aed6-047d-622163306f0e gpu_util=0% memory_util=0% used=824MiB sm_clock=1800MHz temperature=52C pstate=P2; quiet_samples=5
GPU quiet gate final-auto/f16_policy_tc/nt/d768_in_proj/contiguous/cublas_fast/eager/ab: uuid=GPU-d1edd7be-e88d-aed6-047d-622163306f0e gpu_util=0% memory_util=0% used=824MiB sm_clock=1800MHz temperature=52C pstate=P2; quiet_samples=5
GPU quiet gate final-auto/f16_policy_tc/nt/d768_in_proj/contiguous/cublas_fast/eager/ba: uuid=GPU-d1edd7be-e88d-aed6-047d-622163306f0e gpu_util=0% memory_util=0% used=824MiB sm_clock=1800MHz temperature=52C pstate=P2; quiet_samples=5
GPU quiet gate final-auto/f16_policy_tc/nt/d768_in_proj/contiguous/cublas_fast/eager/ba: uuid=GPU-d1edd7be-e88d-aed6-047d-622163306f0e gpu_util=0% memory_util=0% used=824MiB sm_clock=1800MHz temperature=52C pstate=P2; quiet_samples=5
GPU quiet gate final-auto/f16_policy_tc/nt/d768_in_proj/contiguous/cublas_fast/graph/ab: uuid=GPU-d1edd7be-e88d-aed6-047d-622163306f0e gpu_util=0% memory_util=0% used=824MiB sm_clock=1800MHz temperature=52C pstate=P2; quiet_samples=5
GPU quiet gate final-auto/f16_policy_tc/nt/d768_in_proj/contiguous/cublas_fast/graph/ab: uuid=GPU-d1edd7be-e88d-aed6-047d-622163306f0e gpu_util=0% memory_util=0% used=824MiB sm_clock=1800MHz temperature=52C pstate=P2; quiet_samples=5
GPU quiet gate final-auto/f16_policy_tc/nt/d768_in_proj/contiguous/cublas_fast/graph/ba: uuid=GPU-d1edd7be-e88d-aed6-047d-622163306f0e gpu_util=0% memory_util=0% used=824MiB sm_clock=1800MHz temperature=52C pstate=P2; quiet_samples=5
GPU quiet gate final-auto/f16_policy_tc/nt/d768_in_proj/contiguous/cublas_fast/graph/ba: uuid=GPU-d1edd7be-e88d-aed6-047d-622163306f0e gpu_util=0% memory_util=0% used=824MiB sm_clock=1800MHz temperature=52C pstate=P2; quiet_samples=5
GPU quiet gate final-auto/f32_policy_exact/nn/d768_out_proj/contiguous/cublas_fast_tf32/eager/ab: uuid=GPU-d1edd7be-e88d-aed6-047d-622163306f0e gpu_util=0% memory_util=0% used=824MiB sm_clock=1800MHz temperature=52C pstate=P2; quiet_samples=5
GPU quiet gate final-auto/f32_policy_exact/nn/d768_out_proj/contiguous/cublas_fast_tf32/eager/ab: uuid=GPU-d1edd7be-e88d-aed6-047d-622163306f0e gpu_util=0% memory_util=0% used=824MiB sm_clock=1800MHz temperature=52C pstate=P2; quiet_samples=5
GPU quiet gate final-auto/f32_policy_exact/nn/d768_out_proj/contiguous/cublas_fast_tf32/eager/ba: uuid=GPU-d1edd7be-e88d-aed6-047d-622163306f0e gpu_util=0% memory_util=0% used=824MiB sm_clock=1800MHz temperature=53C pstate=P2; quiet_samples=5
GPU quiet gate final-auto/f32_policy_exact/nn/d768_out_proj/contiguous/cublas_fast_tf32/eager/ba: uuid=GPU-d1edd7be-e88d-aed6-047d-622163306f0e gpu_util=0% memory_util=0% used=824MiB sm_clock=1800MHz temperature=53C pstate=P2; quiet_samples=5
GPU quiet gate final-auto/f32_policy_exact/nn/d768_out_proj/contiguous/cublas_fast_tf32/graph/ab: uuid=GPU-d1edd7be-e88d-aed6-047d-622163306f0e gpu_util=0% memory_util=0% used=824MiB sm_clock=1800MHz temperature=53C pstate=P2; quiet_samples=5
GPU quiet gate final-auto/f32_policy_exact/nn/d768_out_proj/contiguous/cublas_fast_tf32/graph/ab: uuid=GPU-d1edd7be-e88d-aed6-047d-622163306f0e gpu_util=0% memory_util=0% used=824MiB sm_clock=1800MHz temperature=53C pstate=P2; quiet_samples=5
GPU quiet gate final-auto/f32_policy_exact/nn/d768_out_proj/contiguous/cublas_fast_tf32/graph/ba: uuid=GPU-d1edd7be-e88d-aed6-047d-622163306f0e gpu_util=0% memory_util=0% used=824MiB sm_clock=1800MHz temperature=53C pstate=P2; quiet_samples=5
GPU quiet gate final-auto/f32_policy_exact/nn/d768_out_proj/contiguous/cublas_fast_tf32/graph/ba: uuid=GPU-d1edd7be-e88d-aed6-047d-622163306f0e gpu_util=0% memory_util=0% used=824MiB sm_clock=1800MHz temperature=53C pstate=P2; quiet_samples=5
GPU quiet gate final-auto/f32_policy_exact/nn/d768_out_proj/contiguous/cublas_pedantic/eager/ab: uuid=GPU-d1edd7be-e88d-aed6-047d-622163306f0e gpu_util=0% memory_util=0% used=824MiB sm_clock=1800MHz temperature=53C pstate=P2; quiet_samples=5
GPU quiet gate final-auto/f32_policy_exact/nn/d768_out_proj/contiguous/cublas_pedantic/eager/ab: uuid=GPU-d1edd7be-e88d-aed6-047d-622163306f0e gpu_util=0% memory_util=0% used=824MiB sm_clock=1800MHz temperature=53C pstate=P2; quiet_samples=5
GPU quiet gate final-auto/f32_policy_exact/nn/d768_out_proj/contiguous/cublas_pedantic/eager/ba: uuid=GPU-d1edd7be-e88d-aed6-047d-622163306f0e gpu_util=0% memory_util=0% used=824MiB sm_clock=1800MHz temperature=53C pstate=P2; quiet_samples=5
GPU quiet gate final-auto/f32_policy_exact/nn/d768_out_proj/contiguous/cublas_pedantic/eager/ba: uuid=GPU-d1edd7be-e88d-aed6-047d-622163306f0e gpu_util=0% memory_util=0% used=824MiB sm_clock=1800MHz temperature=53C pstate=P2; quiet_samples=5
GPU quiet gate final-auto/f32_policy_exact/nn/d768_out_proj/contiguous/cublas_pedantic/graph/ab: uuid=GPU-d1edd7be-e88d-aed6-047d-622163306f0e gpu_util=0% memory_util=0% used=824MiB sm_clock=1800MHz temperature=53C pstate=P2; quiet_samples=5
GPU quiet gate final-auto/f32_policy_exact/nn/d768_out_proj/contiguous/cublas_pedantic/graph/ab: uuid=GPU-d1edd7be-e88d-aed6-047d-622163306f0e gpu_util=0% memory_util=0% used=824MiB sm_clock=1800MHz temperature=53C pstate=P2; quiet_samples=5
GPU quiet gate final-auto/f32_policy_exact/nn/d768_out_proj/contiguous/cublas_pedantic/graph/ba: uuid=GPU-d1edd7be-e88d-aed6-047d-622163306f0e gpu_util=0% memory_util=0% used=824MiB sm_clock=1800MHz temperature=53C pstate=P2; quiet_samples=5
GPU quiet gate final-auto/f32_policy_exact/nn/d768_out_proj/contiguous/cublas_pedantic/graph/ba: uuid=GPU-d1edd7be-e88d-aed6-047d-622163306f0e gpu_util=0% memory_util=0% used=824MiB sm_clock=1800MHz temperature=53C pstate=P2; quiet_samples=5
GPU quiet gate final-auto/f32_policy_allow_tf32/nn/d768_out_proj/contiguous/cublas_fast_tf32/eager/ab: uuid=GPU-d1edd7be-e88d-aed6-047d-622163306f0e gpu_util=0% memory_util=0% used=824MiB sm_clock=1800MHz temperature=53C pstate=P2; quiet_samples=5
GPU quiet gate final-auto/f32_policy_allow_tf32/nn/d768_out_proj/contiguous/cublas_fast_tf32/eager/ab: uuid=GPU-d1edd7be-e88d-aed6-047d-622163306f0e gpu_util=0% memory_util=0% used=824MiB sm_clock=1800MHz temperature=53C pstate=P2; quiet_samples=5
GPU quiet gate final-auto/f32_policy_allow_tf32/nn/d768_out_proj/contiguous/cublas_fast_tf32/eager/ba: uuid=GPU-d1edd7be-e88d-aed6-047d-622163306f0e gpu_util=0% memory_util=0% used=824MiB sm_clock=1800MHz temperature=53C pstate=P2; quiet_samples=5
GPU quiet gate final-auto/f32_policy_allow_tf32/nn/d768_out_proj/contiguous/cublas_fast_tf32/eager/ba: uuid=GPU-d1edd7be-e88d-aed6-047d-622163306f0e gpu_util=0% memory_util=0% used=824MiB sm_clock=1800MHz temperature=53C pstate=P2; quiet_samples=5
GPU quiet gate final-auto/f32_policy_allow_tf32/nn/d768_out_proj/contiguous/cublas_fast_tf32/graph/ab: uuid=GPU-d1edd7be-e88d-aed6-047d-622163306f0e gpu_util=0% memory_util=0% used=824MiB sm_clock=1800MHz temperature=53C pstate=P2; quiet_samples=5
GPU quiet gate final-auto/f32_policy_allow_tf32/nn/d768_out_proj/contiguous/cublas_fast_tf32/graph/ab: uuid=GPU-d1edd7be-e88d-aed6-047d-622163306f0e gpu_util=0% memory_util=0% used=824MiB sm_clock=1800MHz temperature=53C pstate=P2; quiet_samples=5
GPU quiet gate final-auto/f32_policy_allow_tf32/nn/d768_out_proj/contiguous/cublas_fast_tf32/graph/ba: uuid=GPU-d1edd7be-e88d-aed6-047d-622163306f0e gpu_util=0% memory_util=0% used=824MiB sm_clock=1800MHz temperature=53C pstate=P2; quiet_samples=5
GPU quiet gate final-auto/f32_policy_allow_tf32/nn/d768_out_proj/contiguous/cublas_fast_tf32/graph/ba: uuid=GPU-d1edd7be-e88d-aed6-047d-622163306f0e gpu_util=0% memory_util=0% used=824MiB sm_clock=1800MHz temperature=53C pstate=P2; quiet_samples=5
GPU quiet gate final-auto/bf16_policy_tc/nn/d768_out_proj/contiguous/cublas_fast/eager/ab: uuid=GPU-d1edd7be-e88d-aed6-047d-622163306f0e gpu_util=0% memory_util=0% used=824MiB sm_clock=1800MHz temperature=53C pstate=P2; quiet_samples=5
GPU quiet gate final-auto/bf16_policy_tc/nn/d768_out_proj/contiguous/cublas_fast/eager/ab: uuid=GPU-d1edd7be-e88d-aed6-047d-622163306f0e gpu_util=0% memory_util=0% used=824MiB sm_clock=1800MHz temperature=53C pstate=P2; quiet_samples=5
GPU quiet gate final-auto/bf16_policy_tc/nn/d768_out_proj/contiguous/cublas_fast/eager/ba: uuid=GPU-d1edd7be-e88d-aed6-047d-622163306f0e gpu_util=0% memory_util=0% used=824MiB sm_clock=1800MHz temperature=53C pstate=P2; quiet_samples=5
GPU quiet gate final-auto/bf16_policy_tc/nn/d768_out_proj/contiguous/cublas_fast/eager/ba: uuid=GPU-d1edd7be-e88d-aed6-047d-622163306f0e gpu_util=0% memory_util=0% used=824MiB sm_clock=1800MHz temperature=53C pstate=P2; quiet_samples=5
GPU quiet gate final-auto/bf16_policy_tc/nn/d768_out_proj/contiguous/cublas_fast/graph/ab: uuid=GPU-d1edd7be-e88d-aed6-047d-622163306f0e gpu_util=0% memory_util=0% used=824MiB sm_clock=1800MHz temperature=53C pstate=P2; quiet_samples=5
GPU quiet gate final-auto/bf16_policy_tc/nn/d768_out_proj/contiguous/cublas_fast/graph/ab: uuid=GPU-d1edd7be-e88d-aed6-047d-622163306f0e gpu_util=0% memory_util=0% used=824MiB sm_clock=1800MHz temperature=53C pstate=P2; quiet_samples=5
GPU quiet gate final-auto/bf16_policy_tc/nn/d768_out_proj/contiguous/cublas_fast/graph/ba: uuid=GPU-d1edd7be-e88d-aed6-047d-622163306f0e gpu_util=0% memory_util=0% used=824MiB sm_clock=1800MHz temperature=53C pstate=P2; quiet_samples=5
GPU quiet gate final-auto/bf16_policy_tc/nn/d768_out_proj/contiguous/cublas_fast/graph/ba: uuid=GPU-d1edd7be-e88d-aed6-047d-622163306f0e gpu_util=0% memory_util=0% used=824MiB sm_clock=1800MHz temperature=53C pstate=P2; quiet_samples=5
GPU quiet gate final-auto/f16_policy_tc/nn/d768_out_proj/contiguous/cublas_fast/eager/ab: uuid=GPU-d1edd7be-e88d-aed6-047d-622163306f0e gpu_util=0% memory_util=0% used=824MiB sm_clock=1800MHz temperature=53C pstate=P2; quiet_samples=5
GPU quiet gate final-auto/f16_policy_tc/nn/d768_out_proj/contiguous/cublas_fast/eager/ab: uuid=GPU-d1edd7be-e88d-aed6-047d-622163306f0e gpu_util=0% memory_util=0% used=824MiB sm_clock=1800MHz temperature=53C pstate=P2; quiet_samples=5
GPU quiet gate final-auto/f16_policy_tc/nn/d768_out_proj/contiguous/cublas_fast/eager/ba: uuid=GPU-d1edd7be-e88d-aed6-047d-622163306f0e gpu_util=0% memory_util=0% used=824MiB sm_clock=1800MHz temperature=53C pstate=P2; quiet_samples=5
GPU quiet gate final-auto/f16_policy_tc/nn/d768_out_proj/contiguous/cublas_fast/eager/ba: uuid=GPU-d1edd7be-e88d-aed6-047d-622163306f0e gpu_util=0% memory_util=0% used=824MiB sm_clock=1800MHz temperature=53C pstate=P2; quiet_samples=5
GPU quiet gate final-auto/f16_policy_tc/nn/d768_out_proj/contiguous/cublas_fast/graph/ab: uuid=GPU-d1edd7be-e88d-aed6-047d-622163306f0e gpu_util=0% memory_util=0% used=824MiB sm_clock=1800MHz temperature=53C pstate=P2; quiet_samples=5
GPU quiet gate final-auto/f16_policy_tc/nn/d768_out_proj/contiguous/cublas_fast/graph/ab: uuid=GPU-d1edd7be-e88d-aed6-047d-622163306f0e gpu_util=0% memory_util=0% used=824MiB sm_clock=1800MHz temperature=53C pstate=P2; quiet_samples=5
GPU quiet gate final-auto/f16_policy_tc/nn/d768_out_proj/contiguous/cublas_fast/graph/ba: uuid=GPU-d1edd7be-e88d-aed6-047d-622163306f0e gpu_util=0% memory_util=0% used=824MiB sm_clock=1800MHz temperature=53C pstate=P2; quiet_samples=5
GPU quiet gate final-auto/f16_policy_tc/nn/d768_out_proj/contiguous/cublas_fast/graph/ba: uuid=GPU-d1edd7be-e88d-aed6-047d-622163306f0e gpu_util=0% memory_util=0% used=824MiB sm_clock=1800MHz temperature=53C pstate=P2; quiet_samples=5
GPU quiet gate final-auto/f32_policy_exact/tn/d768_out_proj/contiguous/cublas_fast_tf32/eager/ab: uuid=GPU-d1edd7be-e88d-aed6-047d-622163306f0e gpu_util=0% memory_util=0% used=824MiB sm_clock=1800MHz temperature=53C pstate=P2; quiet_samples=5
GPU quiet gate final-auto/f32_policy_exact/tn/d768_out_proj/contiguous/cublas_fast_tf32/eager/ab: uuid=GPU-d1edd7be-e88d-aed6-047d-622163306f0e gpu_util=0% memory_util=0% used=824MiB sm_clock=1800MHz temperature=53C pstate=P2; quiet_samples=5
GPU quiet gate final-auto/f32_policy_exact/tn/d768_out_proj/contiguous/cublas_fast_tf32/eager/ba: uuid=GPU-d1edd7be-e88d-aed6-047d-622163306f0e gpu_util=0% memory_util=0% used=824MiB sm_clock=1800MHz temperature=53C pstate=P2; quiet_samples=5
GPU quiet gate final-auto/f32_policy_exact/tn/d768_out_proj/contiguous/cublas_fast_tf32/eager/ba: uuid=GPU-d1edd7be-e88d-aed6-047d-622163306f0e gpu_util=0% memory_util=0% used=824MiB sm_clock=1800MHz temperature=53C pstate=P2; quiet_samples=5
GPU quiet gate final-auto/f32_policy_exact/tn/d768_out_proj/contiguous/cublas_fast_tf32/graph/ab: uuid=GPU-d1edd7be-e88d-aed6-047d-622163306f0e gpu_util=0% memory_util=0% used=824MiB sm_clock=1800MHz temperature=53C pstate=P2; quiet_samples=5
GPU quiet gate final-auto/f32_policy_exact/tn/d768_out_proj/contiguous/cublas_fast_tf32/graph/ab: uuid=GPU-d1edd7be-e88d-aed6-047d-622163306f0e gpu_util=0% memory_util=0% used=824MiB sm_clock=1800MHz temperature=53C pstate=P2; quiet_samples=5
GPU quiet gate final-auto/f32_policy_exact/tn/d768_out_proj/contiguous/cublas_fast_tf32/graph/ba: uuid=GPU-d1edd7be-e88d-aed6-047d-622163306f0e gpu_util=0% memory_util=0% used=824MiB sm_clock=1800MHz temperature=53C pstate=P2; quiet_samples=5
GPU quiet gate final-auto/f32_policy_exact/tn/d768_out_proj/contiguous/cublas_fast_tf32/graph/ba: uuid=GPU-d1edd7be-e88d-aed6-047d-622163306f0e gpu_util=0% memory_util=0% used=824MiB sm_clock=1800MHz temperature=53C pstate=P2; quiet_samples=5
GPU quiet gate final-auto/f32_policy_exact/tn/d768_out_proj/contiguous/cublas_pedantic/eager/ab: uuid=GPU-d1edd7be-e88d-aed6-047d-622163306f0e gpu_util=0% memory_util=0% used=824MiB sm_clock=1800MHz temperature=53C pstate=P2; quiet_samples=5
GPU quiet gate final-auto/f32_policy_exact/tn/d768_out_proj/contiguous/cublas_pedantic/eager/ab: uuid=GPU-d1edd7be-e88d-aed6-047d-622163306f0e gpu_util=0% memory_util=0% used=824MiB sm_clock=1800MHz temperature=53C pstate=P2; quiet_samples=5
GPU quiet gate final-auto/f32_policy_exact/tn/d768_out_proj/contiguous/cublas_pedantic/eager/ba: uuid=GPU-d1edd7be-e88d-aed6-047d-622163306f0e gpu_util=0% memory_util=0% used=824MiB sm_clock=1800MHz temperature=53C pstate=P2; quiet_samples=5
GPU quiet gate final-auto/f32_policy_exact/tn/d768_out_proj/contiguous/cublas_pedantic/eager/ba: uuid=GPU-d1edd7be-e88d-aed6-047d-622163306f0e gpu_util=0% memory_util=0% used=824MiB sm_clock=1800MHz temperature=53C pstate=P2; quiet_samples=5
GPU quiet gate final-auto/f32_policy_exact/tn/d768_out_proj/contiguous/cublas_pedantic/graph/ab: uuid=GPU-d1edd7be-e88d-aed6-047d-622163306f0e gpu_util=0% memory_util=0% used=824MiB sm_clock=1800MHz temperature=53C pstate=P2; quiet_samples=5
GPU quiet gate final-auto/f32_policy_exact/tn/d768_out_proj/contiguous/cublas_pedantic/graph/ab: uuid=GPU-d1edd7be-e88d-aed6-047d-622163306f0e gpu_util=0% memory_util=0% used=824MiB sm_clock=1800MHz temperature=53C pstate=P2; quiet_samples=5
GPU quiet gate final-auto/f32_policy_exact/tn/d768_out_proj/contiguous/cublas_pedantic/graph/ba: uuid=GPU-d1edd7be-e88d-aed6-047d-622163306f0e gpu_util=0% memory_util=0% used=824MiB sm_clock=1800MHz temperature=53C pstate=P2; quiet_samples=5
GPU quiet gate final-auto/f32_policy_exact/tn/d768_out_proj/contiguous/cublas_pedantic/graph/ba: uuid=GPU-d1edd7be-e88d-aed6-047d-622163306f0e gpu_util=0% memory_util=0% used=824MiB sm_clock=1800MHz temperature=53C pstate=P2; quiet_samples=5
GPU quiet gate final-auto/f32_policy_allow_tf32/tn/d768_out_proj/contiguous/cublas_fast_tf32/eager/ab: uuid=GPU-d1edd7be-e88d-aed6-047d-622163306f0e gpu_util=0% memory_util=0% used=824MiB sm_clock=1800MHz temperature=53C pstate=P2; quiet_samples=5
GPU quiet gate final-auto/f32_policy_allow_tf32/tn/d768_out_proj/contiguous/cublas_fast_tf32/eager/ab: uuid=GPU-d1edd7be-e88d-aed6-047d-622163306f0e gpu_util=0% memory_util=0% used=824MiB sm_clock=1800MHz temperature=53C pstate=P2; quiet_samples=5
GPU quiet gate final-auto/f32_policy_allow_tf32/tn/d768_out_proj/contiguous/cublas_fast_tf32/eager/ba: uuid=GPU-d1edd7be-e88d-aed6-047d-622163306f0e gpu_util=0% memory_util=0% used=824MiB sm_clock=1800MHz temperature=53C pstate=P2; quiet_samples=5
GPU quiet gate final-auto/f32_policy_allow_tf32/tn/d768_out_proj/contiguous/cublas_fast_tf32/eager/ba: uuid=GPU-d1edd7be-e88d-aed6-047d-622163306f0e gpu_util=0% memory_util=0% used=824MiB sm_clock=1800MHz temperature=53C pstate=P2; quiet_samples=5
GPU quiet gate final-auto/f32_policy_allow_tf32/tn/d768_out_proj/contiguous/cublas_fast_tf32/graph/ab: uuid=GPU-d1edd7be-e88d-aed6-047d-622163306f0e gpu_util=0% memory_util=0% used=824MiB sm_clock=1800MHz temperature=53C pstate=P2; quiet_samples=5
GPU quiet gate final-auto/f32_policy_allow_tf32/tn/d768_out_proj/contiguous/cublas_fast_tf32/graph/ab: uuid=GPU-d1edd7be-e88d-aed6-047d-622163306f0e gpu_util=0% memory_util=0% used=824MiB sm_clock=1800MHz temperature=53C pstate=P2; quiet_samples=5
GPU quiet gate final-auto/f32_policy_allow_tf32/tn/d768_out_proj/contiguous/cublas_fast_tf32/graph/ba: uuid=GPU-d1edd7be-e88d-aed6-047d-622163306f0e gpu_util=0% memory_util=0% used=824MiB sm_clock=1800MHz temperature=53C pstate=P2; quiet_samples=5
GPU quiet gate final-auto/f32_policy_allow_tf32/tn/d768_out_proj/contiguous/cublas_fast_tf32/graph/ba: uuid=GPU-d1edd7be-e88d-aed6-047d-622163306f0e gpu_util=0% memory_util=0% used=824MiB sm_clock=1800MHz temperature=53C pstate=P2; quiet_samples=5
GPU quiet gate final-auto/bf16_policy_tc/tn/d768_out_proj/contiguous/cublas_fast/eager/ab: uuid=GPU-d1edd7be-e88d-aed6-047d-622163306f0e gpu_util=0% memory_util=0% used=824MiB sm_clock=1800MHz temperature=53C pstate=P2; quiet_samples=5
GPU quiet gate final-auto/bf16_policy_tc/tn/d768_out_proj/contiguous/cublas_fast/eager/ab: uuid=GPU-d1edd7be-e88d-aed6-047d-622163306f0e gpu_util=0% memory_util=0% used=824MiB sm_clock=1800MHz temperature=53C pstate=P2; quiet_samples=5
GPU quiet gate final-auto/bf16_policy_tc/tn/d768_out_proj/contiguous/cublas_fast/eager/ba: uuid=GPU-d1edd7be-e88d-aed6-047d-622163306f0e gpu_util=0% memory_util=0% used=824MiB sm_clock=1800MHz temperature=53C pstate=P2; quiet_samples=5
GPU quiet gate final-auto/bf16_policy_tc/tn/d768_out_proj/contiguous/cublas_fast/eager/ba: uuid=GPU-d1edd7be-e88d-aed6-047d-622163306f0e gpu_util=0% memory_util=0% used=824MiB sm_clock=1800MHz temperature=53C pstate=P2; quiet_samples=5
GPU quiet gate final-auto/bf16_policy_tc/tn/d768_out_proj/contiguous/cublas_fast/graph/ab: uuid=GPU-d1edd7be-e88d-aed6-047d-622163306f0e gpu_util=0% memory_util=0% used=824MiB sm_clock=1800MHz temperature=53C pstate=P2; quiet_samples=5
GPU quiet gate final-auto/bf16_policy_tc/tn/d768_out_proj/contiguous/cublas_fast/graph/ab: uuid=GPU-d1edd7be-e88d-aed6-047d-622163306f0e gpu_util=0% memory_util=0% used=824MiB sm_clock=1800MHz temperature=53C pstate=P2; quiet_samples=5
GPU quiet gate final-auto/bf16_policy_tc/tn/d768_out_proj/contiguous/cublas_fast/graph/ba: uuid=GPU-d1edd7be-e88d-aed6-047d-622163306f0e gpu_util=0% memory_util=0% used=824MiB sm_clock=1800MHz temperature=53C pstate=P2; quiet_samples=5
GPU quiet gate final-auto/bf16_policy_tc/tn/d768_out_proj/contiguous/cublas_fast/graph/ba: uuid=GPU-d1edd7be-e88d-aed6-047d-622163306f0e gpu_util=0% memory_util=0% used=824MiB sm_clock=1800MHz temperature=53C pstate=P2; quiet_samples=5
GPU quiet gate final-auto/f16_policy_tc/tn/d768_out_proj/contiguous/cublas_fast/eager/ab: uuid=GPU-d1edd7be-e88d-aed6-047d-622163306f0e gpu_util=0% memory_util=0% used=824MiB sm_clock=1800MHz temperature=53C pstate=P2; quiet_samples=5
GPU quiet gate final-auto/f16_policy_tc/tn/d768_out_proj/contiguous/cublas_fast/eager/ab: uuid=GPU-d1edd7be-e88d-aed6-047d-622163306f0e gpu_util=0% memory_util=0% used=824MiB sm_clock=1800MHz temperature=53C pstate=P2; quiet_samples=5
GPU quiet gate final-auto/f16_policy_tc/tn/d768_out_proj/contiguous/cublas_fast/eager/ba: uuid=GPU-d1edd7be-e88d-aed6-047d-622163306f0e gpu_util=0% memory_util=0% used=824MiB sm_clock=1800MHz temperature=53C pstate=P2; quiet_samples=5
GPU quiet gate final-auto/f16_policy_tc/tn/d768_out_proj/contiguous/cublas_fast/eager/ba: uuid=GPU-d1edd7be-e88d-aed6-047d-622163306f0e gpu_util=0% memory_util=0% used=824MiB sm_clock=1800MHz temperature=53C pstate=P2; quiet_samples=5
GPU quiet gate final-auto/f16_policy_tc/tn/d768_out_proj/contiguous/cublas_fast/graph/ab: uuid=GPU-d1edd7be-e88d-aed6-047d-622163306f0e gpu_util=0% memory_util=0% used=824MiB sm_clock=1800MHz temperature=53C pstate=P2; quiet_samples=5
GPU quiet gate final-auto/f16_policy_tc/tn/d768_out_proj/contiguous/cublas_fast/graph/ab: uuid=GPU-d1edd7be-e88d-aed6-047d-622163306f0e gpu_util=0% memory_util=0% used=824MiB sm_clock=1800MHz temperature=53C pstate=P2; quiet_samples=5
GPU quiet gate final-auto/f16_policy_tc/tn/d768_out_proj/contiguous/cublas_fast/graph/ba: uuid=GPU-d1edd7be-e88d-aed6-047d-622163306f0e gpu_util=0% memory_util=0% used=824MiB sm_clock=1800MHz temperature=53C pstate=P2; quiet_samples=5
GPU quiet gate final-auto/f16_policy_tc/tn/d768_out_proj/contiguous/cublas_fast/graph/ba: uuid=GPU-d1edd7be-e88d-aed6-047d-622163306f0e gpu_util=0% memory_util=0% used=824MiB sm_clock=1800MHz temperature=53C pstate=P2; quiet_samples=5
GPU quiet gate final-auto/f32_policy_exact/nt/d768_out_proj/contiguous/cublas_fast_tf32/eager/ab: uuid=GPU-d1edd7be-e88d-aed6-047d-622163306f0e gpu_util=0% memory_util=0% used=824MiB sm_clock=1800MHz temperature=53C pstate=P2; quiet_samples=5
GPU quiet gate final-auto/f32_policy_exact/nt/d768_out_proj/contiguous/cublas_fast_tf32/eager/ab: uuid=GPU-d1edd7be-e88d-aed6-047d-622163306f0e gpu_util=0% memory_util=0% used=824MiB sm_clock=1800MHz temperature=53C pstate=P2; quiet_samples=5
GPU quiet gate final-auto/f32_policy_exact/nt/d768_out_proj/contiguous/cublas_fast_tf32/eager/ba: uuid=GPU-d1edd7be-e88d-aed6-047d-622163306f0e gpu_util=0% memory_util=0% used=824MiB sm_clock=1800MHz temperature=53C pstate=P2; quiet_samples=5
GPU quiet gate final-auto/f32_policy_exact/nt/d768_out_proj/contiguous/cublas_fast_tf32/eager/ba: uuid=GPU-d1edd7be-e88d-aed6-047d-622163306f0e gpu_util=0% memory_util=0% used=824MiB sm_clock=1800MHz temperature=53C pstate=P2; quiet_samples=5
GPU quiet gate final-auto/f32_policy_exact/nt/d768_out_proj/contiguous/cublas_fast_tf32/graph/ab: uuid=GPU-d1edd7be-e88d-aed6-047d-622163306f0e gpu_util=0% memory_util=0% used=824MiB sm_clock=1800MHz temperature=53C pstate=P2; quiet_samples=5
GPU quiet gate final-auto/f32_policy_exact/nt/d768_out_proj/contiguous/cublas_fast_tf32/graph/ab: uuid=GPU-d1edd7be-e88d-aed6-047d-622163306f0e gpu_util=0% memory_util=0% used=824MiB sm_clock=1800MHz temperature=53C pstate=P2; quiet_samples=5
GPU quiet gate final-auto/f32_policy_exact/nt/d768_out_proj/contiguous/cublas_fast_tf32/graph/ba: uuid=GPU-d1edd7be-e88d-aed6-047d-622163306f0e gpu_util=0% memory_util=0% used=824MiB sm_clock=1800MHz temperature=53C pstate=P2; quiet_samples=5
GPU quiet gate final-auto/f32_policy_exact/nt/d768_out_proj/contiguous/cublas_fast_tf32/graph/ba: uuid=GPU-d1edd7be-e88d-aed6-047d-622163306f0e gpu_util=0% memory_util=0% used=824MiB sm_clock=1800MHz temperature=53C pstate=P2; quiet_samples=5
GPU quiet gate final-auto/f32_policy_exact/nt/d768_out_proj/contiguous/cublas_pedantic/eager/ab: uuid=GPU-d1edd7be-e88d-aed6-047d-622163306f0e gpu_util=0% memory_util=0% used=824MiB sm_clock=1800MHz temperature=53C pstate=P2; quiet_samples=5
GPU quiet gate final-auto/f32_policy_exact/nt/d768_out_proj/contiguous/cublas_pedantic/eager/ab: uuid=GPU-d1edd7be-e88d-aed6-047d-622163306f0e gpu_util=0% memory_util=0% used=824MiB sm_clock=1800MHz temperature=54C pstate=P2; quiet_samples=5
GPU quiet gate final-auto/f32_policy_exact/nt/d768_out_proj/contiguous/cublas_pedantic/eager/ba: uuid=GPU-d1edd7be-e88d-aed6-047d-622163306f0e gpu_util=0% memory_util=0% used=824MiB sm_clock=1800MHz temperature=53C pstate=P2; quiet_samples=5
GPU quiet gate final-auto/f32_policy_exact/nt/d768_out_proj/contiguous/cublas_pedantic/eager/ba: uuid=GPU-d1edd7be-e88d-aed6-047d-622163306f0e gpu_util=0% memory_util=0% used=824MiB sm_clock=1800MHz temperature=54C pstate=P2; quiet_samples=5
GPU quiet gate final-auto/f32_policy_exact/nt/d768_out_proj/contiguous/cublas_pedantic/graph/ab: uuid=GPU-d1edd7be-e88d-aed6-047d-622163306f0e gpu_util=0% memory_util=0% used=824MiB sm_clock=1800MHz temperature=54C pstate=P2; quiet_samples=5
GPU quiet gate final-auto/f32_policy_exact/nt/d768_out_proj/contiguous/cublas_pedantic/graph/ab: uuid=GPU-d1edd7be-e88d-aed6-047d-622163306f0e gpu_util=0% memory_util=0% used=824MiB sm_clock=1800MHz temperature=54C pstate=P2; quiet_samples=5
GPU quiet gate final-auto/f32_policy_exact/nt/d768_out_proj/contiguous/cublas_pedantic/graph/ba: uuid=GPU-d1edd7be-e88d-aed6-047d-622163306f0e gpu_util=0% memory_util=0% used=824MiB sm_clock=1800MHz temperature=54C pstate=P2; quiet_samples=5
GPU quiet gate final-auto/f32_policy_exact/nt/d768_out_proj/contiguous/cublas_pedantic/graph/ba: uuid=GPU-d1edd7be-e88d-aed6-047d-622163306f0e gpu_util=0% memory_util=0% used=824MiB sm_clock=1800MHz temperature=54C pstate=P2; quiet_samples=5
GPU quiet gate final-auto/f32_policy_allow_tf32/nt/d768_out_proj/contiguous/cublas_fast_tf32/eager/ab: uuid=GPU-d1edd7be-e88d-aed6-047d-622163306f0e gpu_util=0% memory_util=0% used=824MiB sm_clock=1800MHz temperature=54C pstate=P2; quiet_samples=5
GPU quiet gate final-auto/f32_policy_allow_tf32/nt/d768_out_proj/contiguous/cublas_fast_tf32/eager/ab: uuid=GPU-d1edd7be-e88d-aed6-047d-622163306f0e gpu_util=0% memory_util=0% used=824MiB sm_clock=1800MHz temperature=54C pstate=P2; quiet_samples=5
GPU quiet gate final-auto/f32_policy_allow_tf32/nt/d768_out_proj/contiguous/cublas_fast_tf32/eager/ba: uuid=GPU-d1edd7be-e88d-aed6-047d-622163306f0e gpu_util=0% memory_util=0% used=824MiB sm_clock=1800MHz temperature=54C pstate=P2; quiet_samples=5
GPU quiet gate final-auto/f32_policy_allow_tf32/nt/d768_out_proj/contiguous/cublas_fast_tf32/eager/ba: uuid=GPU-d1edd7be-e88d-aed6-047d-622163306f0e gpu_util=0% memory_util=0% used=824MiB sm_clock=1800MHz temperature=54C pstate=P2; quiet_samples=5
GPU quiet gate final-auto/f32_policy_allow_tf32/nt/d768_out_proj/contiguous/cublas_fast_tf32/graph/ab: uuid=GPU-d1edd7be-e88d-aed6-047d-622163306f0e gpu_util=0% memory_util=0% used=824MiB sm_clock=1800MHz temperature=54C pstate=P2; quiet_samples=5
GPU quiet gate final-auto/f32_policy_allow_tf32/nt/d768_out_proj/contiguous/cublas_fast_tf32/graph/ab: uuid=GPU-d1edd7be-e88d-aed6-047d-622163306f0e gpu_util=0% memory_util=0% used=824MiB sm_clock=1800MHz temperature=54C pstate=P2; quiet_samples=5
GPU quiet gate final-auto/f32_policy_allow_tf32/nt/d768_out_proj/contiguous/cublas_fast_tf32/graph/ba: uuid=GPU-d1edd7be-e88d-aed6-047d-622163306f0e gpu_util=0% memory_util=0% used=824MiB sm_clock=1800MHz temperature=54C pstate=P2; quiet_samples=5
GPU quiet gate final-auto/f32_policy_allow_tf32/nt/d768_out_proj/contiguous/cublas_fast_tf32/graph/ba: uuid=GPU-d1edd7be-e88d-aed6-047d-622163306f0e gpu_util=0% memory_util=0% used=824MiB sm_clock=1800MHz temperature=54C pstate=P2; quiet_samples=5
GPU quiet gate final-auto/bf16_policy_tc/nt/d768_out_proj/contiguous/cublas_fast/eager/ab: uuid=GPU-d1edd7be-e88d-aed6-047d-622163306f0e gpu_util=0% memory_util=0% used=792MiB sm_clock=1800MHz temperature=54C pstate=P2; quiet_samples=5
GPU quiet gate final-auto/bf16_policy_tc/nt/d768_out_proj/contiguous/cublas_fast/eager/ab: uuid=GPU-d1edd7be-e88d-aed6-047d-622163306f0e gpu_util=0% memory_util=0% used=792MiB sm_clock=1800MHz temperature=54C pstate=P2; quiet_samples=5
GPU quiet gate final-auto/bf16_policy_tc/nt/d768_out_proj/contiguous/cublas_fast/eager/ba: uuid=GPU-d1edd7be-e88d-aed6-047d-622163306f0e gpu_util=0% memory_util=0% used=792MiB sm_clock=1800MHz temperature=54C pstate=P2; quiet_samples=5
GPU quiet gate final-auto/bf16_policy_tc/nt/d768_out_proj/contiguous/cublas_fast/eager/ba: uuid=GPU-d1edd7be-e88d-aed6-047d-622163306f0e gpu_util=0% memory_util=0% used=792MiB sm_clock=1800MHz temperature=54C pstate=P2; quiet_samples=5
GPU quiet gate final-auto/bf16_policy_tc/nt/d768_out_proj/contiguous/cublas_fast/graph/ab: uuid=GPU-d1edd7be-e88d-aed6-047d-622163306f0e gpu_util=0% memory_util=0% used=792MiB sm_clock=1800MHz temperature=54C pstate=P2; quiet_samples=5
GPU quiet gate final-auto/bf16_policy_tc/nt/d768_out_proj/contiguous/cublas_fast/graph/ab: uuid=GPU-d1edd7be-e88d-aed6-047d-622163306f0e gpu_util=0% memory_util=0% used=792MiB sm_clock=1800MHz temperature=54C pstate=P2; quiet_samples=5
GPU quiet gate final-auto/bf16_policy_tc/nt/d768_out_proj/contiguous/cublas_fast/graph/ba: uuid=GPU-d1edd7be-e88d-aed6-047d-622163306f0e gpu_util=0% memory_util=0% used=792MiB sm_clock=1800MHz temperature=54C pstate=P2; quiet_samples=5
GPU quiet gate final-auto/bf16_policy_tc/nt/d768_out_proj/contiguous/cublas_fast/graph/ba: uuid=GPU-d1edd7be-e88d-aed6-047d-622163306f0e gpu_util=0% memory_util=0% used=792MiB sm_clock=1800MHz temperature=54C pstate=P2; quiet_samples=5
GPU quiet gate final-auto/f16_policy_tc/nt/d768_out_proj/contiguous/cublas_fast/eager/ab: uuid=GPU-d1edd7be-e88d-aed6-047d-622163306f0e gpu_util=0% memory_util=0% used=792MiB sm_clock=1800MHz temperature=54C pstate=P2; quiet_samples=5
GPU quiet gate final-auto/f16_policy_tc/nt/d768_out_proj/contiguous/cublas_fast/eager/ab: uuid=GPU-d1edd7be-e88d-aed6-047d-622163306f0e gpu_util=0% memory_util=0% used=792MiB sm_clock=1800MHz temperature=54C pstate=P2; quiet_samples=5
GPU quiet gate final-auto/f16_policy_tc/nt/d768_out_proj/contiguous/cublas_fast/eager/ba: uuid=GPU-d1edd7be-e88d-aed6-047d-622163306f0e gpu_util=0% memory_util=0% used=792MiB sm_clock=1800MHz temperature=54C pstate=P2; quiet_samples=5
GPU quiet gate final-auto/f16_policy_tc/nt/d768_out_proj/contiguous/cublas_fast/eager/ba: uuid=GPU-d1edd7be-e88d-aed6-047d-622163306f0e gpu_util=0% memory_util=0% used=792MiB sm_clock=1800MHz temperature=54C pstate=P2; quiet_samples=5
GPU quiet gate final-auto/f16_policy_tc/nt/d768_out_proj/contiguous/cublas_fast/graph/ab: uuid=GPU-d1edd7be-e88d-aed6-047d-622163306f0e gpu_util=0% memory_util=0% used=792MiB sm_clock=1800MHz temperature=54C pstate=P2; quiet_samples=5
GPU quiet gate final-auto/f16_policy_tc/nt/d768_out_proj/contiguous/cublas_fast/graph/ab: uuid=GPU-d1edd7be-e88d-aed6-047d-622163306f0e gpu_util=0% memory_util=0% used=792MiB sm_clock=1800MHz temperature=54C pstate=P2; quiet_samples=5
GPU quiet gate final-auto/f16_policy_tc/nt/d768_out_proj/contiguous/cublas_fast/graph/ba: uuid=GPU-d1edd7be-e88d-aed6-047d-622163306f0e gpu_util=0% memory_util=0% used=792MiB sm_clock=1800MHz temperature=54C pstate=P2; quiet_samples=5
GPU quiet gate final-auto/f16_policy_tc/nt/d768_out_proj/contiguous/cublas_fast/graph/ba: uuid=GPU-d1edd7be-e88d-aed6-047d-622163306f0e gpu_util=0% memory_util=0% used=792MiB sm_clock=1800MHz temperature=54C pstate=P2; quiet_samples=5
GPU quiet gate final-auto/f32_policy_exact/nn/prism_in_proj/contiguous/cublas_fast_tf32/eager/ab: uuid=GPU-d1edd7be-e88d-aed6-047d-622163306f0e gpu_util=0% memory_util=0% used=856MiB sm_clock=1800MHz temperature=54C pstate=P2; quiet_samples=5
GPU quiet gate final-auto/f32_policy_exact/nn/prism_in_proj/contiguous/cublas_fast_tf32/eager/ab: uuid=GPU-d1edd7be-e88d-aed6-047d-622163306f0e gpu_util=0% memory_util=0% used=856MiB sm_clock=1800MHz temperature=54C pstate=P2; quiet_samples=5
GPU quiet gate final-auto/f32_policy_exact/nn/prism_in_proj/contiguous/cublas_fast_tf32/eager/ba: uuid=GPU-d1edd7be-e88d-aed6-047d-622163306f0e gpu_util=0% memory_util=0% used=856MiB sm_clock=1800MHz temperature=54C pstate=P2; quiet_samples=5
GPU quiet gate final-auto/f32_policy_exact/nn/prism_in_proj/contiguous/cublas_fast_tf32/eager/ba: uuid=GPU-d1edd7be-e88d-aed6-047d-622163306f0e gpu_util=0% memory_util=0% used=856MiB sm_clock=1800MHz temperature=54C pstate=P2; quiet_samples=5
GPU quiet gate final-auto/f32_policy_exact/nn/prism_in_proj/contiguous/cublas_fast_tf32/graph/ab: uuid=GPU-d1edd7be-e88d-aed6-047d-622163306f0e gpu_util=0% memory_util=0% used=856MiB sm_clock=1800MHz temperature=54C pstate=P2; quiet_samples=5
GPU quiet gate final-auto/f32_policy_exact/nn/prism_in_proj/contiguous/cublas_fast_tf32/graph/ab: uuid=GPU-d1edd7be-e88d-aed6-047d-622163306f0e gpu_util=0% memory_util=0% used=856MiB sm_clock=1800MHz temperature=54C pstate=P2; quiet_samples=5
GPU quiet gate final-auto/f32_policy_exact/nn/prism_in_proj/contiguous/cublas_fast_tf32/graph/ba: uuid=GPU-d1edd7be-e88d-aed6-047d-622163306f0e gpu_util=0% memory_util=0% used=856MiB sm_clock=1800MHz temperature=54C pstate=P2; quiet_samples=5
GPU quiet gate final-auto/f32_policy_exact/nn/prism_in_proj/contiguous/cublas_fast_tf32/graph/ba: uuid=GPU-d1edd7be-e88d-aed6-047d-622163306f0e gpu_util=0% memory_util=0% used=856MiB sm_clock=1800MHz temperature=54C pstate=P2; quiet_samples=5
GPU quiet gate final-auto/f32_policy_exact/nn/prism_in_proj/contiguous/cublas_pedantic/eager/ab: uuid=GPU-d1edd7be-e88d-aed6-047d-622163306f0e gpu_util=0% memory_util=0% used=856MiB sm_clock=1800MHz temperature=54C pstate=P2; quiet_samples=5
GPU quiet gate final-auto/f32_policy_exact/nn/prism_in_proj/contiguous/cublas_pedantic/eager/ab: uuid=GPU-d1edd7be-e88d-aed6-047d-622163306f0e gpu_util=0% memory_util=0% used=856MiB sm_clock=1800MHz temperature=55C pstate=P2; quiet_samples=5
GPU quiet gate final-auto/f32_policy_exact/nn/prism_in_proj/contiguous/cublas_pedantic/eager/ba: uuid=GPU-d1edd7be-e88d-aed6-047d-622163306f0e gpu_util=0% memory_util=0% used=856MiB sm_clock=1800MHz temperature=54C pstate=P2; quiet_samples=5
GPU quiet gate final-auto/f32_policy_exact/nn/prism_in_proj/contiguous/cublas_pedantic/eager/ba: uuid=GPU-d1edd7be-e88d-aed6-047d-622163306f0e gpu_util=0% memory_util=0% used=856MiB sm_clock=1800MHz temperature=55C pstate=P2; quiet_samples=5
GPU quiet gate final-auto/f32_policy_exact/nn/prism_in_proj/contiguous/cublas_pedantic/graph/ab: uuid=GPU-d1edd7be-e88d-aed6-047d-622163306f0e gpu_util=0% memory_util=0% used=856MiB sm_clock=1800MHz temperature=55C pstate=P2; quiet_samples=5
GPU quiet gate final-auto/f32_policy_exact/nn/prism_in_proj/contiguous/cublas_pedantic/graph/ab: uuid=GPU-d1edd7be-e88d-aed6-047d-622163306f0e gpu_util=0% memory_util=0% used=856MiB sm_clock=1800MHz temperature=55C pstate=P2; quiet_samples=5
GPU quiet gate final-auto/f32_policy_exact/nn/prism_in_proj/contiguous/cublas_pedantic/graph/ba: uuid=GPU-d1edd7be-e88d-aed6-047d-622163306f0e gpu_util=0% memory_util=0% used=856MiB sm_clock=1800MHz temperature=55C pstate=P2; quiet_samples=5
GPU quiet gate final-auto/f32_policy_exact/nn/prism_in_proj/contiguous/cublas_pedantic/graph/ba: uuid=GPU-d1edd7be-e88d-aed6-047d-622163306f0e gpu_util=0% memory_util=0% used=856MiB sm_clock=1800MHz temperature=55C pstate=P2; quiet_samples=5
GPU quiet gate final-auto/f32_policy_allow_tf32/nn/prism_in_proj/contiguous/cublas_fast_tf32/eager/ab: uuid=GPU-d1edd7be-e88d-aed6-047d-622163306f0e gpu_util=0% memory_util=0% used=856MiB sm_clock=1800MHz temperature=55C pstate=P2; quiet_samples=5
GPU quiet gate final-auto/f32_policy_allow_tf32/nn/prism_in_proj/contiguous/cublas_fast_tf32/eager/ab: uuid=GPU-d1edd7be-e88d-aed6-047d-622163306f0e gpu_util=0% memory_util=0% used=856MiB sm_clock=1800MHz temperature=55C pstate=P2; quiet_samples=5
GPU quiet gate final-auto/f32_policy_allow_tf32/nn/prism_in_proj/contiguous/cublas_fast_tf32/eager/ba: uuid=GPU-d1edd7be-e88d-aed6-047d-622163306f0e gpu_util=0% memory_util=0% used=856MiB sm_clock=1800MHz temperature=55C pstate=P2; quiet_samples=5
GPU quiet gate final-auto/f32_policy_allow_tf32/nn/prism_in_proj/contiguous/cublas_fast_tf32/eager/ba: uuid=GPU-d1edd7be-e88d-aed6-047d-622163306f0e gpu_util=0% memory_util=0% used=856MiB sm_clock=1800MHz temperature=55C pstate=P2; quiet_samples=5
GPU quiet gate final-auto/f32_policy_allow_tf32/nn/prism_in_proj/contiguous/cublas_fast_tf32/graph/ab: uuid=GPU-d1edd7be-e88d-aed6-047d-622163306f0e gpu_util=0% memory_util=0% used=856MiB sm_clock=1800MHz temperature=55C pstate=P2; quiet_samples=5
GPU quiet gate final-auto/f32_policy_allow_tf32/nn/prism_in_proj/contiguous/cublas_fast_tf32/graph/ab: uuid=GPU-d1edd7be-e88d-aed6-047d-622163306f0e gpu_util=0% memory_util=0% used=856MiB sm_clock=1800MHz temperature=55C pstate=P2; quiet_samples=5
GPU quiet gate final-auto/f32_policy_allow_tf32/nn/prism_in_proj/contiguous/cublas_fast_tf32/graph/ba: uuid=GPU-d1edd7be-e88d-aed6-047d-622163306f0e gpu_util=0% memory_util=0% used=856MiB sm_clock=1800MHz temperature=55C pstate=P2; quiet_samples=5
GPU quiet gate final-auto/f32_policy_allow_tf32/nn/prism_in_proj/contiguous/cublas_fast_tf32/graph/ba: uuid=GPU-d1edd7be-e88d-aed6-047d-622163306f0e gpu_util=0% memory_util=0% used=856MiB sm_clock=1800MHz temperature=55C pstate=P2; quiet_samples=5
GPU quiet gate final-auto/bf16_policy_tc/nn/prism_in_proj/contiguous/cublas_fast/eager/ab: uuid=GPU-d1edd7be-e88d-aed6-047d-622163306f0e gpu_util=0% memory_util=0% used=824MiB sm_clock=1800MHz temperature=55C pstate=P2; quiet_samples=5
GPU quiet gate final-auto/bf16_policy_tc/nn/prism_in_proj/contiguous/cublas_fast/eager/ab: uuid=GPU-d1edd7be-e88d-aed6-047d-622163306f0e gpu_util=0% memory_util=0% used=824MiB sm_clock=1800MHz temperature=55C pstate=P2; quiet_samples=5
GPU quiet gate final-auto/bf16_policy_tc/nn/prism_in_proj/contiguous/cublas_fast/eager/ba: uuid=GPU-d1edd7be-e88d-aed6-047d-622163306f0e gpu_util=0% memory_util=0% used=824MiB sm_clock=1800MHz temperature=55C pstate=P2; quiet_samples=5
GPU quiet gate final-auto/bf16_policy_tc/nn/prism_in_proj/contiguous/cublas_fast/eager/ba: uuid=GPU-d1edd7be-e88d-aed6-047d-622163306f0e gpu_util=0% memory_util=0% used=824MiB sm_clock=1800MHz temperature=55C pstate=P2; quiet_samples=5
GPU quiet gate final-auto/bf16_policy_tc/nn/prism_in_proj/contiguous/cublas_fast/graph/ab: uuid=GPU-d1edd7be-e88d-aed6-047d-622163306f0e gpu_util=0% memory_util=0% used=824MiB sm_clock=1800MHz temperature=55C pstate=P2; quiet_samples=5
GPU quiet gate final-auto/bf16_policy_tc/nn/prism_in_proj/contiguous/cublas_fast/graph/ab: uuid=GPU-d1edd7be-e88d-aed6-047d-622163306f0e gpu_util=0% memory_util=0% used=824MiB sm_clock=1800MHz temperature=55C pstate=P2; quiet_samples=5
GPU quiet gate final-auto/bf16_policy_tc/nn/prism_in_proj/contiguous/cublas_fast/graph/ba: uuid=GPU-d1edd7be-e88d-aed6-047d-622163306f0e gpu_util=0% memory_util=0% used=824MiB sm_clock=1800MHz temperature=55C pstate=P2; quiet_samples=5
GPU quiet gate final-auto/bf16_policy_tc/nn/prism_in_proj/contiguous/cublas_fast/graph/ba: uuid=GPU-d1edd7be-e88d-aed6-047d-622163306f0e gpu_util=0% memory_util=0% used=824MiB sm_clock=1800MHz temperature=55C pstate=P2; quiet_samples=5
GPU quiet gate final-auto/f16_policy_tc/nn/prism_in_proj/contiguous/cublas_fast/eager/ab: uuid=GPU-d1edd7be-e88d-aed6-047d-622163306f0e gpu_util=0% memory_util=0% used=824MiB sm_clock=1800MHz temperature=55C pstate=P2; quiet_samples=5
GPU quiet gate final-auto/f16_policy_tc/nn/prism_in_proj/contiguous/cublas_fast/eager/ab: uuid=GPU-d1edd7be-e88d-aed6-047d-622163306f0e gpu_util=0% memory_util=0% used=824MiB sm_clock=1800MHz temperature=55C pstate=P2; quiet_samples=5
GPU quiet gate final-auto/f16_policy_tc/nn/prism_in_proj/contiguous/cublas_fast/eager/ba: uuid=GPU-d1edd7be-e88d-aed6-047d-622163306f0e gpu_util=0% memory_util=0% used=824MiB sm_clock=1800MHz temperature=55C pstate=P2; quiet_samples=5
GPU quiet gate final-auto/f16_policy_tc/nn/prism_in_proj/contiguous/cublas_fast/eager/ba: uuid=GPU-d1edd7be-e88d-aed6-047d-622163306f0e gpu_util=0% memory_util=0% used=824MiB sm_clock=1800MHz temperature=55C pstate=P2; quiet_samples=5
GPU quiet gate final-auto/f16_policy_tc/nn/prism_in_proj/contiguous/cublas_fast/graph/ab: uuid=GPU-d1edd7be-e88d-aed6-047d-622163306f0e gpu_util=0% memory_util=0% used=824MiB sm_clock=1800MHz temperature=55C pstate=P2; quiet_samples=5
GPU quiet gate final-auto/f16_policy_tc/nn/prism_in_proj/contiguous/cublas_fast/graph/ab: uuid=GPU-d1edd7be-e88d-aed6-047d-622163306f0e gpu_util=0% memory_util=0% used=824MiB sm_clock=1800MHz temperature=55C pstate=P2; quiet_samples=5
GPU quiet gate final-auto/f16_policy_tc/nn/prism_in_proj/contiguous/cublas_fast/graph/ba: uuid=GPU-d1edd7be-e88d-aed6-047d-622163306f0e gpu_util=0% memory_util=0% used=824MiB sm_clock=1800MHz temperature=55C pstate=P2; quiet_samples=5
GPU quiet gate final-auto/f16_policy_tc/nn/prism_in_proj/contiguous/cublas_fast/graph/ba: uuid=GPU-d1edd7be-e88d-aed6-047d-622163306f0e gpu_util=0% memory_util=0% used=824MiB sm_clock=1800MHz temperature=55C pstate=P2; quiet_samples=5
GPU quiet gate final-auto/f32_policy_exact/tn/prism_in_proj/contiguous/cublas_fast_tf32/eager/ab: uuid=GPU-d1edd7be-e88d-aed6-047d-622163306f0e gpu_util=0% memory_util=0% used=856MiB sm_clock=1800MHz temperature=55C pstate=P2; quiet_samples=5
GPU quiet gate final-auto/f32_policy_exact/tn/prism_in_proj/contiguous/cublas_fast_tf32/eager/ab: uuid=GPU-d1edd7be-e88d-aed6-047d-622163306f0e gpu_util=0% memory_util=0% used=856MiB sm_clock=1800MHz temperature=55C pstate=P2; quiet_samples=5
GPU quiet gate final-auto/f32_policy_exact/tn/prism_in_proj/contiguous/cublas_fast_tf32/eager/ba: uuid=GPU-d1edd7be-e88d-aed6-047d-622163306f0e gpu_util=0% memory_util=0% used=856MiB sm_clock=1800MHz temperature=55C pstate=P2; quiet_samples=5
GPU quiet gate final-auto/f32_policy_exact/tn/prism_in_proj/contiguous/cublas_fast_tf32/eager/ba: uuid=GPU-d1edd7be-e88d-aed6-047d-622163306f0e gpu_util=0% memory_util=0% used=856MiB sm_clock=1800MHz temperature=55C pstate=P2; quiet_samples=5
GPU quiet gate final-auto/f32_policy_exact/tn/prism_in_proj/contiguous/cublas_fast_tf32/graph/ab: uuid=GPU-d1edd7be-e88d-aed6-047d-622163306f0e gpu_util=0% memory_util=0% used=856MiB sm_clock=1800MHz temperature=54C pstate=P2; quiet_samples=5
GPU quiet gate final-auto/f32_policy_exact/tn/prism_in_proj/contiguous/cublas_fast_tf32/graph/ab: uuid=GPU-d1edd7be-e88d-aed6-047d-622163306f0e gpu_util=0% memory_util=0% used=856MiB sm_clock=1800MHz temperature=54C pstate=P2; quiet_samples=5
GPU quiet gate final-auto/f32_policy_exact/tn/prism_in_proj/contiguous/cublas_fast_tf32/graph/ba: uuid=GPU-d1edd7be-e88d-aed6-047d-622163306f0e gpu_util=0% memory_util=0% used=856MiB sm_clock=1800MHz temperature=54C pstate=P2; quiet_samples=5
GPU quiet gate final-auto/f32_policy_exact/tn/prism_in_proj/contiguous/cublas_fast_tf32/graph/ba: uuid=GPU-d1edd7be-e88d-aed6-047d-622163306f0e gpu_util=0% memory_util=0% used=856MiB sm_clock=1800MHz temperature=54C pstate=P2; quiet_samples=5
GPU quiet gate final-auto/f32_policy_exact/tn/prism_in_proj/contiguous/cublas_pedantic/eager/ab: uuid=GPU-d1edd7be-e88d-aed6-047d-622163306f0e gpu_util=0% memory_util=0% used=856MiB sm_clock=1800MHz temperature=54C pstate=P2; quiet_samples=5
GPU quiet gate final-auto/f32_policy_exact/tn/prism_in_proj/contiguous/cublas_pedantic/eager/ab: uuid=GPU-d1edd7be-e88d-aed6-047d-622163306f0e gpu_util=0% memory_util=0% used=856MiB sm_clock=1800MHz temperature=54C pstate=P2; quiet_samples=5
GPU quiet gate final-auto/f32_policy_exact/tn/prism_in_proj/contiguous/cublas_pedantic/eager/ba: uuid=GPU-d1edd7be-e88d-aed6-047d-622163306f0e gpu_util=0% memory_util=0% used=856MiB sm_clock=1800MHz temperature=54C pstate=P2; quiet_samples=5
GPU quiet gate final-auto/f32_policy_exact/tn/prism_in_proj/contiguous/cublas_pedantic/eager/ba: uuid=GPU-d1edd7be-e88d-aed6-047d-622163306f0e gpu_util=0% memory_util=0% used=856MiB sm_clock=1800MHz temperature=54C pstate=P2; quiet_samples=5
GPU quiet gate final-auto/f32_policy_exact/tn/prism_in_proj/contiguous/cublas_pedantic/graph/ab: uuid=GPU-d1edd7be-e88d-aed6-047d-622163306f0e gpu_util=0% memory_util=0% used=856MiB sm_clock=1800MHz temperature=54C pstate=P2; quiet_samples=5
GPU quiet gate final-auto/f32_policy_exact/tn/prism_in_proj/contiguous/cublas_pedantic/graph/ab: uuid=GPU-d1edd7be-e88d-aed6-047d-622163306f0e gpu_util=0% memory_util=0% used=856MiB sm_clock=1800MHz temperature=54C pstate=P2; quiet_samples=5
GPU quiet gate final-auto/f32_policy_exact/tn/prism_in_proj/contiguous/cublas_pedantic/graph/ba: uuid=GPU-d1edd7be-e88d-aed6-047d-622163306f0e gpu_util=0% memory_util=0% used=856MiB sm_clock=1800MHz temperature=54C pstate=P2; quiet_samples=5
GPU quiet gate final-auto/f32_policy_exact/tn/prism_in_proj/contiguous/cublas_pedantic/graph/ba: uuid=GPU-d1edd7be-e88d-aed6-047d-622163306f0e gpu_util=0% memory_util=0% used=856MiB sm_clock=1800MHz temperature=54C pstate=P2; quiet_samples=5
GPU quiet gate final-auto/f32_policy_allow_tf32/tn/prism_in_proj/contiguous/cublas_fast_tf32/eager/ab: uuid=GPU-d1edd7be-e88d-aed6-047d-622163306f0e gpu_util=0% memory_util=0% used=888MiB sm_clock=1800MHz temperature=54C pstate=P2; quiet_samples=5
GPU quiet gate final-auto/f32_policy_allow_tf32/tn/prism_in_proj/contiguous/cublas_fast_tf32/eager/ab: uuid=GPU-d1edd7be-e88d-aed6-047d-622163306f0e gpu_util=0% memory_util=0% used=888MiB sm_clock=1800MHz temperature=54C pstate=P2; quiet_samples=5
GPU quiet gate final-auto/f32_policy_allow_tf32/tn/prism_in_proj/contiguous/cublas_fast_tf32/eager/ba: uuid=GPU-d1edd7be-e88d-aed6-047d-622163306f0e gpu_util=0% memory_util=0% used=888MiB sm_clock=1800MHz temperature=54C pstate=P2; quiet_samples=5
GPU quiet gate final-auto/f32_policy_allow_tf32/tn/prism_in_proj/contiguous/cublas_fast_tf32/eager/ba: uuid=GPU-d1edd7be-e88d-aed6-047d-622163306f0e gpu_util=0% memory_util=0% used=888MiB sm_clock=1800MHz temperature=54C pstate=P2; quiet_samples=5
GPU quiet gate final-auto/f32_policy_allow_tf32/tn/prism_in_proj/contiguous/cublas_fast_tf32/graph/ab: uuid=GPU-d1edd7be-e88d-aed6-047d-622163306f0e gpu_util=0% memory_util=0% used=888MiB sm_clock=1800MHz temperature=54C pstate=P2; quiet_samples=5
GPU quiet gate final-auto/f32_policy_allow_tf32/tn/prism_in_proj/contiguous/cublas_fast_tf32/graph/ab: uuid=GPU-d1edd7be-e88d-aed6-047d-622163306f0e gpu_util=0% memory_util=0% used=888MiB sm_clock=1800MHz temperature=54C pstate=P2; quiet_samples=5
GPU quiet gate final-auto/f32_policy_allow_tf32/tn/prism_in_proj/contiguous/cublas_fast_tf32/graph/ba: uuid=GPU-d1edd7be-e88d-aed6-047d-622163306f0e gpu_util=0% memory_util=0% used=888MiB sm_clock=1800MHz temperature=54C pstate=P2; quiet_samples=5
GPU quiet gate final-auto/f32_policy_allow_tf32/tn/prism_in_proj/contiguous/cublas_fast_tf32/graph/ba: uuid=GPU-d1edd7be-e88d-aed6-047d-622163306f0e gpu_util=0% memory_util=0% used=888MiB sm_clock=1800MHz temperature=54C pstate=P2; quiet_samples=5
GPU quiet gate final-auto/bf16_policy_tc/tn/prism_in_proj/contiguous/cublas_fast/eager/ab: uuid=GPU-d1edd7be-e88d-aed6-047d-622163306f0e gpu_util=0% memory_util=0% used=856MiB sm_clock=1800MHz temperature=54C pstate=P2; quiet_samples=5
GPU quiet gate final-auto/bf16_policy_tc/tn/prism_in_proj/contiguous/cublas_fast/eager/ab: uuid=GPU-d1edd7be-e88d-aed6-047d-622163306f0e gpu_util=0% memory_util=0% used=856MiB sm_clock=1800MHz temperature=54C pstate=P2; quiet_samples=5
GPU quiet gate final-auto/bf16_policy_tc/tn/prism_in_proj/contiguous/cublas_fast/eager/ba: uuid=GPU-d1edd7be-e88d-aed6-047d-622163306f0e gpu_util=0% memory_util=0% used=856MiB sm_clock=1800MHz temperature=54C pstate=P2; quiet_samples=5
GPU quiet gate final-auto/bf16_policy_tc/tn/prism_in_proj/contiguous/cublas_fast/eager/ba: uuid=GPU-d1edd7be-e88d-aed6-047d-622163306f0e gpu_util=0% memory_util=0% used=856MiB sm_clock=1800MHz temperature=54C pstate=P2; quiet_samples=5
GPU quiet gate final-auto/bf16_policy_tc/tn/prism_in_proj/contiguous/cublas_fast/graph/ab: uuid=GPU-d1edd7be-e88d-aed6-047d-622163306f0e gpu_util=0% memory_util=0% used=856MiB sm_clock=1800MHz temperature=54C pstate=P2; quiet_samples=5
GPU quiet gate final-auto/bf16_policy_tc/tn/prism_in_proj/contiguous/cublas_fast/graph/ab: uuid=GPU-d1edd7be-e88d-aed6-047d-622163306f0e gpu_util=0% memory_util=0% used=856MiB sm_clock=1800MHz temperature=54C pstate=P2; quiet_samples=5
GPU quiet gate final-auto/bf16_policy_tc/tn/prism_in_proj/contiguous/cublas_fast/graph/ba: uuid=GPU-d1edd7be-e88d-aed6-047d-622163306f0e gpu_util=0% memory_util=0% used=856MiB sm_clock=1800MHz temperature=54C pstate=P2; quiet_samples=5
GPU quiet gate final-auto/bf16_policy_tc/tn/prism_in_proj/contiguous/cublas_fast/graph/ba: uuid=GPU-d1edd7be-e88d-aed6-047d-622163306f0e gpu_util=0% memory_util=0% used=856MiB sm_clock=1800MHz temperature=54C pstate=P2; quiet_samples=5
GPU quiet gate final-auto/f16_policy_tc/tn/prism_in_proj/contiguous/cublas_fast/eager/ab: uuid=GPU-d1edd7be-e88d-aed6-047d-622163306f0e gpu_util=0% memory_util=0% used=856MiB sm_clock=1800MHz temperature=54C pstate=P2; quiet_samples=5
GPU quiet gate final-auto/f16_policy_tc/tn/prism_in_proj/contiguous/cublas_fast/eager/ab: uuid=GPU-d1edd7be-e88d-aed6-047d-622163306f0e gpu_util=0% memory_util=0% used=856MiB sm_clock=1800MHz temperature=54C pstate=P2; quiet_samples=5
GPU quiet gate final-auto/f16_policy_tc/tn/prism_in_proj/contiguous/cublas_fast/eager/ba: uuid=GPU-d1edd7be-e88d-aed6-047d-622163306f0e gpu_util=0% memory_util=0% used=856MiB sm_clock=1800MHz temperature=54C pstate=P2; quiet_samples=5
GPU quiet gate final-auto/f16_policy_tc/tn/prism_in_proj/contiguous/cublas_fast/eager/ba: uuid=GPU-d1edd7be-e88d-aed6-047d-622163306f0e gpu_util=0% memory_util=0% used=856MiB sm_clock=1800MHz temperature=54C pstate=P2; quiet_samples=5
GPU quiet gate final-auto/f16_policy_tc/tn/prism_in_proj/contiguous/cublas_fast/graph/ab: uuid=GPU-d1edd7be-e88d-aed6-047d-622163306f0e gpu_util=0% memory_util=0% used=856MiB sm_clock=1800MHz temperature=54C pstate=P2; quiet_samples=5
GPU quiet gate final-auto/f16_policy_tc/tn/prism_in_proj/contiguous/cublas_fast/graph/ab: uuid=GPU-d1edd7be-e88d-aed6-047d-622163306f0e gpu_util=0% memory_util=0% used=856MiB sm_clock=1800MHz temperature=54C pstate=P2; quiet_samples=5
GPU quiet gate final-auto/f16_policy_tc/tn/prism_in_proj/contiguous/cublas_fast/graph/ba: uuid=GPU-d1edd7be-e88d-aed6-047d-622163306f0e gpu_util=0% memory_util=0% used=856MiB sm_clock=1800MHz temperature=54C pstate=P2; quiet_samples=5
GPU quiet gate final-auto/f16_policy_tc/tn/prism_in_proj/contiguous/cublas_fast/graph/ba: uuid=GPU-d1edd7be-e88d-aed6-047d-622163306f0e gpu_util=0% memory_util=0% used=856MiB sm_clock=1800MHz temperature=54C pstate=P2; quiet_samples=5
GPU quiet gate final-auto/f32_policy_exact/nt/prism_in_proj/contiguous/cublas_fast_tf32/eager/ab: uuid=GPU-d1edd7be-e88d-aed6-047d-622163306f0e gpu_util=0% memory_util=0% used=856MiB sm_clock=1800MHz temperature=53C pstate=P2; quiet_samples=5
GPU quiet gate final-auto/f32_policy_exact/nt/prism_in_proj/contiguous/cublas_fast_tf32/eager/ab: uuid=GPU-d1edd7be-e88d-aed6-047d-622163306f0e gpu_util=0% memory_util=0% used=856MiB sm_clock=1800MHz temperature=54C pstate=P2; quiet_samples=5
GPU quiet gate final-auto/f32_policy_exact/nt/prism_in_proj/contiguous/cublas_fast_tf32/eager/ba: uuid=GPU-d1edd7be-e88d-aed6-047d-622163306f0e gpu_util=0% memory_util=0% used=856MiB sm_clock=1800MHz temperature=54C pstate=P2; quiet_samples=5
GPU quiet gate final-auto/f32_policy_exact/nt/prism_in_proj/contiguous/cublas_fast_tf32/eager/ba: uuid=GPU-d1edd7be-e88d-aed6-047d-622163306f0e gpu_util=0% memory_util=0% used=856MiB sm_clock=1800MHz temperature=54C pstate=P2; quiet_samples=5
GPU quiet gate final-auto/f32_policy_exact/nt/prism_in_proj/contiguous/cublas_fast_tf32/graph/ab: uuid=GPU-d1edd7be-e88d-aed6-047d-622163306f0e gpu_util=0% memory_util=0% used=856MiB sm_clock=1800MHz temperature=54C pstate=P2; quiet_samples=5
GPU quiet gate final-auto/f32_policy_exact/nt/prism_in_proj/contiguous/cublas_fast_tf32/graph/ab: uuid=GPU-d1edd7be-e88d-aed6-047d-622163306f0e gpu_util=0% memory_util=0% used=856MiB sm_clock=1800MHz temperature=54C pstate=P2; quiet_samples=5
GPU quiet gate final-auto/f32_policy_exact/nt/prism_in_proj/contiguous/cublas_fast_tf32/graph/ba: uuid=GPU-d1edd7be-e88d-aed6-047d-622163306f0e gpu_util=0% memory_util=0% used=856MiB sm_clock=1800MHz temperature=54C pstate=P2; quiet_samples=5
GPU quiet gate final-auto/f32_policy_exact/nt/prism_in_proj/contiguous/cublas_fast_tf32/graph/ba: uuid=GPU-d1edd7be-e88d-aed6-047d-622163306f0e gpu_util=0% memory_util=0% used=856MiB sm_clock=1800MHz temperature=54C pstate=P2; quiet_samples=5
GPU quiet gate final-auto/f32_policy_exact/nt/prism_in_proj/contiguous/cublas_pedantic/eager/ab: uuid=GPU-d1edd7be-e88d-aed6-047d-622163306f0e gpu_util=0% memory_util=0% used=856MiB sm_clock=1800MHz temperature=54C pstate=P2; quiet_samples=5
GPU quiet gate final-auto/f32_policy_exact/nt/prism_in_proj/contiguous/cublas_pedantic/eager/ab: uuid=GPU-d1edd7be-e88d-aed6-047d-622163306f0e gpu_util=0% memory_util=0% used=856MiB sm_clock=1800MHz temperature=54C pstate=P2; quiet_samples=5
GPU quiet gate final-auto/f32_policy_exact/nt/prism_in_proj/contiguous/cublas_pedantic/eager/ba: uuid=GPU-d1edd7be-e88d-aed6-047d-622163306f0e gpu_util=0% memory_util=0% used=856MiB sm_clock=1800MHz temperature=54C pstate=P2; quiet_samples=5
GPU quiet gate final-auto/f32_policy_exact/nt/prism_in_proj/contiguous/cublas_pedantic/eager/ba: uuid=GPU-d1edd7be-e88d-aed6-047d-622163306f0e gpu_util=0% memory_util=0% used=856MiB sm_clock=1800MHz temperature=54C pstate=P2; quiet_samples=5
GPU quiet gate final-auto/f32_policy_exact/nt/prism_in_proj/contiguous/cublas_pedantic/graph/ab: uuid=GPU-d1edd7be-e88d-aed6-047d-622163306f0e gpu_util=0% memory_util=0% used=856MiB sm_clock=1800MHz temperature=54C pstate=P2; quiet_samples=5
GPU quiet gate final-auto/f32_policy_exact/nt/prism_in_proj/contiguous/cublas_pedantic/graph/ab: uuid=GPU-d1edd7be-e88d-aed6-047d-622163306f0e gpu_util=0% memory_util=0% used=856MiB sm_clock=1800MHz temperature=54C pstate=P2; quiet_samples=5
GPU quiet gate final-auto/f32_policy_exact/nt/prism_in_proj/contiguous/cublas_pedantic/graph/ba: uuid=GPU-d1edd7be-e88d-aed6-047d-622163306f0e gpu_util=0% memory_util=0% used=856MiB sm_clock=1800MHz temperature=54C pstate=P2; quiet_samples=5
GPU quiet gate final-auto/f32_policy_exact/nt/prism_in_proj/contiguous/cublas_pedantic/graph/ba: uuid=GPU-d1edd7be-e88d-aed6-047d-622163306f0e gpu_util=0% memory_util=0% used=856MiB sm_clock=1800MHz temperature=54C pstate=P2; quiet_samples=5
GPU quiet gate final-auto/f32_policy_allow_tf32/nt/prism_in_proj/contiguous/cublas_fast_tf32/eager/ab: uuid=GPU-d1edd7be-e88d-aed6-047d-622163306f0e gpu_util=0% memory_util=0% used=856MiB sm_clock=1800MHz temperature=54C pstate=P2; quiet_samples=5
GPU quiet gate final-auto/f32_policy_allow_tf32/nt/prism_in_proj/contiguous/cublas_fast_tf32/eager/ab: uuid=GPU-d1edd7be-e88d-aed6-047d-622163306f0e gpu_util=0% memory_util=0% used=856MiB sm_clock=1800MHz temperature=54C pstate=P2; quiet_samples=5
GPU quiet gate final-auto/f32_policy_allow_tf32/nt/prism_in_proj/contiguous/cublas_fast_tf32/eager/ba: uuid=GPU-d1edd7be-e88d-aed6-047d-622163306f0e gpu_util=0% memory_util=0% used=856MiB sm_clock=1800MHz temperature=54C pstate=P2; quiet_samples=5
GPU quiet gate final-auto/f32_policy_allow_tf32/nt/prism_in_proj/contiguous/cublas_fast_tf32/eager/ba: uuid=GPU-d1edd7be-e88d-aed6-047d-622163306f0e gpu_util=0% memory_util=0% used=856MiB sm_clock=1800MHz temperature=54C pstate=P2; quiet_samples=5
GPU quiet gate final-auto/f32_policy_allow_tf32/nt/prism_in_proj/contiguous/cublas_fast_tf32/graph/ab: uuid=GPU-d1edd7be-e88d-aed6-047d-622163306f0e gpu_util=0% memory_util=0% used=856MiB sm_clock=1800MHz temperature=54C pstate=P2; quiet_samples=5
GPU quiet gate final-auto/f32_policy_allow_tf32/nt/prism_in_proj/contiguous/cublas_fast_tf32/graph/ab: uuid=GPU-d1edd7be-e88d-aed6-047d-622163306f0e gpu_util=0% memory_util=0% used=856MiB sm_clock=1800MHz temperature=54C pstate=P2; quiet_samples=5
GPU quiet gate final-auto/f32_policy_allow_tf32/nt/prism_in_proj/contiguous/cublas_fast_tf32/graph/ba: uuid=GPU-d1edd7be-e88d-aed6-047d-622163306f0e gpu_util=0% memory_util=0% used=856MiB sm_clock=1800MHz temperature=54C pstate=P2; quiet_samples=5
GPU quiet gate final-auto/f32_policy_allow_tf32/nt/prism_in_proj/contiguous/cublas_fast_tf32/graph/ba: uuid=GPU-d1edd7be-e88d-aed6-047d-622163306f0e gpu_util=0% memory_util=0% used=856MiB sm_clock=1800MHz temperature=54C pstate=P2; quiet_samples=5
GPU quiet gate final-auto/bf16_policy_tc/nt/prism_in_proj/contiguous/cublas_fast/eager/ab: uuid=GPU-d1edd7be-e88d-aed6-047d-622163306f0e gpu_util=0% memory_util=0% used=856MiB sm_clock=1800MHz temperature=54C pstate=P2; quiet_samples=5
GPU quiet gate final-auto/bf16_policy_tc/nt/prism_in_proj/contiguous/cublas_fast/eager/ab: uuid=GPU-d1edd7be-e88d-aed6-047d-622163306f0e gpu_util=0% memory_util=0% used=856MiB sm_clock=1800MHz temperature=54C pstate=P2; quiet_samples=5
GPU quiet gate final-auto/bf16_policy_tc/nt/prism_in_proj/contiguous/cublas_fast/eager/ba: uuid=GPU-d1edd7be-e88d-aed6-047d-622163306f0e gpu_util=0% memory_util=0% used=856MiB sm_clock=1800MHz temperature=54C pstate=P2; quiet_samples=5
GPU quiet gate final-auto/bf16_policy_tc/nt/prism_in_proj/contiguous/cublas_fast/eager/ba: uuid=GPU-d1edd7be-e88d-aed6-047d-622163306f0e gpu_util=0% memory_util=0% used=856MiB sm_clock=1800MHz temperature=55C pstate=P2; quiet_samples=5
GPU quiet gate final-auto/bf16_policy_tc/nt/prism_in_proj/contiguous/cublas_fast/graph/ab: uuid=GPU-d1edd7be-e88d-aed6-047d-622163306f0e gpu_util=0% memory_util=0% used=856MiB sm_clock=1800MHz temperature=54C pstate=P2; quiet_samples=5
GPU quiet gate final-auto/bf16_policy_tc/nt/prism_in_proj/contiguous/cublas_fast/graph/ab: uuid=GPU-d1edd7be-e88d-aed6-047d-622163306f0e gpu_util=0% memory_util=0% used=856MiB sm_clock=1800MHz temperature=55C pstate=P2; quiet_samples=5
GPU quiet gate final-auto/bf16_policy_tc/nt/prism_in_proj/contiguous/cublas_fast/graph/ba: uuid=GPU-d1edd7be-e88d-aed6-047d-622163306f0e gpu_util=0% memory_util=0% used=856MiB sm_clock=1800MHz temperature=54C pstate=P2; quiet_samples=5
GPU quiet gate final-auto/bf16_policy_tc/nt/prism_in_proj/contiguous/cublas_fast/graph/ba: uuid=GPU-d1edd7be-e88d-aed6-047d-622163306f0e gpu_util=0% memory_util=0% used=856MiB sm_clock=1800MHz temperature=55C pstate=P2; quiet_samples=5
GPU quiet gate final-auto/f16_policy_tc/nt/prism_in_proj/contiguous/cublas_fast/eager/ab: uuid=GPU-d1edd7be-e88d-aed6-047d-622163306f0e gpu_util=0% memory_util=0% used=856MiB sm_clock=1800MHz temperature=54C pstate=P2; quiet_samples=5
GPU quiet gate final-auto/f16_policy_tc/nt/prism_in_proj/contiguous/cublas_fast/eager/ab: uuid=GPU-d1edd7be-e88d-aed6-047d-622163306f0e gpu_util=0% memory_util=0% used=856MiB sm_clock=1800MHz temperature=54C pstate=P2; quiet_samples=5
GPU quiet gate final-auto/f16_policy_tc/nt/prism_in_proj/contiguous/cublas_fast/eager/ba: uuid=GPU-d1edd7be-e88d-aed6-047d-622163306f0e gpu_util=0% memory_util=0% used=856MiB sm_clock=1800MHz temperature=54C pstate=P2; quiet_samples=5
GPU quiet gate final-auto/f16_policy_tc/nt/prism_in_proj/contiguous/cublas_fast/eager/ba: uuid=GPU-d1edd7be-e88d-aed6-047d-622163306f0e gpu_util=0% memory_util=0% used=856MiB sm_clock=1800MHz temperature=54C pstate=P2; quiet_samples=5
GPU quiet gate final-auto/f16_policy_tc/nt/prism_in_proj/contiguous/cublas_fast/graph/ab: uuid=GPU-d1edd7be-e88d-aed6-047d-622163306f0e gpu_util=0% memory_util=0% used=856MiB sm_clock=1800MHz temperature=54C pstate=P2; quiet_samples=5
GPU quiet gate final-auto/f16_policy_tc/nt/prism_in_proj/contiguous/cublas_fast/graph/ab: uuid=GPU-d1edd7be-e88d-aed6-047d-622163306f0e gpu_util=0% memory_util=0% used=856MiB sm_clock=1800MHz temperature=55C pstate=P2; quiet_samples=5
GPU quiet gate final-auto/f16_policy_tc/nt/prism_in_proj/contiguous/cublas_fast/graph/ba: uuid=GPU-d1edd7be-e88d-aed6-047d-622163306f0e gpu_util=0% memory_util=0% used=856MiB sm_clock=1800MHz temperature=54C pstate=P2; quiet_samples=5
GPU quiet gate final-auto/f16_policy_tc/nt/prism_in_proj/contiguous/cublas_fast/graph/ba: uuid=GPU-d1edd7be-e88d-aed6-047d-622163306f0e gpu_util=0% memory_util=0% used=856MiB sm_clock=1800MHz temperature=55C pstate=P2; quiet_samples=5
final AUTO evidence complete: "/root/ada-final-auto-full-20260910/triad.jsonl"; records=324; digest=9b29337fe0e61cf943c3ba709986cf9ca2d608c9105a7fae27e4b1ca9c3998b2
ok

test result: ok. 1 passed; 0 failed; 0 ignored; 0 measured; 69 filtered out; finished in 624.56s

